# Havok compressed collision mesh converted to OBJ
# Source geometry: packedVertices + primitives
# This OBJ does not use AABB/domain data as mesh geometry
# Objects: 16
# Sections: 78
# Vertices: 6724
# Quad primitives: 5624
o 326_00_ground028_object5_object22
# Object index: 0
# Object vertices: 214
# Object quad primitives: 174
v -99.92834 -4 -500.4902
v 0.086575 -4 -500.4902
v 0.086575 -4 -600.39216
v -99.92834 -4 -600.39216
v -99.92834 -4 -400.58824
v 0.086575 -4 -400.58824
v 100.10149 -4 -500.4902
v 100.10149 -4 -600.39216
v 100.10149 -4 -400.58824
v 0.086575 -4 -299.31776
v 100.10149 -4 -299.31776
v 200.116405 -4 -299.31776
v 200.116405 -4 -400.58824
v -147.55449 -4 -500.4902
v -165.505885 -4 -600.39216
v -141.326455 -4 -400.58824
v -134.732065 -4 -299.31776
v -99.92834 -4 -299.31776
v -99.92834 -4 -199.4158
v -138.395615 -4 -199.4158
v 0.086575 -4 -199.4158
v 100.10149 -4 -700.29412
v 0.086575 -4 -700.29412
v 200.116405 -4 -600.39216
v 200.116405 -4 -700.29412
v -99.92834 -4 -700.29412
v -199.943255 -4 -700.29412
v 200.116405 -4 -500.4902
v 300.13132 -4 -500.4902
v 300.13132 -4 -600.39216
v 300.13132 -4 -400.58824
v 400.146235 -4 -400.58824
v 400.146235 -4 -500.4902
v 440.81164 -4 -500.4902
v 460.228455 -4 -400.58824
v 400.146235 -4 -600.39216
v 400.146235 -4 -299.31776
v 300.13132 -4 -299.31776
v 461.693875 -4 -299.31776
v 399.77988 -4 -202.15284
v 300.13132 -4 -202.15284
v 0.086575 -4 -1000
v 0.086575 -4 -900.09804
v 100.10149 -4 -900.09804
v 100.10149 -4 -1000
v 100.10149 -4 -800.19608
v 0.086575 -4 -800.19608
v 200.116405 -4 -900.09804
v 200.116405 -4 -1000
v 200.116405 -4 -800.19608
v 300.13132 -4 -800.19608
v 300.13132 -4 -900.09804
v 340.796725 -4 -800.19608
v 331.63785 -4 -900.09804
v 300.13132 -4 -1000
v 338.96495 -4 -1000
v 300.13132 -4 -700.29412
v 365.708865 -4 -700.29412
v -99.92834 -4 -900.09804
v -99.92834 -4 -800.19608
v -99.92834 -4 -1000
v -199.943255 -4 -1000
v -199.943255 -4 -900.09804
v -280.175 -4 -900.09804
v -280.175 -4 -1000
v -199.943255 -4 -800.19608
v -280.175 -4 -800.19608
v 100.10149 -4 100.29008
v 100.10149 -4 0.38812
v 0.086575 -4 0.38812
v 0.086575 -4 100.29008
v 0.086575 -4 200.19204
v 100.10149 -4 200.19204
v 200.116405 -4 100.29008
v 200.116405 -4 0.38812
v 200.116405 -4 200.19204
v 100.10149 -4 -99.51384
v 0.086575 -4 -99.51384
v 100.10149 -4 -199.4158
v -99.92834 -4 -99.51384
v -99.92834 -4 0.38812
v -148.2872 -4 -99.51384
v -173.565695 -4 0.38812
v -99.92834 -4 100.29008
v -178.694665 -4 100.29008
v 300.13132 -4 -102.25088
v 200.116405 -4 -199.4158
v 200.116405 -4 -99.51384
v 300.13132 -4 0.38812
v 300.13132 -4 100.29008
v 300.13132 -4 200.19204
v 400.146235 -4 0.38812
v 399.77988 -4 -102.25088
v 400.146235 -4 100.29008
v 450.703225 -4 -199.4158
v 431.652765 -4 -99.51384
v 424.325665 -4 0.38812
v 420.29576 -4 100.29008
v 400.146235 -4 200.19204
v 300.13132 -4 300.094
v 400.146235 -4 300.094
v 438.247155 -4 300.094
v 425.791085 -4 200.19204
v 300.13132 -4 399.99596
v 400.146235 -4 399.99596
v 469.753685 -4 399.99596
v 200.116405 -4 399.99596
v 200.116405 -4 300.094
v 100.10149 -4 300.094
v 100.10149 -4 399.99596
v -99.92834 -4 300.094
v -99.92834 -4 399.99596
v 0.086575 -4 399.99596
v 0.086575 -4 300.094
v -158.178785 -4 300.094
v -168.80308 -4 399.99596
v -99.92834 -4 200.19204
v -165.13953 -4 200.19204
v -99.9997875 -4 -0.0100136852
v 9.40142126e-05 -4 -0.0100136852
v -199.999669 -4 -79.3708534
v -199.999669 -4 -0.0100136852
v 99.9999755 -4 -0.0100136852
v 200.000637 -4 -0.0100136852
v 400.0004 -4 -0.0100136852
v 300.000519 -4 -0.0100136852
v 500.000282 -4 -72.5796674
v 500.000282 -4 -0.0100136852
v 0.229724 -4 699.902431
v 0.229724 -4 600.195595
v -99.688901 -4 600.195595
v -99.688901 -4 699.902431
v -199.607526 -4 600.195595
v -199.607526 -4 699.902431
v 100.148349 -4 600.195595
v 100.148349 -4 699.902431
v 200.066974 -4 699.902431
v 200.066974 -4 600.195595
v -300.3255 -4 699.902431
v -300.3255 -4 600.195595
v -400.244125 -4 699.902431
v -224.387345 -4 500
v 299.985599 -4 600.195595
v 399.904224 -4 600.195595
v 299.985599 -4 699.902431
v 399.904224 -4 699.902431
v 575.761004 -4 600.195595
v 519.806574 -4 500
v 499.822849 -4 600.195595
v 499.822849 -4 699.902431
v 599.741474 -4 636.363761
v 100.148349 -4 800.098026
v 0.229724 -4 800.098026
v 200.066974 -4 800.098026
v -99.688901 -4 800.098026
v -199.607526 -4 800.098026
v 299.985599 -4 800.098026
v 399.904224 -4 800.098026
v -300.3255 -4 800.098026
v -400.244125 -4 800.098026
v -500.16275 -4 800.098026
v 599.741474 -4 800.098026
v 599.741474 -4 699.902431
v 499.822849 -4 800.098026
v 650.100461 -4 699.902431
v 699.660099 -4 752.688403
v -99.688901 -4 899.804862
v 0.229724 -4 899.804862
v 0.229724 -4 1000.00046
v -99.688901 -4 1000.00046
v -199.607526 -4 899.804862
v -199.607526 -4 1000.00046
v -300.3255 -4 899.804862
v 100.148349 -4 899.804862
v 100.148349 -4 1000.00046
v 200.066974 -4 899.804862
v 200.066974 -4 1000.00046
v 299.985599 -4 1000.00046
v 299.985599 -4 899.804862
v -700 -4 1000.00046
v -600.081375 -4 1000.00046
v -600.081375 -4 899.804862
v -500.16275 -4 1000.00046
v -500.16275 -4 899.804862
v -400.244125 -4 1000.00046
v -400.244125 -4 899.804862
v -300.3255 -4 1000.00046
v 699.660099 -4 899.804862
v 699.660099 -4 1000.00046
v 800.378073 -4 1000.00046
v 800.378073 -4 899.804862
v 599.741474 -4 899.804862
v 599.741474 -4 1000.00046
v 900.296698 -4 962.854773
v 839.546174 -4 899.804862
v 900.296698 -4 1000.00046
v 936.267403 -4 1000.00046
v 800.378073 -4 859.726624
v 699.660099 -4 800.098026
v 742.824945 -4 800.098026
v 399.904224 -4 899.804862
v 499.822849 -4 899.804862
v 399.904224 -4 1000.00046
v 499.822849 -4 1000.00046
v -99.9997875 -4 -0.0100136852
v 9.40142126e-05 -4 -0.0100136852
v -199.999669 -4 -0.0100136852
v 99.9999755 -4 -0.0100136852
v -199.999669 -4 -79.3708534
v 400.0004 -4 -0.0100136852
v 300.000519 -4 -0.0100136852
v 200.000637 -4 -0.0100136852
v 500.000282 -4 -0.0100136852
v 500.000282 -4 -72.5796674
g 326_00_ground028_object5_object22_section_00_global21
# Section index: 0
# Shared vertex decode mode: global21
f 75 88 77 69
f 88 87 79 77
f 11 79 87 12
f 89 86 88 75
f 90 89 75 74
f 91 90 74 76
f 89 92 93 86
f 96 95 40 93
f 92 97 96 93
f 98 97 92 94
f 86 93 40 41
f 90 94 92 89
f 37 40 95 39
f 77 79 21 78
f 10 21 79 11
f 80 81 70 78
f 74 75 69 68
f 76 74 68 73
f 69 77 78 70
f 82 83 81 80
f 83 85 84 81
f 87 88 86 41
f 12 87 41 38
f 80 78 21 19
f 20 82 80 19
f 81 84 71 70
f 100 101 99 91
f 72 114 109 73
f 112 119 120 113
f 112 121 122 119
f 84 117 72 71
f 118 117 84 85
f 114 113 110 109
f 112 116 121 121
f 107 124 126 104
f 105 125 127 106
f 128 127 125 125
f 120 123 110 113
f 110 123 124 107
f 104 126 125 105
f 104 105 101 100
f 105 106 102 101
f 100 108 107 104
f 101 102 103 99
f 91 99 94 90
f 99 103 98 94
f 76 108 100 91
f 115 116 112 111
f 117 111 114 72
f 117 118 115 111
f 109 110 107 108
f 73 109 108 76
f 113 114 111 112
f 31 29 28 13
f 13 28 7 9
f 28 24 8 7
f 24 25 22 8
f 26 27 15 4
f 29 30 24 28
f 32 33 29 31
f 31 38 37 32
f 37 39 35 32
f 38 31 13 12
f 32 35 34 33
f 33 36 30 29
f 33 34 36 36
f 9 7 2 6
f 6 10 11 9
f 12 13 9 11
f 3 4 1 2
f 5 6 2 1
f 7 8 3 2
f 4 15 14 1
f 18 10 6 5
f 19 21 10 18
f 8 22 23 3
f 1 14 16 5
f 17 18 5 16
f 17 20 19 18
f 38 41 40 37
f 22 46 47 23
f 23 47 60 26
f 62 63 59 61
f 59 60 47 43
f 61 59 43 42
f 23 26 4 3
f 62 65 64 63
f 67 27 66 66
f 70 71 68 69
f 71 72 73 68
f 59 63 66 60
f 67 66 63 64
f 60 66 27 26
f 50 48 44 46
f 51 52 48 50
f 51 53 54 52
f 44 45 42 43
f 43 47 46 44
f 48 49 45 44
f 52 55 49 48
f 25 50 46 22
f 58 57 30 36
f 30 57 25 24
f 54 56 55 52
f 57 51 50 25
f 57 58 53 51
g 326_00_ground028_object5_object22_section_01_global21
# Section index: 1
# Shared vertex decode mode: global21
f 183 184 182 181
f 185 186 184 183
f 178 179 176 177
f 180 181 182 182
f 182 184 161 161
f 161 184 186 160
f 186 185 187 173
f 173 187 172 171
f 177 176 174 175
f 156 171 167 155
f 167 171 172 170
f 155 167 168 153
f 167 170 169 168
f 175 174 168 169
f 152 174 176 154
f 173 171 156 159
f 153 168 174 152
f 164 202 192 162
f 157 179 201 158
f 199 200 166 162
f 158 201 202 164
f 201 203 204 202
f 192 202 204 193
f 154 176 179 157
f 203 201 179 178
f 191 198 188 188
f 192 193 189 188
f 194 195 190 190
f 160 186 173 159
f 190 191 188 189
f 192 188 199 162
f 200 199 188 198
f 196 197 194 190
f 195 198 191 190
f 210 211 143 144
f 143 145 146 144
f 133 142 140 140
f 207 209 142 133
f 138 212 208 135
f 147 148 149 149
f 143 211 212 138
f 145 143 138 137
f 140 139 134 133
f 131 205 207 133
f 133 134 132 131
f 131 132 129 130
f 130 206 205 131
f 137 138 135 136
f 139 140 141 141
f 208 206 130 135
f 136 135 130 129
f 139 159 156 134
f 160 141 161 161
f 137 154 157 145
f 141 160 159 139
f 158 164 150 146
f 163 165 151 150
f 150 164 162 163
f 162 166 165 163
f 145 157 158 146
f 150 149 144 146
f 149 213 210 144
f 148 214 213 149
f 150 151 147 149
f 155 153 129 132
f 156 155 132 134
f 129 153 152 136
f 136 152 154 137
o 326_01_ground029_object6_object24
# Object index: 1
# Object vertices: 5304
# Object quad primitives: 4469
v 999.997189 9.4886324 -600.034459
v 1100.01376 9.88308083 -598.079423
v 1100.01376 9.88308083 -699.741295
v 999.997189 9.4886324 -699.741295
v 899.980619 9.48733059 -600.034459
v 899.980619 9.4886324 -699.741295
v 899.980619 9.4886324 -799.93689
v 799.964049 9.4886324 -799.93689
v 799.964049 9.4886324 -699.741295
v 999.997189 9.4886324 -799.93689
v 1100.01376 9.88308083 -799.93689
v 799.964049 9.4886324 -600.034459
v 699.947479 9.4886324 -699.741295
v 699.947479 9.4886324 -600.034459
v 699.947479 9.4886324 -809.223311
v 700.769533 9.09158035 -822.908563
v 631.168961 9.4886324 -534.051994
v 999.997189 9.4886324 -899.643726
v 999.997189 9.88308083 -999.839321
v 899.980619 9.88308083 -999.839321
v 899.980619 9.4886324 -899.643726
v 799.964049 9.88308083 -999.839321
v 799.964049 9.4886324 -899.643726
v 1100.01376 9.88308083 -899.643726
v 1100.01376 9.88308083 -999.839321
v 699.947479 9.88828807 -999.839321
v 699.947479 9.4886324 -888.891028
v 701.591587 9.48602878 -874.228258
v 599.930909 9.88828807 -999.839321
v 599.930909 9.4886324 -886.447233
v 599.382873 7.223483 -875.694535
v 599.930909 9.4886324 -809.223311
v 600.752963 9.09158035 -822.908563
v 550.607669 9.09158035 -822.908563
v 539.098913 9.4886324 -799.93689
v 599.930909 9.4886324 -699.741295
v 599.930909 9.4886324 -540.89462
v 569.788929 9.32069891 -571.197678
v 599.930909 9.4886324 -562.400016
v 599.930909 9.4886324 -600.034459
v 564.856605 9.27123013 -600.034459
v 634.731195 9.4886324 -499.838864
v 619.934223 9.4886324 -521.833019
v 584.859919 9.40922199 -649.399118
v 938.343139 8.4992568 -874.717017
v 941.631355 7.97202375 -874.228258
v 938.343139 8.4992568 -874.717017
v 938.343139 8.4992568 -874.717017
v 938.343139 8.4992568 -874.717017
v 938.343139 8.4992568 -874.717017
v 661.036923 8.93015591 -999.839321
v 938.343139 9.37667674 -974.912612
v 657.748707 9.45869077 -968.558745
v 655.008527 9.18400886 -955.362252
v 938.343139 8.90672333 -951.940939
v 930.396617 8.40422467 -938.744446
v 938.343139 8.4992568 -947.542108
v 656.378617 7.60491333 -924.570435
v 656.926653 9.53940299 -941.188241
v 650.898257 8.74529889 -883.514679
v 921.354023 8.45239164 -874.717017
v 929.300545 8.47582422 -874.717017
v 655.282545 9.59538082 -887.424751
v 641.307627 8.78305138 -868.851909
v 926.012329 7.62053505 -868.851909
v 933.410815 8.4862387 -874.717017
v 938.343139 8.4992568 -874.717017
v 934.780905 8.0566414 -899.643726
v 655.282545 8.82601111 -904.042557
v 938.343139 9.39099665 -869.340668
v 657.748707 9.04471519 -869.829427
v 935.054923 7.34194771 -911.862701
v 900.067897 9.49235005 700.051546
v 999.941801 14.3933363 700.051546
v 999.941801 9.88117368 600.372472
v 900.067897 9.88117368 600.372472
v 1000.93656 13.6337738 512.483396
v 900.067897 11.5088075 514.091123
v 799.995041 9.49235005 700.051546
v 799.995041 9.49235005 600.372472
v 799.995041 9.72745271 513.019305
v 796.612857 8.78704207 797.586984
v 841.774961 9.2662898 806.161528
v 900.067897 9.49235005 800.266529
v 769.157481 9.20299293 750.426992
v 999.941801 9.49235005 800.266529
v 1100.01466 9.88117368 700.051546
v 1100.01466 9.88117368 800.266529
v 1100.01466 9.88117368 600.372472
v 1100.01466 9.88117368 500.157489
v 1000.93656 13.5162225 499.62158
v 699.922185 9.09448401 650.212009
v 738.518873 9.27533221 700.051546
v 750.058089 9.49235005 600.372472
v 702.906465 9.49235005 600.372472
v 699.922185 8.69661797 700.051546
v 746.675905 6.68016054 771.327443
v 728.173369 6.58069403 743.460175
v 713.649873 5.6493258 754.714264
v 735.335641 5.78496195 780.437896
v 692.759913 3.6599956 785.796986
v 749.063329 10.1253188 513.019305
v 748.864377 9.54660451 451.925679
v 900.067897 9.27533221 899.945603
v 999.941801 9.49235005 899.945603
v 852.916273 7.9099283 862.431973
v 857.492169 6.75249982 889.227423
v 880.769553 6.56260921 914.951055
v 1100.01466 9.88117368 899.945603
v 958.559785 9.3567139 940.138778
v 999.941801 9.37479872 1000.16059
v 940.654105 6.77962705 968.006046
v 946.025809 6.20091281 1000.16059
v 919.963097 4.70891516 958.895593
v 1100.01466 9.49235005 1000.16059
v 882.162217 -4.116477 979.796044
v 900.664753 2.59299122 968.541955
v 858.884833 0.45898246 932.100143
v 839.984393 -4.116477 948.177413
v 837.795921 -0.32770721 914.951055
v 825.062993 -4.116477 928.884689
v 840.183345 2.46639748 911.735601
v 839.586489 1.99619216 912.807419
v 838.790681 0.80259404 913.343328
v 815.911201 4.89880577 899.409694
v 920.957857 4.3833884 983.011498
v 926.528513 2.83713629 999.624677
v 901.261609 -4.116477 1000.16059
v 774.529185 4.50093973 873.686062
v 805.963601 6.49026993 849.034248
v 774.529185 5.89347087 832.421069
v 770.351193 -0.32770721 878.509243
v 758.016169 -4.116477 889.763332
v 799.000281 -4.116477 918.166509
v 811.534257 -0.4090889 905.304693
v 813.523777 1.46268997 902.625148
v 815.115393 4.24775225 900.481512
v 773.335473 3.90414067 874.75788
v 772.141761 1.32705382 876.365607
v 755.031889 5.48656242 808.305164
v 748.466473 2.46639748 836.708341
v 755.827697 3.08128136 854.393338
v 754.832937 2.15895554 855.465156
v 753.440273 0.73929717 856.536974
v 751.450753 -0.23728311 858.144701
v 740.508393 -4.116477 868.862881
v 706.089697 3.6599956 802.946074
v 726.183849 2.26746446 815.80789
v 705.293889 2.92756039 803.481983
v 703.105417 0.87493332 805.625619
v 722.204809 0.41377041 817.951526
v 724.990137 1.99619216 816.343799
v 700.519041 -0.25536793 808.305164
v 718.822625 -0.24632552 819.559253
v 703.105417 -4.116477 826.52607
v 728.969177 -4.116477 845.818794
v 743.293721 -0.24632552 838.851977
v 745.482193 0.53132174 837.780159
v 747.073809 1.82438637 837.24425
v 781.293553 14.1853608 835.636523
v 796.413905 14.2215305 835.636523
v 977.460225 -2.45267356 904.232875
v 771.147001 3.54244427 909.591965
v 967.313673 4.62753347 920.846054
v 775.324993 -3.56488999 897.801967
v 774.927089 2.06853144 890.299241
v 940.654105 3.8408438 935.851506
v 778.906129 7.60248636 877.437425
v 778.110321 1.99619216 877.437425
v 778.906129 7.17749309 849.570157
v 982.632977 -1.23194821 863.503791
v 982.235073 4.36530358 836.708341
v 778.906129 14.1853608 835.636523
v 896.486761 8.38013362 950.856958
v 920.758905 12.1869882 942.818323
v 943.041529 9.88117368 941.746505
v 725.388041 8.28066711 942.282414
v 734.141929 10.7673299 935.851506
v 1100.01513 9.88330467 -199.734666
v 1000.11279 9.48764974 -199.734666
v 1000.84557 9.88414649 -100.778401
v 1100.01513 9.88330467 -99.928991
v 899.966193 9.48764974 -100.778401
v 899.966193 9.48764974 -199.734666
v 800.063853 8.160943 -101.203106
v 800.063853 9.48764974 -199.734666
v 749.990553 9.48764974 -199.734666
v 749.257773 9.48764974 -100.778401
v 899.966193 9.48764974 -299.965046
v 800.063853 9.48764974 -299.965046
v 1000.11279 9.48764974 -299.965046
v 1100.01513 9.88330467 -299.965046
v 735.823473 9.48764974 -299.965046
v 713.351553 9.48764974 -299.965046
v 707.000793 9.48764974 -285.525076
v 723.610473 9.48764974 -327.995576
v 748.524993 9.08441844 -49.813801
v 699.917253 9.48764974 -99.928991
v 699.917253 9.48764974 -49.813801
v 699.917253 9.48764974 -149.619476
v 699.917253 9.48764974 -199.734666
v 699.917253 9.48764974 -253.247496
v 697.474653 9.48764974 -299.965046
v 685.750173 9.47586428 -262.591006
v 703.581153 9.48764974 -318.227361
v 684.773133 9.47502246 -231.587541
v 672.804393 9.47754792 -168.731201
v 652.775073 9.46912973 -180.198236
v 648.866913 9.46660427 -150.044181
v 665.232333 9.47333882 -150.044181
v 669.140493 9.4767061 -199.734666
v 652.286553 9.44219152 -199.734666
v 643.248933 9.46912973 -130.507751
v 658.148793 9.47081336 -128.808931
v 658.637313 9.48764974 -99.928991
v 668.163453 9.45229335 -243.903986
v 650.088213 9.48764974 -299.965046
v 673.537173 9.55836254 -49.813801
v 661.812693 9.58950984 -81.666676
v 646.912833 9.62907534 -74.871396
v 656.438973 9.60382077 -49.813801
v 665.232333 9.58024983 -16.262106
v 620.777013 9.21490039 -299.965046
v 620.532753 9.26120043 -249.849856
v 616.136073 9.36811145 -199.734666
v 627.127773 9.45734426 -150.044181
v 606.121413 9.48764974 -99.928991
v 641.050593 9.48764974 -99.928991
v 1000.11279 9.48764974 -399.770721
v 899.966193 9.48764974 -399.770721
v 800.063853 9.48764974 -399.770721
v 699.917253 9.48764974 -399.770721
v 1100.01513 9.88330467 -399.770721
v 600.014913 9.48764974 -449.885911
v 637.875213 9.48764974 -450.310616
v 653.752113 9.48764974 -450.735321
v 639.340773 9.43377333 -420.156561
v 656.438973 9.48764974 -421.430676
v 630.303153 9.30665866 -387.454276
v 649.111173 9.35211688 -399.770721
v 667.186413 9.40010057 -399.770721
v 672.804393 9.48764974 -378.535471
v 656.194713 9.45986972 -373.863716
v 667.919193 9.48680792 -346.257891
v 679.887933 9.48764974 -356.875516
v 699.917253 9.48764974 -342.010841
v 652.286553 9.4413497 -335.640266
v 639.585033 9.38158055 -361.971976
v 623.219613 9.30329138 -349.655531
v 621.998313 9.25867498 -325.022641
v 636.653913 9.39589147 -325.022641
v 703.336893 9.4548188 -233.711066
v 708.710613 8.70812535 -233.286361
v 705.779493 8.70812535 -233.286361
v 961.031193 8.73085446 -233.286361
v 706.023753 9.36474417 -235.409886
v 956.634513 8.70980899 -233.286361
v 956.390253 8.70896717 -233.286361
v 699.428733 8.8478673 -287.648601
v 703.825413 9.85215737 -277.030976
v 701.382813 9.56257163 -298.690931
v 704.313933 9.13661122 -265.988646
v 704.802453 9.77302638 -261.741596
v 955.657473 8.41853961 -254.946316
v 957.855813 9.42451332 -244.328691
v 709.687653 9.78481185 -249.849856
v 709.687653 9.42535514 -244.328691
v 957.611553 8.71233444 -233.286361
v 955.901733 8.98592562 -342.010841
v 955.901733 8.98592562 -342.010841
v 955.901733 8.98592562 -342.010841
v 955.901733 8.98592562 -342.010841
v 958.832853 8.64498892 -341.586136
v 955.901733 9.56257163 -337.339086
v 955.901733 8.98592562 -342.010841
v 703.825413 8.26869583 -330.968511
v 951.505053 8.97750743 -342.010841
v 705.779493 9.33864778 -337.763791
v 703.581153 9.2729859 -320.350886
v 955.901733 8.98592562 -342.010841
v 702.604113 8.36213774 -309.308556
v 701.627073 9.2729859 -320.350886
v -225.031187 8.078833 -523.313057
v -215.882663 7.360098 -548.265647
v -264.952019 8.9019005 -548.265647
v -280.199559 9.191713 -529.042911
v -257.466863 8.9250855 -573.218237
v -216.714347 7.383283 -573.218237
v -311.803551 9.493118 -559.910189
v -312.912463 9.493118 -523.313057
v -196.476703 5.1227455 -523.313057
v -197.308387 5.366188 -548.265647
v -197.862843 5.9805905 -573.218237
v -220.595539 7.2557655 -507.971835
v -239.169815 8.565718 -507.602167
v -223.367819 7.4644305 -599.834333
v -261.902511 8.983048 -599.834333
v -195.367791 5.435743 -599.834333
v -208.674735 6.5602155 -599.834333
v -185.387583 4.392418 -573.033403
v -183.724215 4.160568 -599.834333
v -299.882747 9.493118 -599.834333
v -157.110327 0.9262605 -548.265647
v -162.654887 1.7841055 -523.313057
v -145.466751 0.056823 -523.313057
v -136.318227 -4.116477 -548.265647
v -121.902371 -4.116477 -523.313057
v -156.555871 -0.569172 -573.218237
v -164.318255 1.5754405 -563.791703
v -144.912295 -4.116477 -573.218237
v -184.555899 4.0562355 -548.265647
v -178.179655 3.3838705 -523.313057
v -170.971727 2.583988 -548.265647
v -172.912323 2.746283 -573.218237
v -167.367763 1.239258 -599.834333
v -150.179627 -4.116477 -599.834333
v -183.724215 3.627313 -613.512049
v -169.031131 -0.221397 -624.786923
v -180.120251 2.1318805 -624.786923
v -196.199475 3.8707555 -624.786923
v -157.110327 -4.116477 -624.786923
v -176.239059 -1.589312 -649.554679
v -167.367763 -4.116477 -649.924347
v -186.219267 0.821928 -649.924347
v -201.189579 2.583988 -649.924347
v -216.437119 4.508343 -649.739513
v -234.734167 6.386328 -649.924347
v -235.288623 6.826843 -624.786923
v -211.724243 5.343003 -624.786923
v -269.942123 8.6932355 -624.786923
v -265.506475 7.707873 -649.924347
v -305.704535 9.493118 -649.924347
v -274.377771 7.476023 -674.876937
v -243.051007 5.876258 -674.876937
v -254.417355 6.757288 -688.924321
v -224.199503 3.650498 -674.692103
v -191.763827 -1.032872 -674.692103
v -180.397479 -4.116477 -674.876937
v -207.288595 1.285628 -674.692103
v -253.308443 9.029418 -499.839139
v -500.041363 12.623093 -599.834333
v -500.041363 14.5822255 -548.265647
v -449.863095 10.235038 -548.265647
v -449.863095 11.3826955 -599.834333
v -465.665091 11.533398 -523.128223
v -549.942403 19.6133705 -548.265647
v -549.942403 17.9440505 -499.839139
v -600.120671 16.958688 -548.265647
v -600.120671 14.802483 -599.834333
v -549.942403 14.1417105 -599.834333
v -637.269223 12.576723 -599.834333
v -635.605855 13.9794155 -568.782221
v -689.388087 9.493118 -599.834333
v -659.447463 11.9855055 -582.644771
v -549.942403 9.2728605 -649.924347
v -600.120671 11.9855055 -649.924347
v -689.388087 9.493118 -649.924347
v -500.041363 10.1307055 -662.677893
v -449.863095 9.493118 -649.924347
v -375.011535 9.493118 -575.621079
v -399.962055 9.423563 -555.289339
v -350.061015 9.493118 -551.407825
v -350.061015 9.493118 -599.834333
v -399.962055 9.493118 -599.834333
v -325.942179 9.493118 -574.696909
v -355.328347 9.8524855 -520.540547
v -382.773919 9.400378 -526.455235
v -449.863095 9.1801205 -523.313057
v -424.080891 9.238083 -523.313057
v -399.962055 9.493118 -649.924347
v -350.061015 9.493118 -649.924347
v -350.061015 9.493118 -624.786923
v -586.259271 1.540663 -661.014387
v -292.952047 -0.6735045 -660.459885
v -331.486739 -0.569172 -660.459885
v -663.883111 2.5955805 -660.459885
v -405.506615 -0.7198745 -660.459885
v -352.556067 8.009278 -641.606817
v -369.744203 7.406468 -641.606817
v -344.793683 7.406468 -641.606817
v -405.506615 7.244173 -641.606817
v -310.694639 4.0562355 -640.867481
v -332.595651 2.6419505 -641.052315
v -569.902819 -3.4093345 -640.682647
v -289.070855 3.557758 -640.312979
v -295.447099 4.160568 -640.497813
v -303.486711 -1.9718645 -639.019141
v -369.744203 9.469933 -640.128145
v -689.388087 1.401553 -641.606817
v -405.506615 14.3271905 -640.867481
v -653.902903 2.4796555 -639.203975
v -226.140099 7.244173 -641.606817
v -258.853003 7.244173 -641.606817
v -285.466891 -0.7198745 -660.459885
v -285.466891 -0.7198745 -660.459885
v -285.466891 -0.7198745 -660.459885
v -285.466891 -0.7198745 -660.459885
v -569.348363 13.7243805 -658.241877
v -285.466891 -0.7198745 -660.459885
v -270.496579 17.7585705 -641.237149
v -284.635207 7.4644305 -641.237149
v -272.991631 0.0684155 -641.606817
v -551.882999 4.2185305 -641.606817
v -285.466891 15.7646605 -659.166047
v -285.466891 -0.7198745 -660.459885
v -285.466891 17.4339805 -661.568889
v -285.466891 -0.3257295 -661.753723
v -285.466891 -0.7198745 -660.459885
v -285.466891 -0.7198745 -660.459885
v 334.562898 2.7817675 -774.898863
v 330.607487 3.5497494 -811.69269
v 305.05767 -0.2018082 -811.69269
v 314.037522 -0.2154008 -772.641573
v 295.864012 -4.116477 -770.158554
v 288.487705 -4.116477 -811.69269
v 326.972785 3.9779163 -850.292349
v 298.964199 -0.7387159 -849.840891
v 285.280615 -4.116477 -849.840891
v 353.698535 5.8468988 -810.564045
v 356.157304 5.2284355 -777.381882
v 355.30208 6.825566 -851.420994
v 381.386412 7.4236404 -799.954782
v 401.377273 8.3343446 -850.06662
v 416.450596 8.5790114 -799.954782
v 419.44388 8.9188264 -849.840891
v 439.541644 9.340197 -799.729053
v 445.742018 9.1566969 -849.389433
v 479.30956 9.4149563 -791.37708
v 459.211796 9.3537896 -800.180511
v 500.048742 9.4897156 -779.864901
v 495.238107 9.4693267 -799.954782
v 499.834936 9.476123 -822.97914
v 480.057881 9.4353452 -818.690289
v 480.057881 9.4557341 -848.486517
v 480.057881 9.4829193 -878.508474
v 500.476354 9.4829193 -848.260788
v 347.711967 6.3770102 -899.952729
v 355.729692 7.0498439 -960.67383
v 328.362524 4.7458982 -949.838838
v 322.055247 3.6381013 -899.952729
v 303.561028 0.1855809 -949.838838
v 297.895169 -0.0251044 -899.727
v 297.467557 -4.116477 -999.950676
v 285.708227 -4.116477 -949.838838
v 318.099836 0.9467665 -999.950676
v 333.600771 4.3449165 -999.950676
v 281.645913 -4.116477 -899.727
v 402.873915 8.5654188 -894.083775
v 385.769435 8.4498817 -960.67383
v 423.506194 8.8236782 -891.600756
v 420.085298 9.4013637 -964.736952
v 423.506194 9.6528268 -999.950676
v 387.159174 8.456678 -996.113283
v 366.419992 7.437233 -1001.07932
v 467.870939 9.7139935 -966.542784
v 458.570378 9.7955491 -999.950676
v 441.679704 9.0275672 -896.792523
v 382.241636 7.1381958 -918.236778
v 483.051165 7.1925662 -947.581548
v 369.520179 0.1176179 -927.491667
v 304.843864 0.3147106 -949.38738
v 392.931936 7.3216959 -953.90196
v 321.627635 7.4644182 -779.187714
v 473.109186 7.5323812 -789.345519
v 332.104129 0.6749145 -776.930424
v 460.06702 0.7700627 -877.605558
v 379.462158 0.6613219 -830.653926
v 378.393128 7.6886961 -843.069021
v 296.398527 0.9399702 -901.532832
v 308.906178 7.8042332 -921.171255
v 484.975419 7.8042332 -928.620312
v 473.109186 7.8178258 -796.794576
v 497.269264 7.7430665 -920.494068
v 299.498714 7.7498628 -920.494068
v 315.961776 0.7904516 -784.60521
v -18.5346689 -0.08304188 23.834704
v -15.5026679 -4.116477 48.92328
v -4.6740929 0.21426292 34.026938
v -130.863087 -4.116477 39.907073
v -130.574325 -4.116477 49.707298
v -129.419277 -4.116477 28.538812
v -130.574325 -4.116477 19.914614
v 54.0889741 8.06310964 406.435488
v 26.6565841 -0.11277236 399.771335
v 12.7960081 -4.116477 395.851245
v 42.1053511 -4.116477 354.6903
v 54.6664981 1.1359078 364.882534
v 46.4367811 0.02596988 81.852036
v 35.6082061 0.38273564 68.915739
v 25.2127741 -4.116477 87.340162
v 40.0840171 -4.116477 101.452486
v 25.9346791 5.02069052 31.674884
v 50.7682111 5.48646804 41.475109
v 51.4901161 8.90547324 14.034479
v 17.9937241 2.04764252 51.275334
v 22.3251541 3.57380716 41.0831
v 1.2455281 2.7215334 26.578767
v 13.0847701 -0.19205364 61.859577
v 6.0101011 -4.116477 75.187883
v 50.4794491 3.99003388 53.235379
v 142.450146 0.22417308 53.627388
v 148.225386 -4.116477 69.699757
v 160.35339 -4.116477 55.587433
v 154.57815 0.67013028 38.731046
v 129.022713 0.22417308 61.075559
v 135.231096 -4.116477 79.107973
v 138.840621 4.1585066 34.418947
v 151.401768 5.58556964 19.914614
v 127.578903 3.99994404 40.691091
v 127.434522 6.27928084 29.32283
v 127.867665 8.78655132 15.994524
v 150.102339 -1.0938782 286.088725
v 149.957958 -4.116477 273.152428
v 137.974335 -4.116477 275.504482
v 137.829954 -1.03441724 288.04877
v 159.920247 -4.116477 276.680509
v 159.920247 -0.82630388 289.616806
v 121.37052 -4.116477 93.220297
v 116.028423 0.36291532 74.795874
v 102.023466 0.32327468 82.244045
v 104.0448 -4.116477 101.844495
v 82.3876501 0.36291532 84.596099
v 83.5426981 -4.116477 104.588558
v 75.0242191 -4.116477 109.292666
v 75.1686001 0.11516132 88.908198
v 60.8748811 -0.13259268 88.516189
v 58.8535471 -4.116477 109.684675
v 75.0242191 3.43506492 65.387658
v 61.4524051 3.32605316 63.035604
v 82.5320311 3.4647954 64.211631
v 75.0242191 4.92158892 53.627388
v 75.0242191 6.40811292 42.259127
v 100.146513 6.289191 43.827163
v 100.724037 4.1585066 57.939487
v 111.119469 4.2576082 51.275334
v 75.1686001 9.83702828 15.602515
v 100.002132 8.21176204 30.890866
v 149.957958 8.68744972 348.026147
v 137.25243 9.18295772 351.946237
v 150.24672 13.7713618 381.738921
v 164.68482 8.5685278 353.122264
v 124.546902 10.2334347 359.786417
v 124.402521 15.4659992 403.299416
v 149.957958 16.1696205 415.059686
v 113.573946 10.5703801 368.802624
v 105.055467 11.9974432 384.482984
v 99.2802271 14.8119286 408.395533
v 93.5049871 13.1866624 401.339371
v 93.0718441 8.52888716 369.978651
v 112.563279 5.80359316 336.657886
v 99.8577511 6.81442948 351.554228
v 73.2916471 7.58742196 382.13093
v 80.9438401 9.72801652 388.795083
v 89.3179381 7.01263268 363.314498
v 76.7567911 0.2439934 340.969985
v 108.953754 0.11516132 306.081184
v 125.557569 5.93242524 328.817706
v 125.70195 0.5412982 299.417031
v 107.076801 -4.116477 288.832788
v 125.846331 -4.116477 281.384617
v 137.829954 4.99096004 320.585517
v 93.2162251 0.37282548 320.193508
v 160.209009 4.07922532 321.761544
v 149.957958 3.58371732 317.449445
v 71.1259321 -4.116477 331.953778
v 89.3179381 -4.116477 303.337121
v -130.863087 1.829619 218.271168
v -99.5324099 8.06310964 215.135096
v 38.0626831 14.6632762 216.311123
v -114.981177 9.61900476 222.583267
v -112.5267 11.303732 224.543312
v -112.5267 2.79090452 225.719339
v -130.863087 2.79090452 225.719339
v -112.5267 11.4226539 220.231213
v 16.9830571 -3.99755508 217.095141
v 35.3194441 -3.99755508 217.095141
v 35.3194441 4.66392476 218.663177
v 36.1857301 7.65679308 274.720464
v 16.9830571 12.5325918 274.720464
v 16.9830571 12.7407052 270.016356
v 36.6188731 13.0776506 270.016356
v 64.3400251 -0.9947766 300.985067
v -111.516033 7.59733212 300.201049
v -130.863087 11.7199587 299.80904
v -71.3781149 8.58834812 212.391033
v 89.3179381 -1.52001508 213.175051
v 56.5434511 3.73236972 218.271168
v -76.8645929 10.253255 210.822997
v 57.2653561 15.763304 213.56706
v 16.9830571 4.26751836 224.151303
v 37.3407781 1.65123612 221.015231
v -88.9925969 4.4558114 218.271168
v -62.2821119 12.919088 213.175051
v 88.7404141 12.1857362 214.743087
v -70.5118289 11.7893298 214.351078
v -52.7529659 8.34059412 214.743087
v 95.9594641 4.51527236 212.783042
v -52.1754419 1.96836124 291.96886
v -69.0680189 -2.68941396 287.656761
v -41.2024859 8.53879732 297.456986
v -34.7053409 10.808224 301.769085
v 109.964421 -1.4407338 301.769085
v -35.8603889 2.00800188 300.593058
v -38.4592469 15.8029446 300.985067
v 100.579656 1.45303292 299.025022
v 104.0448 0.9872554 302.553103
v -53.4748709 2.08728316 298.241004
v -55.7849669 -1.13351884 301.377076
v 62.3186911 -1.36145252 282.560644
v -111.660414 13.5830688 275.112473
v -130.863087 15.6939328 271.976401
v -83.0729759 -1.3416322 284.12868
v -749.897155 9.4895594 800.258705
v -699.929911 9.4895594 800.258705
v -699.929911 12.017163 700.06311
v -750.249037 9.4895594 700.06311
v -800.04034 9.4895594 700.06311
v -800.04034 9.4895594 800.258705
v -853.174522 9.4895594 800.258705
v -880.445377 9.4895594 700.06311
v -649.962667 9.4895594 800.258705
v -649.962667 12.017163 700.06311
v -699.929911 15.7547896 650.209692
v -649.962667 15.9026813 650.209692
v -800.04034 11.9633842 650.209692
v -912.994462 9.4895594 664.383703
v -749.721214 12.5952851 650.209692
v -934.987087 9.4895594 600.356274
v -800.04034 14.437209 600.356274
v -800.04034 9.4895594 500.160679
v -800.04034 11.9633842 550.014097
v -749.545273 14.706103 550.502856
v -699.929911 20.4335452 500.160679
v -877.45438 9.4895594 550.014097
v -699.929911 19.949536 551.480374
v -749.193391 15.7144555 600.356274
v -699.929911 19.4789715 600.356274
v -613.366939 23.4048239 500.160679
v -649.962667 22.3561373 551.969133
v -606.681181 21.8183493 552.457892
v -593.309665 20.1377618 500.160679
v -599.995423 14.8271053 650.209692
v -599.995423 20.1915406 600.356274
v -649.962667 19.7881996 600.356274
v -588.735199 18.5512872 582.76095
v -599.995423 9.4895594 700.06311
v -599.995423 9.4895594 800.258705
v -599.995423 8.0106424 825.185414
v -699.929911 9.3147783 922.448455
v -649.962667 8.9786608 899.965541
v -749.897155 9.4895594 899.965541
v -626.562514 9.2341101 849.134605
v -624.979045 8.8307691 887.746566
v -652.953664 7.2442945 922.937214
v -625.330927 6.6123936 912.673275
v -800.04034 9.4895594 846.202051
v -586.623907 0.5488339 901.920577
v -591.902137 4.7839144 896.544228
v -574.83586 12.286057 873.572555
v -594.893134 11.1029234 892.634156
v -596.476603 11.748269 890.67912
v -576.59527 12.823845 872.106278
v -585.568261 11.6810455 862.819857
v -602.810479 10.8205847 881.392699
v -575.715565 -4.116477 913.162034
v -677.761345 8.0240871 932.223635
v -638.17462 5.5905964 944.44261
v -625.506868 5.294813 924.89225
v -720.690949 9.4088912 938.577502
v -698.698324 9.3685571 945.420128
v -623.923399 4.3133499 926.358527
v -618.82111 0.7505044 930.757358
v -613.366939 -1.6829863 935.156189
v -603.338302 -4.116477 944.44261
v -636.591151 4.7973591 945.908887
v -632.720449 1.0597325 949.818959
v -627.970042 -1.5485393 954.21779
v -615.478231 -4.116477 966.925524
v -650.138608 -1.4006476 970.346837
v -641.341558 -4.116477 985.498366
v -655.592779 5.1200319 960.082898
v -653.305546 1.3286265 964.481729
v -656.648425 5.7922669 958.127862
v -676.705699 3.7890066 974.745668
v -675.12223 7.4997438 965.948006
v -675.650053 8.2795364 963.99297
v -678.289168 2.3638684 984.520848
v -690.077215 5.1872554 981.099535
v -678.64105 -4.116477 1000.16114
v -720.690949 5.2275895 1000.16114
v -699.226147 10.2962414 977.189463
v -700.281793 11.2373704 975.723186
v -720.690949 11.9902736 956.172826
v -820.625437 14.6254348 888.235325
v -659.991304 17.932831 882.858976
v -646.091965 0.1723823 875.527591
v -605.449594 6.1821632 863.308616
v -652.2499 19.3176351 892.145397
v -835.756363 5.8057116 902.409336
v -667.204885 20.8637756 912.673275
v -678.64105 9.4088912 925.381009
v -681.280165 14.2086491 950.307718
v -673.714702 2.0143062 960.571657
v -728.784235 22.1141327 970.835596
v -697.642678 8.6156539 969.858078
v -754.823503 -1.3199794 974.256909
v -838.923301 3.6948937 966.436765
v -841.210534 9.597117 965.459247
v -660.519127 0.3068293 966.925524
v -874.639324 9.5030041 967.903042
v 300.006423 22.6786414 900.063048
v 300.006423 21.8933214 800.356263
v 199.998083 25.7728022 800.356263
v 199.998083 25.647151 900.063048
v 300.006423 24.5162902 1000.16084
v 199.998083 25.647151 1000.16084
v 199.998083 28.0345238 700.258471
v 149.993913 27.2806166 700.258471
v 250.002253 23.997979 700.258471
v 300.006423 20.9195246 750.307367
v 300.006423 19.9614342 700.258471
v 343.514583 19.8986086 799.965256
v 400.014763 15.8777702 900.063048
v 400.014763 13.8045254 856.661271
v 392.763403 12.218179 807.394389
v 364.513313 13.7416998 773.37678
v 381.131013 9.9564574 765.165633
v 400.014763 15.8777702 1000.16084
v 346.233843 14.0715342 727.628961
v 331.126843 14.5113134 700.258471
v 349.255243 15.1709822 749.525353
v 367.685783 9.9564574 734.667087
v 361.189773 8.9826606 709.251632
v 353.787343 10.5533006 700.258471
v 373.426443 4.9304094 700.258471
v 388.835583 3.7838422 728.019968
v 389.137723 -0.346941 700.258471
v 449.414653 8.6371198 859.007313
v 442.767573 10.1135214 869.173495
v 427.660573 10.9459606 857.834292
v 431.890533 12.453775 885.595789
v 459.234203 5.2602438 854.315229
v 447.752883 -0.2212898 800.356263
v 440.501523 6.3596918 825.771718
v 437.177983 3.6110718 807.003382
v 458.176713 -4.116477 795.273172
v 416.934603 9.7208614 821.470641
v 418.596373 10.7103646 832.809844
v 412.402503 11.1501438 827.335746
v 402.582953 9.2810822 797.619214
v 400.619043 4.836171 758.518514
v 415.574973 0.516911 755.390458
v 400.165833 0.2499022 726.846947
v 425.696663 -4.116477 752.653409
v 412.100363 -4.116477 725.673926
v 398.957273 -4.116477 700.258471
v 421.768843 3.5325398 783.542962
v 431.739463 -0.0485194 777.677857
v 441.861153 -4.116477 772.594766
v 199.998083 24.7361798 646.299505
v 149.993913 24.1864558 624.79412
v 298.344653 19.443123 650.209575
v 241.995543 23.6524382 650.209575
v 338.831413 16.1290726 637.697351
v 357.110883 13.867351 641.607421
v 349.557383 14.6369646 625.185127
v 321.760503 17.2285206 625.185127
v 358.319443 13.1291502 641.607421
v 364.966523 8.3229918 641.607421
v 359.830143 8.4643494 625.185127
v 350.917013 13.9144702 625.185127
v 328.256513 17.6211806 650.209575
v 349.859523 11.1658502 669.759925
v 357.413023 13.4589846 650.209575
v 350.614873 10.7103646 669.759925
v 358.470513 12.7207838 650.209575
v 358.319443 6.6738198 670.150932
v 364.966523 8.2601662 650.209575
v 377.505333 -0.0799322 625.576134
v 372.671093 -4.116477 600.160679
v 359.981213 -0.2055834 601.3337
v 368.894343 3.8309614 625.576134
v 352.276643 3.3283566 600.942693
v 392.914473 -4.116477 625.185127
v 378.260683 0.0143062 641.607421
v 395.935873 -4.116477 641.998428
v 371.915743 3.7681358 641.607421
v 372.066813 4.0194382 650.209575
v 385.512043 -1.5092146 670.541939
v 366.175083 2.637275 670.150932
v 394.425173 -4.116477 670.541939
v 396.238013 -4.116477 650.209575
v 378.411753 0.5326174 650.209575
v 399.410483 4.050851 884.422768
v 399.410483 20.1342046 925.478503
v 404.093653 4.050851 884.422768
v 399.410483 20.1342046 995.859763
v 175.222603 7.2235438 975.136392
v 175.222603 23.3068974 982.956532
v 162.230583 23.055595 988.039623
v 180.207913 7.0036542 775.331815
v 436.573703 6.9408286 911.793258
v 397.899783 7.1764246 962.624168
v 177.337583 7.0507734 686.573226
v 261.030363 7.1293054 727.628961
v 188.667833 4.8518774 972.399343
v 444.278273 4.443511 688.919268
v 399.259413 4.050851 808.56741
v 399.410483 4.050851 972.008336
v 322.364783 3.7053102 910.620237
v 350.010593 3.658191 945.41986
v 181.265403 21.6734318 974.354378
v 348.499893 21.3907166 686.964233
v 188.969973 5.7628486 865.654432
v 228.550313 5.9199126 997.032784
v 451.529633 22.0660918 681.881142
v 443.069713 5.9199126 672.887981
v 159.209183 21.8147894 846.495089
v 243.204103 22.113211 837.110921
v 169.633013 6.1398022 727.628961
v 338.076063 5.9827382 895.761971
v 619.429434 9.19393005 500.086591
v 666.459111 9.36516735 500.086591
v 667.9654 9.319065 481.113088
v 655.747726 9.15441375 450.183679
v 572.316074 8.2784691 474.875224
v 586.123719 8.41677615 500.346502
v 553.90588 7.6725525 450.183679
v 631.312377 8.94366015 550.769236
v 667.798035 9.3058929 527.897068
v 600.015048 8.1862644 550.249414
v 572.81817 5.6045328 550.509325
v 539.512455 5.8811469 501.126235
v 547.378629 1.67266095 553.108435
v 565.537775 3.99095055 578.319802
v 522.273819 3.27965715 502.42579
v 533.319936 -1.1264103 555.967456
v 531.646282 5.9733516 475.914868
v 517.754953 4.4980764 476.43469
v 526.290589 5.9996958 450.183679
v 510.056145 4.5375927 451.223323
v 501.102096 1.09308855 479.293711
v 506.959885 -0.42170295 505.0249
v 496.666913 -4.116477 509.703298
v 519.595973 -4.116477 559.346299
v 591.395729 6.57268215 580.139179
v 573.152901 4.840551 602.751436
v 582.943777 5.33450475 603.011347
v 571.813978 4.55735085 602.751436
v 599.010855 6.74391945 584.557666
v 643.613734 8.4628785 579.099535
v 641.856398 7.46838495 631.601557
v 576.583892 5.99310975 623.544316
v 576.583892 5.4596397 637.839421
v 578.927007 5.5386723 637.319599
v 569.72191 6.09848655 622.764583
v 568.382987 5.53208625 623.284405
v 575.161286 4.87348125 638.359243
v 566.458285 1.8241401 603.531169
v 564.366217 2.2983357 623.544316
v 559.679986 0.0063903 605.870368
v 558.926842 -0.0199539 625.623604
v 567.54616 -0.06605625 640.698442
v 572.065026 1.942689 638.879065
v 554.240611 1.10626065 578.579713
v 554.491659 -4.116477 645.896662
v 544.198687 -4.116477 628.742536
v 545.621293 -0.85638225 579.099535
v 544.282369 -4.116477 608.729389
v 538.926677 -2.3777598 579.619357
v 530.307358 -4.116477 580.659001
v 650.977812 7.079808 688.781977
v 652.316735 7.4617989 691.381087
v 624.701444 5.30816055 703.336993
v 610.475385 6.9217428 686.9626
v 597.92298 6.02604 678.385537
v 621.354136 4.9195836 698.398684
v 605.119692 7.1720127 691.381087
v 596.66774 5.47939785 679.425181
v 603.864452 6.6056124 692.680642
v 620.098896 4.313667 699.438328
v 582.609046 5.37402105 650.834971
v 588.801566 4.6429695 665.130076
v 567.713525 -4.116477 674.486872
v 581.772219 -0.1385028 668.508919
v 570.558737 -0.09240045 656.553013
v 557.587919 -4.116477 660.451678
v 585.286892 1.54093995 666.429631
v 587.37896 4.13584365 665.909809
v 576.918622 4.54417875 654.473725
v 574.491824 1.76486565 654.733636
v 578.508594 5.20278375 654.213814
v 576.583892 -4.116477 690.861265
v 590.558902 -0.164847 683.063935
v 594.491989 2.19954495 680.464825
v 617.170001 1.6002144 701.517616
v 601.772384 2.51567535 694.75993
v 597.92298 -0.1911912 698.398684
v 612.818501 -0.19777725 704.896459
v 585.20321 -4.116477 710.094679
v 598.174028 -4.116477 716.072632
v 615.663712 -0.19777725 709.314946
v 620.349944 1.7846238 706.196014
v 623.362521 4.66272765 704.116726
v 530.97682 3.59578755 643.037641
v 532.901522 4.10949945 643.037641
v 530.05631 3.64847595 643.037641
v 531.729964 3.5496852 640.17862
v 532.901522 9.2136882 636.279955
v 531.729964 9.2005161 636.279955
v 532.566791 0.3356928 656.553013
v 532.901522 4.4190438 656.553013
v 618.592607 -2.01552705 649.795327
v 614.65952 5.3937792 639.658798
v 520.265434 6.3685146 639.658798
v 529.303166 -3.22736025 636.539866
v 597.671932 0.2961765 643.557463
v 504.365722 7.6462083 643.817374
v 502.022606 -1.87722 647.456128
v 582.357998 -0.86955435 647.716039
v 515.662886 -1.7718432 639.918709
v 597.839297 8.60118555 639.918709
v 531.227868 0.3883812 662.790877
v 531.395234 -3.71472795 666.429631
v 529.637897 1.46190735 672.147673
v 616.416857 -2.9046438 669.548563
v 525.370079 3.25331295 678.125626
v 612.149039 2.25223335 677.605804
v 582.357998 -3.4315278 679.16527
v 592.734653 4.33342515 678.905359
v 599.763999 8.39043195 678.385537
v 523.612742 -3.721314 678.385537
v -450.007154 10.5620802 -248.344477
v -400.029221 13.3816088 -223.256149
v -400.029221 15.184065 -248.344477
v -499.985087 9.48610412 -248.344477
v -349.925399 12.0111137 -223.256149
v -349.925399 15.184065 -248.344477
v -400.029221 16.9904482 -273.186841
v -349.925399 16.9904482 -273.186841
v -349.925399 16.9904482 -299.750953
v -400.029221 16.9904482 -299.750953
v -450.007154 12.2113866 -299.750953
v -499.985087 9.48610412 -299.750953
v -450.007154 9.48610412 -348.205861
v -499.985087 9.48610412 -348.205861
v -400.029221 15.3961187 -323.363497
v -362.891966 9.48610412 -348.205861
v -400.029221 9.48610412 -348.205861
v -349.925399 13.0124783 -323.363497
v -450.007154 9.23870816 -373.294189
v -450.007154 10.9783337 -399.858301
v -499.985087 10.1654613 -399.858301
v -400.029221 9.38793112 -373.294189
v -400.029221 11.1943143 -399.858301
v -450.007154 12.340975 -423.224881
v -450.007154 13.2088243 -448.313209
v -499.985087 13.7703738 -448.313209
v -421.430351 11.6851793 -423.224881
v -450.007154 13.6093701 -466.514545
v -434.271029 12.5726632 -448.313209
v -420.29735 11.1943143 -473.155573
v -388.950989 11.1943143 -474.877321
v -349.925399 11.1943143 -465.284725
v -349.925399 11.1943143 -448.313209
v -400.029221 11.1943143 -448.313209
v -400.029221 11.1943143 -423.224881
v -349.925399 11.1943143 -423.224881
v -349.925399 11.1943143 -399.858301
v -374.97731 11.1943143 -399.858301
v -374.97731 9.43898108 -373.294189
v -349.925399 9.48610412 -373.294189
v -349.925399 9.48610412 -348.205861
v -318.830816 12.2074597 -248.098513
v -317.446037 13.6486393 -273.186841
v -319.208483 13.7743008 -299.996917
v -285.218453 11.3356834 -299.750953
v -285.344342 11.3356834 -273.186841
v -297.177908 10.7819877 -248.344477
v -263.313767 10.6366917 -273.186841
v -252.361424 10.2989766 -299.750953
v -320.215595 11.3985142 -235.554349
v -322.859264 10.6798878 -223.256149
v -288.995123 9.48610412 -223.256149
v -271.370663 9.70993856 -231.126997
v -318.704927 11.3985142 -323.363497
v -289.498679 10.4285649 -323.363497
v -264.069101 9.91021148 -323.363497
v -322.859264 9.48610412 -348.205861
v -294.282461 9.48610412 -348.205861
v -267.97166 9.4821772 -348.205861
v -300.7028 9.48610412 -373.294189
v -332.17505 9.48610412 -373.294189
v -267.216326 9.4821772 -373.294189
v -281.693561 9.4821772 -373.294189
v -316.187147 11.1943143 -399.858301
v -289.37279 10.9429914 -399.858301
v -313.921145 11.1943143 -423.224881
v -311.403365 11.013676 -448.313209
v -285.470231 10.9547722 -423.224881
v -289.876346 10.915503 -448.313209
v -309.263252 9.93769992 -470.695933
v -272.629553 9.3054658 -473.155573
v -257.774651 9.28975812 -448.313209
v -254.249759 9.442908 -423.224881
v -247.325864 9.03843524 -448.313209
v -242.290304 9.38007728 -423.224881
v -259.788875 9.47432336 -399.858301
v -253.997981 9.09733904 -467.498401
v -256.767539 8.952043 -473.155573
v -431.753249 16.8490791 -374.278045
v -408.715562 16.8490791 -374.278045
v -445.47515 16.8490791 -374.278045
v -425.458799 16.8490791 -374.278045
v -289.624568 12.8004246 -411.910537
v -304.47947 12.8004246 -411.910537
v -437.544143 11.7754985 -411.910537
v -310.899809 10.3696611 -411.910537
v -309.766808 16.362141 -411.418609
v -443.586815 14.8620576 -383.624677
v -443.335037 11.3396104 -384.362569
v -443.964482 11.5987871 -381.902929
v -444.719816 10.5620802 -380.181181
v -445.349261 10.5620802 -380.181181
v -445.097483 16.3307257 -380.919073
v -444.845705 10.5817148 -385.838353
v -315.80948 15.5099994 -386.822209
v -302.591135 16.3699949 -374.278045
v -308.759696 16.8019561 -374.278045
v -313.417589 14.6382232 -375.261901
v -445.47515 16.9315444 -377.229613
v -439.936034 16.8255176 -374.278045
v -442.327925 16.8647868 -374.278045
v -316.564814 16.6959292 -376.983649
v -445.601039 16.9315444 -377.229613
v -316.564814 10.373588 -378.213469
v -444.971594 15.580684 -389.773777
v -316.690703 9.21121972 -392.725345
v -316.187147 12.8750361 -411.418609
v -445.726928 9.19158512 -410.680717
v -448.244708 14.2219696 -402.317941
v -449.377709 13.7232508 -405.269509
v -445.601039 14.1512851 -399.366373
v -318.704927 14.1277236 -399.366373
v -318.201371 11.551664 -410.188789
v -321.222707 9.5607156 -408.467041
v -321.096818 11.7558639 -410.434753
v -316.690703 10.8840876 -395.922877
v 478.489938 8.05217385 -76.3070232
v 503.876428 8.57344585 -66.8342118
v 500.026035 8.71027975 -99.8033103
v 478.685721 7.88927635 -99.8033103
v 476.40159 7.88276045 -47.5171062
v 464.458845 7.2213966 -85.965576
v 470.136543 7.5080962 -46.959882
v 497.741904 8.5310925 -118.470321
v 477.706808 7.4950644 -112.062243
v 524.955699 9.1631348 -74.821092
v 516.537043 9.08820195 -99.8033103
v 529.785006 9.3911913 -99.8033103
v 525.543047 9.3716436 -107.511578
v 515.362347 9.2282938 -111.783631
v 549.428537 9.95481665 -74.821092
v 558.042975 9.46612415 -99.8033103
v 556.411453 9.94178485 -48.5386839
v 537.942618 9.49870365 -46.959882
v 510.794084 8.72982745 -38.5086483
v 501.853341 9.1110076 -23.4635949
v 484.493941 8.79498645 -23.9279484
v 477.249981 8.32584165 -24.1136898
v 491.868423 8.56041405 -41.4805107
v 438.093441 4.97666905 -70.0846863
v 433.003091 4.5042663 -49.8388737
v 451.210882 6.2309798 -48.7244253
v 453.23397 6.2309798 -85.965576
v 460.412669 6.8825698 -24.670914
v 446.773141 5.8139622 -24.8566554
v 433.525178 4.4716868 -24.8566554
v 443.901661 5.23078915 -99.8033103
v 460.738974 7.01614575 -99.8033103
v 430.262133 3.285793 -99.896181
v 428.108524 3.32163045 -71.9421003
v 457.736972 6.50790555 -110.39057
v 425.041261 3.416111 -49.9317444
v 424.453913 3.3118566 -24.8566554
v 450.558273 6.3808455 -77.0499888
v 515.753912 9.53128315 -77.0499888
v 447.099445 3.84941835 -76.8642474
v 518.821174 3.69955265 -76.7713767
v 452.320317 9.68114885 -76.7713767
v 451.863491 3.34769405 -77.2357302
v 453.756057 9.57037855 -74.5424799
v 519.473783 4.2827257 -75.6569283
v 453.756057 8.1792339 -73.3351608
v 519.278001 5.78464065 -76.3998939
v 519.21274 7.4885485 -76.678506
v 519.016957 7.29632945 -77.3286009
v 518.951696 8.68421615 -77.1428595
v 452.450839 9.52476725 -77.1428595
v 451.471926 5.3969446 -70.9205226
v 519.21274 5.40020255 -70.9205226
v 518.886435 5.3904287 -70.9205226
v 518.690653 5.75206115 -70.9205226
v 518.038044 5.98011765 -70.9205226
v 516.667565 6.3678137 -70.9205226
v 453.690796 5.40020255 -70.9205226
v 519.995871 5.41975025 -70.9205226
v 520.061132 8.17597595 -73.3351608
v 443.640618 5.4034605 -70.9205226
v 447.295228 6.27333315 -70.9205226
v 443.966922 5.6380329 -76.8642474
v 506.682647 5.3383015 -76.8642474
v 499.764992 5.9182166 -76.8642474
v 432.611526 4.45539705 -75.6569283
v 491.281075 5.6706124 -76.8642474
v 491.281075 4.2827257 -75.6569283
v 432.807308 6.26681725 -74.4496092
v 434.569353 8.1792339 -73.3351608
v 439.268137 5.40020255 -70.9205226
v 433.068352 6.78157335 -72.1278417
v 432.415743 5.45232975 -70.9205226
v -600.026891 9.487893 -799.818733
v -600.026891 9.487893 -749.895717
v -548.984486 9.487893 -749.895717
v -548.096792 9.487893 -799.818733
v -500.013367 9.487893 -749.895717
v -500.013367 9.487893 -799.818733
v -689.388087 9.487893 -749.895717
v -689.388087 9.487893 -799.818733
v -600.026891 9.487893 -837.871941
v -547.061149 9.487893 -851.138197
v -500.013367 9.487893 -863.008005
v -449.562758 13.9026852 -862.658893
v -449.562758 21.7832394 -899.839321
v -500.013367 9.487893 -850.789085
v -449.710707 9.487893 -850.439973
v -449.710707 10.551047 -856.549433
v -500.013367 9.487893 -825.303909
v -449.710707 9.487893 -799.818733
v -449.710707 9.487893 -834.380821
v -449.858656 9.487893 -749.895717
v -395.709322 9.487893 -777.650121
v -386.536484 9.487893 -749.895717
v -399.999843 9.487893 -749.895717
v -413.019355 9.487893 -749.895717
v -393.04624 9.487893 -799.818733
v -408.137038 9.487893 -799.818733
v -390.383158 9.487893 -818.147113
v -406.065752 9.487893 -821.463677
v -389.643413 9.487893 -836.824605
v -406.065752 9.487893 -837.697385
v -425.299122 9.487893 -721.268533
v -399.999843 9.487893 -724.759653
v -397.48471 19.6689444 -884.303837
v -399.999843 21.7832394 -899.839321
v -422.488091 21.7832394 -899.839321
v -409.024732 16.6536714 -864.928121
v -391.56675 16.545554 -864.055341
v -391.56675 11.8004032 -857.073101
v -391.862648 17.0561082 -865.102677
v -408.580885 16.1491237 -863.531673
v -407.989089 11.6562467 -856.898545
v -407.397293 9.487893 -850.265417
v -391.418801 9.487893 -850.090861
v -473.826394 11.2478034 -872.957697
v -473.826394 11.2478034 -872.957697
v -473.826394 11.2478034 -872.957697
v -473.826394 11.2478034 -872.957697
v -473.826394 11.2478034 -872.957697
v -625.32617 18.9301424 -879.765381
v -625.32617 16.3713649 -877.496153
v -625.32617 21.48892 -882.034609
v -625.32617 21.48892 -882.034609
v -625.32617 17.897021 -883.256501
v -473.826394 17.9030275 -884.827505
v -473.826394 11.2478034 -872.957697
v -473.826394 11.2478034 -872.957697
v -473.826394 11.2478034 -872.957697
v -625.32617 18.7319273 -870.863025
v -473.826394 20.9543397 -875.750593
v -625.32617 10.4849753 -875.401481
v -473.826394 11.452025 -874.179589
v -581.977113 13.9327178 -888.842293
v -424.11553 19.4346901 -889.889629
v -415.978335 19.4226771 -890.936965
v -612.306658 14.593435 -887.445845
v -588.33892 12.9116094 -888.144069
v -434.47196 16.9299713 -888.318625
v -436.691195 9.95039504 -887.794957
v -434.324011 14.0528482 -887.969513
v -473.826394 21.3747961 -886.922177
v -625.32617 13.392131 -885.351173
v -625.32617 10.4909818 -886.223953
v 425.904981 1.4764506 -496.083639
v 404.263401 -4.116477 -496.004231
v 419.652969 1.1021208 -505.652279
v 397.690773 -4.116477 -504.183235
v 429.912681 2.77009035 -496.043935
v 432.958533 4.35548715 -496.004231
v 423.660669 2.59393515 -505.930206
v 427.828677 4.3499823 -506.16843
v 478.165389 6.75560175 -499.895214
v 150.014913 -4.116477 -502.833302
v 450.752721 5.81977725 -523.598442
v 470.951529 7.15195095 -523.399922
v 427.668369 5.2307583 -528.720245
v 430.553913 4.691283 -522.327917
v 428.950833 4.69678785 -506.208134
v 427.988985 4.69678785 -513.19602
v 418.210197 0.95348985 -513.791579
v 418.530813 0.727791 -522.645548
v 394.965537 -4.116477 -522.526437
v 394.324305 -4.116477 -512.798981
v 413.721573 0.5296164 -528.799653
v 391.278453 -4.116477 -528.839357
v 406.187097 0.4525485 -534.199383
v 385.186749 -4.116477 -534.278791
v 405.706173 0.3754806 -536.581617
v 385.026441 -4.116477 -536.621321
v 409.874181 1.75719795 -534.159679
v 414.683421 3.60682755 -534.119975
v 413.721573 3.70591485 -536.462505
v 409.393257 1.75719795 -536.502209
v 419.492661 5.88583545 -534.119975
v 417.889581 6.09501975 -536.422802
v 419.172045 6.4198059 -536.422802
v 417.568965 1.7627028 -528.799653
v 422.217897 3.27653655 -528.759949
v 420.614817 6.21612645 -534.080271
v 426.385905 4.89496245 -528.759949
v 421.897281 1.7296737 -522.56614
v 425.744673 2.9847795 -522.486733
v 423.820977 3.06735225 -513.434243
v 426.706521 4.34447745 -513.235724
v 429.431757 4.34447745 -522.367621
v 420.775125 1.88931435 -513.632763
v 176.145117 5.2858068 -504.262643
v 387.751677 -0.38969355 -523.67785
v 239.466777 5.3188359 -528.561429
v 227.283369 -0.31262565 -511.329937
v 472.714917 5.32434075 -502.436263
v 243.314169 5.3298456 -521.1368
v 457.806273 5.3078262 -535.152277
v 422.057589 -0.13647045 -519.50894
v 347.514369 -0.19151895 -507.399251
v 339.018045 -0.12546075 -531.499518
v 201.634089 -0.24656745 -512.004903
v 370.598721 5.3738844 -508.31244
v 170.694645 4.5261375 -534.67583
v 187.687293 4.57568115 -520.22361
v 205.802097 -1.0447707 -523.67785
v 316.414617 -1.16037255 -523.67785
v 353.606073 -1.1548677 -518.357527
v 303.589977 5.3298456 -508.034513
v 256.459425 5.3848941 -532.13478
v 392.240301 -0.15848985 -526.973273
v 430.553913 -0.07041225 -511.76668
v 321.544473 5.59958325 -500.292253
v 356.972541 5.2307583 -503.786196
v 375.728577 -0.4612566 -523.67785
v 386.469213 -0.3841887 -524.908671
v 339.338661 5.241768 -522.208805
v 190.091913 5.24727285 -530.903959
v 446.905329 -0.4062081 -521.930878
v 377.972889 -0.373179 -511.687272
v 226.161213 5.2637874 -525.543933
v 355.369461 -0.37868385 -519.429532
v 246.199713 -0.36767415 -499.934917
v 440.481884 8.39549412 -699.839853
v 418.159262 7.65546516 -674.843444
v 404.870209 7.7376906 -699.839853
v 484.977814 9.06014976 -699.839853
v 465.342865 8.78606496 -699.839853
v 468.702457 8.91625524 -724.397729
v 486.02302 9.16293156 -724.748556
v 399.345547 6.20966784 -682.561634
v 387.1017 5.5450122 -699.050493
v 388.594852 5.89447032 -679.755019
v 399.121574 7.27174644 -709.750711
v 372.17018 5.647794 -695.717639
v 370.453056 5.07221592 -678.527125
v 400.316096 7.28545068 -662.125972
v 374.260593 7.03877436 -670.633522
v 390.685265 6.9839574 -660.810372
v 370.453056 5.22296256 -675.720511
v 369.781137 4.83924384 -678.614832
v 369.70648 4.98999048 -675.808218
v 364.331132 8.77236072 -665.283414
v 363.808529 9.11496672 -660.284132
v 366.496203 9.90981264 -648.531434
v 372.767441 5.2024062 -736.939788
v 365.674969 4.63368024 -731.765092
v 361.643459 4.54460268 -713.346685
v 356.492084 5.29833588 -706.768683
v 359.254416 6.07262544 -692.560197
v 355.670851 5.01054684 -706.768683
v 353.879068 2.2902552 -706.680976
v 354.998932 2.69453028 -691.94625
v 358.433182 5.81224488 -692.472491
v 360.299622 5.66149824 -688.437982
v 360.896883 5.9218788 -688.701103
v 351.191395 -0.21762072 -706.680976
v 350.519476 -0.25873344 -691.244597
v 353.20715 3.67438344 -737.378321
v 345.218787 0.83760576 -724.046903
v 334.766723 -4.116477 -706.680976
v 335.662614 -4.116477 -689.227343
v 356.716057 2.5986006 -687.736329
v 359.329073 -0.29984616 -679.667312
v 365.077708 2.10524796 -679.141072
v 359.329073 -0.30669828 -676.685285
v 365.003051 2.24229036 -676.246751
v 352.087286 -0.27243768 -687.122382
v 359.702361 5.15444136 -665.809654
v 363.584556 8.50512804 -665.37112
v 355.148248 2.1189522 -666.160481
v 359.1051 5.2709274 -660.284132
v 354.550987 2.13950856 -660.371838
v 361.494144 5.5450122 -648.0929
v 357.014688 2.18062128 -647.654367
v 365.600312 9.60831936 -648.443727
v 362.987296 8.8340298 -660.284132
v 342.531113 -4.116477 -681.07062
v 337.081108 -4.116477 -685.017421
v 342.680428 -4.116477 -678.176299
v 333.646859 -4.116477 -666.774428
v 350.818107 -0.2792898 -666.423601
v 350.295504 -0.27243768 -660.459545
v 333.198913 -4.116477 -659.845598
v 362.614008 6.01095636 -721.678822
v 436.823662 5.94243516 -721.678822
v 361.867432 5.79168852 -721.678822
v 358.80647 5.86020972 -720.626341
v 441.079145 -3.49293408 -721.591115
v 365.152366 -2.10880584 -723.871489
v 363.509899 7.99121904 -721.678822
v 364.10716 2.7699036 -726.064157
v 439.660651 9.20404428 -726.151863
v 364.629763 -2.37603852 -726.678104
v 360.67291 6.82635864 -726.151863
v 365.301681 8.07344448 -726.853517
v 364.779078 5.53816008 -726.064157
v 361.046198 5.98354788 -721.678822
v 440.6312 2.34507216 -721.064875
v 437.794211 5.8533576 -720.889461
v 355.820166 3.17417868 -726.151863
v 354.327014 3.57845376 -726.151863
v 348.727694 3.41400288 -726.151863
v 341.411249 3.34548168 -726.151863
v 333.198913 3.73605252 -726.151863
v 423.907897 1.64615592 -720.889461
v 354.700302 3.64012284 -720.977168
v 342.381798 -2.060841 -720.801755
v 418.83118 -3.81498372 -721.503408
v 363.584556 5.62723764 -721.064875
v 333.198913 -0.73838184 -721.415702
v 1100.01449 9.88368204 300.159091
v 1100.01449 9.88368204 200.160382
v 1000.83947 10.5830335 200.160382
v 1000.83947 9.48699652 300.533618
v 1100.01449 9.88368204 100.161673
v 1000.83947 9.91974436 100.161673
v 749.261313 10.8251662 200.160382
v 699.799341 9.48828446 200.160382
v 700.050417 9.48828446 250.347
v 748.508085 9.0838713 251.845108
v 749.010237 9.54624176 150.348291
v 699.799341 9.48828446 149.973764
v 699.799341 9.48828446 100.161673
v 749.261313 9.42259952 101.285254
v 748.508085 8.188753 50.349582
v 699.799341 9.48828446 49.975055
v 700.050417 9.48828446 350.720236
v 748.508085 8.188753 351.843817
v 749.261313 10.1605891 302.031726
v 700.050417 9.48828446 300.159091
v 671.678829 9.48699652 17.016679
v 669.168069 9.48699652 49.975055
v 645.064773 9.39168896 326.375981
v 643.558317 9.48828446 300.159091
v 638.285721 9.28736582 351.843817
v 628.493757 9.48828446 250.347
v 611.169513 9.48828446 250.347
v 586.061913 9.47540506 200.160382
v 627.489453 9.47926888 200.160382
v 616.693185 8.88166472 400.1578
v 646.320153 9.48184476 200.160382
v 648.579837 9.48828446 250.347
v 663.142245 9.48828446 300.159091
v 638.034645 9.47411712 149.973764
v 592.840965 9.4638136 149.973764
v 657.869649 9.47798094 149.973764
v 644.060469 9.47540506 126.378563
v 608.156601 9.48699652 100.161673
v 650.337369 9.48828446 100.161673
v 656.865345 9.48699652 80.686269
v 663.895473 9.47926888 117.015388
v 676.951425 9.48699652 86.304174
v 671.176677 9.48828446 100.161673
v 649.333065 9.48570858 49.975055
v 615.939957 9.48442064 49.975055
v 601.879701 9.4831327 49.975055
v 652.597053 9.48570858 28.252489
v 697.790733 9.025914 208.774503
v 692.267061 10.1683168 208.399976
v 716.872509 10.8006953 285.178011
v 697.790733 10.7955436 285.178011
v 694.777821 10.7955436 285.178011
v 951.377493 9.39684072 285.927065
v 957.152241 9.06068838 208.774503
v 694.777821 9.025914 208.774503
v 695.028897 10.0305072 206.901868
v 952.381797 9.02720194 208.774503
v 950.373189 8.4270219 271.320512
v 951.879645 10.3524922 266.077134
v 949.871037 8.22867914 271.320512
v 951.879645 10.3524922 266.077134
v 691.764909 8.72839986 276.189363
v 951.879645 8.81211596 256.713959
v 951.879645 9.99959664 261.208283
v 694.526745 9.91072878 246.976257
v 694.526745 10.4593912 242.107406
v 683.981553 8.3626249 285.552538
v 686.241237 9.70723426 294.915713
v 689.003073 9.69693074 294.915713
v 691.262757 9.68791516 290.795916
v 691.262757 10.7929677 285.178011
v 945.853821 10.7247069 280.30916
v 694.275669 8.37035254 237.613082
v 951.628569 8.95250142 232.744231
v 694.777821 9.53593824 227.87538
v 951.879645 10.0755851 223.006529
v 694.526745 10.5662902 218.137678
v 694.777821 9.5861679 227.87538
v 952.632873 9.02848988 208.774503
v 953.637177 9.0323537 208.774503
v 950.875341 8.47467568 213.643354
v 698.543961 9.02462606 208.774503
v -399.990663 16.081103 126.680539
v -399.990663 12.7859962 100.001579
v -449.934743 9.49088945 100.001579
v -449.934743 10.7376866 151.856459
v -399.990663 17.2579269 151.856459
v -349.940319 13.657482 126.680539
v -349.940319 10.7885763 100.001579
v -351.321751 17.5250977 151.856459
v -449.934743 16.3164678 200.329499
v -399.990663 19.4525443 176.656619
v -356.422423 18.7528112 176.656619
v -399.990663 19.8151333 200.329499
v -357.591327 16.7490301 199.953739
v -399.990663 19.9550799 226.632699
v -449.934743 18.3075265 251.808619
v -399.990663 20.9537899 251.808619
v -372.468287 17.4169571 226.632699
v -345.052175 14.8788343 226.632699
v -339.951503 15.3368414 200.329499
v -371.511911 17.9449375 251.808619
v -342.926895 14.9360852 251.808619
v -499.985087 9.49088945 151.856459
v -499.985087 9.49088945 200.329499
v -499.985087 9.49088945 100.001579
v -499.985087 9.49088945 251.808619
v -399.990663 18.7846173 26.728379
v -449.934743 9.49088945 51.904299
v -399.990663 11.3610852 51.904299
v -375.018623 18.7846173 26.728379
v -358.760231 13.7847062 51.904299
v -349.940319 14.2999642 51.904299
v -349.940319 18.7846173 26.728379
v -399.990663 9.49088945 76.704459
v -349.940319 9.49088945 76.704459
v -339.313919 13.2185585 51.904299
v -499.985087 9.49088945 51.904299
v -312.110335 12.022651 27.104139
v -342.608103 17.4678468 26.728379
v -309.028679 10.4323485 51.904299
v -318.486175 9.49088945 76.704459
v -315.935839 9.89800689 100.001579
v -318.273647 12.4424909 126.680539
v -283.950375 10.9794126 126.680539
v -293.089079 12.3152667 151.856459
v -325.924655 15.2477845 151.480699
v -311.153959 14.3762987 176.656619
v -339.738975 17.4042347 177.032379
v -305.628231 12.5188254 200.329499
v -320.823983 12.0353735 226.632699
v -308.178567 10.5532115 251.808619
v -282.462679 9.21735742 251.808619
v -285.650599 9.17919016 226.632699
v -320.292663 9.50997308 358.900219
v -360.566719 9.98706383 351.760779
v -360.460455 10.082482 376.560939
v -324.330695 9.34458162 382.573099
v -389.895583 11.4437809 351.760779
v -384.688647 11.4374197 376.560939
v -363.329583 9.91072931 326.584859
v -329.856423 9.59903002 338.233419
v -331.769175 9.70080938 326.584859
v -299.996239 9.49088945 326.584859
v -299.996239 9.49088945 340.487979
v -294.789303 9.36366525 376.560939
v -315.723311 9.35730404 391.215579
v -310.091319 9.30641436 402.864139
v -285.756863 9.17282895 400.233819
v -325.180807 8.6957382 409.252059
v -328.156199 8.9501866 399.106539
v -333.363135 7.932393 408.876299
v -346.858663 9.0774108 398.355019
v -372.787079 10.4196261 400.233819
v -353.447031 9.56086276 411.130859
v -340.376559 8.59395884 408.876299
v -336.019735 8.81023998 398.730779
v -342.714367 9.27460831 390.088299
v -324.968279 11.1002756 300.281659
v -308.178567 10.5532115 276.608779
v -344.839647 15.3177578 276.608779
v -349.940319 12.7414678 300.281659
v -306.265815 9.88528447 300.281659
v -369.067839 17.1561475 276.608779
v -366.836295 13.3648663 300.281659
v -370.024215 12.0671795 310.802939
v -399.990663 11.0557471 326.584859
v -399.990663 14.5862187 300.281659
v -450.041007 17.5632649 300.281659
v -450.147271 14.5989411 351.760779
v -499.985087 13.2185585 351.760779
v -499.985087 9.49088945 300.281659
v -399.990663 19.4907116 276.608779
v -431.019751 14.7961386 376.560939
v -403.178583 12.2262098 364.160859
v -421.562255 13.0149998 351.760779
v -450.041007 15.9984073 376.560939
v -403.816167 12.1180692 400.233819
v -437.714383 15.1460051 400.233819
v -449.403423 12.0671795 219.117499
v -413.592455 12.0671795 219.117499
v -413.592455 12.0671795 219.117499
v -413.592455 12.0671795 219.117499
v -453.972775 12.0671795 219.117499
v -442.283735 12.7351066 219.117499
v -312.004071 12.232571 219.117499
v -450.466063 11.8445372 219.117499
v -347.496247 19.776966 224.002379
v -348.558887 17.0925354 228.887259
v -455.141679 14.4017436 233.772139
v -347.496247 14.2236297 238.281259
v -343.351951 8.53034674 243.541899
v -351.853071 14.1918236 238.281259
v -338.570071 16.8190034 252.935899
v -447.915727 19.140845 248.051019
v -450.678591 16.3673575 257.445019
v -347.496247 8.90565813 266.087499
v -456.523111 11.1511653 262.705659
v -453.016399 20.623007 259.323819
v -454.929151 7.93875421 260.075339
v -347.283719 20.9410675 291.263419
v -456.629375 10.6231848 286.754299
v -455.247943 9.40819372 284.123979
v -347.815039 20.7947596 295.772539
v -454.822887 15.5531226 301.033179
v -454.610359 16.475498 299.154379
v -455.885527 15.6549019 301.033179
v -455.779263 14.8597507 299.530139
v -454.504095 12.8305247 300.657419
v -345.158439 15.5149553 301.033179
v -347.283719 9.42727735 299.530139
v -453.866511 18.6192258 276.608779
v -345.796023 18.7528112 272.099659
v -347.602511 8.4412898 267.590539
v -346.752399 13.3266991 281.869419
v -431.976127 20.807482 295.772539
v -431.976127 20.807482 295.772539
v -339.313919 15.9347952 301.033179
v -435.907895 8.58759763 301.408939
v -323.161791 15.5149553 301.033179
v 201.541202 13.3069524 408.174972
v 231.064003 8.97450222 399.404621
v 221.325312 9.23836461 390.420359
v 208.365953 9.42562179 379.296987
v 251.154844 5.35703397 398.762888
v 232.367607 6.65081085 382.505652
v 247.78081 1.14374742 372.237924
v 220.251756 6.19117959 367.10406
v 230.757272 1.7565891 355.125044
v 213.963783 0.96500193 340.365185
v 203.458267 5.66345481 353.627667
v 241.569519 -4.116477 340.579096
v 262.887282 -4.116477 363.253662
v 189.425351 12.9579731 394.484668
v 190.652273 9.502227 366.890149
v 184.824395 6.48908874 349.135536
v 185.361173 0.68411616 320.685373
v 199.930867 0.93946686 330.953101
v 204.915236 -4.116477 314.268043
v 187.891699 -4.116477 304.000315
v 221.55536 -4.116477 328.813991
v 177.692913 1.20332925 312.556755
v 178.996517 -4.116477 293.946498
v 269.558668 0.33513687 397.0516
v 276.000006 -4.116477 388.709071
v 267.334873 1.90128783 400.046354
v 260.126708 5.72303664 413.950569
v 272.012511 3.43339203 407.105417
v 272.319242 3.30571668 406.891506
v 276.99688 0.43727715 402.827197
v 274.389672 1.73105403 405.180218
v 277.840389 4.9059144 412.667103
v 279.143993 5.18680017 414.16448
v 300.691803 -4.116477 409.672349
v 297.854547 -4.116477 407.319328
v 291.489891 -0.20961129 416.945323
v 286.045427 -0.13300608 409.030616
v 288.575953 -0.15854115 414.806213
v 289.112731 1.6714722 419.084433
v 286.198792 1.66296051 416.945323
v 286.812253 3.57809076 421.009632
v 312.117511 -4.116477 418.014878
v 284.051679 3.46743879 418.656611
v 281.904566 2.66733993 412.239281
v 279.680771 4.8207975 413.736658
v 281.751201 5.93582889 420.58181
v 278.377167 4.54842342 412.239281
v 280.52428 2.5226412 410.527993
v 282.518027 1.14374742 409.030616
v 283.898314 1.20332925 410.741904
v 284.741823 -0.12449439 407.319328
v 285.738697 -4.116477 394.484668
v 294.633878 -4.116477 399.404621
v 295.8608 -4.116477 400.901998
v 270.555542 0.31811349 244.105235
v 270.555542 -4.116477 258.651183
v 285.892062 -4.116477 264.854602
v 289.956239 0.08829786 249.666921
v 255.602435 -0.13300608 243.677413
v 255.7558 -4.116477 255.87034
v 303.222329 0.03722772 258.437272
v 301.76536 -4.116477 277.689262
v 303.299012 2.14812684 250.308654
v 270.402176 9.61287897 217.152449
v 270.555542 4.87186764 231.056664
v 292.793496 3.53553231 238.75746
v 296.16753 6.76997451 228.06191
v 300.00166 9.44264517 219.077648
v 303.222329 3.60362583 244.746968
v 255.602435 4.01218695 231.698397
v 255.602435 6.04648086 225.708889
v 243.256536 3.48446217 227.847999
v 237.888754 -0.48198537 237.687905
v 233.211116 -4.116477 246.886078
v 214.577244 -4.116477 226.564533
v 220.9419 -1.11185043 222.072402
v 230.757272 3.57809076 216.938538
v 255.219022 11.0087961 207.954276
v 241.032741 8.08928646 212.446407
v 226.002951 3.66320766 207.312543
v 216.417626 -0.34579833 210.94903
v 207.599127 -4.116477 214.585517
v 333.281909 9.81715953 202.178679
v 320.859327 10.9917728 216.938538
v 323.159805 5.76559509 229.559287
v 313.804528 7.62114351 224.425423
v 304.986029 7.11044211 230.628842
v 315.108132 4.53991173 241.538303
v 326.687205 2.45454768 241.538303
v 309.74035 4.26753765 244.533057
v 321.626153 -4.116477 280.897927
v 316.411737 -0.32877495 264.42678
v 334.662195 -4.116477 274.052775
v 326.457157 -0.30323988 260.14856
v 320.169184 2.47157106 249.880832
v 312.807654 2.27580219 253.303408
v 218.104643 10.8640974 357.264154
v 209.592875 10.1661388 357.478065
v 225.312808 6.75295113 356.836332
v 224.699347 4.20795582 357.905887
v 219.48493 1.10970066 353.841578
v 302.838916 9.57883221 359.617175
v 210.513066 -2.89079364 351.488557
v 203.074854 -1.7332038 349.563358
v 280.294232 -1.75022718 348.707714
v 187.891699 11.0854013 344.643405
v 177.692913 12.8983913 342.932117
v 284.281727 4.1398623 358.119798
v 281.367788 8.27654364 357.691976
v 265.954586 5.16977679 357.905887
v 192.262607 1.61189037 358.119798
v 276.843515 -0.85649973 358.333709
v 186.664777 4.08028047 358.54762
v 256.215895 0.98202531 358.119798
v 281.137741 11.7237781 357.905887
v 281.751201 -1.84385577 358.119798
v 284.588458 -1.79278563 358.54762
v 220.635169 7.26365253 333.520033
v 217.031087 -2.11622985 333.092211
v 286.505522 0.53090574 333.520033
v 221.24863 7.26365253 333.520033
v 265.264442 8.43826575 333.520033
v 275.539911 4.9910313 333.306122
v 177.692913 10.821539 333.733944
v 196.17342 3.62064921 335.445232
v 210.513066 9.63841404 333.733944
v 275.846641 2.4375243 334.161766
v 288.422588 5.05912482 333.092211
v 297.394452 -4.10796531 333.733944
v 208.979414 6.5231355 333.092211
v 211.203209 -0.13300608 332.450478
v 298.468008 3.39083358 332.236567
v 177.692913 12.8728562 339.509541
v 266.414681 9.65543742 338.653897
v 187.431603 0.60751095 337.15652
v 187.04819 0.7351863 335.873054
v -95.4957749 8.748629 850.161354
v -99.9124709 9.888015 900.161304
v 0.0152761 17.421237 900.161304
v 0.0152761 17.421237 800.161404
v -99.5444129 9.489783 776.784804
v -117.947313 9.401287 831.330204
v -141.134967 11.790679 886.524954
v -131.565459 9.899077 819.641904
v -154.937142 12.830507 871.265229
v -112.242414 10.175627 772.239354
v -138.74259 10.175627 813.148404
v -172.419897 16.237603 839.122404
v -174.628245 15.806185 837.174354
v -140.398851 9.345977 810.875679
v -142.975257 5.396843 808.278279
v -180.885231 9.357039 832.304229
v -99.9124709 9.888015 1000.1612
v 0.0152761 18.527437 1000.1612
v -180.333144 9.766333 976.459929
v -185.301927 9.810581 1000.1612
v -192.663087 10.109255 961.849554
v -166.714998 11.226517 900.485979
v -214.378509 11.591563 901.460004
v -239.038395 8.826063 933.278154
v -228.180684 10.087131 941.719704
v -216.402828 10.584921 899.836629
v -239.95854 7.808359 931.979454
v -250.816251 9.345977 1000.1612
v -216.586857 9.711023 1000.1612
v -295.351269 4.489759 1000.1612
v -265.354542 5.562773 972.239154
v -276.580311 0.883547 950.161254
v -244.007178 3.228691 926.784654
v -248.791932 0.573811 921.914529
v -259.649643 -4.116477 900.161304
v -290.198457 -4.116477 940.096329
v -317.986836 0.883547 1000.1612
v -336.021678 -4.116477 1000.1612
v -202.232595 15.087155 865.421079
v -208.67361 8.560575 862.174329
v -199.840218 15.883619 866.395104
v -187.326246 3.837101 826.460079
v -215.298654 3.472055 858.278229
v -193.215174 -0.289025 820.615929
v -221.187582 0.042835 855.031479
v -222.291756 4.600379 896.914554
v -145.183605 2.631343 805.680879
v -147.94404 0.042835 802.434129
v -157.14549 -4.116477 790.745829
v -208.67361 -4.116477 807.304254
v -242.718975 -4.116477 843.343179
v -229.652916 0.374695 893.667804
v 0.0152761 15.972115 700.161504
v -62.3705549 17.708849 673.862829
v -51.1447859 13.792901 725.486154
v -76.9088459 15.551759 701.460204
v -64.3948739 16.967695 672.888804
v -78.9331649 14.777419 700.486179
v -82.7977739 12.863693 730.680954
v -68.9955989 12.266345 741.719904
v -70.2838019 9.777395 670.616079
v -75.8046719 4.633565 668.343354
v -120.155661 -4.116477 743.992629
v -108.009747 -0.233715 751.784829
v -96.0478619 -0.078847 723.538104
v -108.377805 -4.116477 716.719929
v -93.6554849 0.076021 694.642029
v -106.353486 -4.116477 689.122554
v -88.6867019 3.892411 696.914754
v -83.7179189 8.715443 698.862804
v -92.1832529 3.040637 725.810829
v -88.3186439 7.111453 727.758879
v -84.8220929 12.056167 729.382254
v -375.403884 4.865867 677.434254
v -371.355246 0.551687 682.953729
v -369.146898 -4.116477 709.901754
v -344.85507 -4.116477 686.200479
v -376.692087 -4.116477 724.836804
v -348.53565 0.551687 668.018679
v -91.4471369 10.330495 762.499104
v -98.4402389 10.186689 759.901704
v -122.548038 -0.134157 764.771829
v -134.325894 -4.116477 755.356254
v -105.249312 2.199925 754.057554
v -119.787603 2.343731 766.719879
v -116.843139 5.595959 768.992604
v -102.672906 5.496401 756.005604
v -114.266733 9.345977 770.615979
v -100.280529 9.345977 757.953654
v -201.680508 10.817223 967.044354
v -13.9709279 14.611489 983.602779
v -202.416624 18.416817 1000.1612
v -88.8707309 11.082711 942.693729
v -308.601357 11.115897 942.044379
v -146.10375 15.938929 941.395029
v -167.451114 0.385757 941.070354
v -164.138592 16.160169 944.641779
v -92.9193689 0.817175 942.693729
v -39.7349879 7.011895 950.485929
v -234.989757 1.945499 940.096329
v -73.5963239 -2.468239 943.667754
v -88.5026729 11.779617 941.070354
v -376.692087 -3.474881 943.992429
v -138.74259 7.576057 950.810604
v -300.504081 9.357039 945.940479
v -100.0965 7.011895 950.485929
v -349.455795 -3.585501 951.459954
v -349.455795 4.545069 953.732679
v -161.010099 1.104787 956.330079
v -376.692087 12.498647 957.628779
v -376.692087 16.049549 944.641779
v -354.424578 9.589341 943.018404
v -133.037691 -2.401867 943.992429
v -326.636199 18.018585 941.395029
v -284.861616 7.852607 942.693729
v -109.29795 16.823889 945.615804
v -94.0235429 14.733171 942.369054
v -113.898675 16.901323 942.693729
v -8.8181159 7.011895 950.485929
v -500.009375 10.4631743 500.241939
v -550.188087 11.1153378 551.626128
v -500.009375 9.4893356 551.626128
v -449.680876 9.4893356 551.846661
v -449.98045 9.4893356 500.241939
v -500.009375 13.2657147 476.644908
v -469.977041 11.0007685 476.644908
v -449.98045 9.4893356 476.644908
v -500.009375 17.363769 451.724679
v -449.98045 13.2965602 451.724679
v -433.503858 9.4893356 526.705899
v -440.169388 9.4893356 476.644908
v -437.623006 9.4893356 551.846661
v -411.035778 9.4893356 551.846661
v -449.98045 9.4893356 565.74024
v -424.366839 9.81982385 576.76689
v -438.671516 12.3800062 452.165745
v -405.643439 10.1899707 451.724679
v -546.218726 11.4282 591.322068
v -500.009375 9.4893356 600.143388
v -532.438304 10.978736 631.90014
v -515.886818 10.2208163 615.801231
v -523.750646 10.4940199 643.588389
v -504.053629 9.64356345 639.839328
v -474.845125 9.4893356 600.143388
v -484.356612 9.42323795 628.812678
v -454.848534 9.36595332 630.356409
v -454.024704 9.4893356 600.143388
v -434.777049 9.72728714 612.713769
v -432.230667 9.74050667 600.143388
v -430.358327 9.01783903 637.633998
v -406.467268 8.54634246 605.215647
v -417.476628 8.37008206 643.808922
v -407.515779 8.8283591 600.143388
v -402.273227 8.6961638 604.774581
v -403.396631 8.36567555 600.143388
v -397.330249 8.96496091 576.76689
v -489.599164 9.3571403 659.246232
v -479.713209 9.3571403 667.626486
v -482.409379 9.34832728 651.086511
v -451.553216 9.09715621 647.778516
v -449.081727 9.3571403 666.523821
v -411.035778 10.9302644 677.329938
v -424.217052 8.343643 658.143567
v -404.295354 8.49346434 657.923034
v -396.880888 9.62593741 674.021943
v -437.623006 8.64769219 650.204379
v -433.12939 15.5703194 624.402018
v -427.212796 9.74931969 621.094023
v -502.256183 17.2624192 609.626307
v -425.565136 13.5962029 612.713769
v -502.256183 17.2624192 609.626307
v -409.912374 11.7190297 615.580698
v -501.507247 14.4863179 626.827881
v -429.834072 16.0241899 628.592145
v -441.068112 15.2838962 623.960952
v -441.068112 9.74931969 621.094023
v -441.068112 9.8418564 618.447627
v -518.4332 13.424349 626.827881
v -505.027246 8.79751353 612.934302
v -441.068112 9.8418564 618.447627
v -440.693644 11.7366557 615.580698
v -436.948964 13.8870326 612.713769
v -441.068112 13.5962029 612.713769
v -507.948096 11.5956474 633.223338
v -436.200028 16.5309386 637.854531
v -521.279157 11.5251432 636.751866
v -519.331924 11.3753219 632.341206
v -444.588111 11.4237935 629.69481
v -517.609371 14.3232771 640.941993
v -518.058733 12.750153 643.588389
v -441.367686 12.7765921 643.588389
v -441.068112 12.7765921 643.588389
v -441.068112 12.7765921 643.588389
v -513.340436 13.6182355 643.367856
v -436.125134 8.99580648 643.588389
v -437.623006 12.7765921 643.588389
v -441.367686 16.6851664 640.280394
v -519.182137 13.7107722 640.500927
v -443.240026 16.716012 638.295597
v 242.273238 14.6884014 470.644602
v 232.601639 14.8119822 457.3455
v 229.681911 15.296007 469.780401
v 254.682082 11.8872366 447.887293
v 240.630891 12.6287214 438.044997
v 280.047219 8.9007006 445.822812
v 271.835484 9.0551766 435.164325
v 280.047219 10.3218798 477.222137
v 296.105723 8.0253366 475.3497
v 292.821029 7.7472798 467.859953
v 286.434124 8.2621998 458.689813
v 284.609294 8.808015 451.536145
v 294.828342 8.0768286 448.031327
v 294.280893 8.0253366 446.350935
v 271.653001 10.4763558 465.411381
v 201.214563 16.2434598 462.818777
v 126.943982 16.9643478 457.393511
v 100.848913 15.604959 461.714519
v 149.93684 16.9540494 456.433287
v 474.391614 -4.116477 459.698049
v 332.784806 -4.116477 466.995751
v 321.288377 -0.4502466 470.308524
v 317.273751 1.290183 471.316759
v 313.076642 3.4940406 472.324994
v 309.244499 5.9450598 473.093173
v 308.332084 6.2540118 473.381241
v 310.886846 1.1769006 459.650037
v 307.054703 3.607323 460.802306
v 307.419669 -0.1618914 451.248077
v 314.536506 -0.6459162 458.737825
v 325.667969 -4.116477 455.665108
v 319.098581 -4.116477 447.935305
v 302.310145 6.799827 462.14662
v 303.405043 6.439383 461.906564
v 296.470689 6.7174398 454.512839
v 295.558274 7.263255 454.800906
v 295.740757 7.7472798 447.839282
v 300.302832 3.8853798 453.36057
v 304.134975 1.5373446 452.208301
v 300.120349 4.6989534 446.639002
v 304.864907 1.8977886 445.198666
v 304.317458 1.7742078 443.470263
v 299.5729 4.5650742 444.95861
v 302.127662 1.2180942 439.965445
v 296.835655 3.9265734 441.501804
v 295.010825 7.6854894 446.110879
v 305.412356 -0.3266658 439.053233
v 308.332084 -0.4193514 442.125949
v 309.062016 -0.3472626 443.854353
v 298.842968 1.8668934 429.787071
v 295.375791 4.2561222 431.131385
v 319.463547 -4.116477 440.829647
v 315.631404 -4.116477 436.028527
v 318.916098 -4.116477 439.149255
v 291.361165 6.799827 443.182196
v 290.631233 7.8502638 433.003821
v 292.27358 6.6556494 442.894129
v 291.178682 7.4795214 432.763765
v 288.441437 7.8399654 428.106679
v 404.865591 -1.5727722 464.979281
v 212.346026 8.9521926 464.883258
v 354.500283 5.872971 463.106844
v 176.761841 13.1642382 462.96281
v 197.747386 6.645351 464.787236
v 173.294664 15.810927 464.643202
v 398.661169 12.4536486 463.442922
v 197.017454 14.008707 462.914799
v 405.230557 -1.335909 463.3469
v 212.710992 5.9553582 463.058833
v 214.170856 9.0345798 462.818777
v 225.484802 -0.4193514 465.075303
v 226.397217 -2.674701 464.931269
v 230.046877 -1.1917314 465.027292
v 415.267122 -0.7900938 464.835247
v 414.172224 16.1507742 464.739225
v 222.382591 11.3929134 463.3469
v 220.922727 2.2479342 463.202866
v 395.193992 6.5835606 463.730989
v 405.048074 16.5421134 464.979281
v 397.748754 1.187199 463.442922
v 217.638033 16.583307 463.250877
v 198.659801 2.3303214 462.914799
v 195.740073 -1.0166586 463.298889
v 393.369162 1.6712238 463.010821
v 123.111839 14.0910942 463.202866
v 287.711505 8.4784662 463.298889
v 117.637349 14.2764654 463.875023
v 321.105894 2.783451 463.827012
v 321.47086 15.7697334 463.154855
v 287.711505 0.9606342 464.595191
v 112.527825 -0.615021 464.54718
v 287.711505 6.2128182 464.54718
v 312.529193 11.7327606 464.595191
v 324.755554 -1.8405306 464.643202
v 309.791948 3.761799 464.931269
v 287.711505 9.9305406 464.883258
v 340.449092 5.3683494 464.643202
v 358.149943 12.618423 464.643202
v 122.199424 5.8008822 463.202866
v 310.886846 7.1190774 463.058833
v 135.520683 2.8143462 463.106844
v 287.711505 2.0522646 463.106844
v 336.799432 -0.1721898 463.154855
v 355.230215 -1.3050138 463.202866
v 347.01848 15.0488454 463.058833
v 348.478344 -1.3668042 463.106844
v 347.565929 10.8779934 463.010821
v 557.815254 -1.41225318 921.015009
v 577.669003 5.62794022 973.418483
v 613.26266 0.8840342 1000.16046
v 566.668953 -4.116477 920.204646
v 600.026828 4.5686214 1000.16046
v 588.49019 6.5425074 1000.16046
v 570.425068 7.57550774 1000.16046
v 626.498493 -4.116477 1000.16046
v 533.221647 5.1278891 920.204646
v 543.148521 9.35200514 1000.16046
v 538.855819 -2.2412853 901.026055
v 516.587425 4.93708012 900.215692
v 495.123913 4.67389532 878.876133
v 532.327334 -4.116477 890.761457
v 506.57112 -4.116477 861.588389
v 543.05909 -4.116477 900.215692
v 653.864471 2.95003488 734.631519
v 632.937546 7.11493434 723.826679
v 631.596077 6.45697234 724.907163
v 652.970158 2.42366528 735.171761
v 661.108406 -4.116477 781.902694
v 675.417414 -0.27397892 769.747249
v 648.498593 -0.17528462 739.493697
v 633.384703 -4.116477 751.1089
v 651.002669 0.93009154 737.332729
v 678.189784 0.8840342 767.31616
v 670.588124 -4.116477 801.891648
v 623.54726 -0.19502348 730.309583
v 607.360195 -4.116477 741.114423
v 599.758534 -4.116477 730.849825
v 628.287119 2.67369084 726.79801
v 619.343989 7.02281966 986.384291
v 534.920842 9.28620894 1000.16046
v 507.376001 -0.43846942 982.062355
v 526.603731 4.8318062 981.792234
v 623.189535 3.121105 983.953202
v 535.010273 -2.71501794 985.573928
v 506.928845 4.28569774 978.820903
v 495.123913 6.84516992 978.01054
v 606.555313 1.6735886 967.745942
v 618.539107 2.24601554 960.182554
v 525.798849 3.24611778 960.722796
v 513.725623 6.71357752 967.745942
v 597.612183 7.74657786 971.257515
v 586.701564 4.97655784 975.30933
v 509.790646 4.90418202 970.987394
v 607.628488 6.06877476 970.717273
v 597.791045 4.32517546 961.533159
v 586.701564 -3.43219652 961.80328
v 523.920792 -3.7216998 960.992917
v 605.303275 8.37822138 960.992917
v 99.9862583 19.5054292 -199.839321
v 99.9862583 19.7515022 -149.958906
v 99.9862583 19.7515022 -99.903472
v 149.957604 19.7515022 -149.958906
v 150.043613 19.7515022 -199.839321
v 149.957604 19.7515022 -99.903472
v 200.014958 17.4654043 -199.839321
v 200.014958 16.933569 -149.958906
v 200.014958 16.7192474 -99.903472
v 174.986281 11.627123 -25.870435
v 200.014958 13.3258208 -49.848038
v 150.043613 17.528907 -49.848038
v 149.871594 14.1712007 -28.320701
v 125.186954 13.5877695 -20.794884
v 226.075745 13.3258208 -73.650622
v 99.9862583 17.4693732 -49.848038
v 99.9002491 16.437454 -35.321461
v 50.0149131 13.8338425 -49.848038
v 104.974792 19.6086211 -128.25655
v 199.154866 16.0881891 -123.706056
v 199.75693 14.4649008 -121.430809
v 70.5711119 14.8657617 -132.632025
v 97.8360283 13.1710329 -130.356778
v 102.394516 14.5998441 -132.632025
v 162.514947 18.0805869 -131.581911
v 166.47137 13.1710329 -130.356778
v 89.4071267 16.389827 -129.306664
v 203.455326 14.8697306 -132.632025
v 92.3314395 14.8697306 -132.632025
v 200.703031 14.8697306 -132.632025
v 92.3314395 19.6086211 -128.25655
v 97.7500191 15.9889661 -123.706056
v 185.82344 12.8416125 -119.155562
v 85.9667587 17.9972396 -110.404612
v 86.3107955 19.3268278 -110.75465
v 90.8692831 18.4496965 -110.929669
v 180.834906 18.1559964 -110.229593
v 88.2890071 11.9168542 -111.979783
v 88.7190531 13.611583 -114.080011
v 72.8933603 17.4852489 -109.00446
v 162.772974 18.9775628 -110.054574
v 96.5458903 16.6160554 -110.229593
v 185.135366 15.0840523 -111.104688
v 185.565412 16.9176934 -113.729973
v 181.178943 12.66698 -110.929669
v 190.639955 12.8416125 -119.155562
v 186.511513 17.1042326 -116.880315
v 94.2236419 15.9691215 -114.780087
v 183.243164 15.5325403 -114.080011
v -399.931727 20.0976129 -73.332366
v -399.931727 16.3527349 -99.825897
v -449.958407 12.9204617 -99.825897
v -449.958407 14.2219184 -48.301668
v -399.931727 21.4245884 -48.301668
v -374.918387 21.4245884 -48.301668
v -399.931727 21.4245884 -23.27097
v -374.918387 21.4245884 -23.27097
v -499.985087 9.48818844 -48.301668
v -499.985087 9.48818844 -99.825897
v -350.04401 17.0034633 -73.332366
v -350.04401 21.4245884 -48.301668
v -342.123119 20.0401957 -48.301668
v -306.826517 13.8455167 -48.301668
v -318.916298 13.2394462 -73.169829
v -354.490826 13.9029339 -99.825897
v -332.256746 12.1867973 -99.825897
v -315.859112 10.815164 -99.825897
v -297.932885 11.3957158 -73.332366
v -336.842525 13.6668854 -123.231225
v -354.490826 14.8790265 -123.231225
v -321.000743 12.6333756 -123.231225
v -337.53734 19.3639486 -23.27097
v -301.129034 13.36704 -23.27097
v -350.04401 21.4245884 -23.27097
v -399.931727 21.0035289 -173.292621
v -350.04401 16.9332867 -173.292621
v -354.490826 17.296929 -148.261923
v -399.931727 21.0035289 -148.261923
v -399.931727 18.6813217 -123.231225
v -331.145042 15.4723377 -173.292621
v -312.662963 14.0432871 -173.292621
v -334.75808 15.7594237 -148.261923
v -318.777335 14.5153842 -148.261923
v -293.347106 11.1405282 -123.231225
v -292.513328 12.8630445 -148.261923
v -449.958407 12.9204617 -148.261923
v -499.985087 9.48818844 -148.261923
v -227.75657 9.66681976 -123.231225
v -234.982646 11.0384531 -148.261923
v -215.527826 9.96666519 -159.476976
v -267.083099 10.2856497 -123.231225
v -272.502656 11.6445237 -148.261923
v -264.164876 11.4020954 -148.261923
v -260.968727 9.8326917 -123.231225
v -256.521911 11.4595127 -148.261923
v -254.298503 9.98580426 -123.231225
v -282.230066 9.5775041 -99.825897
v -251.241317 8.91401634 -99.825897
v -250.824428 8.76728347 -107.627673
v -242.625611 8.82470068 -99.825897
v -220.530494 8.83746006 -99.825897
v -222.059087 10.3430669 -173.292621
v -231.091682 10.7896452 -173.292621
v -259.579097 11.5296892 -173.292621
v -264.720728 11.3191595 -173.292621
v -260.829764 11.0958703 -189.546321
v -289.178216 12.7609694 -173.292621
v -269.306507 11.4595127 -173.292621
v -277.922213 11.3255392 -48.301668
v -262.775246 9.79441356 -73.332366
v -243.598352 9.37973371 -35.136171
v -241.791833 9.4499103 -62.117313
v -273.61436 10.9491375 -23.27097
v -243.598352 9.31593681 -23.27097
v -240.819092 8.88211789 -84.872493
v -246.933464 8.365363 -99.825897
v -218.307086 8.50571618 -73.332366
v -226.227977 8.95867417 -62.929998
v -433.838699 12.5121615 -106.327377
v -387.008168 12.5121615 -106.327377
v -387.008168 12.5121615 -106.327377
v -439.814108 12.5121615 -106.327377
v -424.528178 13.1820289 -106.327377
v -254.15954 12.6780334 -106.327377
v -387.008168 12.5121615 -106.327377
v -399.236912 21.1949196 -123.068688
v -417.718991 21.1949196 -123.068688
v -282.091103 20.4165974 -123.068688
v -288.90029 21.1183633 -123.068688
v -424.667141 21.1949196 -123.068688
v -439.814108 21.1949196 -123.068688
v -442.593368 10.4706607 -116.567208
v -299.461478 13.1692696 -118.680189
v -305.019998 9.26489929 -117.704967
v -307.799258 10.5599764 -116.567208
v -303.908294 10.196334 -114.616764
v -301.40696 15.8997769 -120.79317
v -445.511591 10.3494466 -120.143022
v -441.342701 21.1949196 -123.068688
v -442.454405 14.4260685 -121.605855
v -302.101775 21.226818 -123.068688
v -438.146552 21.0673258 -123.068688
v -436.340033 21.2204383 -123.068688
v -294.041921 17.6031541 -123.718836
v -433.699736 21.1566414 -123.068688
v -435.228329 12.2888724 -106.327377
v -442.732331 12.4228458 -106.327377
v -447.873962 15.3638829 -110.390802
v -451.348037 18.1326684 -112.503783
v -442.593368 12.646135 -108.277821
v -449.124629 12.5121615 -106.327377
v -128.313166 0.08682475 -399.749614
v -127.759563 0.248302 -373.269965
v -111.617665 -4.116477 -373.269965
v -114.123447 -4.116477 -399.897545
v -125.836521 -0.77438725 -423.270643
v -110.423048 -4.116477 -423.270643
v -135.218635 1.168233 -423.270643
v -137.462184 2.049018 -391.169616
v -136.704622 1.8630745 -373.269965
v -115.230653 -4.116477 -448.270982
v -136.151019 0.74252025 -448.270982
v -113.80294 -4.116477 -473.271321
v -135.014676 0.04767875 -473.271321
v -151.826725 3.3310495 -448.270982
v -153.837178 2.4306915 -473.271321
v -150.661245 3.712723 -423.270643
v -148.738203 3.791015 -402.264441
v -158.266002 4.887103 -388.358927
v -146.786024 3.5267795 -388.654789
v -159.606304 5.004541 -402.264441
v -162.17036 4.80391775 -423.270643
v -159.314934 4.9751815 -373.269965
v -153.13789 4.9164625 -349.453074
v -164.239087 5.90000575 -338.062387
v -149.146121 4.945822 -338.062387
v -152.118095 4.54946875 -358.624796
v -140.987761 3.64911075 -348.86135
v -128.021796 2.734073 -348.269626
v -132.74199 2.30836025 -359.364451
v -146.669476 3.947599 -358.328934
v -139.15213 3.654004 -340.725145
v -128.895906 2.7438595 -340.429283
v -137.229088 3.556139 -333.476526
v -134.694169 3.74697575 -325.488252
v -145.766229 3.30658325 -373.269965
v -110.627007 -4.116477 -340.429283
v -122.165259 -0.1529445 -340.429283
v -121.028916 -0.319315 -333.180664
v -106.547827 -4.116477 -333.180664
v -121.320286 -0.32420825 -348.269626
v -110.656144 -4.116477 -348.269626
v -119.834299 -0.319315 -326.227907
v -104.595648 -4.116477 -326.227907
v -123.330739 0.424459 -348.269626
v -124.059164 0.5125375 -340.429283
v -121.611656 -0.104012 -356.405831
v -122.83541 0.36574 -356.405831
v -123.185054 0.34127375 -333.328595
v -121.844752 0.39999275 -326.227907
v -122.25267 -0.1920905 -362.17514
v -105.673717 -4.116477 -362.17514
v -105.265799 -4.116477 -356.405831
v -126.798042 2.773219 -326.227907
v -128.517125 2.753646 -333.180664
v -125.486877 1.285671 -333.180664
v -127.468193 2.46494425 -333.180664
v -125.836521 2.5089835 -326.227907
v -123.971753 1.36885625 -326.227907
v -124.204849 1.38842925 -321.937908
v -125.807384 1.26120475 -340.429283
v -127.817837 2.45515775 -340.429283
v -126.856316 2.42579825 -348.269626
v -125.049822 1.2367385 -348.269626
v -124.088301 0.95782325 -356.405831
v -125.516014 1.8826475 -356.405831
v -126.390124 2.11263025 -356.405831
v -125.370329 1.33949675 -362.17514
v -123.971753 0.4342455 -362.17514
v -125.953069 1.49608075 -362.17514
v -134.402799 0.678908 -435.400985
v -130.644126 0.7474135 -435.400985
v -128.837632 1.0018625 -435.400985
v -156.255549 4.60818775 -431.554779
v -155.031795 2.264321 -429.631676
v -155.031795 2.37686575 -427.856504
v -154.449055 -1.61602625 -425.78547
v -126.885453 -3.48524775 -433.329951
v -128.021796 0.7474135 -435.400985
v -125.020685 1.95604625 -424.010298
v -123.855205 3.87420025 -422.82685
v -154.711288 -0.96033075 -425.045815
v -154.215959 3.8595205 -422.087195
v -155.148343 4.0748235 -422.087195
v -153.167027 4.11886275 -422.087195
v -126.273576 4.0748235 -422.087195
v -156.896563 -2.36958675 -421.939264
v -130.877222 1.00675575 -421.939264
v -134.402799 0.98718275 -421.939264
v -130.207071 0.98718275 -421.939264
v -128.021796 0.93825025 -421.939264
v -126.827179 3.9378125 -421.34754
v -157.304481 4.69626625 -421.34754
v -158.09118 0.93825025 -421.939264
v -128.866769 4.58861475 -421.34754
v -129.857427 4.5445755 -421.34754
v -130.7024 4.56904175 -421.34754
v 318.984523 0.7134222 -45.0644928
v 312.80511 2.0637166 -50.4460029
v 297.54143 2.2566158 -26.2682039
v 306.678512 -4.116477 -16.5970843
v 329.441992 -4.116477 -37.7331602
v 287.189592 5.5359022 -37.109217
v 305.675017 5.1797806 -57.387371
v 304.565892 5.4468718 -58.1673
v 286.714253 5.6620286 -37.5771744
v 286.238913 9.4532398 -72.3620078
v 300.235021 11.0706254 -93.1861121
v 325.163937 8.607451 -85.2308363
v 331.079273 8.9635726 -95.9158636
v 314.864914 5.6249326 -74.7017948
v 323.685103 2.0859742 -64.5627178
v 316.026855 5.3578414 -73.9218658
v 329.653254 0.7653566 -59.727158
v 335.251697 1.8337214 -79.7713333
v 330.709564 4.6826942 -82.4230919
v 326.431509 8.1029454 -84.6068931
v 389.281954 -4.116477 -49.8220597
v 387.32778 -4.116477 -24.8643317
v 394.352242 -4.116477 -73.2979226
v 346.659845 -0.1620434 -89.9884032
v 362.134787 -4.116477 -83.7489712
v 363.349543 -4.116477 -89.8324174
v 348.138679 -0.1694626 -94.9799488
v 340.216354 -4.116477 -58.7132503
v 353.842753 -4.116477 -68.7743344
v 339.371306 -0.258493 -77.1975676
v 343.596546 1.781787 -96.383821
v 337.417133 4.823659 -93.7320624
v 342.38179 1.893075 -91.7822399
v 332.505291 8.4516478 -95.4479062
v 367.152259 8.0064958 -17.4550062
v 390.760788 0.4685886 -70.9581356
v 364.775562 7.865531 -87.4146375
v 353.050521 0.3647198 -52.3958254
v 306.942589 0.335043 -35.2373874
v 376.025263 0.2311742 -51.0699461
v 290.939493 7.976819 -19.4828216
v 317.03035 0.3053662 -53.0977615
v 301.608224 0.5279422 -81.2531984
v 346.871107 8.2068142 -41.788791
v 369.740219 0.8766446 -93.0301263
v 329.917332 8.4887438 -74.4678161
v 330.76238 0.8098718 -70.9581356
v 311.009383 0.8766446 -52.2398396
v 335.991114 0.8989022 -88.2725594
v 295.481626 0.9063214 -62.7688811
v 313.227634 0.854387 -70.9581356
v 367.997307 0.7134222 -70.9581356
v 327.540634 8.2587486 -54.267655
v 371.641577 8.2290718 -34.2234797
v 386.641179 8.2439102 -96.3058281
v 304.671523 0.6392302 -75.4817238
v 317.400058 8.2142334 -26.6581684
v 538.439864 8.44793673 -299.777717
v 533.917141 8.07970227 -290.184923
v 558.680903 8.56856526 -325.010936
v 518.347111 7.92098052 -324.802397
v 520.867973 7.90193391 -299.986256
v 566.02106 8.60665848 -350.244155
v 534.065427 7.76225877 -269.748101
v 561.350051 8.44793673 -374.851757
v 541.702156 8.03526018 -399.876437
v 524.056122 7.5019551 -399.876437
v 527.540843 7.59718815 -374.851757
v 523.833693 7.66702572 -349.827077
v 528.652988 7.92732939 -423.858422
v 567.355634 8.87965989 -449.925797
v 536.808718 8.29556385 -449.925797
v 517.309109 7.57179267 -424.484039
v 496.845641 5.54015427 -274.961576
v 513.676102 6.85437036 -269.122484
v 510.784525 7.2480003 -279.132356
v 500.03379 6.53057799 -283.720214
v 497.364642 7.12737177 -324.802397
v 492.916062 6.90516132 -299.986256
v 482.9809 5.7877602 -349.827077
v 473.119881 5.34968817 -324.802397
v 505.149657 7.07023194 -349.827077
v 507.151518 6.92420793 -374.851757
v 508.634378 7.65432798 -449.925797
v 494.621351 6.73374183 -424.901117
v 489.283055 6.61946217 -449.925797
v 504.259941 6.78453279 -399.876437
v 481.201468 5.96552856 -424.901117
v 486.020763 5.94648195 -399.876437
v 486.836336 6.02266839 -374.851757
v 469.486874 5.01319806 -349.827077
v 466.298725 4.30847349 -374.851757
v 463.258862 4.00372773 -353.37224
v 468.448872 4.06721643 -399.876437
v 465.92801 3.83230824 -424.901117
v 445.9094 0.11187042 -399.876437
v 445.242113 -0.09129342 -374.851757
v 445.316256 0.42296505 -424.901117
v 447.39226 0.20710347 -349.827077
v 460.589714 3.54660909 -349.827077
v 425.594218 -4.116477 -424.901117
v 439.458959 0.24519669 -449.925797
v 421.664639 -4.116477 -449.925797
v 427.966794 -4.116477 -399.876437
v 428.85651 -4.116477 -374.851757
v 428.189223 -4.116477 -349.827077
v 444.129968 2.49269667 -474.116321
v 432.786089 -0.32620161 -472.030931
v 458.291281 3.55930683 -449.925797
v 415.584913 -4.116477 -469.737002
v 473.935454 5.47666557 -450.342875
v 441.238391 -0.37699257 -299.777717
v 458.291281 2.32762605 -288.933689
v 456.956707 2.63237181 -299.777717
v 454.435845 2.34667266 -312.707135
v 453.990987 2.3593704 -324.802397
v 444.500683 0.24519669 -324.802397
v 455.992848 2.70855825 -337.314737
v 427.521936 -4.116477 -324.802397
v 426.928792 -4.116477 -299.777717
v 471.562878 5.19731529 -299.777717
v 451.989126 1.50227295 -260.780924
v 472.081879 3.64819101 -274.961576
v 457.623994 1.88955402 -274.961576
v 439.97796 -0.86585556 -274.753037
v 424.333787 -4.116477 -274.753037
v 446.354258 6.45439155 -399.459359
v 446.724973 -2.59909707 -404.672834
v 445.761114 1.06420092 -394.037345
v 518.421254 1.03880544 -394.037345
v 519.533399 1.0261077 -394.037345
v 446.428401 4.27038027 -410.094848
v 447.021545 4.27038027 -410.094848
v 447.095688 -3.30382164 -415.308323
v 520.274829 -2.18007165 -418.227869
v 521.164545 1.99113594 -420.730337
v 522.27669 2.0419269 -420.730337
v 512.415671 0.98801448 -394.037345
v 439.755531 1.06420092 -394.037345
v 443.240252 3.48946926 -418.227869
v 441.386677 -0.82141347 -418.01933
v 499.218217 0.46105827 -418.853486
v 491.507345 1.2800625 -418.644947
v 430.932514 -0.82141347 -419.062025
v 510.636239 7.48925736 -419.270564
v 437.901956 -0.64999398 -418.01933
v 438.569243 1.61020374 -420.730337
v 512.341528 1.56576165 -420.313259
v 510.191381 8.16858645 -419.270564
v 432.415374 -3.02447136 -419.062025
v 510.043095 0.91817691 -394.037345
v 429.004796 1.07054979 -394.037345
v 423.295785 1.16578284 -394.037345
v 491.507345 1.05785205 -394.037345
v 512.198628 7.69691136 -199.792188
v 530.191763 8.58356744 -199.792188
v 530.774537 7.53392311 -224.735686
v 506.370892 6.15178275 -224.834277
v 537.913513 8.96170018 -199.890779
v 543.886943 8.27063 -224.735686
v 522.324319 9.02037595 -178.595144
v 555.688108 9.22248138 -171.398009
v 520.503152 9.00733689 -171.4966
v 521.668699 9.06601266 -163.017782
v 509.139067 8.43361825 -182.933144
v 506.079505 8.54445026 -172.482509
v 547.820664 9.22900091 -149.806602
v 520.867385 9.16380561 -139.947512
v 528.443442 9.16380561 -149.806602
v 511.688701 8.9877783 -149.806602
v 507.390746 8.89650488 -148.426329
v 506.443739 8.68136039 -161.144555
v 490.636005 8.21195423 -144.975648
v 492.457172 8.31626671 -134.32783
v 500.251769 8.74003616 -137.679921
v 502.801404 8.76611428 -146.947466
v 478.252066 7.12971225 -143.201011
v 483.861262 7.8142629 -136.201057
v 485.099656 7.27314191 -163.9051
v 486.55659 7.44916922 -158.482601
v 497.774981 8.44013778 -158.679783
v 498.794835 8.39450107 -164.102282
v 488.304911 7.76862619 -154.538965
v 497.483595 8.45317684 -153.750238
v 502.65571 8.45969637 -162.623419
v 500.033229 8.12720034 -174.947281
v 490.271771 7.69039183 -171.693781
v 483.424182 6.34084912 -179.482463
v 479.27192 6.37344677 -170.707872
v 493.695566 7.50132546 -180.468372
v 502.145783 7.61215747 -186.975371
v 495.006807 6.92108729 -188.257053
v 484.953962 5.74105236 -188.454234
v 503.092791 8.26411047 -173.567009
v 497.702135 5.49331022 -222.073731
v 499.741842 6.79721622 -199.693597
v 488.741991 4.72400568 -218.130095
v 487.576443 5.31076338 -199.792188
v 485.026809 4.10465033 -234.200412
v 431.193098 0.37547917 -174.84869
v 435.78244 -0.19171994 -199.792188
v 416.113831 -4.116477 -199.792188
v 411.378795 -4.116477 -174.84869
v 450.060393 1.57507269 -185.200735
v 446.636598 0.79924862 -199.792188
v 446.563751 1.21649854 -156.707965
v 451.954407 2.0118812 -169.130418
v 426.749449 0.33636199 -149.806602
v 446.782291 2.03143979 -149.215056
v 438.186381 -0.76543858 -221.482186
v 418.954852 -4.116477 -224.834277
v 451.66302 1.60115081 -222.172322
v 452.974261 1.47076021 -235.186321
v 447.729299 1.07958841 -211.524505
v 406.570913 -4.116477 -149.806602
v 451.590174 2.86593963 -148.031965
v 462.225792 1.72502188 -234.791957
v 468.199221 2.16834992 -222.270913
v 463.172799 1.87497107 -222.073731
v 459.894698 1.5555141 -199.595006
v 467.106521 1.95320543 -199.397824
v 471.477323 2.68339279 -207.186505
v 469.656155 3.78519336 -185.595098
v 475.338198 3.25711143 -199.299233
v 464.848273 2.62471702 -186.088053
v 461.133091 2.16183039 -191.017598
v 473.589877 4.90655252 -173.074054
v 479.636153 6.99932165 -150.989692
v 469.073382 5.5324274 -148.327738
v 470.166082 6.13874369 -136.595421
v 474.245497 5.82580625 -157.102328
v 467.033674 4.65881038 -158.876964
v 507.609286 1.17738136 -197.327415
v 430.318937 1.20345948 -197.327415
v 508.701986 1.1643423 -197.327415
v 437.530761 8.98125877 -194.862643
v 437.676454 3.43965827 -192.29928
v 436.21952 1.20345948 -197.327415
v 512.052935 6.68638421 -191.313371
v 512.125781 3.90906443 -191.510552
v 437.166527 -3.99260593 -191.411961
v 511.907241 -3.28849669 -190.919007
v 437.676454 8.68136039 -190.919007
v 512.417168 0.88400251 -190.524643
v 512.344321 4.2937167 -190.820416
v 437.822147 8.36842295 -191.313371
v 435.709593 2.0770765 -191.21478
v 508.483446 8.38146201 -191.21478
v 501.708703 1.12522512 -197.327415
v 414.14697 1.30777196 -197.327415
v 481.165934 1.19693995 -197.327415
v 419.756166 1.20997901 -197.327415
v 490.636005 1.15130324 -191.017598
v 481.165934 0.65581896 -191.017598
v 498.357755 -0.0091731 -191.017598
v 428.352076 0.59062366 -191.017598
v 499.377609 1.05351029 -197.327415
v 431.848718 -2.98859831 -191.017598
v -272.926893 6.536928 -899.794685
v -257.097125 4.664358 -899.794685
v -264.44934 4.841493 -924.669171
v -275.552684 9.118038 -923.302441
v -281.629515 11.446098 -904.441567
v -267.750334 6.106743 -877.380313
v -254.771424 4.512528 -876.013583
v -284.855487 7.7642205 -884.213963
v -286.505984 7.9666605 -861.252899
v -266.549972 6.4483605 -849.772367
v -286.205894 8.257668 -849.772367
v -289.882001 12.483603 -889.680883
v -288.006436 17.949483 -907.175027
v -294.383357 18.708633 -893.781073
v -288.306526 17.544603 -922.209057
v -293.783176 18.177228 -921.115673
v -288.831685 18.658023 -907.448373
v -298.359555 19.746138 -896.787879
v -295.208606 19.5057405 -894.601111
v -301.735572 19.7587905 -910.455179
v -308.637651 20.5179405 -904.168221
v -288.156481 17.1270705 -927.949323
v -305.936837 17.7850005 -884.213963
v -303.98625 13.217448 -878.747043
v -306.386973 18.5947605 -885.307347
v -301.735572 9.4343505 -871.913393
v -307.362267 9.1306905 -849.772367
v -236.165819 0.564948 -849.772367
v -230.464102 0.210678 -874.920199
v -257.172147 5.372898 -849.772367
v -218.310441 -4.116477 -849.772367
v -211.93352 -4.116477 -874.920199
v -216.584921 -1.914942 -899.794685
v -247.044096 3.323193 -899.794685
v -206.306825 -4.116477 -899.794685
v -228.138401 -0.118287 -924.942517
v -245.768712 2.7791355 -925.215863
v -210.132977 -3.4458945 -924.942517
v -219.960938 -1.636587 -924.942517
v -206.606915 -4.116477 -924.942517
v -288.381549 5.4614655 -999.839321
v -277.278204 8.687853 -949.817003
v -267.525266 4.5757905 -952.277117
v -258.222464 2.7791355 -973.598105
v -249.969978 0.666168 -999.839321
v -300.010052 18.6453705 -949.817003
v -287.781368 15.5834655 -949.817003
v -276.377933 8.915598 -935.876357
v -264.224272 4.5251805 -938.883163
v -238.716588 1.475928 -953.370501
v -247.644277 2.1718155 -960.204151
v -223.261932 -1.257012 -949.817003
v -206.831983 -4.116477 -949.817003
v -233.765096 -1.155792 -999.839321
v -207.432164 -4.116477 -999.839321
v -317.040182 20.1636705 -894.327765
v -326.117917 20.808948 -896.787879
v -326.718098 18.8731155 -887.767461
v -308.637651 18.9237255 -887.220769
v -325.292668 21.7831905 -915.648753
v -328.668685 11.952198 -871.093355
v -329.944069 9.4596555 -863.713013
v -330.319182 9.472308 -841.845333
v -307.362267 9.219258 -841.298641
v -327.393301 16.7221905 -877.380313
v -327.543346 16.9246305 -878.473697
v -359.878087 12.281163 -857.426055
v -350.050126 12.1925955 -858.519439
v -350.275194 17.215638 -867.539857
v -350.650307 17.696433 -868.359895
v -350.050126 9.4849605 -849.499021
v -351.775646 18.0886605 -871.913393
v -337.971488 18.2151855 -883.940617
v -356.277002 19.341258 -882.573887
v -358.902793 18.278448 -871.640047
v -330.094115 9.1813005 -735.787085
v -313.439097 8.9535555 -749.727731
v -314.414391 8.8776405 -720.753055
v -281.329425 7.6630005 -720.206363
v -291.382453 8.308278 -749.727731
v -329.568956 9.320478 -774.875563
v -310.513216 9.1813005 -797.289935
v -294.45838 8.915598 -808.497121
v -331.294476 9.421698 -812.597311
v -304.061272 9.168648 -774.875563
v -287.25621 8.5486755 -774.875563
v -325.367691 9.3837405 -827.631341
v -285.755758 8.5486755 -836.651759
v -272.476758 7.878093 -819.157615
v -267.150153 6.865893 -799.750049
v -254.096221 4.664358 -824.624535
v -232.789802 -1.181097 -824.897881
v -222.661751 -4.116477 -824.897881
v -251.095317 3.2852355 -799.750049
v -231.139305 -1.8769845 -799.750049
v -231.214328 -1.3455795 -774.602217
v -251.995588 3.9937755 -774.875563
v -224.162203 -4.116477 -799.750049
v -222.811797 -4.116477 -774.875563
v -266.925085 6.967113 -774.875563
v -262.423729 6.6001905 -749.727731
v -253.345995 5.1071955 -749.727731
v -246.518938 4.360698 -724.853245
v -225.962746 0.6535155 -724.853245
v -233.540028 0.742083 -749.727731
v -210.658135 -4.116477 -724.853245
v -218.460486 -4.116477 -749.727731
v -231.739486 -3.1422345 -980.978447
v -308.637651 3.095448 -981.525139
v -320.791312 6.638148 -980.431755
v -230.539124 5.499423 -981.251793
v -250.570159 20.9228205 -979.611717
v -327.393301 -2.0035095 -978.518333
v -327.393301 4.107648 -977.151603
v -305.411679 5.246373 -982.618523
v -230.614147 11.5599705 -981.798485
v -221.236322 16.810758 -985.898675
v -225.362565 16.836063 -984.258599
v -327.393301 10.383288 -964.851033
v -327.393301 -2.016162 -961.570881
v -250.570159 19.4045205 -959.384113
v -250.570159 20.0371455 -962.117573
v -250.570159 0.0208905 -959.657459
v -250.570159 17.5825605 -955.830615
v -252.595769 -0.3586845 -957.744037
v -331.96968 2.057943 -958.564075
v -327.393301 21.163218 -971.958029
v -327.393301 15.773253 -968.404531
v -250.570159 13.6096755 -976.331565
v -327.393301 13.597023 -973.871451
v -327.393301 21.163218 -971.958029
v -263.02391 -0.244812 -957.744037
v -352.976008 3.2093205 -957.744037
v -283.054944 -0.4092945 -957.744037
v 450.587616 7.46048444 -574.855972
v 486.725846 8.59602372 -599.863455
v 437.009669 7.39124424 -605.554813
v 470.501939 8.42984724 -624.870938
v 492.435547 8.84528844 -622.542655
v 410.201926 7.79976142 -605.554813
v 412.290841 7.77206534 -586.497386
v 417.443498 7.75129328 -574.855972
v 424.545809 7.7928374 -562.438463
v 431.64812 7.84130554 -549.934721
v 405.884835 6.24185692 -566.060236
v 406.163357 7.39124424 -557.264501
v 407.764859 7.49510454 -553.211564
v 406.51151 7.2042957 -553.211564
v 397.738067 9.53076642 -576.753091
v 396.693609 9.30227376 -576.753091
v 397.738067 3.70074158 -566.146469
v 404.770747 5.98566818 -566.060236
v 388.755732 5.66023924 -576.839324
v 391.401691 1.53352332 -566.146469
v 398.434372 3.90846218 -557.264501
v 404.910008 7.11428344 -557.264501
v 399.826982 3.94308228 -553.297797
v 392.65504 9.82157526 -586.583619
v 385.483099 5.91642798 -586.411154
v 393.629867 10.0569919 -586.497386
v 394.535064 8.91452864 -594.085864
v 388.47721 5.18940588 -594.258329
v 395.44026 9.15686934 -594.085864
v 392.515779 8.99069286 -605.554813
v 402.124788 0.12794726 -543.467269
v 393.97802 1.4573591 -553.470262
v 388.616471 -0.1697856 -553.556495
v 383.603075 -4.116477 -543.553502
v 392.515779 1.40889096 -557.350734
v 384.647533 -0.25287384 -566.146469
v 387.293492 -0.28749394 -557.350734
v 372.671087 -0.2390258 -586.411154
v 356.029397 -4.116477 -586.497386
v 359.789444 -4.116477 -576.753091
v 376.361503 -0.21825374 -576.839324
v 359.719814 -4.116477 -594.258329
v 376.222242 -0.24594982 -594.344562
v 382.001574 2.37132974 -576.839324
v 378.589679 2.44749396 -586.411154
v 382.001574 2.05282482 -594.344562
v 368.841409 -4.116477 -566.060236
v 372.044412 -4.116477 -553.642728
v 370.512541 -4.116477 -557.178268
v 388.616471 6.29724908 -624.870938
v 382.83714 3.40300872 -622.973818
v 385.552729 4.98168528 -605.641046
v 391.680213 8.74835216 -605.554813
v 389.660929 6.5118937 -624.95717
v 377.057808 1.20117036 -621.335397
v 379.007462 1.92126844 -605.641046
v 382.976401 7.46048444 -631.683321
v 377.475591 4.00539846 -629.527504
v 372.322934 1.43658704 -627.544151
v 359.789444 -4.116477 -616.420133
v 356.725702 -4.116477 -605.554813
v 373.1585 -0.25287384 -605.641046
v 372.183673 -0.23210178 -619.955674
v 367.936213 -0.24594982 -625.90573
v 349.901913 -4.116477 -624.870938
v 375.87409 8.24982272 -611.8498
v 449.821681 8.32598694 -611.8498
v 379.425245 8.49908744 -611.8498
v 450.448355 0.3148958 -614.005618
v 450.517986 -3.48639118 -616.161435
v 379.425245 4.40699162 -614.781712
v 378.171896 8.11826634 -616.247668
v 377.33633 6.11722456 -616.247668
v 446.549047 6.04798436 -616.247668
v 373.785175 5.96489612 -615.212875
v 445.434959 8.2775188 -611.332404
v 444.320871 -1.89386658 -611.504869
v 373.506653 2.44749396 -611.332404
v 443.624566 -1.92156266 -611.504869
v 367.448799 -1.91463864 -611.504869
v 438.680801 2.4267219 -611.332404
v 444.11198 2.36440572 -611.332404
v 349.901913 1.65123166 -611.332404
v 431.021446 2.08744492 -611.332404
v 362.922817 -1.91463864 -611.504869
v 362.922817 2.30901356 -611.332404
v 447.454244 5.9579721 -615.471573
v 378.241527 5.72947944 -615.644039
v 369.955497 3.72151364 -615.557806
v 450.100203 2.41287386 -615.644039
v 434.502971 1.70662382 -615.471573
v 375.87409 6.08952848 -616.247668
v 376.640025 5.89565592 -616.247668
v 358.466465 -2.039271 -615.385341
v 429.768097 -3.81182012 -616.075202
v 349.901913 -0.70293514 -615.98897
v 532.173236 9.32510688 235.750919
v 512.861185 8.8915074 225.363239
v 537.749978 9.40902936 200.188391
v 513.584096 9.3810552 193.833575
v 499.229149 9.30412626 181.734983
v 486.836389 8.49287562 181.490567
v 484.564383 8.16417924 197.866439
v 496.85387 8.56281102 213.386855
v 482.189104 7.81450224 216.319847
v 484.357837 7.42985754 235.873127
v 501.088063 8.32503066 233.184551
v 546.734729 9.42301644 175.135751
v 548.800189 9.40902936 150.205319
v 527.112859 9.30412626 150.205319
v 525.047399 9.11530068 175.135751
v 513.687369 9.19922316 170.491847
v 518.851019 9.6607968 150.205319
v 500.365152 9.75171282 159.126503
v 496.647324 9.6957645 160.959623
v 487.662573 9.2761521 157.293383
v 502.01752 9.96851256 150.205319
v 496.130959 9.89158362 150.205319
v 518.954292 9.39504228 125.152679
v 499.848787 10.1992994 125.152679
v 530.107776 9.19222962 125.152679
v 494.685137 10.1853123 125.152679
v 485.906932 9.64680972 125.641511
v 486.629843 9.3111198 149.838695
v 552.414744 9.44399706 125.152679
v 463.083599 6.94730328 191.267207
v 461.534504 6.59762628 211.431527
v 467.007973 5.85631104 234.651047
v 441.499542 4.21282914 217.908551
v 447.179557 3.77223612 239.661575
v 434.993343 4.26178392 196.155527
v 451.826842 6.41579424 172.202759
v 434.063886 4.67440278 173.424839
v 468.040703 7.11514824 171.713927
v 465.768697 7.52077356 125.641511
v 452.239934 6.01716246 125.397095
v 458.746133 6.62560044 150.449735
v 476.715635 8.27607588 150.694151
v 442.532272 5.79336918 150.327527
v 432.82461 4.56250614 150.205319
v 386.868125 -4.116477 200.188391
v 406.489995 0.16356948 200.188391
v 403.081986 0.05167284 174.769127
v 377.676828 -4.116477 175.135751
v 369.105169 -4.116477 194.689031
v 356.299317 -0.05323026 192.367079
v 352.478216 -0.05323026 202.388135
v 353.201127 -4.116477 222.919079
v 410.001277 -0.17911398 225.118823
v 393.374324 -4.116477 225.118823
v 396.575787 -4.116477 250.171463
v 409.381639 -1.2491256 250.171463
v 418.779482 2.68124388 173.913671
v 420.741669 2.4574506 198.477479
v 419.605666 1.3734519 225.363239
v 430.139512 2.68124388 225.729863
v 419.192574 0.7440333 250.171463
v 417.540206 2.82810822 150.205319
v 431.998426 3.38059788 125.152679
v 416.507476 2.78614698 125.152679
v 400.603434 -0.01126902 125.152679
v 400.706707 -0.01126902 150.205319
v 375.611368 -4.116477 150.205319
v 380.878291 -4.116477 125.152679
v 349.793118 2.59032786 191.389415
v 345.455652 3.07288212 199.577351
v 344.526195 5.24787306 190.533959
v 342.460735 4.7303511 198.355271
v 351.961851 -0.05323026 180.268487
v 345.765471 2.35954104 180.268487
v 350.412756 -0.05323026 174.646919
v 352.788035 -0.05323026 161.570663
v 346.385109 3.00994026 163.159367
v 344.422922 2.28960564 175.135751
v 364.561157 -4.116477 173.424839
v 368.485531 -4.116477 160.715207
v 365.903706 -4.116477 180.268487
v 341.014913 6.28991052 164.992487
v 345.04256 3.07288212 159.370919
v 355.782952 -4.116477 142.995047
v 351.135667 -0.05323026 156.315719
v 364.870976 -4.116477 148.983239
v 347.727658 -4.116477 237.095207
v 348.14075 -0.0951915 209.598407
v 384.079754 8.2970565 203.488007
v 491.483674 -0.73160364 203.365799
v 491.483674 -0.73160364 203.365799
v 385.628849 5.23388598 200.188391
v 483.944745 4.7653188 203.243591
v 385.628849 8.21313402 198.599687
v 385.525576 -3.13038786 197.133191
v 491.380401 0.03069222 195.544487
v 491.483674 3.61837824 193.955783
v 385.732122 3.4715139 193.955783
v 385.732122 2.83510176 193.955783
v 385.732122 3.19876584 193.955783
v 384.183027 4.84924128 193.955783
v 492.72295 3.10784982 193.955783
v 494.581864 2.877063 193.955783
v 366.523344 -0.69663594 203.365799
v 369.311715 0.96083304 203.976839
v 467.317792 -0.25604292 203.365799
v 379.019377 5.49264696 193.955783
v 380.465199 1.31051004 193.466951
v 488.695303 -3.57797442 193.589159
v 475.786178 3.54844284 193.955783
v 446.766465 4.9401573 204.099047
v 348.14075 4.26877746 204.099047
v 351.961851 4.35969348 204.099047
v 356.40259 4.46459658 204.099047
v 364.354611 5.23388598 204.099047
v 363.6317 5.19891828 204.099047
v 359.707326 4.65342216 204.099047
v 364.457884 3.11484336 193.955783
v 460.295228 2.83510176 193.955783
v 446.766465 2.82810822 193.955783
v 477.851638 2.54137308 198.966311
v 489.211668 2.54137308 198.966311
v 384.802665 -0.29800416 199.577351
v 383.150297 4.625448 199.943975
v 385.215757 7.18508364 200.310599
v 473.204353 1.2685488 200.555015
v 372.203359 -2.91358812 198.721895
v 480.846555 9.25517148 197.744231
v 493.549134 3.48550098 198.110855
v 383.150297 -0.0951915 198.721895
v 493.652407 -3.36117468 197.988647
v 446.766465 -0.61271346 196.155527
v 457.816676 0.06565992 196.522151
v 353.201127 -2.20024704 197.133191
v 365.077522 9.7307322 197.255399
v 477.232 6.19200096 197.377607
v 460.501774 7.19907072 203.121383
v 341.014913 9.84262884 203.610215
v 354.130584 -0.2350623 202.265927
v 353.614219 -0.1301592 201.532679
v 365.903706 2.24065086 201.288263
v -146.871704 -4.116477 226.674031
v -164.537518 -0.10889076 226.674031
v -160.21244 -0.08895252 238.742263
v -152.232365 0.13036812 251.520391
v -168.436181 3.04799724 251.757023
v -171.482011 2.73563148 238.978895
v -134.201051 -4.116477 251.757023
v -167.583348 2.7622158 284.648871
v -179.523002 3.90534156 300.266583
v -170.324595 3.35371692 269.504423
v -197.127899 6.26469996 283.938975
v -185.005496 5.83935084 264.298519
v -205.838973 7.69360716 270.924215
v -212.296132 7.96609644 284.885503
v -182.934331 5.2877262 251.757023
v -199.503647 6.86284716 251.757023
v -183.84808 4.5898878 283.938975
v -194.934902 5.91245772 300.266583
v -187.563993 4.90889964 300.266583
v -183.665331 3.81229644 226.674031
v -198.468064 6.12513228 226.437399
v -197.615232 6.55712748 238.742263
v -181.776916 5.01523692 239.215527
v -206.021723 7.03564524 243.474903
v -210.651384 7.32807276 251.757023
v -209.798552 7.07552172 234.956151
v -210.773218 7.00241484 226.674031
v -215.707462 8.012619 300.266583
v -173.857758 2.19065292 226.674031
v -207.483721 7.16192076 185.736695
v -215.890212 7.76006796 200.407879
v -193.290153 5.40070956 200.171247
v -191.158072 5.3209566 194.255447
v -205.89989 6.67675692 212.476111
v -192.741904 5.40070956 211.292951
v -183.787164 3.38694732 200.171247
v -170.751011 0.15695244 200.171247
v -183.665331 3.9917406 191.889127
v -150.283034 -4.116477 200.171247
v -162.100854 -1.61090484 176.744679
v -153.328864 -4.116477 176.744679
v -240.074102 8.8766094 282.282551
v -231.484862 8.29840044 266.901471
v -245.617513 8.68387308 258.146087
v -239.464936 8.4113838 255.543135
v -231.972194 8.13224844 254.833239
v -250.003508 8.71710348 251.757023
v -250.003508 8.81679468 256.726295
v -250.003508 9.21555948 276.840015
v -250.003508 9.48804876 300.266583
v -245.069263 9.28202028 300.266583
v -223.931203 8.26517004 278.969703
v -219.362458 7.85311308 265.954943
v -215.281046 7.64043852 264.298519
v -229.170031 7.98603468 251.757023
v -232.094028 8.08572588 251.757023
v -232.337694 8.02591116 245.604591
v -250.003508 8.55759756 238.978895
v -253.963087 8.60412012 236.375943
v -232.76411 7.8132366 226.674031
v -250.003508 8.40473772 226.674031
v -250.003508 9.43488012 200.171247
v -250.003508 8.82344076 216.025591
v -231.789445 8.61741228 191.415863
v -232.58136 8.68387308 200.171247
v -232.642277 8.37150732 209.636527
v -242.998099 8.69716524 212.002847
v -217.108544 7.54074732 215.079063
v -216.255712 6.72992556 351.615727
v -225.819618 7.43441004 376.698719
v -207.179138 5.6200302 376.698719
v -201.513894 5.06175948 351.615727
v -190.427073 3.97844844 376.698719
v -188.173159 3.60626796 351.615727
v -244.521014 8.5775358 351.615727
v -251.22184 8.48449068 376.698719
v -212.783465 5.36083308 400.125287
v -237.881104 8.0458494 400.125287
v -195.178568 3.73254348 400.125287
v -200.295562 3.54645324 418.819215
v -239.647686 8.55759756 326.769367
v -212.539799 6.97583052 326.769367
v -199.747313 5.52698508 326.769367
v -187.807659 4.13795436 326.769367
v -250.003508 8.83008684 326.769367
v -172.21301 1.73871948 376.698719
v -160.699772 0.14366028 377.171983
v -160.395189 -0.08895252 351.852359
v -173.492258 1.93810188 351.615727
v -178.182837 2.70240108 341.440551
v -179.096586 1.97797836 400.125287
v -164.537518 0.09049164 400.361919
v -137.551464 -4.116477 376.698719
v -134.627468 -4.116477 351.615727
v -142.668459 -4.116477 400.125287
v -188.843242 2.695755 412.430151
v -155.339112 0.09049164 326.769367
v -176.355339 2.62264812 326.769367
v -187.746743 4.84243884 303.342799
v -129.266807 -4.116477 326.769367
v -183.299831 7.4144718 331.265375
v -191.584489 7.18850508 331.265375
v -183.482581 3.77906604 334.104959
v -172.091177 4.63641036 319.197143
v -232.94686 5.09498988 319.197143
v -178.974752 4.91554572 319.197143
v -244.460097 -0.5940546 317.777351
v -253.963087 -0.58076244 317.777351
v -238.307521 -0.03578388 317.777351
v -237.881104 -0.08895252 317.777351
v -166.608682 -3.5847906 328.425791
v -165.5731 7.18850508 331.265375
v -227.525283 7.0489374 334.104959
v -229.048198 -0.75356052 325.349575
v -166.547766 -3.09962676 327.479263
v -226.794283 4.84243884 319.197143
v -161.430771 5.16809676 319.197143
v -225.697785 4.69622508 322.036727
v -163.928352 -0.48771732 317.777351
v -228.134449 -4.10983092 323.693151
v -227.03795 9.1424526 323.219887
v -167.766098 4.66299468 318.487247
v -169.715429 6.76980204 318.013983
v -172.273926 1.75865772 317.777351
v -229.109114 -1.30518516 340.494023
v -166.425933 9.4747566 343.333607
v -166.730516 9.32189676 346.173191
v -234.469775 4.56994956 349.486039
v -230.510196 4.33069068 349.486039
v -175.137007 4.27087596 349.486039
v -240.500518 4.28416812 349.486039
v -228.682698 3.95186412 349.486039
v -166.12135 1.51939884 337.417807
v -228.317198 -2.57458644 338.837599
v -183.360748 4.21770732 349.486039
v -191.584489 6.02544108 349.486039
v -191.584489 7.0489374 334.104959
v 246.612497 0.77315964 16.732379
v 254.480721 -4.116477 32.326979
v 279.911945 -4.116477 19.884479
v 252.724421 -4.116477 76.290479
v 254.129461 0.22986668 94.373579
v 270.076665 0.13619548 89.064779
v 270.146917 -4.116477 69.488579
v 210.221961 0.34227212 29.340779
v 213.523805 -4.116477 45.433079
v 212.189017 -4.116477 102.336779
v 222.445809 -0.4633002 109.470479
v 238.884777 0.0050558 97.525679
v 233.756381 -4.116477 81.599279
v 270.568429 3.21797796 104.659379
v 254.972485 3.03063556 107.147879
v 241.062589 3.0962054 111.627179
v 285.110593 -4.116477 70.815779
v 285.251097 0.02379004 95.700779
v 285.321349 1.95341676 105.820679
v 300.425529 -0.03241268 107.313779
v 300.004017 -4.116477 78.447179
v 322.625161 -4.116477 104.991179
v 228.768489 3.08683828 126.558179
v 219.424973 3.11493964 138.668879
v 235.793689 6.5620398 141.986879
v 233.405121 6.9835602 150.115979
v 216.966153 3.4240546 150.115979
v 242.467629 6.6088754 133.360079
v 242.186621 4.72608428 119.424479
v 235.161421 3.2367122 116.106479
v 212.540277 -0.16355236 123.406079
v 207.903645 -0.16355236 136.346279
v 204.742305 0.10809412 150.115979
v 199.894917 -4.116477 118.594979
v 195.398789 -4.116477 134.355479
v 190.972913 -4.116477 150.115979
v 192.377953 -4.116477 162.724379
v 205.374573 0.25796804 163.719779
v 215.982625 4.5012734 184.291379
v 204.531549 -0.35089476 185.286779
v 225.677401 6.77748356 184.125479
v 240.570825 10.2807864 175.166879
v 227.995717 6.61824252 164.217479
v 243.591661 8.68837604 149.950079
v 224.342613 6.7493822 175.166879
v 217.317413 4.00481604 164.051579
v 214.718089 3.91114484 175.332779
v 193.712741 -4.116477 175.166879
v 204.320793 0.10809412 175.166879
v 195.188033 -4.116477 186.448079
v 270.287421 13.5499113 150.115979
v 270.357673 7.57368876 125.065079
v 255.112989 8.32305836 130.539779
v 255.464249 12.3696542 150.115979
v 285.180845 9.55015108 138.834779
v 285.391601 7.6392586 131.203379
v 270.427925 4.84785684 113.286179
v 255.534501 6.11241804 120.088079
v 255.464249 13.9620646 175.166879
v 270.287421 15.0580176 175.166879
v 329.299101 3.11493964 144.475379
v 334.638253 -4.116477 131.866979
v 329.228849 -1.83089972 134.355479
v 323.889697 -1.43748068 124.733279
v 323.819445 0.45467756 136.678079
v 314.194921 2.18759476 134.521379
v 304.921657 3.97671468 132.198779
v 309.207029 7.826601 144.309479
v 319.604325 5.31621284 141.323279
v 322.063145 8.36989396 148.291079
v 323.327681 7.83596812 147.793379
v 312.508873 10.00914 151.443179
v 300.004017 1.9253154 117.433679
v 315.178449 -0.70684532 118.429079
v 299.371749 11.9106653 151.277279
v 296.631921 8.53850212 141.157379
v 299.652757 4.15468996 128.548979
v 285.321349 4.30456388 116.770079
v 300.004017 14.0463687 175.166879
v 300.004017 13.2220621 161.563079
v 319.182813 12.275983 176.659979
v 316.653741 12.0230708 162.226679
v 333.724977 10.6742055 164.383379
v 328.385825 10.6086356 158.742779
v 333.514221 9.16609916 175.996379
v 334.778757 10.6086356 167.203679
v 333.935733 9.24103612 180.309779
v 329.369353 9.94357012 158.245079
v 203.126509 5.72836612 102.170879
v 279.701189 -2.83318156 101.673179
v 283.073285 13.2314292 101.839079
v 262.910961 -1.00659316 101.341379
v 204.391045 2.04708796 100.345979
v 220.619257 14.0557358 101.175479
v 220.338249 10.9177506 101.507279
v 211.345993 3.9860818 103.166279
v 209.659945 9.70939212 102.834479
v 272.816493 1.33518684 104.327579
v 262.910961 3.80810652 105.654779
v 271.200697 9.700025 118.594979
v 280.614465 5.9063414 118.429079
v 290.660501 0.99797052 118.594979
v 227.012189 -1.9152038 118.263179
v 190.972913 12.3228186 118.760879
v 230.314033 8.40736244 118.594979
v 207.341629 14.4304206 114.613379
v 199.262649 -1.54988612 114.447479
v 270.427925 1.48506076 113.617979
v 262.910961 0.57645012 113.120279
v 230.876049 8.40736244 118.594979
v 301.619813 4.14532284 117.599579
v 300.636285 -4.10710988 118.760879
v 221.673037 0.26733516 117.765479
v 219.635729 1.269617 116.604179
v 294.735117 6.06558244 115.774679
v 294.805369 -3.10482804 115.608779
v 291.784533 4.80102124 116.935979
v 212.189017 -2.50533236 116.604179
v 284.056813 4.80102124 116.935979
v 220.759761 0.99797052 117.765479
v 219.635729 7.592423 118.263179
v 292.416801 5.98127836 118.263179
v 283.635301 9.69065788 114.779279
v 286.094121 13.7934564 115.276979
v 47.3526751 11.4957142 455.418839
v 16.7627131 3.6357091 450.148679
v 14.9050231 7.9053415 474.993719
v 41.4080671 12.3043567 474.993719
v 12.6757951 6.7840239 474.993719
v 12.6757951 10.0832853 499.838759
v 14.7811771 10.9027097 499.650539
v 28.5280831 12.5092128 499.838759
v 42.3988351 14.1157159 500.215199
v 17.5057891 13.4795838 517.154999
v 5.6165731 -0.2457749 450.148679
v -7.1395649 7.4632836 527.883539
v -0.6995729 12.0455911 527.695319
v 5.3688811 5.4686321 500.026979
v -0.9472649 2.5143915 499.838759
v -14.1987869 3.3661616 527.507099
v -8.2541789 -0.2242111 500.026979
v 2.2727311 13.1022173 527.507099
v -25.7164649 -4.116477 500.215199
v -21.2580089 -0.0624826 526.754219
v -36.2433749 -4.116477 525.248459
v 5.9881111 2.9887951 474.993719
v -1.5664949 0.0453364 475.181939
v -18.5333969 -4.116477 475.181939
v -5.6534129 -4.116477 450.148679
v -183.743961 0.1639373 452.030879
v -206.160087 3.0966141 452.030879
v -161.823219 -4.116477 452.407319
v -196.747791 0.0561183 477.628799
v -174.331665 -4.116477 478.193459
v -196.004715 -4.116477 508.685099
v 45.4949851 17.9540723 600.160019
v 26.9180851 16.0672398 546.705539
v 3.6350371 13.0051802 567.597959
v 24.3173191 15.2262516 573.620999
v -11.2264829 15.8192561 598.277819
v 20.1065551 17.2424669 600.160019
v 0.7865791 11.732916 567.597959
v -14.0749409 14.5901195 598.277819
v -19.8957029 12.2288834 642.697739
v -20.5149329 3.5925815 567.597959
v -31.0418429 -0.1163921 567.597959
v -10.7310989 7.1613904 567.597959
v -24.1064669 8.6492926 597.901379
v -34.7572229 3.8729109 597.901379
v -46.7702849 -4.116477 550.093499
v -45.9033629 -0.1379559 597.901379
v -45.7795169 -4.116477 567.597959
v -28.8126149 7.7759587 640.250879
v -38.7202949 3.3985073 637.051139
v -47.7610529 -0.2996844 634.039619
v -64.3564169 -4.116477 637.615799
v -61.7556509 -4.116477 629.334119
v -59.0310389 -4.116477 598.277819
v -38.7202949 -0.7201785 587.925719
v -141.760167 -0.8711251 588.113939
v -189.564723 8.6277288 587.549279
v -6.3964889 7.0859171 589.807919
v 0.2911951 17.5120144 594.701639
v -4.6626449 1.4362015 588.678599
v -125.412495 11.2477305 597.336719
v -117.857889 6.98888 596.960279
v -206.160087 13.1129992 587.361059
v -62.6225729 9.4040256 587.549279
v -178.790121 9.5118446 587.549279
v -45.9033629 9.4902808 587.549279
v -44.4172109 5.8783443 589.996139
v -169.501671 -0.7633061 589.619699
v -79.3417829 12.3367024 587.549279
v -174.455511 7.6897035 592.442999
v -180.400119 3.8729109 594.889859
v -190.307799 12.37983 594.889859
v -206.160087 16.584771 597.901379
v -103.615599 3.0319227 604.300859
v 21.3450151 6.0832004 599.218919
v -122.316345 -3.4587811 600.912899
v -110.798667 1.7920042 607.877039
v 27.7850071 -2.8549947 606.747719
v -111.665589 6.5360402 598.089599
v -2.1857249 -2.5099739 609.947459
v -12.2172509 11.3771133 608.441699
v -15.1895549 0.6922504 609.382799
v -12.4649429 10.6978536 609.382799
v -50.9810489 15.4311077 608.629919
v -160.337067 10.7301993 609.006359
v -206.160087 -3.4911268 610.135679
v -63.1179569 15.6467457 610.512119
v -65.3471849 0.2717563 608.441699
v -523.709612 7.94240914 755.695569
v -504.953787 8.62449262 726.076245
v -508.845037 7.80249458 770.164779
v -540.908937 8.72942854 797.230713
v -521.219212 8.44085476 805.571787
v -516.549712 8.48457806 812.380827
v -501.296012 7.81123924 798.422295
v -499.972987 7.05919848 800.124555
v -514.915387 7.75877128 814.083087
v -486.353612 7.46145284 757.227603
v -501.140362 7.93366448 748.546077
v -494.058287 7.76751594 739.524099
v -505.187262 -1.41437706 824.296647
v -510.557187 1.97855102 818.508963
v -526.900437 6.36837034 845.404671
v -520.830087 0.4307462 850.851903
v -498.416487 -4.116477 831.446139
v -513.358887 -4.116477 857.831169
v -496.159562 1.5238287 804.890883
v -491.412237 -1.24822852 810.678567
v -533.593387 13.3291197 839.446761
v -531.803412 12.6382916 841.149021
v -537.484637 13.4777789 843.702411
v -540.286337 12.5333556 837.063597
v -535.616837 12.7869508 845.404671
v -555.073087 9.77004308 822.764613
v -524.643512 0.55317144 855.107553
v -551.181837 0.9117025 875.364447
v -542.231962 -3.84539254 884.726877
v -517.172312 -4.116477 862.257045
v -530.791687 6.4645616 849.660321
v -412.808987 0.55317144 744.290427
v -418.023262 4.39207718 739.013421
v -431.798287 4.41831116 755.014665
v -427.050962 0.55317144 760.632123
v -444.795062 0.55317144 764.547321
v -448.841962 4.41831116 759.270315
v -435.533887 11.3528265 750.248337
v -421.992337 11.3528265 734.587545
v -444.250287 10.3821693 741.396585
v -437.090387 11.8600168 748.886529
v -423.704487 11.9299741 733.395963
v -428.140512 11.3878052 728.289183
v -407.750362 12.9968226 726.076245
v -403.469987 5.5463723 729.991443
v -409.540337 13.6439275 724.714437
v -403.547812 -4.116477 753.993309
v -418.412387 -4.116477 771.186135
v -415.688512 12.8656527 720.288561
v -409.540337 12.961844 710.585679
v -403.158687 13.783842 712.968843
v -400.979587 12.9968226 713.819973
v -395.765312 5.502649 716.373363
v -464.873912 9.1316829 766.419807
v -452.577562 10.1548081 754.503987
v -463.706537 8.64198194 768.292293
v -451.410187 9.7438091 756.206247
v -454.834487 9.21038484 744.971331
v -476.858962 7.5139208 746.673591
v -462.694812 9.55142658 724.203759
v -478.571112 10.6619984 787.357605
v -473.123362 11.212912 783.101955
v -477.248087 10.0323829 789.230091
v -473.823787 2.56444324 794.166645
v -471.800337 10.6357644 784.974441
v -485.497537 -4.116477 817.998285
v -462.928287 -4.116477 809.146533
v -469.543412 -0.60112368 800.124555
v -456.390987 0.10719378 777.824949
v -448.764137 -4.116477 788.719413
v -436.545612 -4.116477 776.803593
v -460.515712 3.69250438 772.207491
v -468.220387 2.9666976 789.740769
v -463.940012 -0.34752854 795.698679
v -456.935762 -4.116477 805.401561
v -540.986762 6.51702956 771.356361
v -456.157512 6.69192276 771.356361
v -436.545612 6.44707228 796.720035
v -412.731162 -2.21014112 744.290427
v -482.851487 6.70941208 769.654101
v -485.186237 -2.53369354 882.684165
v -552.504862 6.4645616 756.206247
v -505.498562 6.49954024 738.162291
v -437.868637 6.45581694 882.173487
v -547.524062 -2.44624694 766.079355
v -536.784212 -2.51620422 738.162291
v -547.212762 -2.47248092 717.564945
v -533.982512 -2.48122558 862.597497
v -503.008162 7.19911304 882.173487
v -511.880212 -1.7116955 766.079355
v -482.073237 -1.99152462 744.290427
v -506.121162 7.15538974 875.534673
v -532.581662 7.18162372 719.267205
v -521.297037 7.19036838 811.699923
v -400.823937 7.23409168 882.173487
v -402.613912 7.251581 882.173487
v -458.258787 7.21660236 728.459409
v 264.462965 17.1274524 536.882863
v 243.675086 20.3280444 562.125962
v 281.169788 17.2074672 565.100738
v 290.224631 15.3671268 544.617281
v 246.735878 17.3941684 525.833695
v 269.564285 16.2606254 525.153746
v 298.769342 12.2998928 525.153746
v 309.864713 13.486779 542.747421
v 310.884977 13.9135246 550.141865
v 295.325951 12.7933174 507.815052
v 217.530821 19.5145606 534.843017
v 200.0588 21.9150046 552.776666
v 307.18652 13.9135246 565.185732
v 330.525059 12.1265274 586.434132
v 328.229465 10.5262314 565.185732
v 149.938331 23.1819056 540.877562
v 149.938331 20.4347308 516.399405
v 132.976442 21.2082072 526.768625
v 105.811913 19.754605 525.23874
v 119.330411 19.6612544 514.444553
v 319.429688 8.619212 518.949213
v 322.107881 10.3795376 507.135103
v 319.812287 8.285817 525.918689
v 323.76581 9.8060982 537.392825
v 320.705018 10.686261 501.185551
v 321.725282 10.1795006 500.93057
v 327.209201 6.352126 500.250621
v 323.128145 9.8727772 506.965116
v 328.739597 6.08541 506.285167
v 332.948186 2.6981168 499.485679
v 334.478582 2.5647588 505.690212
v 326.31647 4.4984498 518.86422
v 320.449952 8.0991158 518.949213
v 324.786074 9.219323 537.222837
v 325.806338 4.2317338 525.748701
v 320.832551 7.752385 525.833695
v 331.545323 5.4052842 536.457895
v 331.41779 1.5245664 525.748701
v 330.14246 10.9129696 543.767345
v 338.049506 6.4454766 543.257383
v 337.539374 2.5380872 535.86294
v 331.672856 1.6712602 518.86422
v 336.774176 -0.249095 525.833695
v 336.901709 -0.2624308 518.86422
v 339.962501 -0.3024382 505.095257
v 353.863598 -4.116477 518.779226
v 354.628796 -4.116477 503.395385
v 353.736065 -4.116477 525.833695
v 343.660958 -0.0357222 535.267985
v 359.602583 -4.116477 533.993081
v 352.205669 -0.3291098 542.492441
v 366.234299 -4.116477 541.727498
v 344.808755 2.7914674 543.002402
v 337.79444 7.1789456 586.349138
v 339.962501 2.618102 565.185732
v 334.861181 5.5653138 565.185732
v 345.44642 -0.182416 565.270725
v 345.573953 3.0315118 550.226858
v 338.559638 6.7121926 550.141865
v 352.843334 0.0309568 550.226858
v 359.47505 -4.116477 565.185732
v 366.871964 -4.116477 550.141865
v 331.162724 11.3130436 550.141865
v 329.377262 9.886113 565.185732
v 331.800389 11.4464016 586.434132
v 330.014927 11.9264904 550.141865
v 328.994663 11.5130806 543.767345
v 183.734576 12.8066532 564.590777
v 173.531936 9.819434 564.420789
v 318.281891 -0.8225344 564.760764
v 192.916952 0.6710752 564.930751
v 193.554617 -2.249465 564.67577
v 211.409237 4.7251584 569.095437
v 211.919369 4.418435 569.095437
v 328.86713 4.3650918 569.095437
v 314.455901 19.5679038 568.500482
v 190.876424 4.7251584 569.095437
v 176.592728 4.7251584 569.095437
v 340.090034 8.4991898 566.80061
v 211.409237 4.7251584 569.095437
v 216.63809 4.7251584 569.095437
v 325.551272 0.1909864 564.505783
v 324.786074 22.1283774 564.335796
v 192.151754 -3.3029932 567.565553
v 203.119592 9.0592934 566.290649
v 188.963429 14.887038 565.950674
v 196.742942 9.619397 565.780687
v 196.105277 -0.3291098 564.845757
v 318.409424 22.6351378 564.760764
v 156.442514 21.688296 564.165809
v 285.633443 17.554198 564.165809
v 273.262742 8.1657948 564.165809
v 262.294904 -1.1692652 564.165809
v 251.837198 6.08541 564.67577
v 236.405705 14.0735542 564.590777
v 236.405705 9.2593304 563.995821
v 253.750193 16.4073192 564.080815
v 265.228163 3.4582574 568.500482
v 252.984995 3.684966 568.500482
v 173.787002 4.7251584 569.095437
v 151.723793 4.7251584 569.095437
v 236.405705 4.0717042 568.500482
v 200.891799 19.950102 -349.17883
v 200.005431 19.750233 -299.883254
v 232.247067 15.353115 -354.425146
v 219.727119 19.162383 -376.103321
v 232.579455 15.611769 -372.638773
v 155.687031 19.374009 -364.52183
v 151.476783 19.750233 -299.883254
v 108.377139 14.953377 -364.52183
v 88.8770431 14.647695 -299.883254
v 91.6469431 12.837117 -364.52183
v 71.7036631 8.063775 -365.016766
v 36.0273511 0.057258 -364.52183
v 26.0557111 0.562809 -332.252036
v 55.9706311 8.651625 -299.982241
v 27.9392431 1.06836 -299.883254
v 13.3141711 -4.116477 -299.883254
v 5.7800431 -4.116477 -274.839518
v 19.5187471 1.738509 -275.829389
v 26.1665071 -4.116477 -364.52183
v 16.3056631 -4.116477 -332.153049
v 70.1525191 19.268196 -342.34872
v 173.746779 15.482442 -340.665939
v 180.394539 9.110148 -343.140617
v 199.894635 5.488992 -338.092275
v 60.2916751 5.488992 -338.092275
v 193.136079 6.429552 -345.219346
v 202.110555 -2.211843 -345.120359
v 77.0218711 3.960582 -345.219346
v 94.8600271 13.084014 -345.120359
v 93.6412711 -1.365339 -344.526436
v 62.8399831 3.219891 -345.318333
v 62.7291871 -1.036143 -343.932513
v 163.885935 -3.505113 -345.41732
v 203.440107 5.488992 -338.092275
v 208.425927 16.281918 -345.021372
v 95.5248031 1.667967 -345.219346
v 73.2548071 4.689516 -338.092275
v 195.241203 -2.646852 -345.41732
v 186.266727 18.503991 -345.516307
v 51.2064031 11.449791 -345.714281
v 32.2602871 5.477235 -338.092275
v 119.235147 5.465478 -338.092275
v 28.7148151 6.735234 -338.191262
v 33.5898391 16.987338 -344.922385
v 20.2943191 10.626801 -345.120359
v 119.235147 8.604597 -345.318333
v 154.911459 -0.436536 -345.615294
v 160.008075 6.523608 -344.72441
v 5.1330563 7.08309328 -31.1211032
v 1.6703603 7.35818797 -51.2158781
v -14.9249309 4.16285734 -26.1688364
v -14.3606397 5.69351241 -75.2153249
v -6.9735549 8.44445931 -87.3102842
v -22.2094173 3.65499022 -49.7873396
v -25.0821725 3.1471231 -74.8343813
v -26.8006957 6.03209049 -86.7388688
v -24.8000269 4.96698028 -79.7866481
v -25.5951645 4.63545591 -79.7866481
v -27.5445341 5.64413644 -86.7388688
v -26.7493965 2.16665741 -23.4069953
v -33.2387453 0.960473 -80.2628276
v -32.2127613 2.54050404 -86.6436329
v 11.8276019 12.9588337 -99.7861871
v 15.5211443 15.3994174 -113.690629
v -0.8945997 11.0613857 -99.7861871
v 2.5424467 14.2285015 -113.785864
v -11.1287901 13.5019694 -117.690536
v -12.9242621 12.6202556 -114.166808
v -24.9282749 6.6739781 -112.071618
v -26.9289437 6.2507555 -106.92888
v -20.8499885 10.6028946 -106.833644
v -18.2080797 10.666378 -111.690675
v -29.9042973 5.82047919 -102.928972
v -23.9022909 9.8481476 -103.119444
v -17.4898909 11.1178154 -111.500203
v -15.0531789 11.4493398 -106.738408
v -17.0025485 12.2816776 -114.452516
v -17.8489853 11.6821122 -114.642988
v -19.7983549 11.0754931 -106.833644
v -16.2330605 9.67180485 -99.881423
v -24.6974285 8.34570737 -96.7386383
v -26.4929005 6.39888341 -89.7864176
v -25.6721133 7.99302187 -96.7386383
v -27.2623885 5.9686071 -89.7864176
v -23.0045549 10.2784239 -103.119444
v -25.2617197 8.78303739 -99.881423
v -26.4159517 8.23990172 -99.881423
v -25.2360701 7.0972007 -115.214403
v -18.6441229 12.7119539 -118.642895
v -27.7497309 7.64033637 -119.404782
v -18.6184733 12.7613298 -120.16667
v -27.2880381 7.68971234 -120.833321
v -17.7720365 13.1986599 -118.738131
v -17.6437885 13.2127673 -119.976198
v -35.5985085 2.69568566 -103.309915
v -36.9835869 2.40648355 -99.5957153
v -31.8280173 4.81179866 -99.6909512
v -36.7783901 2.0185295 -96.7386383
v -31.5715213 4.51554284 -96.9291101
v -34.1364813 2.55461146 -106.92888
v -32.4179581 2.61809485 -89.6911817
v -32.9309501 3.05542487 -115.309639
v -32.7770525 2.77327647 -112.071618
v 2.7476435 7.90132364 -74.16773
v -27.3906365 11.1883525 -73.0248992
v -26.4159517 10.0033292 -72.6439556
v -23.7996925 8.67723174 -74.5486736
v 3.4401827 10.3630684 -73.9772582
v 2.1320531 2.80854502 -72.4534838
v -3.5621581 15.1102153 -72.3582479
v -3.6904061 6.54701132 -71.2154171
v 3.7223283 10.6945928 -75.6915044
v -33.3156941 1.75754223 -74.4534377
v -33.2387453 13.8617086 -73.215371
v -6.7427085 14.5600259 -75.7867403
v -33.5721901 14.9268188 -76.3581557
v -10.7183965 14.5600259 -75.7867403
v -36.9835869 5.192699 -71.2154171
v -6.9735549 14.3272535 -71.6915966
v -36.9835869 7.76730315 -73.0248992
v -31.4176237 9.62948259 -71.9773043
v 4.9535091 3.11890826 -76.9295711
v -21.9785709 14.3484146 -78.3581096
v 3.5171315 11.8725624 -78.4533455
v 3.3375843 2.0185295 -77.977166
v -21.0551853 5.55243821 -78.2628737
v 7.6723667 6.00387565 -78.1676378
v -1.7923357 10.617002 -78.2628737
v -24.3126845 2.52639662 -78.1676378
v -23.8766413 4.9810877 -78.1676378
v -31.3150253 5.59476047 -78.2628737
v -4.4855437 4.89644318 -77.977166
v -4.4855437 2.10317402 -77.8819301
v -7.5634957 6.80094488 -77.2152788
v -7.5121965 2.61809485 -76.9295711
v -7.7173933 1.43307157 -76.7390993
v -7.3582989 5.29145094 -76.4533916
v -34.0595325 3.4292715 -77.5962224
v -34.0595325 14.6094019 -77.977166
v -60.7728901 -4.116477 -111.08117
v -61.8326037 -4.116477 -99.8388144
v -61.2190853 -4.116477 -122.323526
v -128.371463 -2.5211261 -123.276268
v -138.410855 -0.01257434 -123.276268
v -117.718552 -4.116477 -123.276268
v -117.105034 -4.116477 -148.238108
v -132.889189 -0.52968808 -148.238108
v -145.884625 2.10539151 -148.238108
v -154.808528 3.82727024 -123.276268
v -139.526343 1.14267976 -157.956076
v -149.621509 3.11761415 -164.720545
v -164.011304 5.73619011 -148.238108
v -174.943087 7.14449987 -159.099367
v -173.883373 6.74841275 -173.295223
v -161.278359 5.04303765 -173.295223
v -151.071644 4.64695053 -186.538336
v -150.848546 3.52470369 -173.295223
v -142.593935 2.45746895 -173.104674
v -141.757319 3.93729444 -186.443062
v -138.85705 6.15428207 -197.209047
v -141.924642 2.28143023 -173.295223
v -114.204765 -4.116477 -186.538336
v -112.196887 -4.116477 -197.209047
v -127.534847 -0.16110701 -197.018498
v -131.717927 -0.17210943 -186.538336
v -136.681849 -0.16660822 -173.295223
v -116.212644 -4.116477 -173.295223
v -125.41542 -2.54863215 -159.766286
v -135.454812 0.97214225 -186.443062
v -138.410855 2.20441329 -186.443062
v -139.135922 0.80160474 -173.295223
v -140.976477 3.72824846 -186.443062
v -134.116226 3.35416618 -197.209047
v -138.076209 5.91222883 -197.209047
v -130.769762 1.48375478 -197.304321
v -110.858301 -2.82369265 -153.382915
v -110.96985 0.43852488 -153.668737
v -168.584805 -2.1910535 -154.049834
v -168.584805 6.52836435 -154.430931
v -111.304496 -3.74789593 -153.192366
v -117.830101 2.02837457 -152.81127
v -168.584805 -2.21855955 -154.716754
v -117.830101 -2.22406076 -155.383673
v -111.47182 5.68667922 -154.526205
v -104.276922 -3.22528098 -154.335657
v -104.276922 -1.04680182 -154.430931
v -114.539412 -2.5211261 -153.382915
v -166.911573 -2.0810293 -153.382915
v -117.830101 -2.43310674 -153.382915
v -97.8070917 -2.22406076 -154.526205
v -96.6916037 -3.34080639 -155.193125
v -94.4606277 0.02593413 -155.76477
v -153.079522 -2.40560069 -156.622238
v -157.262602 -2.14154261 -153.382915
v -105.671282 -2.43310674 -153.382915
v -151.90826 -2.3010777 -154.526205
v -96.2454085 -2.53762973 -153.382915
v -95.5203413 6.97396236 -158.337173
v -151.852485 1.1096725 -157.479705
v -154.250785 7.13899866 -158.337173
v -95.2414693 2.38045201 -157.003334
v -98.0859637 7.08398656 -158.337173
v -155.700919 -1.61892766 -158.241899
v -99.5360981 -1.90499058 -158.337173
v -110.690978 -2.94471927 -158.337173
v -117.830101 -1.37687442 -158.337173
v -99.9822933 -1.87198332 -158.337173
v -161.724554 -0.67271954 -158.337173
v -107.846484 -1.26685022 -158.337173
v -165.559207 5.70668665 -248.219914
v -182.300373 7.52753865 -248.31047
v -175.319239 7.66410255 -223.226431
v -191.721515 8.45451785 -248.31047
v -204.42989 9.3049385 -248.31047
v -198.262092 9.0152575 -223.226431
v -183.825378 7.85446435 -223.226431
v -166.948656 5.85566545 -273.303954
v -181.283703 7.37855985 -260.354432
v -192.805963 8.42968805 -260.444988
v -205.039892 9.20355015 -260.807212
v -182.74093 7.35373005 -273.303954
v -197.245422 8.69453925 -273.303954
v -214.799924 9.44770985 -239.707641
v -212.461583 9.4249492 -235.632616
v -211.309357 9.38149705 -223.226431
v -215.95215 9.57599715 -267.327251
v -218.527714 9.57599715 -262.346666
v -207.615456 9.32769915 -273.303954
v -218.358269 9.67117805 -274.843408
v -224.864957 9.7849813 -275.567857
v -223.577175 9.58427375 -257.547193
v -213.410475 9.40218855 -288.24571
v -230.626087 9.87809305 -282.269008
v -213.512142 8.94697555 -301.738569
v -224.017732 9.30700765 -311.69974
v -203.345442 8.50831575 -306.900267
v -195.27986 8.17311345 -307.262492
v -184.333713 7.4592567 -299.021886
v -184.401491 8.08207085 -315.865321
v -169.998666 6.2094901 -287.521262
v -168.50755 6.139139 -299.836891
v -161.255304 5.642543 -311.518628
v -170.642557 6.7722989 -314.869204
v -175.759796 7.23371935 -310.613067
v -183.791489 5.6466813 -279.823993
v -220.222164 8.16897515 -280.457886
v -221.272723 6.4867562 -281.001222
v -218.934382 9.8677473 -279.914549
v -186.705943 9.09181605 -281.635115
v -186.638165 7.43649605 -282.178452
v -216.324929 9.80360365 -278.827876
v -182.368151 9.8139494 -278.827876
v -218.053268 9.8760239 -278.827876
v -183.927045 9.8553324 -278.827876
v -184.706492 9.4208109 -279.371213
v -218.934382 6.5819371 -278.73732
v -215.918261 6.4908945 -281.001222
v -181.249814 6.3915753 -280.276774
v -215.986039 9.8470558 -279.914549
v -215.748816 6.4908945 -281.001222
v -215.95215 9.8470558 -279.914549
v -215.545482 9.76222065 -278.827876
v -181.249814 9.7229068 -279.823993
v -215.104925 9.81188025 -278.827876
v -215.850483 9.53047585 -281.272891
v -215.443815 8.75661375 -282.269008
v -215.545482 7.0371501 -281.635115
v -215.376037 6.9005862 -282.540676
v -215.782705 6.50124025 -283.084013
v -181.04648 9.0980235 -283.446237
v -182.232595 9.1311299 -284.53291
v -217.070487 9.38977365 -284.53291
v -181.656482 9.1352682 -284.53291
v -215.816594 9.1352682 -284.53291
v -182.469818 8.9987043 -284.53291
v -182.334262 9.19113525 -284.53291
v -186.400942 8.27243265 -282.812344
v -186.062052 9.1104384 -283.446237
v -186.333164 9.1104384 -283.989574
v -220.052719 9.1063001 -284.53291
v -186.46872 9.1063001 -284.53291
v -218.968271 9.0152575 -284.53291
v -217.748267 9.12492245 -284.53291
v -214.923616 9.45097047 -386.573633
v -211.569443 9.45097047 -373.292609
v -199.982301 10.3209735 -377.442929
v -205.496357 9.894672 -392.384081
v -200.388867 9.67137123 -399.854657
v -207.198854 9.45097047 -364.715281
v -199.982301 9.44807046 -361.256681
v -225.291059 9.2566698 -399.854657
v -209.663663 9.8366718 -399.854657
v -225.087776 8.88546852 -373.292609
v -211.493212 8.66506776 -423.234793
v -228.772284 8.80426824 -423.234793
v -205.547178 8.31706656 -423.234793
v -196.450255 7.87336503 -417.562689
v -199.270809 7.72836453 -423.234793
v -216.778575 8.78106816 -359.734897
v -227.628816 9.18706956 -344.932089
v -218.938459 8.97246882 -348.252345
v -199.982301 8.25906636 -348.252345
v -209.48579 8.51426724 -342.718585
v -217.820401 8.73756801 -332.342785
v -206.589004 8.56356741 -332.342785
v -198.305214 8.56646742 -331.927753
v -228.975567 9.30886998 -332.481129
v -187.658256 7.53986388 -348.667377
v -185.727066 8.26486638 -331.789409
v -187.810719 7.67326434 -355.446233
v -190.758325 8.77816815 -363.885217
v -193.858394 8.31416655 -341.196801
v -183.008153 8.07926574 -375.091081
v -190.682094 8.92606866 -384.636817
v -178.230998 7.12806246 -399.854657
v -188.420569 8.38376679 -399.854657
v -182.931922 6.4726602 -417.009313
v -190.072245 7.67616435 -412.028929
v -186.463968 6.34215975 -423.234793
v -187.556615 4.384653 -473.315321
v -205.877513 5.22275589 -473.176977
v -189.259112 5.7476577 -448.275057
v -206.690646 5.86655811 -464.599649
v -201.811849 6.65826084 -447.721681
v -201.100358 7.35426324 -435.547409
v -208.164449 7.11936243 -447.444993
v -211.620264 6.49876029 -463.216209
v -230.246087 7.88206506 -460.034297
v -216.092494 7.13676249 -456.852385
v -214.110483 7.39776339 -447.029961
v -228.441948 8.07056571 -446.199897
v -210.553027 7.87046502 -437.345881
v -193.655111 8.20686618 -430.843713
v -193.248544 5.81145792 -428.906897
v -219.268794 8.22426624 -430.843713
v -219.802413 8.27646642 -432.503841
v -193.248544 4.57605366 -427.108425
v -193.528059 9.27986988 -425.448297
v -193.960036 9.27406986 -425.448297
v -219.141742 9.27986988 -425.448297
v -220.081927 9.63657111 -425.448297
v -194.036267 9.35817015 -425.448297
v -195.027272 9.12036933 -426.140017
v -196.043689 7.98356541 -427.246769
v -194.137908 9.08846922 -425.448297
v -220.590135 9.26536983 -425.448297
v -221.936886 6.25515945 -428.215177
v -221.708192 5.86655811 -428.906897
v -222.2164 8.23296627 -430.843713
v -222.2164 8.16626604 -432.503841
v -197.669954 4.75875429 -435.962441
v -198.66096 7.26726294 -437.899257
v -197.542902 6.07535883 -437.484225
v -195.535481 6.42916005 -437.345881
v -223.283637 9.55537083 -434.302313
v -194.87481 4.92115485 -435.962441
v -194.137908 6.45526014 -437.069193
v -194.163319 4.83415455 -435.962441
v -220.031106 7.90816515 -434.163969
v 275.990337 5.40714548 -249.888196
v 323.732723 5.40714548 -227.731599
v 313.519478 5.40714548 -248.852841
v 304.273168 5.40714548 -276.393284
v 302.641466 5.40714548 -299.999378
v 275.990337 7.28004296 -299.792307
v 275.990337 8.41235026 -332.095383
v 300.888897 5.79274202 -310.974141
v 297.565061 5.40714548 -330.645886
v 316.964182 4.80732864 -325.883253
v 311.525176 4.20139122 -334.166093
v 293.939056 5.19292518 -345.140856
v 306.932237 1.15334238 -354.666122
v 274.660802 4.86853444 -366.883311
v 275.325569 7.84313632 -349.489347
v 298.592428 -1.76617428 -371.438873
v 308.745239 3.6260567 -343.277217
v 317.749816 -4.116477 -364.191388
v 292.126055 -4.116477 -387.176269
v 284.632313 0.05163798 -378.893429
v 254.596913 6.82099946 -378.272216
v 270.37003 0.38826988 -391.938902
v 258.766818 0.20465248 -406.01973
v 279.132874 -4.116477 -400.635884
v 262.574122 -4.116477 -431.075321
v 270.611764 -4.116477 -413.681357
v 343.977912 5.99472116 -233.529587
v 334.489868 5.4316278 -248.231628
v 345.005279 5.62136578 -233.736658
v 348.449983 3.24046016 -235.186155
v 339.082806 2.81201956 -249.681125
v 335.335936 5.10723706 -248.438699
v 343.131844 0.97584556 -250.923551
v 326.452226 5.4010249 -271.216509
v 325.666591 5.40714548 -279.085207
v 332.737299 2.92831058 -271.630651
v 327.78176 5.07663416 -271.216509
v 332.193399 2.93443116 -279.499349
v 327.05656 5.07051358 -279.085207
v 337.813705 1.12886006 -272.251864
v 337.269804 1.15334238 -279.913491
v 342.16491 -0.18094406 -272.666006
v 363.618767 -0.20542638 -219.241688
v 369.420373 -4.116477 -242.019498
v 356.064592 -0.24827044 -237.671007
v 378.304083 -4.116477 -221.105327
v 352.378154 1.23290992 -236.428581
v 346.818282 -0.29723508 -251.958906
v 359.751029 -4.116477 -256.514468
v 354.553757 -4.116477 -273.49429
v 326.754393 5.7988626 -313.044851
v 329.292596 6.1354945 -306.211508
v 329.896929 5.79274202 -298.964023
v 322.342755 5.48059244 -319.878194
v 331.045164 5.69481274 -287.575118
v 331.468198 5.86618898 -291.509467
v 332.737299 5.37654258 -291.509467
v 336.725904 3.03236044 -291.923609
v 334.308568 3.1976161 -299.378165
v 331.045164 5.34593968 -298.964023
v 336.66547 3.02011928 -288.196331
v 332.314265 5.2174075 -287.782189
v 333.764667 3.30166596 -307.039792
v 337.813705 1.2084276 -299.585236
v 337.571971 1.086016 -307.868076
v 330.25953 5.84782724 -306.211508
v 327.540027 5.49895418 -313.458993
v 329.413462 0.89627802 -323.398401
v 326.150059 2.89770768 -321.741833
v 330.742997 3.08744566 -314.701419
v 334.369001 0.98808672 -316.150916
v 332.435132 -0.63386698 -324.847898
v 337.813705 -0.61550524 -317.600413
v 323.188822 5.17456344 -320.085265
v 353.888989 -4.116477 -280.948846
v 359.207129 -4.116477 -289.645828
v 345.428313 -0.22378812 -289.024615
v 341.621009 -0.14422058 -280.327633
v 345.488747 -0.31559682 -292.751893
v 358.663228 -4.116477 -294.408461
v 351.59252 -4.116477 -300.827662
v 340.895808 -0.40740552 -299.999378
v 341.318842 1.15946296 -288.610473
v 341.258409 1.086016 -292.337751
v 347.906083 -4.116477 -321.327691
v 341.077109 -0.59102292 -308.69636
v 351.95512 -4.116477 -311.388283
v 329.473896 -4.116477 -352.802483
v 314.728146 0.3821493 -345.96914
v 319.441951 -0.14422058 -337.6863
v 332.979033 -4.116477 -343.484288
v 325.485291 -0.67671104 -330.852957
v 335.456802 -4.116477 -336.236803
v 311.827343 1.74703864 -344.726714
v 314.909446 2.13263518 -335.61559
v 317.085049 0.95748382 -336.443874
v 309.349573 3.32614828 -343.484288
v 312.189943 3.91372396 -334.373164
v 322.765788 0.70654004 -329.196389
v 319.925418 2.48762882 -327.539821
v 317.628949 4.50129964 -326.297395
v 342.34621 -4.116477 -330.024673
v 280.039375 8.19200938 -346.383282
v 342.829677 7.45753978 -346.383282
v 284.330146 0.88403686 -351.560057
v 346.213947 6.08652986 -356.943903
v 284.330146 8.19200938 -346.383282
v 289.708718 8.05735662 -360.46411
v 285.659681 -2.51288504 -363.777246
v 349.839951 2.7691755 -362.120678
v 335.698536 5.53567766 -367.297453
v 340.835375 -3.79820684 -366.883311
v 334.792035 -4.116477 -368.954021
v 324.941391 5.75601854 -369.989376
v 254.596913 -3.63295118 -372.060086
v 325.062257 2.86710478 -371.024731
v 337.148937 -0.80524322 -348.03985
v 276.111203 8.08183894 -346.383282
v 326.935693 0.86567512 -348.246921
v 336.363303 -1.99263574 -348.03985
v 331.166031 5.77438028 -348.246921
v 323.793156 8.20425054 -346.383282
v 316.480715 6.72307018 -346.383282
v 271.518265 7.53710732 -346.383282
v 266.079259 7.68400124 -346.383282
v 277.756913 10.9111383 -149.824796
v 328.548879 11.6910916 -168.795923
v 321.977 9.71418021 -150.478973
v 313.927721 10.3010758 -128.482278
v 333.999972 6.14647299 -135.351134
v 342.609644 6.27002995 -143.446572
v 344.596491 6.71020162 -149.906568
v 337.05666 5.97658217 -122.921775
v 337.209495 5.96113755 -125.620254
v 334.050917 6.02291603 -116.625323
v 333.592414 6.11558375 -133.306832
v 335.579261 5.72174594 -116.216463
v 344.087043 7.18126253 -159.228587
v 345.105939 7.39748721 -162.254155
v 348.468296 7.48243262 -166.424532
v 349.232468 7.6214342 -168.795923
v 346.226724 7.12720636 -162.008839
v 349.589081 7.19670715 -166.34276
v 350.353253 7.32798642 -168.714151
v 345.207828 6.9264263 -159.065043
v 331.554622 8.91878228 -192.918693
v 348.009792 8.09249511 -178.608575
v 348.672075 8.40910982 -184.169078
v 352.747659 8.6253345 -192.591604
v 352.747659 8.33960903 -199.869321
v 349.741916 8.06932818 -184.087306
v 353.817499 8.27010824 -192.591604
v 353.817499 7.96893815 -199.869321
v 349.130578 7.7758804 -178.526803
v 374.552033 -4.116477 -175.501235
v 362.121502 -0.27848893 -176.891361
v 362.936619 -0.30937817 -167.569342
v 375.214315 -4.116477 -166.260988
v 374.450144 -4.116477 -163.153648
v 362.172447 -0.32482279 -164.625546
v 363.038508 -0.255322 -182.778952
v 375.570929 -4.116477 -181.470599
v 370.578339 -4.116477 -155.467071
v 358.657256 -0.34798972 -158.819727
v 369.661332 -4.116477 -153.340996
v 357.740249 -0.35571203 -156.121248
v 358.096863 1.79109015 -177.545538
v 358.91198 1.72931167 -167.89643
v 358.147807 1.76792322 -165.197951
v 359.064814 1.8297017 -183.269585
v 354.734506 1.73703398 -159.800992
v 369.253774 -0.28621124 -192.83692
v 382.040919 -4.116477 -192.673376
v 364.668742 1.95325866 -192.83692
v 358.861035 4.89545877 -192.755148
v 354.632616 4.67151178 -183.678445
v 353.817499 4.54795482 -178.03617
v 354.734506 4.36261938 -168.30529
v 353.970334 4.37034169 -165.770355
v 353.817499 1.64436626 -157.020741
v 349.690971 4.16183932 -158.002006
v 349.538136 3.79116844 -149.088847
v 353.71561 1.4435862 -148.43467
v 350.607977 4.32400783 -160.945801
v 357.53647 -0.37115665 -147.780493
v 345.768221 6.4630877 -149.661252
v 366.757479 -4.116477 -136.659488
v 369.457553 -4.116477 -145.736191
v 355.294899 -0.38660127 -140.093916
v 351.779708 1.22736152 -141.156953
v 347.704124 3.42049756 -142.219991
v 343.170036 1.25825076 -134.124553
v 346.481448 -0.30937817 -133.552148
v 359.574262 -4.116477 -129.872403
v 346.124835 -0.28621124 -131.753162
v 349.232468 -0.18582121 -124.720761
v 364.210239 -4.116477 -123.49418
v 359.828986 -4.116477 -131.589618
v 346.022945 1.31230693 -124.884305
v 363.598901 -4.116477 -118.669626
v 348.824909 -0.18582121 -121.122789
v 343.781374 6.03063834 -143.201256
v 335.324537 5.86074752 -135.105818
v 339.298232 3.3741637 -134.615185
v 338.788784 3.35871908 -132.652655
v 338.737839 5.6136336 -125.538482
v 342.354919 3.2969406 -125.129622
v 342.711533 1.26597307 -132.162022
v 338.53406 5.64452284 -122.676459
v 342.100195 3.35099677 -122.185826
v 334.967924 5.82213597 -133.143287
v 345.768221 1.31230693 -121.613421
v 314.33528 0.58640979 -161.109346
v 365.891417 8.61761219 -141.647586
v 305.012381 0.46285283 -196.761981
v 305.012381 8.37049827 -156.857196
v 307.457732 0.48601976 -154.485805
v 292.58185 0.71768906 -184.005534
v 336.241544 8.71027991 -142.628851
v 307.814345 8.71800222 -126.765064
v 360.796937 8.7025576 -118.914942
v 331.96218 0.87213526 -163.23542
v 289.321383 8.78750301 -164.462002
v 359.930876 0.99569222 -173.211616
v 309.087965 8.8570038 -125.211394
v 287.028867 0.91074681 -159.800992
v 279.794705 0.93391374 -185.232115
v 301.904748 0.89530219 -175.910096
v 325.79786 0.91074681 -136.659488
v 356.619463 0.91074681 -173.211616
v 317.595747 8.76433608 -155.712387
v 374.602978 8.74889146 -199.787549
v 295.536648 0.83352371 -177.954398
v 360.134655 8.73344684 -134.696957
v 485.496976 7.57947411 275.984743
v 512.853869 9.48804357 275.160679
v 490.721896 8.24230242 300.157287
v 512.607411 9.48804357 300.157287
v 541.443055 9.48804357 275.160679
v 537.401136 9.48804357 300.157287
v 484.708309 7.52306319 326.252647
v 512.755286 8.98974711 326.389991
v 534.985843 9.23889534 325.840615
v 471.300966 6.41364843 349.326439
v 512.903161 8.69358978 350.699879
v 485.546267 6.94485126 349.326439
v 490.623313 6.14569656 375.833831
v 512.410244 7.60767957 375.833831
v 476.673762 5.75552103 366.219751
v 533.309925 8.35982517 375.833831
v 534.591509 8.90513073 351.661287
v 461.787668 5.60509191 358.253799
v 466.076046 4.96106724 369.378663
v 555.294023 8.99914893 351.798631
v 492.841439 3.62130789 414.702183
v 510.192118 6.22561203 400.143719
v 480.666389 4.49567715 394.100583
v 478.251096 1.96188666 415.663591
v 470.216549 2.14522215 403.989351
v 536.809636 7.77221142 400.418407
v 462.674919 -0.1347192 409.208423
v 461.393335 1.94308302 402.066535
v 460.752542 1.71273843 402.066535
v 458.978041 0.62212731 403.027943
v 457.992207 3.3909633 393.825895
v 454.640372 1.70333661 395.611367
v 456.90779 2.97728322 394.375271
v 454.59108 3.82344702 388.332135
v 464.400128 4.6131999 381.876967
v 454.393913 3.80934429 385.447911
v 474.948552 8.20939605 363.198183
v 522.613626 5.8354365 362.923495
v 526.21192 2.14052124 363.060839
v 526.21192 7.7628096 366.494439
v 526.21192 6.47476026 364.708967
v 526.21192 7.7628096 366.494439
v 526.21192 2.14052124 363.060839
v 467.899839 3.27814146 363.747559
v 520.69125 0.97939647 364.983655
v 521.677084 3.04779687 366.631783
v 520.296916 4.77303084 367.455847
v 520.346208 2.31445491 368.417255
v 525.817586 0.01100901 368.417255
v 522.071417 6.98245854 369.103975
v 468.78709 6.06108018 371.164135
v 468.491339 7.94144418 370.889447
v 519.163207 0.13793358 370.889447
v 520.789833 8.9850462 370.477415
v 521.233458 6.93544944 370.202727
v 521.233458 8.35042335 369.928039
v 475.145719 1.83496209 370.202727
v 525.91617 0.73494915 368.417255
v 525.028919 9.12137259 371.713511
v 468.294173 7.34912952 375.284455
v 513.987578 8.94273801 375.421799
v 465.583129 1.53880476 375.421799
v 523.89521 6.65339484 375.284455
v 473.617676 0.49990365 373.636327
v 460.555376 0.41528727 373.911015
v 512.262369 3.28284237 373.361639
v 510.931493 -0.10181283 373.498983
v 516.698622 1.59991659 372.812263
v 463.808628 6.8696367 372.812263
v 454.393913 1.80675663 374.872423
v 460.407501 8.17648968 375.559143
v 504.868614 5.61449373 375.833831
v 517.733748 7.02476673 372.262887
v 466.667546 8.69358978 372.262887
v 466.223921 6.44185389 372.537575
v 517.635164 6.50766663 371.988199
v 518.522415 2.30035218 371.438823
v 467.06188 9.32351172 371.576167
v 468.688506 3.23583327 371.301479
v 459.702605 6.63317312 38.0192867
v 456.572597 7.03006258 23.8464457
v 438.496801 5.35505452 25.1891359
v 440.766056 5.63085906 49.6559351
v 460.485107 6.90897766 54.0569752
v 457.8246 7.13096668 46.9705547
v 424.020513 3.25624924 25.114542
v 421.594757 2.85263284 50.1780924
v 466.275621 7.37313652 46.1500218
v 470.970634 7.8238415 41.1522305
v 472.770388 7.85074926 35.2593124
v 475.352645 8.0929191 48.1640571
v 468.075376 7.36640958 51.5207826
v 471.987886 7.76329904 22.2053799
v 461.73711 7.17805526 64.2017456
v 437.323047 4.7294491 75.1670489
v 459.389604 7.25877854 85.4610071
v 460.876358 7.32604794 74.4211099
v 474.022391 7.87765702 63.8287761
v 468.936128 7.69602964 77.9270232
v 465.80612 7.56149084 83.6707535
v 473.083389 7.9583803 85.6847888
v 424.020513 2.72482098 75.1670489
v 403.675461 0.04077192 75.1670489
v 402.89296 -0.080313 62.6352737
v 403.04946 0.4914769 50.1780924
v 385.051914 -4.116477 50.1780924
v 384.895414 -4.116477 62.6352737
v 384.738913 -4.116477 75.1670489
v 401.406206 -0.18794404 25.1891359
v 403.518961 0.45111526 37.6463172
v 401.562706 -0.38975224 12.6573607
v 385.051914 -4.116477 37.6463172
v 385.051914 -4.116477 25.1891359
v 385.208414 -4.116477 12.6573607
v 491.706936 8.7992478 62.9336493
v 480.360658 8.14673462 75.9875818
v 493.741442 8.9337866 74.2719221
v 501.253461 9.17595644 73.7497648
v 499.610207 8.8328825 61.4417713
v 490.063682 8.55035102 56.1456044
v 489.828932 8.16691544 46.9705547
v 497.497451 8.65125512 52.0429399
v 495.932447 9.65356918 82.6264389
v 484.507918 8.77234004 85.2372254
v 513.538742 9.21631808 84.2675047
v 524.57202 8.85979026 88.7431387
v 520.659511 8.63780124 77.4048659
v 521.442012 8.63780124 69.5725064
v 517.060001 8.67816288 60.4720506
v 513.538742 9.10868704 50.1780924
v 485.29042 8.40908528 16.3870557
v 500.157958 8.7656131 31.0074601
v 496.088948 8.58398572 18.9232483
v 520.268259 9.39121852 35.0355307
v 515.886248 9.2701336 21.4594409
v 519.720508 9.34412994 25.114542
v 518.390255 9.1019601 12.433579
v 525.276272 8.84633638 21.9815982
v 544.917072 9.45848792 50.1780924
v 538.500556 9.4719418 75.2416428
v 536.544301 8.81942862 28.844237
v 536.309551 8.9674213 50.1780924
v 532.08404 8.9337866 41.3760122
v 527.780279 9.18268338 50.1780924
v 528.875781 8.71179758 57.2645129
v 531.692789 8.8328825 30.5598967
v 531.849289 8.9674213 79.0459317
v 533.727294 8.98087518 67.7076589
v 412.126483 2.05212698 50.6256558
v 407.744472 0.256034 50.6256558
v 402.501709 0.24930706 50.6256558
v 495.306446 2.24720824 50.6256558
v 486.855424 3.25624924 54.4299447
v 413.534987 5.12633856 54.4299447
v 414.63049 1.10362844 54.1315691
v 402.501709 2.83917896 54.4299447
v 475.117894 2.57010136 54.4299447
v 464.867118 2.56337442 54.4299447
v 394.285438 0.3569381 50.6256558
v 384.738913 0.256034 50.6256558
v 499.688457 2.83245202 54.4299447
v 496.636699 -3.59850262 54.206163
v 417.447497 4.50746008 54.4299447
v 501.09696 2.610463 54.4299447
v 418.62125 2.57010136 54.4299447
v 496.9497 1.44670238 50.6256558
v 497.732202 0.97581658 50.6256558
v 497.966952 0.22912624 50.6256558
v 417.134496 0.24258012 50.6256558
v 498.749455 5.7384901 53.460224
v 418.543 8.30145424 52.4905033
v 498.436454 -2.62309632 51.5953765
v 418.62125 3.1822529 54.4299447
v 498.749455 3.32351864 54.4299447
v 419.795003 0.24930706 50.6256558
v 498.358204 0.24930706 50.6256558
v -223.942633 7.30099295 77.034319
v -203.063961 6.50259105 80.297407
v -199.987104 7.38083314 51.745387
v -243.628239 8.02506088 51.745387
v -244.444548 7.96449246 80.297407
v -222.71817 5.87212886 100.147859
v -194.115958 4.423993 100.147859
v -243.628239 8.00854222 26.728379
v -199.987104 7.38083314 26.728379
v -252.168087 10.0596092 151.677457
v -232.76505 8.0305671 165.817505
v -229.280038 7.22665898 151.677457
v -223.283307 6.14193364 151.677457
v -218.448246 6.15294608 151.677457
v -239.201332 8.0580982 126.660449
v -222.278619 5.45640925 126.660449
v -219.233158 5.37656906 126.660449
v -218.981986 5.61333652 118.502729
v -216.815628 5.38207528 126.660449
v -200.803413 5.20862935 139.168953
v -201.99648 4.96635567 126.796411
v -199.641742 5.45090303 151.677457
v -209.845605 5.18109825 107.217883
v -187.899451 4.96084945 164.185961
v -209.845605 7.21564654 101.643441
v -240.676968 7.1220408 100.283821
v -207.428074 8.3884714 99.875935
v -238.918764 7.22390587 101.643441
v -207.114109 7.14681879 103.274985
v -208.401366 7.13305324 103.274985
v -211.980567 7.14406568 103.274985
v -240.676968 6.2135145 96.340923
v -239.232729 6.17497096 96.340923
v -208.526952 7.83509629 99.060163
v -240.676968 9.56404937 98.108429
v -208.526952 5.06822074 97.292657
v -240.676968 6.2135145 96.340923
v -207.114109 9.55028382 98.108429
v -237.537318 6.11715565 96.340923
v -205.76406 5.92719106 107.761731
v -236.783802 9.27497282 106.809997
v -204.476803 8.27008767 108.577503
v -205.889646 4.68278534 105.178453
v -238.165248 8.13518528 108.577503
v -207.742039 8.06085131 108.169617
v -208.746727 8.93358718 107.897693
v -243.565446 7.02017573 105.994225
v -243.879411 8.4435336 105.178453
v -243.848014 6.54113459 104.770567
v -243.408463 9.22541684 106.809997
v -211.446826 9.57506181 103.954795
v -210.06538 6.85774224 107.761731
v -243.879411 6.09237766 107.761731
v -243.031705 5.67665805 107.353845
v -209.971191 8.04983887 108.577503
v -213.518995 8.16546949 108.577503
v -241.336294 8.23980346 108.577503
v -280.742891 8.42553942 453.400679
v -265.978706 7.56402711 476.987879
v -252.719608 6.86947455 455.101679
v -254.583049 7.51727838 441.380279
v -299.950666 9.48740343 451.699679
v -299.950666 9.48740343 476.761079
v -290.991816 8.2385445 500.121479
v -261.606788 6.18827877 500.121479
v -309.482882 8.93977545 500.121479
v -313.424776 9.02659452 500.348279
v -242.327342 4.2982944 501.028679
v -238.815473 5.94785673 476.987879
v -242.829038 6.50884149 464.400479
v -230.788344 5.42694231 441.833879
v -273.862494 5.45365587 528.584879
v -299.950666 7.75102203 526.770479
v -251.93123 3.23643039 530.059079
v -252.791279 6.28177623 541.739279
v -275.869277 6.98300718 541.966079
v -251.644546 6.06806775 542.419679
v -240.822256 -0.4433625 546.275279
v -225.914729 -4.116477 549.563879
v -224.122959 -1.00434726 532.213679
v -238.098765 0.65189346 530.852879
v -245.982553 1.93414434 544.460879
v -315.5749 8.80620765 531.193079
v -324.247067 9.25365978 513.616079
v -327.758936 8.75278053 511.348079
v -335.212699 9.12677037 526.770479
v -332.417538 9.43397631 508.513079
v -355.638877 9.48740343 500.121479
v -349.690201 9.48740343 520.193279
v -344.744916 8.49232332 526.316879
v -358.219026 9.48740343 526.770479
v -370.689745 9.48740343 500.121479
v -368.037926 9.51411699 504.544079
v -337.07614 9.48740343 483.678479
v -335.28437 9.48740343 476.761079
v -349.761872 9.48740343 476.761079
v -370.833087 9.02659452 542.759879
v -318.441732 9.38054919 433.555679
v -329.192352 9.38054919 442.400879
v -342.308109 9.36719241 437.638079
v -358.147355 9.55418733 451.699679
v -329.550706 9.48740343 468.936479
v -250.641155 5.01956052 488.894879
v -261.535117 4.92606306 499.441079
v -264.616961 -1.95267864 494.338079
v -231.075027 -1.74564855 525.069479
v -322.526968 -1.7122566 452.380079
v -283.681394 -1.7122566 439.679279
v -320.376844 5.08634442 436.504079
v -251.716217 5.11305798 518.152079
v -327.113899 -1.69222143 449.545079
v -283.251369 -1.85918118 481.864079
v -283.108028 4.88599272 532.553879
v -343.168158 4.98616857 499.327679
v -296.79715 -1.82578923 508.059479
v -255.371428 -1.69222143 470.524079
v -335.141029 -1.79907567 510.327479
v -281.459599 -1.75232694 470.524079
v -233.583505 -1.69222143 502.956479
v -339.72796 4.51868127 474.039479
v -283.538052 4.53203805 474.039479
v -266.695415 4.61217873 474.039479
v -244.835821 4.52535966 474.039479
v -228.208195 4.79917365 530.512679
v -269.84893 -2.15970873 472.792079
v -368.897975 -2.21313585 461.792279
v -243.975771 -2.25988458 492.637079
v -359.939125 -2.02614093 509.420279
v -338.294544 -2.08624644 461.338679
v -268.773868 4.72571136 515.090279
v -227.348145 4.69231941 467.689079
v -287.049922 4.61885712 474.039479
v -266.695415 4.61217873 518.265479
v 93.325378 5.675046 -415.614646
v 82.2874155 2.9430902 -422.681969
v 74.2517788 3.4145339 -403.023438
v 106.570933 6.9926707 -425.118977
v 97.2990445 2.894737 -435.841812
v 51.2045131 -4.116477 -413.340105
v 61.7126534 0.1627812 -408.384855
v 73.1038307 0.5858717 -429.261891
v 63.4787274 -4.116477 -436.897849
v 124.849799 16.5666043 -416.102047
v 156.021005 17.6908162 -413.746273
v 132.26731 14.8863306 -427.474751
v 120.699525 15.1522732 -417.564252
v 136.064369 16.1193372 -423.494305
v 131.384273 14.3544454 -428.449555
v 119.551577 14.620388 -417.97042
v 147.014028 15.6478935 -431.698899
v 128.028732 11.1993991 -432.917403
v 114.871481 11.3807236 -420.244961
v 155.932701 15.6841584 -435.191943
v 110.367992 8.7938274 -422.844436
v 124.231673 8.2740305 -437.710185
v 120.699525 5.8926354 -442.096799
v 113.988444 2.532088 -451.926065
v 88.4686745 -0.3570157 -446.889582
v 76.8125861 -4.116477 -461.430396
v 94.7382372 -4.116477 -479.139321
v 105.7762 -0.3570157 -462.486433
v 122.642206 1.7342602 -466.71058
v 125.379621 3.4749754 -458.668454
v 149.92805 1.7826134 -475.483809
v 136.770798 1.6012889 -473.452969
v 150.281264 3.6804765 -467.847851
v 137.653835 3.8859776 -464.029871
v 151.075998 5.5904279 -460.780527
v 139.066695 5.675046 -456.475147
v 140.656161 7.730057 -450.626327
v 151.694124 7.6212623 -454.119372
v 142.510539 10.4861894 -444.290107
v 153.636805 10.4499245 -447.539451
v 144.364917 13.7137655 -438.522521
v 155.314575 13.9192666 -442.015566
v 144.718131 14.2214741 -437.385251
v 184.984619 0.2232227 -464.517273
v 187.192211 -4.116477 -475.72751
v 164.586464 2.6892359 -468.010318
v 172.798708 4.5024809 -456.881315
v 162.555479 5.2640438 -459.724491
v 171.385849 7.0168473 -451.601131
v 180.48113 5.0101895 -449.32659
v 161.054316 7.3915846 -453.794438
v 158.140294 10.3773947 -447.701918
v 169.796382 10.0751872 -446.077246
v 194.168203 14.8258891 -427.718452
v 201.497411 10.510366 -431.536431
v 195.75767 10.3773947 -434.054673
v 175.359515 12.1543748 -435.029476
v 196.817314 6.4245206 -439.984726
v 176.948982 9.5916552 -439.416091
v 178.80336 7.1014654 -444.533807
v 197.965262 3.3540924 -445.589844
v 155.402879 14.4511518 -441.040763
v 165.822716 15.3698626 -435.273177
v 168.030308 13.774207 -440.390894
v 168.383523 13.290675 -441.446931
v 174.917997 12.9522026 -433.973439
v 172.622101 14.1972975 -427.637219
v 201.055892 -0.0548082 -456.393913
v 205.29447 -4.116477 -467.929084
v 226.840572 -4.116477 -460.780527
v 220.482706 0.6342249 -448.43302
v 214.919573 4.8893065 -436.24798
v 208.561707 7.1498186 -434.054673
v 213.41841 7.7542336 -431.04903
v 229.754594 5.1189842 -423.656772
v 189.488107 17.5820215 -419.026457
v 181.18756 20.6282731 -407.653753
v 195.139544 19.9029751 -401.886167
v 204.146522 18.5490855 -411.146798
v 210.504388 16.3248383 -417.483019
v 193.550077 15.6358052 -426.581182
v 211.387425 15.6841584 -418.295355
v 212.182158 11.4653417 -424.794043
v 200.790981 20.4106837 -396.037348
v 212.623677 18.609527 -401.804934
v 231.962187 8.1652358 -412.365302
v 226.663965 11.8279907 -409.603359
v 224.456372 7.9355581 -421.869633
v 218.098506 11.5741364 -420.00126
v 220.659313 16.7237522 -406.435249
v 221.807261 16.0588957 -407.166351
v 170.061293 -0.3328391 -454.119372
v 87.4090301 11.8884322 -454.200606
v 73.3687418 17.5820215 -453.550737
v 62.7722978 11.0422512 -453.713204
v 174.123264 6.8234345 -453.38827
v 141.627502 8.9630636 -453.875671
v 202.20384 -2.6054395 -453.956905
v 122.73051 1.8309666 -453.794438
v 195.05124 19.1414122 -454.038139
v 62.5073867 2.7617657 -457.287483
v 141.627502 15.1160083 -458.018585
v 152.930375 2.3265869 -457.693651
v 153.018679 10.0510106 -457.693651
v 62.7722978 18.5853504 -457.44995
v 141.627502 8.9147104 -458.018585
v 51.2045131 -3.1615013 -455.987745
v 154.166627 9.6762733 -455.581577
v 212.71198 16.8567235 -453.631971
v 122.200688 13.5687059 -453.713204
v 121.229347 -1.2878148 -453.225803
v 207.67867 -2.1581724 -453.713204
v 177.213893 -3.4878854 -453.956905
v 96.6809186 3.4266222 -453.875671
v 169.708078 14.9467721 -454.119372
v 168.383523 -4.116477 -454.769241
v 153.99002 15.3819509 -455.175409
v 200.52607 6.7267281 -453.794438
v 107.983792 4.1881851 -453.794438
v 23.1876091 15.8749074 -174.873521
v 26.0920531 11.9027106 -199.784371
v 13.7078266 14.290041 -174.873521
v 21.0899551 16.2059238 -162.307871
v 26.0517136 16.2661086 -149.852446
v 18.1048321 15.6241374 -149.852446
v 22.7035351 15.7846302 -138.168596
v 29.4805711 9.4351338 -212.350021
v 24.5188126 11.0701542 -199.784371
v 2.8968406 8.9335938 -174.432621
v -0.3706589 15.2830902 -160.985171
v 12.3766231 13.6480698 -174.873521
v 0.4764706 15.7043838 -160.985171
v 8.9074261 16.4165706 -161.756746
v 4.3490626 14.8016118 -151.395596
v 0.7185076 13.4073306 -140.262871
v 13.4657896 14.942043 -137.948146
v 6.4467166 15.945123 -154.481896
v -1.1371094 15.7545378 -156.135271
v -1.3388069 14.1496098 -151.505821
v 21.8967451 4.8711198 -212.019346
v 31.2151696 5.6334606 -224.695221
v 18.3065296 0.8788614 -224.695221
v 13.1027341 1.1095698 -212.239796
v 3.3405751 -4.116477 -224.805446
v -5.2113989 -4.116477 -212.350021
v 11.8522096 4.4698878 -199.453696
v 17.5804186 7.3988814 -199.453696
v 4.0666861 1.3302474 -199.784371
v -5.7761519 4.3996722 -174.212171
v 30.8521141 1.9621878 -241.890321
v -15.7803479 0.8788614 -174.873521
v -17.6359649 -4.116477 -199.784371
v -40.0647269 -4.116477 -175.314421
v -21.1051619 5.0516742 -160.213596
v -11.3430029 10.0570434 -160.544271
v -30.8673209 0.8788614 -160.544271
v -31.5127529 0.8788614 -155.584146
v -21.2665199 5.1720438 -156.245496
v -12.1901324 9.9968586 -156.245496
v -1.9842389 15.3833982 -156.135271
v -51.3597869 -4.116477 -156.135271
v -24.9777539 3.8780706 -135.853871
v -29.6974754 3.2862534 -130.232396
v -21.9926309 7.2584502 -129.791496
v -18.6041129 7.9806678 -135.743646
v -13.2792989 8.1812838 -142.798046
v -21.1051619 3.6373314 -143.018496
v -14.7718604 11.9628954 -129.350596
v -11.7867374 12.5045586 -135.302746
v -13.6020149 12.5045586 -129.130146
v -10.9799474 13.0161294 -134.861846
v -5.6954729 12.685113 -142.687821
v -6.5829419 12.1133574 -142.908271
v -10.0521389 8.8132242 -151.175146
v -2.5489919 13.7182854 -151.505821
v -19.2495449 4.4197338 -150.624021
v -32.0775059 0.0563358 -136.404996
v -28.4872904 0.0162126 -143.459396
v -29.1327224 0.8788614 -151.064921
v 18.5889061 7.1581422 -193.942446
v -25.5828464 16.0554618 -196.808296
v 18.8712826 3.055545 -192.509521
v -26.3089574 2.4135738 -192.619746
v -28.9310249 -0.2144958 -198.130996
v -32.8842959 7.920483 -197.469646
v 12.3362836 11.4011706 -192.840196
v -27.7611794 14.9219814 -192.729971
v 3.2598961 -0.2144958 -198.130996
v -41.7186464 4.0686558 -199.563921
v 1.4042791 12.1936038 -198.902571
v -43.0095104 5.1419514 -199.674146
v -10.0521389 4.058625 -199.563921
v 3.9860071 9.6156882 -192.619746
v -42.4447574 2.4737586 -192.619746
v -31.4320739 -1.8896394 -192.509521
v -30.7463024 1.601079 -192.509521
v 12.0539071 -2.611857 -192.289071
v -10.0521389 -0.6658818 -193.391321
v -46.7610839 -0.655851 -192.619746
v -5.4534359 13.7584086 -192.399296
v -0.2496404 1.4807094 -192.289071
v -138.948937 -1.79075294 -73.2840295
v -130.678284 -4.116477 -73.2840295
v -144.661042 -0.17116794 -73.2840295
v -127.108218 -4.116477 -48.2758255
v -125.858695 -4.116477 -55.6500395
v -139.66295 -0.19060296 -55.6500395
v -140.614968 -0.15821126 -48.035362
v -129.607264 -4.116477 -44.1077915
v -142.93551 -0.13877624 -44.1077915
v -138.770433 -0.13877624 -36.4129595
v -125.799194 -4.116477 -36.2526505
v -128.179238 -4.116477 -65.7495065
v -140.19846 -0.1970813 -65.829661
v -126.096699 -4.116477 -11.2444465
v -122.229128 -4.116477 -18.1377335
v -137.937418 -0.17116794 -17.8171155
v -143.411519 -0.15821126 -10.9238285
v -149.540133 -0.1646896 -6.2748675
v -132.879825 -4.116477 -6.355022
v -125.680191 -4.116477 -26.233338
v -137.52091 -0.3590398 -26.233338
v -52.3153352 -4.116477 -49.8789155
v -164.296405 6.51447894 -47.6345895
v -167.330962 8.40615422 -35.7717235
v -157.929788 4.09805812 -62.78379
v -164.415408 3.80653282 -73.2840295
v -168.699487 5.12163584 -86.990449
v -151.444168 2.22581786 -88.272921
v -152.753192 1.8435958 -73.2840295
v -147.21959 2.361863 -64.6273435
v -143.47102 1.30589358 -55.730194
v -144.482539 1.44841706 -48.195671
v -146.565078 1.24758852 -44.1077915
v -143.709025 0.7746697 -65.2685795
v -151.146662 5.05685244 -48.195671
v -148.945122 4.31184334 -55.6500395
v -150.432649 4.70702208 -48.195671
v -153.407704 5.10867916 -44.1077915
v -149.897139 3.06800206 -44.1077915
v -147.100587 2.80886846 -48.195671
v -154.121717 5.46498786 -44.1077915
v -148.290609 3.981448 -55.569885
v -171.198533 8.75598458 -23.2676215
v -174.114087 8.1599773 -11.5650645
v -156.263757 7.8360603 -26.233338
v -154.181218 7.58988338 -36.2526505
v -161.142847 8.16645564 -11.8856825
v -154.538225 4.81067552 -11.965837
v -155.90675 8.78837628 -18.4583515
v -156.620763 9.14468498 -18.538506
v -161.85686 8.52276434 -11.965837
v -155.609245 7.79719026 -26.233338
v -153.407704 7.23357468 -36.2526505
v -164.415408 6.75417752 -6.996258
v -163.820397 6.39786882 -6.9161035
v -148.409612 4.22114658 -36.2526505
v -150.313647 4.38310508 -26.233338
v -144.363537 1.9083792 -26.233338
v -143.352018 1.7788124 -36.332805
v -149.42113 5.34837774 -18.4583515
v -143.828027 2.4266464 -18.217888
v -149.064124 2.12216442 -11.645219
v -154.240719 1.63628892 -6.67564
v -158.286794 3.74822776 -6.9161035
v -71.7126938 5.12811418 -6.996258
v -78.1388126 -1.46683594 -62.142554
v -55.4688935 5.09572248 -61.020391
v -136.866398 -1.57048938 -35.9320325
v -101.701248 -1.51866266 -62.142554
v -108.722378 -1.2336157 -62.142554
v -78.0793115 5.45203118 -73.7649565
v -93.252092 5.44555284 -60.379155
v -109.436391 -1.22713736 -62.142554
v -158.108291 -1.17531064 -52.9247865
v -97.9526789 5.4390745 -44.508564
v -101.939253 -1.25952906 -62.142554
v -114.315481 -1.19474566 -21.3439135
v -75.2827598 5.41963948 -80.1773165
v -163.939399 4.94672066 -51.3216965
v -70.5821729 4.90785062 -76.730673
v -90.2175359 4.99206904 -63.3448715
v -70.046663 -1.7194912 -74.5665015
v -166.676449 -1.57048938 -24.7104025
v -70.5821729 4.90785062 -38.4969765
v -70.5821729 4.90785062 -64.3067255
v -162.094865 -1.63527278 -64.38688
v -170.306016 5.02446074 -20.3820595
v -58.4439485 -1.5899244 -44.027637
v -170.603522 -1.59640274 -33.286934
v -125.442187 -1.60935942 -53.485868
v -118.62459 -0.18973698 -299.905455
v -119.784325 -0.18555069 -292.390689
v -104.55813 -4.116477 -292.152125
v -103.772503 -4.116477 -299.845814
v -105.362462 -4.116477 -303.304992
v -120.49513 -0.0976386 -303.603197
v -119.428923 -0.09345231 -284.875923
v -103.66027 -4.116477 -284.458436
v -117.89508 -0.16043295 -280.820335
v -102.145133 -4.116477 -280.52213
v -102.219955 -4.116477 -278.196131
v -118.156955 -0.1813644 -278.315413
v -120.513836 -0.21904101 -273.186287
v -104.745184 -4.116477 -273.245928
v -106.653134 -4.116477 -313.265039
v -126.649207 2.14202655 -303.722479
v -123.469289 0.91125729 -303.662838
v -122.253438 1.04940486 -299.905455
v -125.470767 2.29273299 -299.845814
v -124.909605 2.04155559 -284.935564
v -121.916741 0.78985488 -284.935564
v -122.852011 0.89032584 -292.390689
v -126.013223 2.15458542 -292.390689
v -123.26353 1.96620237 -280.999258
v -120.439014 0.76055085 -280.939617
v -123.319646 1.96620237 -278.434695
v -120.513836 0.71868795 -278.375054
v -107.532288 -4.116477 -266.864341
v -122.57143 -0.19810956 -266.864341
v -123.170003 -0.14368779 -259.64778
v -108.09345 -4.116477 -259.64778
v -121.804508 -0.16043295 -252.431219
v -106.952421 -4.116477 -252.371578
v -125.639115 0.75217827 -259.64778
v -128.313988 1.97457495 -259.64778
v -124.460675 0.5721678 -252.431219
v -124.947016 0.76892343 -266.864341
v -127.360012 1.89922173 -266.864341
v -122.702368 0.74380569 -273.186287
v -124.92831 1.83224109 -273.186287
v -130.483814 3.43140387 -266.864341
v -140.435087 3.8793369 -273.245928
v -131.531316 3.47745306 -259.64778
v -127.995996 3.33930549 -273.245928
v -126.649207 3.50675709 -278.553977
v -138.321377 4.03422963 -281.416745
v -126.79885 3.58211031 -280.939617
v -128.631979 3.7118853 -284.995205
v -125.994518 3.41465871 -280.939617
v -125.86358 3.34349178 -278.553977
v -127.827647 3.53606112 -284.935564
v -127.210369 3.18441276 -273.245928
v -129.735598 3.23464824 -266.864341
v -130.7831 3.25976598 -259.588139
v -136.35731 4.30633848 -303.78212
v -135.66521 4.45285863 -299.845814
v -130.109706 3.94631754 -292.390689
v -129.903947 4.18493607 -299.845814
v -137.517044 4.32308364 -292.688894
v -130.857922 3.94631754 -303.78212
v -129.997474 3.73281675 -303.78212
v -129.660776 3.13417728 -313.384321
v -129.062204 3.97980786 -299.845814
v -129.286668 3.75793449 -292.390689
v -118.905171 3.31418775 -292.45033
v -119.017404 0.26656863 -292.688894
v -121.280757 0.24982347 -292.688894
v -118.362715 3.2932563 -292.45033
v -117.726731 3.33093291 -292.45033
v -118.58718 0.24982347 -292.688894
v -138.078206 -3.47597463 -290.422536
v -140.435087 -2.4000981 -290.422536
v -136.899766 -3.29596416 -290.541818
v -136.469542 -2.45033358 -290.422536
v -118.287893 -2.75593275 -290.422536
v -116.192888 2.86206843 -290.840023
v -116.155478 -0.48696357 -291.197869
v -135.272396 -2.40847068 -290.422536
v -135.889675 -3.2373561 -290.541818
v -116.02454 1.20429759 -291.615356
v -136.039318 -3.2373561 -290.541818
v -115.987129 2.89974504 -292.390689
v -115.837486 2.89974504 -292.032843
v -116.417353 2.77415634 -292.45033
v -116.061951 2.89137246 -292.748535
v -135.721326 -2.62197147 -292.688894
v -135.983202 3.42303129 -292.45033
v -117.184275 0.20796057 -292.688894
v -136.488247 0.20796057 -292.688894
v 427.470702 4.5683907 283.834522
v 428.653003 4.56331183 288.468759
v 443.421746 5.52829713 290.309757
v 438.73262 5.27435363 278.121079
v 427.951638 3.87258551 279.708146
v 425.1061 3.88274325 275.200875
v 437.109461 3.8573489 263.075679
v 424.625164 3.7049828 272.788532
v 431.478502 4.29413172 293.166479
v 431.91936 4.91883273 295.705787
v 427.290351 2.07466553 293.166479
v 430.616825 3.92337421 293.166479
v 427.851443 4.13668675 288.468759
v 425.005905 2.09498101 288.595724
v 427.671092 2.51144835 295.832752
v 431.017605 4.57854844 295.705787
v 431.578697 6.27996989 301.482713
v 443.161239 6.08189396 301.482713
v 430.616825 5.9904743 301.41923
v 432.400296 6.26473328 305.037744
v 437.289812 4.87820177 314.496666
v 431.418385 5.97523769 305.291675
v 427.631014 3.37993512 306.053467
v 428.131989 0.89636769 316.083734
v 432.52053 2.57239479 315.258458
v 436.207706 4.52268087 314.623631
v 427.049883 3.4002506 301.546195
v 433.983377 2.50129061 326.748827
v 438.13145 4.59886392 326.304448
v 429.133939 0.82018464 327.256689
v 411.720048 -4.116477 318.940455
v 423.943838 -0.36319207 316.845526
v 419.074361 -0.37842868 307.830983
v 406.529947 -4.116477 310.878152
v 406.409713 -4.116477 300.847886
v 418.69362 -0.3581132 301.736643
v 418.853932 -0.3073245 288.849655
v 405.207373 -4.116477 289.294034
v 407.87256 -4.116477 293.356927
v 421.198495 -0.32763998 293.229962
v 407.972755 -4.116477 295.76927
v 421.178456 -0.33779772 296.0232
v 424.284501 0.83542125 295.959718
v 422.801615 1.23157311 301.609678
v 423.222434 1.21125763 307.005707
v 423.983916 0.64242419 293.229962
v 424.524969 -0.34287659 327.637585
v 412.742037 -4.116477 328.018481
v 402.401913 -4.116477 275.137392
v 416.769876 -0.09401196 272.915498
v 419.214634 0.90652543 272.915498
v 418.473191 -0.27177241 283.771039
v 404.325657 -4.116477 283.771039
v 404.526047 -4.116477 279.644664
v 418.89401 -0.2565358 279.644664
v 417.030383 -0.23622032 275.137392
v 419.535258 0.7592382 275.137392
v 421.438963 0.55100453 279.644664
v 422.120289 2.03911344 275.137392
v 421.839743 1.95785152 272.852015
v 421.29869 0.80494803 283.771039
v 424.224384 2.31337242 283.771039
v 424.324579 1.80548542 279.644664
v 424.264462 3.48659139 275.137392
v 423.863682 3.35454077 272.788532
v 427.130039 3.47135478 279.644664
v 421.799665 0.61195097 288.72269
v 426.669142 4.15700223 283.834522
v 406.930727 2.67397219 304.085503
v 429.755148 -0.67808201 305.355157
v 429.354368 -2.91278481 304.593365
v 407.351546 -1.63290957 303.704607
v 426.90961 -1.31294076 303.704607
v 407.892599 -0.42921738 304.022021
v 429.194056 1.18586328 305.736053
v 428.71312 -1.65322505 306.180432
v 429.214095 -1.47038573 306.180432
v 430.035694 2.87712699 306.434363
v 407.47178 4.97977917 306.434363
v 409.716148 2.77047072 306.434363
v 405.928777 5.85842368 306.434363
v 402.401913 4.96962143 306.434363
v 425.406685 5.27435363 306.434363
v 403.784604 1.97308813 304.085503
v 404.526047 2.03911344 304.085503
v 422.921849 2.46065965 304.085503
v 405.387724 2.11529649 304.085503
v 406.790454 2.64857784 304.085503
v 406.028972 2.25242598 304.085503
v -146.837617 -4.116477 91.1873599
v -158.991238 -0.09574462 84.0006475
v -159.492861 -0.07655258 91.4440282
v -147.568554 -4.116477 94.2673795
v -160.008817 -0.07175457 93.5829307
v -163.806823 -0.06215855 100.17075
v -150.535299 -4.116477 100.17075
v -162.287621 0.91183748 93.4973746
v -164.896063 2.16411809 93.4973746
v -165.841981 0.90224146 100.17075
v -164.53776 2.17371411 91.3584721
v -161.843325 0.91183748 91.3584721
v -164.236786 2.06815789 84.0006475
v -161.714337 0.84946335 84.0006475
v -143.025278 -4.116477 76.728379
v -154.490958 -0.76266801 76.728379
v -167.963132 4.17928229 84.0006475
v -167.361184 3.96816985 84.0006475
v -167.819811 3.92978577 91.272916
v -167.160535 3.57953104 91.272916
v -168.063457 3.89140169 93.4973746
v -167.418512 3.56993502 93.4973746
v -170.026955 3.51715691 100.17075
v -168.034793 2.13533003 100.17075
v -170.571574 3.70907731 100.17075
v -169.983958 3.68508726 101.967428
v -167.848475 2.23608824 102.052985
v -170.528578 3.87220965 101.967428
v -171.933124 4.03534199 121.474219
v -167.791147 4.48155692 113.34639
v -167.776815 4.51514299 109.068585
v -172.363087 3.96337184 126.693141
v -169.396342 2.5047768 126.693141
v -168.665405 2.20730018 121.388663
v -171.4315 3.87700766 121.474219
v -171.875795 3.81943154 126.693141
v -166.673243 1.13734395 126.693141
v -165.97097 0.83506932 121.388663
v -169.009375 2.54795889 129.088712
v -166.271944 1.14693997 129.003156
v -164.19379 -0.07175457 126.778698
v -163.821155 -0.10534064 128.9176
v -164.867399 2.65351511 113.431946
v -167.289523 4.31842458 113.34639
v -167.260859 4.34721264 109.068585
v -164.695413 2.61513103 108.897473
v -165.526675 0.94062554 102.052985
v -159.908492 -0.02857248 113.517502
v -163.677834 -0.14372472 121.303107
v -152.957423 -4.116477 121.217551
v -147.855196 -4.116477 113.260834
v -159.69351 -0.11013865 108.72636
v -147.511225 -4.116477 108.811917
v -153.27273 -4.116477 126.693141
v -152.814102 -4.116477 128.832044
v -150.434974 -4.116477 101.967428
v -163.419856 -0.07175457 102.052985
v -162.258956 1.15653599 113.517502
v -162.043975 1.07976783 108.811917
v -157.873334 -0.37882721 147.312161
v -147.382237 -4.116477 147.312161
v -148.915771 -4.116477 138.499883
v -160.653761 -0.0861486 138.414327
v -160.352787 -0.06215855 135.163195
v -148.328155 -4.116477 135.163195
v -163.462853 1.33886037 135.163195
v -158.446618 -0.38362522 151.589966
v -162.531266 -0.31165507 158.177786
v -151.710531 -4.116477 157.835562
v -148.22783 -4.116477 151.589966
v -160.825746 1.14693997 147.312161
v -161.313038 1.1133539 151.589966
v -165.182705 1.01259569 158.177786
v -166.845228 3.19569024 138.756551
v -169.568327 5.1436823 138.927664
v -167.819811 5.51792708 147.312161
v -164.308447 3.09013402 147.312161
v -170.141611 5.32600668 138.927664
v -168.393095 5.70504947 147.312161
v -168.522084 5.61388728 151.761079
v -169.152696 5.66186738 151.761079
v -163.663502 1.38204246 138.585439
v -166.716239 3.06614397 135.163195
v -169.482335 4.92777185 135.248751
v -167.977464 2.70629322 158.09223
v -164.695413 3.03735591 151.675523
v -170.858216 2.43280665 164.252269
v -170.055619 5.10529822 135.248751
v -172.047781 4.00655393 129.174268
v -171.546157 3.85301761 129.088712
v -172.076445 4.97095394 158.263342
v -155.250559 0.74870514 123.86979
v -170.800888 -1.0457506 123.784234
v -169.897966 -1.2856511 123.784234
v -172.363087 -0.86342622 123.784234
v -153.459047 0.74870514 123.86979
v -153.559372 0.74870514 123.86979
v -168.120785 -1.16570085 123.784234
v -153.330058 -1.21368095 123.784234
v -154.576951 0.74870514 123.86979
v -153.043416 0.74870514 123.86979
v -154.017999 0.62395688 124.896463
v -153.774353 4.86059971 125.324244
v -168.56508 -0.42680731 125.83758
v -168.579412 2.8886176 126.094249
v -172.363087 -1.56393568 127.719815
v -170.127279 -1.5735317 127.719815
v -168.436091 0.40804643 126.607585
v -168.364431 4.25125244 127.120922
v -168.192446 -1.93338245 127.463146
v -154.720272 2.40401859 128.233151
v -168.679737 -1.17049886 127.719815
v -168.579412 -1.20888294 127.719815
v -308.475154 4.44713852 630.94679
v -315.118152 11.6162203 624.223471
v -334.417811 11.6162203 638.736001
v -316.236973 11.9992261 622.993595
v -335.117074 11.9501228 637.178159
v -349.731671 9.632447 611.760732
v -293.440999 -4.116477 646.771188
v -300.643408 -0.30606092 639.14596
v -295.259083 15.986414 616.188284
v -290.643947 13.5410697 608.973014
v -325.956729 10.9385948 599.625961
v -299.174956 15.8685661 619.795919
v -290.713874 6.13629204 628.405047
v -298.056135 15.4560984 620.943803
v -361.828921 9.74047426 600.117911
v -372.108087 9.22979994 576.750276
v -332.73958 8.31647856 576.750276
v -301.622376 8.93518014 576.750276
v -281.064044 14.4936737 606.431272
v -276.518835 14.2088746 598.970027
v -275.190235 13.2562705 589.376998
v -275.260161 10.5359477 579.210027
v -275.120309 13.6785589 599.707952
v -261.904238 5.93005818 603.643554
v -261.135049 6.20503666 591.426791
v -273.791709 12.9321888 589.704965
v -273.931562 10.1922246 579.292019
v -262.25387 4.21144268 581.505795
v -257.988365 4.65337238 573.5526
v -268.337458 10.5064857 570.764882
v -269.456278 10.8011055 570.354924
v -263.652396 10.9385948 565.927372
v -254.212345 4.85960624 568.879073
v -262.463648 10.6537956 566.33733
v -262.393722 10.9975187 562.893679
v -261.135049 10.7225403 563.303637
v -247.779125 0.04748284 593.3126
v -249.737062 -0.03108244 583.719571
v -248.128757 -0.11946838 576.012351
v -248.198683 -0.188213 607.169197
v -253.093524 4.95781284 565.763388
v -243.653474 -0.08018574 568.305131
v -244.772295 -0.0900064 571.584799
v -237.150328 -4.116477 586.09733
v -234.213423 -4.116477 579.456002
v -236.451065 -4.116477 594.706459
v -236.870623 -4.116477 610.69484
v -230.577256 -4.116477 575.520401
v -228.968951 -4.116477 571.994758
v -270.015689 -4.116477 642.589611
v -258.547776 -4.116477 633.324549
v -267.638195 -0.15875102 626.765213
v -277.218098 -0.14893036 634.964383
v -280.924192 -0.30606092 638.490026
v -273.791709 -4.116477 646.115254
v -268.896868 5.93987884 614.302475
v -278.896329 5.9496995 618.648035
v -279.735445 13.99282 607.33318
v -246.94001 -4.116477 628.569031
v -257.079323 -0.17839234 621.927703
v -287.00778 5.95952016 624.715421
v -289.315348 13.069678 609.874923
v -294.140262 15.5641256 617.418159
v -367.353098 8.93518014 645.131354
v -290.993579 8.81733222 619.795919
v -341.550294 -1.22920296 637.752101
v -338.40361 -1.23902362 632.914591
v -300.014072 8.96464212 614.794425
v -247.849052 -1.0720724 589.622973
v -345.256388 8.58163638 627.749114
v -259.107186 -1.43543682 565.271438
v -263.582469 -1.47471946 604.709446
v -306.09766 -1.42561616 621.107786
v -232.95475 8.9941041 632.996582
v -286.518296 9.12177268 634.472433
v -273.58193 -1.23902362 591.262807
v -370.220077 -1.3175889 583.309612
v -248.338536 -1.38633352 605.611355
v -345.116535 9.26908258 610.448865
v -286.658148 -0.79709392 597.822143
v -337.284789 -0.70870798 618.40206
v -299.874219 -0.74799062 616.762226
v -284.909991 -0.63996336 589.622973
v -135.518255 6.00784436 -217.36733
v -133.264171 6.31356116 -221.844073
v -131.857487 6.0486066 -224.919401
v -134.687803 5.7428898 -217.289474
v -132.620147 6.16070276 -221.844073
v -134.975919 5.35564852 -215.693418
v -135.772475 5.59512668 -215.693418
v -131.416839 3.03729612 -215.343064
v -130.976191 3.3481082 -217.328402
v -127.705227 3.59268164 -221.805145
v -131.247359 5.78365204 -224.919401
v -126.620555 3.41944212 -224.958329
v -126.739191 1.31509148 -217.36733
v -123.807187 1.54437908 -221.649432
v -127.637435 1.14694724 -214.875925
v -123.112319 1.60042716 -225.269755
v -139.484087 5.48303052 -208.608485
v -135.043711 3.09843948 -208.452772
v -138.534999 5.22317124 -208.530629
v -131.281255 1.2845198 -208.491701
v -131.840539 3.8066834 -239.945686
v -132.281187 4.32130668 -231.692908
v -129.755935 4.3416878 -244.578142
v -129.603403 4.35187836 -248.276321
v -128.722107 2.29338524 -231.770764
v -131.603267 4.08182852 -231.692908
v -125.756207 0.87180212 -231.809692
v -131.145671 3.55701468 -239.945686
v -128.417043 2.06919292 -239.945686
v -126.078219 2.49719644 -244.61707
v -129.044119 4.09201908 -244.578142
v -128.874639 4.09711436 -248.276321
v -123.163163 1.13675668 -244.500286
v -107.791327 -4.116477 -231.692908
v -107.198147 -4.116477 -239.789973
v -122.790307 -0.1421586 -239.906758
v -123.315695 -0.10649164 -231.809692
v -119.197331 -0.11158692 -225.503324
v -104.791531 -4.116477 -225.736893
v -119.773563 -0.22877836 -244.344573
v -104.977959 -4.116477 -244.539214
v -125.349455 0.75970596 -239.945686
v -119.654927 -0.167635 -221.415863
v -110.909759 -4.116477 -208.764198
v -127.857759 -0.07591996 -208.608485
v -108.418403 -4.116477 -214.525572
v -123.552967 -0.26444532 -214.175218
v -107.621847 -4.116477 -217.36733
v -104.842375 -4.116477 -221.143366
v -121.925959 -0.20330196 -217.36733
v -116.519547 5.18750428 -232.588256
v -133.637027 6.28808476 -232.821826
v -116.061951 -4.10628644 -232.782897
v -133.637027 -1.80321988 -232.315759
v -116.570391 -2.06817444 -232.354687
v -116.705975 -2.03760276 -232.354687
v -135.467411 -0.92683172 -232.354687
v -119.095643 -1.47712196 -232.354687
v -134.806439 -2.03760276 -233.288964
v -134.281051 2.10485988 -233.055395
v -135.365723 -3.0464682 -233.36682
v -135.891111 -2.08855556 -233.288964
v -136.280915 -3.11780212 -233.36682
v -135.501307 -3.0464682 -233.36682
v -119.417655 -2.460511 -233.288964
v -139.484087 -2.0274122 -233.288964
v -137.348639 -3.33689916 -233.288964
v -119.959991 -3.03118236 -232.354687
v -122.129335 -1.57902756 -232.354687
v 441.460052 6.5820766 346.684849
v 442.637057 6.21787052 348.934843
v 441.522 6.05283964 353.012956
v 441.583947 5.92195308 349.14578
v 437.309563 3.4521806 350.130152
v 437.144369 3.51477852 354.067641
v 440.448241 6.26339628 346.825474
v 435.471784 3.62859292 347.809846
v 431.135452 1.40921212 348.653593
v 432.973231 1.34092348 351.044212
v 436.215155 7.53242684 340.637991
v 435.100099 7.20236508 340.567679
v 443.483674 2.70669628 362.29418
v 447.902603 4.74397404 361.309807
v 442.595758 5.7853758 357.302006
v 438.342023 3.2530054 358.427003
v 447.592865 4.80088124 366.442605
v 448.294938 4.6187782 362.92699
v 444.371589 2.71807772 363.84105
v 443.669517 2.88879932 367.49729
v 440.076556 1.0336246 364.825423
v 439.374483 1.13036684 368.551974
v 439.18864 0.99948028 363.20824
v 435.285941 -0.28093172 363.981675
v 434.067639 1.22710908 359.481688
v 430.061694 -0.29231316 360.46606
v 436.173857 -0.28093172 365.739482
v 432.74609 1.33523276 355.122325
v 428.554302 -0.29800388 356.036385
v 428.822742 -0.23540596 351.817647
v 416.268028 -4.116477 353.716079
v 415.586605 -4.116477 358.427003
v 427.026261 -0.22402452 349.427029
v 414.595443 -4.116477 350.833275
v 417.052698 -4.116477 362.997303
v 421.90526 -4.116477 366.653542
v 422.68993 -4.116477 368.481662
v 421.079292 -0.17849876 341.341114
v 408.916913 -4.116477 340.919241
v 429.958448 4.12368556 340.989553
v 425.415624 1.60838732 341.20049
v 437.412809 -4.116477 405.747181
v 446.023526 -0.15004516 391.825346
v 432.188561 -4.116477 398.08314
v 444.681328 -4.116477 412.497162
v 431.631033 -4.116477 393.934715
v 445.445348 -0.1898802 388.661292
v 448.460131 0.74339788 390.840974
v 442.182774 -0.24109668 385.215989
v 429.38027 -4.116477 389.223791
v 428.141318 -4.116477 385.286302
v 441.150314 -0.2467874 381.419125
v 427.872879 -4.116477 380.012879
v 447.923252 0.65803708 387.817545
v 450.731543 1.858779 386.833172
v 448.769869 2.12624284 383.247245
v 445.445348 0.77185148 384.231617
v 444.557432 0.73770716 380.364441
v 448.026498 2.06933564 379.309756
v 450.81414 3.64566508 378.395696
v 441.088367 -0.2467874 376.286327
v 438.734358 -0.25816884 372.770712
v 425.76666 -4.116477 376.286327
v 436.194506 -0.26955028 370.801968
v 422.731228 -4.116477 374.106646
v 435.451135 -0.275241 369.395722
v 421.657469 -4.116477 372.489463
v 439.993959 1.05069676 369.887908
v 442.389266 0.9198102 371.78634
v 446.250667 2.47906748 370.661343
v 444.123799 2.854655 368.833224
v 444.640029 0.70356284 375.372267
v 448.253639 2.01242844 374.247271
v 451.185825 3.58875788 373.192586
v 449.657785 4.28871644 369.676971
v 447.881954 4.71552044 367.848851
v 437.268265 4.49927308 388.661292
v 436.917228 6.1552726 389.083166
v 436.917228 4.44236588 389.223791
v 416.453871 3.60013932 388.59098
v 437.39216 3.71964444 388.59098
v 436.545543 -1.15161188 388.309731
v 436.029313 -1.3564778 388.309731
v 436.049962 -3.78641524 389.575352
v 436.731385 6.9235198 389.364415
v 414.94648 3.38389196 389.715977
v 414.822584 5.66017996 389.575352
v 432.622195 6.40566428 388.59098
v 408.916913 6.06422108 388.59098
v 414.141161 6.07560252 388.59098
v 412.551172 7.06009708 388.59098
v 432.601545 -4.07664196 390.911286
v 433.159074 0.02067644 390.840974
v 412.86091 4.3626958 390.559724
v 411.498063 -3.45066276 391.122223
v 408.916913 -1.76620964 391.614409
v 414.058564 6.57069516 390.278475
v 413.872721 3.84484028 390.4191
v 435.017502 -2.01660132 390.559724
v 435.451135 4.55048956 390.278475
v 435.409837 3.92451036 390.137851
v 414.223757 7.33325164 389.926914
v 435.781522 -1.16868404 389.856601
v 414.905181 -0.03623076 389.786289
v -161.731079 7.49160966 49.7170322
v -162.025291 7.49160966 54.778504
v -162.819663 6.61830954 39.7912888
v -160.760179 7.49160966 28.2879438
v -160.054071 7.13435052 28.4194106
v -162.157686 6.2610504 39.7912888
v -157.362031 3.33492792 39.8570222
v -155.361389 4.0778001 28.4194106
v -161.054391 7.13435052 49.7170322
v -156.273446 3.822615 49.7827656
v -160.333572 7.01526414 19.7426018
v -160.921996 7.37252328 19.8083352
v -161.304472 7.13435052 54.9099708
v -164.629067 5.89812048 7.7133896
v -159.318541 3.41431884 7.9105898
v -163.084454 7.2534369 11.4601934
v -162.48132 6.89617776 11.4601934
v -165.217491 6.25537962 7.8448564
v -157.58269 4.09481244 11.6573936
v -155.081888 1.56564456 7.6476562
v -153.301905 1.88887902 11.5259268
v -155.596759 4.00407996 19.8740686
v -160.392414 1.3841796 70.883187
v -157.715085 1.57698612 62.8637122
v -161.451578 3.57877146 62.8637122
v -163.761142 3.10242594 70.883187
v -162.907927 2.86425318 74.3670572
v -155.420232 -0.5722395 70.9489204
v -153.022404 -0.3454083 62.9294456
v -156.906002 4.04377542 54.9099708
v -168.542087 5.85275424 70.883187
v -167.821267 5.58622758 70.883187
v -165.68823 6.36312444 62.8637122
v -166.42376 6.67501734 62.8637122
v -142.563167 -4.116477 71.0146538
v -138.429489 -4.116477 62.995179
v -153.816776 1.2991179 39.8570222
v -152.095636 1.70174328 49.7827656
v -152.787034 1.76412186 54.9099708
v -151.154158 1.84351278 28.4194106
v -151.330685 1.84351278 19.939802
v -150.359785 -0.1185771 7.121789
v -148.094353 2.90961942 42.0919578
v -163.158007 1.4408874 42.6835584
v -163.158007 6.47086926 41.631824
v -149.889046 2.7735207 40.7772898
v -163.996511 2.21778426 40.7772898
v -163.834695 2.35955376 40.7772898
v -165.850047 3.27822012 40.7772898
v -148.094353 -2.78951448 41.2374236
v -163.158007 -0.43047 40.7772898
v -166.011864 -0.7707168 43.275159
v -150.286232 1.63369392 43.3408924
v -150.97763 1.63369392 43.3408924
v -166.938631 -0.4871778 43.275159
v -148.712198 1.63369392 43.3408924
v -149.138805 1.63369392 43.3408924
v -149.00641 -0.6856551 43.275159
v -164.187749 -0.6289473 43.275159
v -149.24178 1.63369392 43.3408924
v -168.542087 -0.27168816 43.275159
v -168.542087 -0.16394334 42.617825
v -166.673841 -0.16394334 42.617825
v -166.923921 3.74322408 42.0919578
v -166.673841 4.70725668 42.4206248
v -166.673841 4.77530604 41.6975574
v -151.610186 0.90783408 41.4346238
v -151.610186 -4.04842764 41.1716902
v -166.673841 2.35955376 40.7772898
v -153.478432 -4.04842764 41.1716902
v -168.542087 2.35955376 40.7772898
g 326_01_ground029_object6_object24_section_00_high32
# Section index: 0
# Shared vertex decode mode: high32
f 280 251 277 276
f 279 276 275 278
f 274 275 276 277
f 255 252 253 254
f 251 253 252 277
f 281 251 280 280
f 246 250 227 229
f 247 246 229 230
f 249 248 268 269
f 246 247 248 249
f 272 250 270 273
f 249 269 271 270
f 246 249 270 250
f 254 250 258 258
f 250 254 228 227
f 284 285 264 256
f 258 286 283 283
f 255 254 258 283
f 258 250 272 286
f 281 284 256 256
f 254 253 231 228
f 255 283 282 282
f 252 255 282 277
f 251 257 231 253
f 256 264 231 257
f 281 256 257 251
f 245 242 241 244
f 222 229 227 223
f 223 227 228 226
f 223 226 219 220
f 231 264 262 228
f 262 263 226 228
f 222 230 229 229
f 217 225 224 218
f 219 261 259 215
f 259 260 216 215
f 217 218 215 216
f 218 224 221 220
f 222 223 220 221
f 220 219 215 218
f 241 242 237 237
f 242 230 222 237
f 237 236 240 241
f 267 245 244 266
f 243 244 241 240
f 266 244 243 265
f 225 238 232 224
f 236 237 235 234
f 234 235 232 233
f 226 263 261 219
f 233 232 238 239
f 224 232 235 221
f 221 235 237 222
g 326_01_ground029_object6_object24_section_01_high32
# Section index: 1
# Shared vertex decode mode: high32
f 333 332 334 335
f 332 322 336 337
f 332 331 322 322
f 328 318 322 331
f 340 326 328 331
f 327 326 340 341
f 338 334 332 337
f 336 322 321 339
f 330 331 332 333
f 318 320 321 322
f 300 319 323 302
f 300 298 318 319
f 298 297 320 318
f 324 318 328 326
f 323 319 325 329
f 319 318 324 325
f 325 324 326 327
f 334 338 350 349
f 335 334 349 348
f 338 337 351 350
f 339 321 320 344
f 340 331 342 341
f 342 331 330 330
f 353 346 349 350
f 346 347 348 349
f 350 351 352 353
f 351 339 343 352
f 297 296 344 320
f 343 339 344 345
f 296 299 311 354
f 337 336 339 351
f 384 317 386 387
f 291 289 303 304
f 289 288 301 303
f 301 288 300 302
f 305 291 304 304
f 310 307 306 306
f 306 307 308 309
f 305 304 374 375
f 300 288 287 298
f 356 355 373 357
f 293 287 290 294
f 292 290 289 291
f 370 360 359 371
f 287 288 289 290
f 388 369 367 389
f 294 290 292 295
f 293 299 296 296
f 297 298 287 287
f 315 381 392 390
f 389 367 364 391
f 287 293 296 297
f 306 376 377 310
f 382 309 308 316
f 366 365 372 373
f 368 369 370 371
f 299 293 307 312
f 354 311 314 362
f 361 315 390 363
f 391 364 363 390
f 312 307 310 378
f 372 358 357 373
f 380 309 382 383
f 316 385 382 382
f 385 316 317 384
f 371 359 358 372
f 308 294 295 316
f 365 368 371 372
f 373 355 362 366
f 313 312 378 381
f 355 345 354 362
f 379 309 380 380
f 368 367 369 369
f 306 309 379 376
f 358 353 352 357
f 356 343 345 355
f 377 378 310 310
f 368 365 364 367
f 293 294 308 307
f 366 362 361 363
f 363 364 365 366
f 315 314 313 381
f 359 346 353 358
f 345 344 296 354
f 311 312 313 314
f 314 315 361 362
f 360 347 346 359
f 311 299 312 312
f 352 343 356 357
g 326_01_ground029_object6_object24_section_02_high32
# Section index: 2
# Shared vertex decode mode: high32
f 406 447 443 405
f 488 489 448 449
f 487 483 443 447
f 445 485 486 446
f 445 446 410 404
f 490 448 489 491
f 448 490 493 493
f 453 454 451 493
f 451 449 448 493
f 450 492 488 449
f 450 449 451 452
f 405 443 444 403
f 479 435 434 434
f 441 478 480 479
f 441 479 434 442
f 442 429 428 427
f 442 434 433 429
f 479 480 481 481
f 444 484 485 445
f 403 444 445 404
f 443 483 484 444
f 436 435 479 482
f 471 436 482 482
f 458 457 462 461
f 463 453 493 495
f 457 454 453 462
f 410 419 408 407
f 462 453 463 461
f 496 495 493 493
f 465 431 461 461
f 475 437 464 495
f 465 464 437 431
f 465 461 463 464
f 463 495 464 464
f 410 446 460 419
f 446 450 452 455
f 455 456 446 446
f 492 450 486 494
f 454 455 452 451
f 486 450 446 446
f 459 456 457 458
f 461 431 417 458
f 419 460 458 417
f 457 456 455 454
f 459 458 460 460
f 459 460 446 456
f 416 415 401 409
f 416 409 417 418
f 411 413 468 469
f 414 412 402 402
f 401 415 414 402
f 408 419 417 409
f 423 427 428 424
f 425 421 414 415
f 422 421 425 426
f 415 416 420 420
f 423 424 421 422
f 411 402 412 413
f 399 400 401 402
f 396 395 466 467
f 399 397 398 400
f 393 394 395 396
f 397 395 394 398
f 398 403 404 400
f 408 409 401 407
f 404 410 407 407
f 404 407 401 400
f 394 405 403 398
f 393 406 405 394
f 438 437 475 473
f 476 440 439 474
f 439 438 473 474
f 438 430 431 437
f 426 430 438 439
f 440 423 422 439
f 440 476 477 477
f 441 442 427 440
f 441 440 477 478
f 439 422 426 426
f 427 423 440 440
f 436 471 472 470
f 430 420 416 418
f 425 430 426 426
f 425 415 420 430
f 412 414 428 429
f 424 428 414 421
f 418 417 431 430
f 470 468 413 432
f 436 470 432 435
f 433 434 435 432
f 412 433 432 413
f 429 433 412 412
g 326_01_ground029_object6_object24_section_03_high32
# Section index: 3
# Shared vertex decode mode: high32
f 542 541 545 544
f 511 510 542 544
f 513 512 534 543
f 546 516 544 545
f 571 567 565 570
f 571 570 608 609
f 563 570 565 565
f 537 532 535 535
f 565 567 568 566
f 570 563 564 569
f 608 570 569 610
f 510 513 543 542
f 613 611 572 612
f 572 573 612 612
f 555 558 573 572
f 569 564 555 572
f 610 569 572 611
f 556 555 564 560
f 602 603 604 605
f 555 556 557 558
f 554 599 600 509
f 508 509 600 601
f 601 596 508 508
f 559 556 606 607
f 563 562 560 564
f 563 565 566 562
f 562 561 560 560
f 556 559 557 557
f 606 556 560 561
f 574 575 576 577
f 618 620 621 619
f 618 585 546 588
f 618 619 584 585
f 582 557 559 607
f 558 557 575 578
f 586 584 578 577
f 584 619 622 573
f 622 623 612 573
f 501 499 498 502
f 497 498 499 500
f 503 499 501 501
f 508 505 497 509
f 507 502 498 506
f 498 497 505 506
f 523 517 520 522
f 515 514 528 529
f 584 573 558 578
f 585 584 586 546
f 586 577 516 546
f 617 583 582 607
f 580 576 575 581
f 504 503 576 580
f 579 577 576 503
f 578 575 574 577
f 579 503 516 577
f 504 580 614 615
f 583 581 575 575
f 616 581 583 617
f 583 575 557 582
f 580 581 616 614
f 598 500 504 615
f 507 506 525 514
f 514 525 527 528
f 505 508 596 597
f 554 500 598 599
f 509 497 500 554
f 594 526 505 597
f 528 523 522 529
f 518 517 527 526
f 524 522 520 520
f 525 506 505 526
f 525 526 527 527
f 531 529 532 533
f 512 515 531 534
f 531 533 534 534
f 531 515 529 529
f 527 517 523 528
f 522 524 530 529
f 500 499 503 504
f 516 503 501 511
f 517 518 519 520
f 520 519 521 521
f 512 507 514 515
f 501 502 510 511
f 513 502 507 512
f 510 502 513 513
f 529 530 535 532
f 552 536 537 537
f 539 538 551 553
f 541 540 550 548
f 551 538 536 552
f 547 548 549 587
f 587 549 589 589
f 589 549 548 550
f 519 518 592 593
f 518 526 594 592
f 521 519 593 595
f 591 551 552 552
f 540 539 553 550
f 590 553 551 591
f 589 550 553 590
f 588 546 547 587
f 540 541 542 543
f 543 534 539 540
f 534 533 538 539
f 536 533 532 537
f 538 533 536 536
f 511 544 516 516
f 546 545 547 547
f 545 541 548 547
g 326_01_ground029_object6_object24_section_04_low32
# Section index: 4
# Shared vertex decode mode: low32
f 635 637 662 651
f 631 630 654 656
f 630 635 651 654
f 667 663 665 666
f 665 663 662 664
f 663 652 651 662
f 657 658 655 659
f 659 655 653 660
f 656 655 658 661
f 671 641 648 649
f 670 666 665 669
f 648 641 643 647
f 646 645 685 686
f 684 685 645 644
f 645 643 642 642
f 644 680 683 684
f 651 652 653 654
f 654 653 655 656
f 648 647 646 650
f 687 649 648 650
f 641 640 643 643
f 633 625 624 634
f 629 626 631 632
f 634 624 673 675
f 633 634 636 635
f 630 625 633 635
f 628 627 626 629
f 624 625 626 627
f 624 627 672 673
f 669 671 688 688
f 665 664 671 669
f 689 670 669 688
f 668 652 663 667
f 660 653 652 668
f 664 639 641 671
f 637 639 664 662
f 688 671 649 687
f 626 625 630 631
f 627 628 674 672
f 676 636 634 675
f 644 645 642 680
f 642 643 679 680
f 632 631 656 661
f 682 680 679 681
f 647 643 645 646
f 679 643 640 678
f 638 639 637 636
f 635 636 637 637
f 639 638 640 641
f 678 640 638 677
f 677 638 636 676
g 326_01_ground029_object6_object24_section_05_high32
# Section index: 5
# Shared vertex decode mode: high32
f 761 757 760 760
f 762 761 760 763
f 760 759 763 763
f 754 757 758 758
f 758 757 817 815
f 757 756 759 760
f 762 763 767 767
f 765 768 763 763
f 818 761 819 820
f 765 763 759 764
f 757 761 818 817
f 763 768 766 767
f 715 716 717 718
f 723 719 715 721
f 721 715 718 722
f 800 708 750 811
f 724 725 751 747
f 749 723 724 747
f 751 750 746 746
f 746 745 747 751
f 750 708 707 746
f 757 754 753 756
f 812 754 758 814
f 814 758 815 816
f 810 751 725 808
f 752 753 754 755
f 755 754 812 813
f 761 762 821 819
f 775 753 752 778
f 764 759 756 771
f 752 755 777 778
f 778 726 729 775
f 797 698 699 798
f 731 726 778 777
f 783 781 690 782
f 756 753 775 771
f 769 768 765 776
f 779 769 776 780
f 770 773 780 776
f 755 823 777 777
f 755 813 826 823
f 779 700 701 769
f 766 701 697 767
f 701 766 768 769
f 770 764 771 772
f 697 796 822 821
f 762 767 697 821
f 698 697 701 701
f 776 765 764 770
f 824 731 777 823
f 825 730 731 824
f 773 770 772 774
f 775 729 772 771
f 729 728 774 772
f 710 706 801 711
f 782 711 801 803
f 737 736 739 738
f 690 692 711 782
f 800 799 708 708
f 726 727 728 729
f 722 806 809 807
f 801 706 799 802
f 692 709 710 711
f 703 710 709 712
f 710 714 707 706
f 703 702 714 710
f 692 691 712 709
f 691 713 712 712
f 704 703 712 713
f 706 707 708 799
f 787 694 785 786
f 693 695 788 784
f 791 696 789 790
f 691 692 690 781
f 785 694 693 784
f 719 723 749 733
f 700 699 698 701
f 736 734 748 744
f 702 703 704 705
f 695 696 791 788
f 792 793 794 795
f 796 697 698 797
f 730 727 726 731
f 735 734 736 737
f 732 733 734 735
f 742 739 736 744
f 714 702 740 743
f 745 742 744 744
f 745 714 743 742
f 747 745 744 748
f 748 749 747 747
f 746 707 714 745
f 750 751 810 811
f 748 734 733 749
f 716 715 719 720
f 724 723 721 721
f 808 725 722 807
f 724 721 722 725
f 718 717 804 805
f 722 718 805 806
f 740 702 705 741
f 740 739 742 743
f 720 719 733 732
f 738 739 740 741
g 326_01_ground029_object6_object24_section_06_high32
# Section index: 6
# Shared vertex decode mode: high32
f 874 872 919 873
f 875 876 877 878
f 832 833 870 870
f 919 872 871 918
f 922 917 876 921
f 923 873 919 924
f 875 874 873 876
f 918 871 879 920
f 870 865 827 832
f 856 838 836 860
f 864 835 828 863
f 856 860 915 914
f 860 836 835 861
f 867 864 868 869
f 861 835 866 862
f 828 827 865 863
f 866 835 864 867
f 886 871 872 885
f 887 879 871 886
f 875 869 882 874
f 874 885 872 872
f 879 887 888 888
f 886 885 889 890
f 885 882 881 889
f 874 882 885 885
f 867 869 875 878
f 877 862 866 866
f 921 876 873 923
f 866 867 878 877
f 882 869 868 881
f 863 865 883 884
f 877 876 917 862
f 864 863 880 868
f 844 848 845 845
f 848 842 843 845
f 842 840 839 843
f 844 845 846 847
f 850 841 837 851
f 843 839 841 850
f 847 846 849 849
f 849 846 850 851
f 831 834 833 832
f 835 836 829 828
f 901 894 893 898
f 898 902 901 901
f 841 830 829 837
f 839 831 830 841
f 903 894 901 901
f 837 829 836 838
f 897 881 868 868
f 846 845 843 850
f 854 857 859 908
f 908 859 912 912
f 853 849 851 858
f 854 853 858 857
f 915 860 861 916
f 916 861 862 917
f 859 857 913 912
f 913 857 856 914
f 855 908 909 910
f 895 899 896 896
f 899 895 897 900
f 897 868 880 900
f 904 905 906 907
f 902 898 899 905
f 855 852 854 908
f 905 899 900 906
f 880 863 884 900
f 906 900 884 884
f 904 902 905 905
f 911 847 852 852
f 884 883 907 906
f 901 902 904 903
f 894 892 891 893
f 911 852 855 910
f 837 838 858 851
f 838 856 857 858
f 893 891 890 896
f 895 889 881 897
f 888 887 891 892
f 852 853 854 854
f 898 893 896 899
f 847 849 853 852
f 887 886 890 891
f 834 831 839 840
f 896 890 889 895
f 830 831 832 827
f 827 828 829 830
g 326_01_ground029_object6_object24_section_07_low32
# Section index: 7
# Shared vertex decode mode: low32
f 972 968 966 971
f 973 968 972 972
f 970 967 969 969
f 967 966 968 969
f 951 950 967 970
f 960 973 957 957
f 964 959 971 965
f 971 959 972 972
f 965 971 966 966
f 972 959 957 973
f 938 954 962 963
f 938 963 939 939
f 952 962 954 954
f 960 957 1018 1019
f 952 958 961 962
f 1001 983 992 1002
f 941 939 964 965
f 950 965 966 967
f 996 984 983 1001
f 950 946 941 965
f 939 963 961 964
f 962 961 963 963
f 961 958 959 964
f 1011 1022 1024 1025
f 975 1021 1023 1022
f 932 931 974 975
f 975 974 1020 1021
f 932 975 1022 1011
f 1033 997 995 1034
f 1035 1030 997 1033
f 994 1034 995 995
f 933 935 976 977
f 997 984 996 995
f 940 936 939 941
f 925 929 942 937
f 936 926 925 937
f 936 937 938 939
f 943 946 947 948
f 948 947 949 949
f 944 935 934 943
f 943 934 945 946
f 993 994 995 996
f 998 994 993 993
f 993 996 1001 999
f 998 993 999 1000
f 1000 999 1007 1006
f 1003 1005 1006 1007
f 1007 999 1001 1002
f 1002 992 991 1004
f 1007 1002 1004 1003
f 949 951 1003 1004
f 927 1009 1008 928
f 928 1008 1010 930
f 925 926 927 928
f 929 925 928 930
f 927 926 934 933
f 933 934 935 935
f 931 932 927 933
f 1009 927 932 1011
f 938 937 955 954
f 1016 955 937 1013
f 953 952 954 955
f 953 955 1016 1014
f 1030 985 984 997
f 957 959 958 958
f 956 958 952 1015
f 1018 956 1015 1017
f 951 970 1005 1003
f 958 956 1018 957
f 949 950 951 951
f 945 940 941 946
f 944 943 948 948
f 949 947 946 950
f 948 991 989 989
f 937 942 1012 1013
f 948 949 1004 991
f 952 953 1014 1015
f 936 940 945 945
f 934 926 936 945
f 982 983 984 985
f 985 980 979 982
f 931 933 977 974
f 990 989 991 992
f 1032 1026 1028 1028
f 986 944 987 988
f 985 1030 1031 1031
f 980 985 1031 1029
f 982 979 988 990
f 979 978 986 988
f 935 944 986 976
f 988 987 989 990
f 983 982 990 992
f 1028 981 980 1029
f 978 979 980 981
f 1020 974 977 1027
f 981 976 986 978
f 977 976 1026 1027
f 987 944 948 989
f 1026 976 981 1028
g 326_01_ground029_object6_object24_section_08_high32
# Section index: 8
# Shared vertex decode mode: high32
f 1071 1063 1073 1074
f 1074 1073 1075 1076
f 1043 1065 1137 1125
f 1071 1072 1070 1070
f 1137 1065 1066 1138
f 1063 1049 1073 1073
f 1075 1073 1049 1079
f 1063 1061 1049 1049
f 1060 1045 1046 1049
f 1060 1049 1061 1062
f 1065 1043 1064 1066
f 1068 1067 1070 1072
f 1067 1062 1061 1070
f 1066 1064 1062 1067
f 1069 1066 1067 1068
f 1109 1093 1103 1102
f 1070 1061 1063 1071
f 1099 1098 1107 1108
f 1043 1045 1060 1064
f 1064 1060 1062 1062
f 1078 1072 1071 1074
f 1105 1078 1077 1100
f 1110 1095 1094 1111
f 1102 1099 1108 1109
f 1093 1090 1097 1103
f 1104 1072 1078 1105
f 1103 1097 1106 1104
f 1106 1097 1096 1096
f 1102 1103 1104 1105
f 1106 1068 1072 1104
f 1068 1106 1096 1069
f 1046 1045 1041 1041
f 1036 1041 1045 1043
f 1044 1043 1125 1126
f 1127 1037 1044 1126
f 1048 1049 1046 1046
f 1046 1041 1047 1048
f 1038 1037 1127 1120
f 1037 1036 1043 1044
f 1121 1040 1036 1119
f 1038 1120 1039 1119
f 1119 1036 1037 1038
f 1041 1036 1040 1040
f 1122 1119 1039 1120
f 1122 1120 1123 1124
f 1105 1100 1099 1102
f 1095 1110 1117 1118
f 1141 1088 1118 1146
f 1146 1118 1117 1145
f 1117 1110 1113 1116
f 1145 1117 1116 1144
f 1088 1091 1095 1118
f 1115 1112 1114 1114
f 1094 1093 1109 1111
f 1111 1109 1108 1112
f 1113 1110 1111 1112
f 1116 1115 1143 1144
f 1113 1112 1115 1116
f 1135 1055 1054 1129
f 1059 1057 1058 1058
f 1051 1050 1057 1059
f 1131 1055 1135 1136
f 1056 1131 1132 1133
f 1052 1040 1042 1054
f 1053 1050 1047 1052
f 1047 1041 1040 1052
f 1054 1042 1128 1129
f 1053 1052 1054 1055
f 1056 1053 1055 1131
f 1128 1042 1121 1130
f 1112 1108 1107 1114
f 1100 1077 1080 1101
f 1075 1079 1082 1083
f 1057 1056 1133 1058
f 1058 1133 1134 1134
f 1076 1075 1083 1081
f 1057 1050 1053 1056
f 1048 1047 1050 1051
f 1093 1094 1092 1090
f 1091 1086 1089 1092
f 1088 1087 1086 1091
f 1066 1069 1096 1096
f 1040 1121 1042 1042
f 1098 1099 1100 1101
f 1095 1091 1092 1094
f 1097 1090 1066 1096
f 1140 1138 1066 1139
f 1066 1086 1139 1139
f 1139 1086 1087 1142
f 1087 1088 1141 1142
f 1051 1059 1085 1084
f 1083 1082 1084 1085
f 1079 1049 1048 1082
f 1080 1077 1076 1081
f 1082 1048 1051 1084
f 1077 1078 1074 1076
f 1089 1086 1066 1090
f 1090 1092 1089 1089
g 326_01_ground029_object6_object24_section_09_high32
# Section index: 9
# Shared vertex decode mode: high32
f 1191 1195 1202 1201
f 1251 1202 1195 1241
f 1187 1164 1200 1203
f 1237 1199 1245 1245
f 1164 1155 1190 1200
f 1190 1191 1201 1200
f 1201 1202 1205 1204
f 1206 1207 1203 1204
f 1205 1208 1209 1204
f 1162 1164 1187 1187
f 1200 1201 1204 1203
f 1252 1205 1202 1251
f 1198 1193 1196 1197
f 1188 1196 1193 1193
f 1198 1197 1242 1243
f 1194 1195 1191 1192
f 1152 1151 1196 1188
f 1151 1197 1196 1196
f 1245 1248 1249 1250
f 1246 1199 1198 1243
f 1193 1198 1199 1237
f 1242 1197 1151 1228
f 1244 1245 1199 1246
f 1245 1244 1247 1248
f 1214 1211 1222 1219
f 1257 1221 1219 1222
f 1255 1221 1257 1258
f 1256 1220 1221 1255
f 1216 1217 1254 1253
f 1218 1215 1214 1219
f 1220 1218 1219 1221
f 1223 1218 1220 1220
f 1217 1224 1259 1254
f 1217 1218 1223 1224
f 1215 1218 1217 1217
f 1260 1223 1220 1256
f 1206 1209 1211 1210
f 1187 1203 1207 1186
f 1179 1182 1212 1213
f 1206 1204 1209 1209
f 1207 1210 1183 1186
f 1206 1210 1207 1207
f 1178 1216 1253 1233
f 1216 1178 1179 1213
f 1216 1213 1215 1217
f 1215 1213 1212 1214
f 1210 1212 1182 1183
f 1212 1210 1211 1214
f 1160 1159 1165 1165
f 1165 1159 1163 1168
f 1166 1165 1168 1169
f 1161 1156 1155 1164
f 1159 1157 1161 1163
f 1167 1160 1165 1166
f 1229 1172 1174 1230
f 1172 1171 1174 1174
f 1174 1171 1175 1176
f 1172 1167 1170 1171
f 1167 1166 1170 1170
f 1166 1169 1173 1170
f 1228 1151 1148 1226
f 1152 1149 1148 1151
f 1152 1154 1153 1149
f 1148 1149 1147 1225
f 1225 1226 1148 1148
f 1147 1150 1227 1225
f 1147 1149 1153 1157
f 1157 1153 1156 1161
f 1162 1163 1161 1164
f 1155 1156 1153 1154
f 1158 1150 1147 1157
f 1158 1157 1159 1160
f 1190 1155 1154 1189
f 1191 1190 1189 1192
f 1192 1189 1188 1193
f 1163 1162 1185 1168
f 1186 1185 1162 1187
f 1189 1154 1152 1188
f 1192 1193 1237 1194
f 1195 1194 1235 1235
f 1195 1235 1240 1241
f 1234 1235 1194 1236
f 1236 1194 1237 1237
f 1236 1237 1238 1239
f 1231 1176 1177 1232
f 1177 1180 1179 1178
f 1176 1175 1180 1177
f 1252 1262 1208 1205
f 1175 1171 1170 1173
f 1230 1174 1176 1231
f 1209 1208 1222 1211
f 1232 1177 1178 1233
f 1181 1173 1169 1184
f 1169 1168 1185 1184
f 1224 1223 1260 1260
f 1183 1184 1185 1186
f 1262 1257 1222 1208
f 1261 1259 1224 1260
f 1180 1181 1182 1179
f 1175 1173 1181 1180
f 1181 1184 1183 1182
g 326_01_ground029_object6_object24_section_10_high32
# Section index: 10
# Shared vertex decode mode: high32
f 1292 1299 1333 1323
f 1282 1281 1285 1283
f 1292 1287 1298 1299
f 1287 1286 1296 1298
f 1296 1295 1328 1331
f 1325 1297 1271 1302
f 1293 1294 1297 1325
f 1295 1293 1325 1326
f 1328 1327 1329 1330
f 1295 1326 1327 1328
f 1267 1284 1283 1285
f 1294 1266 1271 1297
f 1318 1283 1284 1319
f 1317 1282 1283 1318
f 1316 1282 1317 1317
f 1281 1264 1285 1285
f 1320 1308 1279 1315
f 1285 1264 1263 1267
f 1277 1272 1280 1279
f 1272 1264 1281 1280
f 1282 1316 1314 1281
f 1273 1272 1274 1274
f 1265 1264 1272 1273
f 1273 1274 1275 1276
f 1276 1303 1270 1270
f 1276 1270 1265 1273
f 1268 1269 1267 1263
f 1263 1264 1265 1266
f 1301 1271 1270 1300
f 1271 1266 1265 1270
f 1301 1302 1271 1271
f 1304 1310 1311 1312
f 1274 1278 1309 1310
f 1275 1274 1310 1304
f 1280 1281 1314 1315
f 1278 1307 1313 1309
f 1305 1300 1270 1303
f 1276 1275 1304 1303
f 1274 1272 1277 1278
f 1306 1277 1279 1308
f 1278 1277 1306 1307
f 1298 1296 1331 1332
f 1333 1299 1334 1335
f 1334 1299 1298 1332
f 1268 1263 1266 1294
f 1269 1268 1289 1288
f 1290 1269 1288 1291
f 1284 1267 1269 1290
f 1286 1287 1288 1289
f 1280 1315 1279 1279
f 1308 1320 1321 1322
f 1293 1286 1289 1289
f 1289 1268 1294 1293
f 1286 1293 1295 1296
f 1319 1284 1290 1324
f 1291 1288 1287 1292
f 1290 1291 1323 1324
f 1323 1291 1292 1292
g 326_01_ground029_object6_object24_section_11_high32
# Section index: 11
# Shared vertex decode mode: high32
f 1391 1392 1367 1366
f 1359 1366 1367 1358
f 1390 1355 1383 1393
f 1367 1394 1357 1358
f 1394 1395 1385 1357
f 1355 1366 1359 1359
f 1387 1388 1362 1360
f 1364 1365 1363 1362
f 1362 1388 1389 1364
f 1390 1391 1366 1355
f 1378 1377 1365 1364
f 1353 1361 1363 1354
f 1396 1394 1367 1392
f 1374 1371 1375 1372
f 1397 1368 1374 1402
f 1368 1371 1374 1374
f 1370 1348 1347 1371
f 1369 1398 1399 1399
f 1369 1368 1397 1398
f 1368 1369 1370 1371
f 1372 1373 1400 1401
f 1376 1373 1372 1375
f 1401 1403 1404 1402
f 1374 1372 1401 1402
f 1346 1347 1348 1348
f 1339 1345 1344 1336
f 1344 1343 1336 1336
f 1353 1354 1352 1341
f 1351 1347 1346 1350
f 1346 1345 1349 1350
f 1337 1380 1379 1338
f 1340 1341 1339 1338
f 1338 1339 1336 1337
f 1336 1343 1342 1337
f 1382 1380 1337 1342
f 1338 1379 1381 1340
f 1356 1387 1360 1361
f 1386 1387 1356 1384
f 1356 1359 1358 1357
f 1373 1376 1377 1378
f 1362 1363 1361 1360
f 1361 1353 1356 1356
f 1373 1378 1405 1400
f 1355 1359 1356 1353
f 1345 1352 1349 1349
f 1352 1345 1339 1341
f 1349 1352 1354 1350
f 1357 1385 1384 1356
f 1340 1381 1383 1355
f 1364 1407 1405 1378
f 1406 1364 1389 1389
f 1406 1407 1364 1364
f 1354 1363 1365 1350
f 1371 1347 1375 1375
f 1350 1365 1377 1377
f 1376 1351 1350 1377
f 1355 1353 1341 1340
f 1375 1347 1351 1376
g 326_01_ground029_object6_object24_section_12_low32
# Section index: 12
# Shared vertex decode mode: low32
f 1446 1444 1442 1445
f 1443 1438 1444 1420
f 1441 1425 1445 1442
f 1440 1443 1468 1482
f 1420 1468 1443 1443
f 1418 1421 1423 1422
f 1438 1442 1444 1444
f 1428 1434 1430 1430
f 1470 1469 1419 1419
f 1422 1457 1462 1418
f 1434 1428 1441 1435
f 1425 1441 1428 1428
f 1462 1416 1419 1418
f 1470 1458 1471 1472
f 1413 1454 1455 1455
f 1457 1413 1455 1456
f 1408 1414 1410 1410
f 1454 1413 1412 1453
f 1451 1408 1409 1452
f 1409 1408 1410 1411
f 1453 1412 1408 1451
f 1438 1443 1440 1439
f 1442 1438 1435 1441
f 1410 1450 1424 1424
f 1450 1410 1414 1447
f 1414 1415 1448 1447
f 1414 1408 1412 1415
f 1423 1448 1415 1422
f 1425 1424 1450 1445
f 1449 1448 1423 1421
f 1446 1447 1448 1449
f 1444 1446 1449 1449
f 1447 1446 1445 1450
f 1449 1421 1420 1444
f 1458 1416 1459 1460
f 1461 1459 1416 1462
f 1474 1433 1432 1473
f 1434 1435 1436 1437
f 1429 1428 1430 1431
f 1424 1425 1426 1427
f 1413 1415 1412 1412
f 1426 1425 1428 1429
f 1465 1417 1463 1464
f 1439 1436 1435 1438
f 1482 1479 1439 1440
f 1420 1421 1418 1468
f 1468 1418 1419 1469
f 1437 1432 1430 1434
f 1463 1417 1466 1467
f 1437 1476 1473 1432
f 1419 1416 1458 1470
f 1476 1475 1477 1478
f 1476 1437 1436 1475
f 1480 1481 1479 1482
f 1475 1436 1439 1479
f 1411 1410 1424 1427
f 1413 1457 1422 1415
f 1432 1433 1431 1430
g 326_01_ground029_object6_object24_section_13_high32
# Section index: 13
# Shared vertex decode mode: high32
f 1498 1497 1502 1503
f 1496 1490 1492 1498
f 1554 1560 1493 1485
f 1494 1507 1508 1509
f 1494 1506 1507 1507
f 1505 1491 1493 1560
f 1506 1494 1491 1505
f 1510 1511 1512 1513
f 1496 1498 1557 1546
f 1498 1503 1504 1557
f 1557 1504 1558 1559
f 1508 1510 1513 1509
f 1518 1506 1561 1562
f 1517 1516 1520 1521
f 1519 1518 1562 1562
f 1561 1506 1505 1560
f 1507 1506 1518 1519
f 1512 1511 1516 1517
f 1509 1513 1514 1515
f 1516 1519 1520 1520
f 1511 1510 1519 1516
f 1508 1507 1519 1510
f 1487 1488 1483 1483
f 1483 1488 1551 1552
f 1553 1552 1551 1551
f 1489 1486 1549 1555
f 1485 1483 1552 1554
f 1487 1483 1544 1550
f 1484 1483 1485 1485
f 1544 1483 1484 1545
f 1545 1546 1547 1547
f 1550 1486 1487 1487
f 1529 1536 1503 1502
f 1548 1549 1486 1550
f 1545 1484 1496 1546
f 1536 1529 1528 1531
f 1484 1485 1490 1496
f 1497 1498 1492 1492
f 1537 1523 1527 1538
f 1531 1532 1534 1533
f 1503 1536 1535 1504
f 1535 1533 1566 1569
f 1567 1565 1534 1568
f 1501 1499 1495 1500
f 1536 1531 1533 1535
f 1504 1535 1569 1558
f 1542 1541 1540 1543
f 1542 1543 1570 1568
f 1492 1495 1499 1497
f 1532 1530 1541 1542
f 1568 1534 1532 1542
f 1512 1517 1527 1522
f 1517 1521 1538 1527
f 1556 1489 1555 1555
f 1539 1525 1523 1537
f 1485 1493 1491 1491
f 1490 1485 1491 1492
f 1530 1525 1541 1541
f 1541 1525 1539 1540
f 1533 1534 1565 1566
f 1563 1520 1519 1562
f 1520 1563 1564 1564
f 1486 1489 1488 1487
f 1524 1514 1522 1523
f 1556 1551 1488 1489
f 1514 1524 1500 1500
f 1492 1491 1494 1495
f 1502 1497 1499 1499
f 1529 1501 1526 1528
f 1502 1499 1501 1529
f 1531 1528 1530 1532
f 1526 1525 1530 1528
f 1515 1495 1494 1509
f 1524 1523 1525 1526
f 1500 1495 1515 1514
f 1526 1501 1500 1524
f 1513 1512 1522 1514
f 1523 1522 1527 1527
g 326_01_ground029_object6_object24_section_14_high32
# Section index: 14
# Shared vertex decode mode: high32
f 1608 1645 1644 1605
f 1605 1604 1607 1608
f 1605 1644 1643 1643
f 1608 1607 1609 1610
f 1606 1611 1607 1604
f 1613 1611 1583 1612
f 1611 1606 1582 1583
f 1622 1587 1595 1641
f 1603 1594 1593 1590
f 1587 1590 1593 1595
f 1599 1604 1605 1598
f 1605 1643 1636 1598
f 1606 1601 1578 1582
f 1601 1606 1604 1599
f 1611 1613 1609 1607
f 1617 1614 1592 1591
f 1615 1614 1617 1617
f 1617 1649 1650 1615
f 1591 1627 1649 1617
f 1650 1616 1615 1615
f 1652 1651 1650 1650
f 1651 1647 1616 1650
f 1613 1612 1610 1609
f 1592 1614 1610 1612
f 1586 1592 1612 1583
f 1610 1614 1615 1608
f 1616 1645 1608 1615
f 1645 1646 1648 1648
f 1616 1647 1646 1645
f 1594 1603 1602 1596
f 1580 1579 1590 1589
f 1587 1588 1589 1590
f 1582 1581 1584 1583
f 1588 1587 1622 1623
f 1627 1591 1625 1626
f 1586 1625 1591 1592
f 1625 1586 1585 1624
f 1576 1575 1618 1619
f 1573 1572 1575 1576
f 1571 1572 1573 1574
f 1621 1571 1574 1620
f 1583 1584 1585 1586
f 1578 1577 1581 1582
f 1577 1578 1579 1580
f 1628 1593 1594 1629
f 1600 1632 1642 1637
f 1640 1641 1600 1639
f 1639 1600 1637 1638
f 1595 1632 1600 1641
f 1579 1602 1603 1590
f 1596 1602 1601 1599
f 1601 1602 1579 1578
f 1596 1597 1629 1594
f 1595 1593 1628 1632
f 1630 1628 1629 1631
f 1597 1633 1634 1629
f 1598 1636 1635 1635
f 1599 1598 1597 1596
f 1633 1597 1598 1635
g 326_01_ground029_object6_object24_section_15_high32
# Section index: 15
# Shared vertex decode mode: high32
f 1722 1720 1721 1727
f 1722 1726 1781 1778
f 1707 1728 1708 1708
f 1726 1722 1727 1723
f 1723 1724 1725 1779
f 1725 1724 1780 1779
f 1726 1723 1779 1781
f 1727 1721 1708 1728
f 1730 1733 1782 1783
f 1673 1672 1734 1731
f 1732 1731 1734 1735
f 1730 1729 1733 1733
f 1728 1723 1727 1727
f 1707 1724 1723 1728
f 1729 1730 1731 1732
f 1715 1716 1771 1772
f 1773 1715 1772 1772
f 1716 1705 1708 1717
f 1712 1706 1705 1715
f 1710 1707 1706 1709
f 1711 1706 1712 1713
f 1714 1713 1712 1715
f 1705 1716 1715 1715
f 1718 1721 1720 1776
f 1720 1722 1778 1776
f 1717 1708 1721 1718
f 1777 1774 1719 1775
f 1716 1717 1718 1719
f 1716 1719 1774 1771
f 1775 1719 1718 1776
f 1745 1710 1709 1746
f 1744 1746 1740 1747
f 1746 1709 1737 1740
f 1745 1746 1744 1710
f 1738 1735 1734 1743
f 1672 1668 1743 1734
f 1739 1667 1677 1742
f 1747 1740 1741 1786
f 1748 1710 1744 1749
f 1724 1707 1710 1748
f 1749 1744 1747 1787
f 1749 1787 1790 1789
f 1747 1786 1787 1787
f 1788 1748 1749 1789
f 1780 1724 1748 1788
f 1736 1711 1732 1735
f 1729 1713 1714 1733
f 1782 1733 1714 1785
f 1711 1713 1729 1732
f 1703 1702 1730 1783
f 1784 1767 1703 1783
f 1730 1702 1673 1731
f 1714 1715 1773 1785
f 1741 1740 1739 1742
f 1743 1668 1667 1739
f 1743 1739 1738 1738
f 1709 1706 1711 1737
f 1737 1738 1739 1740
f 1738 1737 1736 1735
f 1711 1736 1737 1737
f 1681 1678 1680 1682
f 1681 1682 1683 1684
f 1752 1751 1678 1681
f 1750 1678 1751 1751
f 1674 1656 1655 1676
f 1677 1667 1661 1675
f 1679 1680 1678 1750
f 1753 1752 1681 1684
f 1685 1655 1654 1654
f 1688 1679 1750 1754
f 1655 1679 1688 1676
f 1679 1655 1685 1680
f 1682 1680 1685 1686
f 1683 1682 1686 1687
f 1685 1654 1659 1686
f 1662 1657 1656 1661
f 1663 1660 1657 1662
f 1665 1663 1662 1664
f 1653 1657 1660 1658
f 1653 1654 1655 1656
f 1656 1657 1653 1653
f 1654 1653 1658 1659
f 1666 1664 1661 1667
f 1670 1669 1672 1673
f 1669 1666 1668 1672
f 1675 1661 1656 1674
f 1665 1669 1670 1671
f 1667 1668 1666 1666
f 1662 1661 1664 1664
f 1669 1665 1664 1666
f 1764 1698 1700 1766
f 1658 1660 1697 1694
f 1765 1762 1695 1696
f 1663 1665 1671 1699
f 1697 1660 1663 1699
f 1696 1698 1764 1765
f 1698 1699 1671 1700
f 1701 1670 1673 1702
f 1700 1701 1704 1704
f 1671 1670 1701 1700
f 1705 1706 1707 1708
f 1700 1704 1769 1766
f 1701 1702 1703 1704
f 1704 1703 1767 1768
f 1769 1704 1768 1770
f 1758 1689 1691 1759
f 1689 1690 1687 1691
f 1691 1692 1760 1759
f 1753 1684 1690 1756
f 1756 1690 1689 1755
f 1757 1755 1689 1758
f 1684 1683 1687 1690
f 1687 1686 1692 1691
f 1761 1695 1762 1763
f 1696 1695 1694 1697
f 1698 1696 1697 1699
f 1659 1658 1694 1693
f 1760 1692 1693 1761
f 1692 1686 1659 1693
f 1693 1694 1695 1761
g 326_01_ground029_object6_object24_section_16_high32
# Section index: 16
# Shared vertex decode mode: high32
f 1819 1821 1816 1816
f 1820 1814 1816 1821
f 1823 1822 1898 1899
f 1861 1855 1854 1868
f 1871 1866 1867 1870
f 1869 1861 1868 1868
f 1854 1858 1911 1908
f 1862 1861 1869 1867
f 1912 1871 1870 1913
f 1822 1818 1817 1898
f 1816 1817 1818 1819
f 1815 1803 1797 1814
f 1896 1812 1813 1897
f 1817 1816 1795 1795
f 1797 1795 1816 1814
f 1817 1795 1888 1898
f 1826 1829 1901 1900
f 1914 1872 1871 1912
f 1873 1874 1915 1916
f 1872 1865 1866 1871
f 1870 1867 1869 1910
f 1913 1870 1910 1910
f 1869 1868 1909 1910
f 1856 1848 1853 1859
f 1849 1845 1855 1860
f 1855 1845 1848 1856
f 1854 1855 1856 1857
f 1854 1857 1858 1858
f 1798 1799 1800 1801
f 1804 1791 1794 1805
f 1860 1855 1861 1862
f 1863 1862 1867 1866
f 1888 1795 1792 1887
f 1794 1791 1793 1793
f 1792 1793 1791 1887
f 1868 1854 1908 1909
f 1865 1864 1863 1866
f 1863 1849 1860 1862
f 1864 1850 1849 1863
f 1882 1884 1885 1886
f 1884 1924 1885 1885
f 1884 1883 1923 1924
f 1882 1851 1852 1881
f 1800 1802 1811 1808
f 1882 1881 1883 1884
f 1808 1811 1809 1809
f 1886 1853 1851 1882
f 1894 1806 1807 1812
f 1915 1875 1925 1926
f 1925 1875 1879 1924
f 1879 1878 1885 1924
f 1885 1878 1880 1886
f 1880 1859 1853 1886
f 1874 1876 1875 1915
f 1922 1919 1918 1921
f 1911 1858 1874 1919
f 1918 1873 1916 1920
f 1917 1916 1915 1915
f 1919 1874 1873 1918
f 1807 1808 1809 1810
f 1875 1876 1877 1878
f 1858 1857 1877 1876
f 1874 1858 1876 1876
f 1877 1859 1880 1878
f 1875 1878 1879 1879
f 1877 1857 1856 1859
f 1848 1847 1851 1853
f 1891 1804 1805 1893
f 1893 1805 1806 1894
f 1835 1837 1822 1823
f 1837 1835 1834 1838
f 1899 1906 1905 1836
f 1830 1833 1831 1829
f 1839 1838 1834 1840
f 1905 1831 1833 1836
f 1832 1824 1900 1900
f 1829 1831 1902 1901
f 1887 1791 1890 1892
f 1794 1793 1798 1805
f 1805 1798 1801 1806
f 1832 1900 1903 1904
f 1801 1800 1808 1808
f 1895 1894 1812 1896
f 1819 1818 1822 1837
f 1851 1847 1852 1852
f 1845 1846 1847 1848
f 1842 1815 1820 1841
f 1907 1902 1831 1905
f 1828 1827 1840 1830
f 1806 1801 1808 1807
f 1820 1821 1839 1841
f 1796 1792 1795 1797
f 1793 1792 1796 1798
f 1798 1796 1797 1799
f 1889 1890 1804 1891
f 1791 1804 1890 1890
f 1834 1833 1830 1840
f 1802 1800 1799 1799
f 1802 1799 1797 1803
f 1812 1807 1810 1813
f 1828 1826 1825 1827
f 1824 1825 1826 1900
f 1850 1846 1845 1849
f 1821 1819 1837 1838
f 1815 1814 1820 1820
f 1840 1827 1841 1839
f 1839 1821 1838 1838
f 1827 1825 1844 1844
f 1843 1842 1841 1841
f 1843 1841 1827 1844
f 1833 1834 1835 1836
f 1836 1835 1823 1899
f 1828 1830 1829 1826
g 326_01_ground029_object6_object24_section_17_high32
# Section index: 17
# Shared vertex decode mode: high32
f 1978 1960 1959 1972
f 1970 1974 1975 1976
f 1971 1970 1976 1977
f 1974 1970 1968 1973
f 1965 1939 1942 1966
f 1967 1938 1939 1965
f 1967 1935 1938 1938
f 2030 2000 2031 2032
f 1952 1949 1967 1965
f 1966 1942 1968 1969
f 1969 1968 1970 1971
f 1948 1935 1967 1949
f 1966 1952 1965 1965
f 1942 1941 1973 1968
f 1972 1952 1966 1969
f 1963 1956 1958 1962
f 1958 1960 1961 1962
f 1958 1953 1959 1960
f 1963 1962 1964 1964
f 1969 1971 1978 1972
f 1977 1961 1978 1971
f 1959 1953 1952 1972
f 1961 1960 1978 1978
f 2000 2001 2005 2039
f 2041 2043 2042 2031
f 2042 2043 2044 2044
f 2025 1930 2016 2045
f 1986 1985 2007 2006
f 1939 1940 1941 1942
f 1938 1935 1934 1937
f 2006 1931 1930 1986
f 1979 1930 2025 2025
f 1938 1937 1940 1939
f 2031 2000 2039 2041
f 1928 1933 1945 1943
f 2035 2036 2004 2034
f 2002 2003 2001 2033
f 2001 2000 2030 2033
f 2004 2002 2033 2034
f 2039 2038 2040 2040
f 2005 2037 2038 2039
f 2005 2001 2003 2037
f 1930 1979 1981 1986
f 1973 1941 2012 2011
f 1985 1999 2015 2007
f 1944 1929 1928 1943
f 1936 1937 1934 1934
f 1927 1930 1931 1932
f 1927 1928 1929 1930
f 1999 1998 2013 2015
f 1974 1973 2011 2008
f 1975 1974 2008 2009
f 1933 1928 1927 1932
f 1934 1932 1931 1936
f 1935 1933 1932 1934
f 1940 1937 1936 2014
f 1941 1940 2014 2012
f 1997 1991 1990 2010
f 1990 2008 2011 2010
f 2010 2011 2012 2013
f 2008 1990 1989 2009
f 2013 2012 2014 2015
f 1998 1997 2010 2013
f 2007 1936 1931 2006
f 1943 1945 1946 1946
f 2015 2014 1936 2007
f 1981 1982 1985 1986
f 1980 1982 1981 1981
f 2019 1979 2027 2028
f 2020 1987 1983 2024
f 1988 2021 2022 2023
f 1980 2019 2024 1983
f 2027 1979 2025 2026
f 1980 1981 1979 2019
f 1933 1935 1948 1945
f 1955 1946 1945 1947
f 1984 1996 1998 1999
f 1956 1954 1957 1958
f 1950 1953 1958 1957
f 1954 1951 1950 1957
f 1947 1951 1954 1955
f 2017 1929 1944 2018
f 1989 1990 1991 1992
f 1994 1993 2023 2029
f 1995 1988 2023 1993
f 1996 1987 1988 1995
f 2016 1930 1929 2017
f 1947 1945 1948 1949
f 1992 1991 1993 1994
f 1984 1983 1987 1996
f 1982 1984 1999 1985
f 1953 1950 1949 1952
f 1996 1995 1997 1998
f 1991 1997 1995 1993
f 2021 1988 1987 2020
f 1951 1947 1949 1950
f 1982 1980 1983 1984
g 326_01_ground029_object6_object24_section_18_high32
# Section index: 18
# Shared vertex decode mode: high32
f 2079 2081 2082 2082
f 2081 2079 2077 2080
f 2061 2075 2079 2082
f 2114 2082 2081 2113
f 2069 2068 2115 2083
f 2086 2072 2071 2085
f 2084 2085 2083 2115
f 2085 2071 2069 2083
f 2104 2059 2082 2114
f 2072 2076 2074 2074
f 2077 2074 2076 2078
f 2060 2065 2070 2073
f 2061 2060 2073 2075
f 2113 2081 2080 2112
f 2059 2058 2061 2082
f 2079 2075 2074 2077
f 2077 2078 2112 2080
f 2125 2090 2091 2123
f 2092 2086 2087 2089
f 2124 2123 2122 2122
f 2121 2091 2088 2120
f 2090 2078 2089 2089
f 2078 2076 2092 2089
f 2092 2076 2072 2086
f 2078 2090 2125 2112
f 2123 2091 2121 2122
f 2117 2084 2115 2115
f 2115 2111 2118 2119
f 2086 2085 2084 2087
f 2084 2117 2116 2087
f 2088 2089 2087 2087
f 2090 2089 2088 2091
f 2068 2066 2111 2115
f 2088 2087 2116 2120
f 2102 2103 2057 2050
f 2059 2101 2056 2058
f 2047 2093 2099 2100
f 2056 2101 2102 2050
f 2058 2049 2060 2061
f 2055 2053 2057 2062
f 2104 2101 2059 2059
f 2049 2058 2056 2050
f 2051 2054 2098 2094
f 2050 2046 2048 2049
f 2046 2052 2051 2094
f 2047 2048 2046 2093
f 2093 2046 2094 2094
f 2096 2054 2055 2055
f 2054 2051 2052 2055
f 2052 2046 2050 2053
f 2095 2054 2096 2097
f 2065 2067 2069 2069
f 2066 2064 2110 2111
f 2067 2065 2064 2066
f 2067 2066 2068 2069
f 2065 2069 2071 2070
f 2065 2060 2049 2048
f 2070 2071 2072 2073
f 2073 2072 2074 2075
f 2064 2047 2100 2110
f 2063 2062 2057 2103
f 2107 2063 2103 2106
f 2053 2050 2057 2057
f 2055 2062 2105 2096
f 2063 2107 2109 2108
f 2048 2047 2064 2065
f 2055 2052 2053 2053
f 2062 2063 2108 2105
g 326_01_ground029_object6_object24_section_19_high32
# Section index: 19
# Shared vertex decode mode: high32
f 2212 2145 2215 2216
f 2217 2220 2221 2221
f 2157 2154 2155 2156
f 2197 2141 2144 2200
f 2207 2208 2205 2209
f 2210 2212 2213 2214
f 2217 2146 2147 2218
f 2147 2219 2218 2218
f 2210 2211 2145 2212
f 2206 2143 2142 2202
f 2205 2203 2143 2206
f 2144 2141 2193 2201
f 2222 2148 2149 2223
f 2156 2155 2147 2146
f 2147 2155 2148 2148
f 2138 2161 2160 2162
f 2158 2159 2160 2161
f 2152 2149 2148 2155
f 2150 2151 2190 2223
f 2150 2223 2149 2149
f 2219 2147 2148 2222
f 2154 2152 2155 2155
f 2153 2150 2149 2152
f 2133 2134 2135 2136
f 2134 2133 2189 2190
f 2139 2131 2137 2138
f 2137 2131 2129 2140
f 2140 2133 2136 2137
f 2179 2173 2174 2177
f 2178 2172 2173 2179
f 2174 2154 2157 2177
f 2171 2168 2170 2182
f 2181 2132 2131 2180
f 2224 2172 2178 2227
f 2166 2164 2154 2174
f 2167 2166 2174 2173
f 2140 2129 2126 2133
f 2172 2169 2167 2173
f 2176 2170 2169 2175
f 2175 2224 2225 2226
f 2175 2169 2172 2224
f 2181 2183 2229 2184
f 2181 2180 2182 2183
f 2170 2176 2183 2182
f 2142 2144 2201 2202
f 2128 2141 2196 2185
f 2132 2232 2187 2187
f 2132 2181 2184 2184
f 2132 2184 2231 2232
f 2141 2128 2127 2127
f 2127 2130 2191 2141
f 2130 2188 2192 2191
f 2131 2139 2180 2180
f 2194 2195 2193 2191
f 2191 2193 2141 2141
f 2171 2139 2138 2162
f 2139 2171 2182 2180
f 2184 2229 2230 2231
f 2228 2176 2175 2226
f 2183 2176 2228 2229
f 2153 2164 2163 2163
f 2164 2153 2152 2154
f 2161 2136 2135 2158
f 2135 2134 2151 2158
f 2138 2137 2136 2161
f 2159 2153 2163 2160
f 2168 2167 2169 2170
f 2165 2166 2167 2168
f 2162 2165 2168 2171
f 2162 2160 2163 2165
f 2204 2198 2143 2203
f 2151 2150 2159 2158
f 2200 2144 2142 2199
f 2141 2197 2196 2196
f 2142 2143 2198 2199
f 2150 2153 2159 2159
f 2165 2163 2164 2166
f 2130 2129 2187 2188
f 2190 2151 2134 2134
f 2129 2131 2132 2187
f 2127 2126 2129 2130
f 2126 2185 2186 2186
f 2126 2127 2128 2185
f 2133 2126 2186 2189
g 326_01_ground029_object6_object24_section_20_high32
# Section index: 20
# Shared vertex decode mode: high32
f 2249 2272 2273 2273
f 2255 2257 2263 2260
f 2266 2245 2243 2246
f 2280 2260 2263 2283
f 2243 2245 2244 2244
f 2262 2261 2280 2281
f 2246 2247 2266 2266
f 2257 2255 2254 2258
f 2279 2275 2258 2278
f 2254 2276 2278 2258
f 2256 2255 2260 2261
f 2238 2237 2234 2239
f 2276 2254 2253 2259
f 2277 2276 2259 2259
f 2240 2236 2235 2235
f 2233 2234 2235 2236
f 2263 2251 2282 2283
f 2250 2274 2282 2251
f 2235 2234 2237 2237
f 2265 2242 2241 2264
f 2241 2233 2243 2244
f 2260 2280 2261 2261
f 2257 2252 2251 2263
f 2239 2234 2241 2242
f 2264 2241 2244 2245
f 2248 2246 2243 2243
f 2264 2245 2267 2268
f 2264 2268 2269 2269
f 2233 2236 2248 2243
f 2245 2266 2267 2267
f 2253 2254 2255 2256
f 2275 2252 2257 2258
f 2249 2252 2275 2272
f 2252 2249 2250 2251
f 2270 2266 2247 2271
f 2234 2233 2241 2241
f 2250 2249 2273 2274
g 326_01_ground029_object6_object24_section_21_high32
# Section index: 21
# Shared vertex decode mode: high32
f 2292 2294 2298 2316
f 2298 2294 2322 2316
f 2295 2300 2297 2296
f 2289 2286 2299 2295
f 2292 2289 2295 2294
f 2319 2296 2297 2320
f 2324 2321 2318 2323
f 2294 2318 2321 2322
f 2300 2295 2299 2299
f 2300 2299 2301 2327
f 2301 2299 2330 2331
f 2286 2304 2329 2329
f 2332 2327 2301 2331
f 2300 2326 2325 2325
f 2297 2300 2325 2320
f 2330 2299 2286 2329
f 2326 2300 2327 2328
f 2293 2296 2319 2317
f 2306 2305 2308 2309
f 2305 2306 2307 2307
f 2306 2302 2284 2307
f 2309 2310 2306 2306
f 2304 2286 2285 2303
f 2303 2285 2284 2302
f 2289 2287 2285 2286
f 2284 2285 2287 2288
f 2284 2288 2311 2307
f 2291 2287 2289 2292
f 2315 2291 2292 2316
f 2293 2294 2295 2296
f 2318 2294 2293 2317
f 2290 2291 2315 2314
f 2312 2313 2290 2314
f 2288 2290 2313 2311
f 2290 2288 2287 2291
g 326_01_ground029_object6_object24_section_22_high32
# Section index: 22
# Shared vertex decode mode: high32
f 2420 2423 2385 2385
f 2426 2386 2385 2425
f 2425 2385 2423 2422
f 2420 2416 2421 2421
f 2422 2423 2424 2424
f 2387 2386 2426 2389
f 2390 2391 2428 2412
f 2364 2390 2412 2412
f 2390 2368 2375 2391
f 2426 2427 2389 2389
f 2364 2366 2368 2390
f 2367 2354 2350 2380
f 2383 2371 2379 2382
f 2367 2380 2374 2374
f 2374 2380 2381 2382
f 2377 2374 2382 2379
f 2384 2371 2383 2383
f 2387 2378 2372 2386
f 2376 2378 2387 2388
f 2372 2373 2385 2386
f 2415 2371 2384 2419
f 2420 2385 2373 2416
f 2382 2381 2399 2383
f 2384 2383 2398 2400
f 2399 2381 2398 2383
f 2396 2429 2430 2397
f 2398 2381 2393 2395
f 2398 2395 2401 2400
f 2394 2397 2433 2431
f 2433 2397 2430 2434
f 2401 2395 2394 2431
f 2400 2401 2431 2432
f 2419 2384 2400 2432
f 2392 2351 2347 2346
f 2392 2393 2351 2351
f 2388 2387 2389 2391
f 2428 2391 2389 2427
f 2391 2375 2376 2388
f 2393 2392 2394 2395
f 2429 2396 2356 2406
f 2396 2397 2394 2392
f 2392 2346 2356 2396
f 2350 2351 2393 2380
f 2380 2393 2381 2381
f 2379 2371 2372 2378
f 2346 2345 2355 2356
f 2406 2356 2355 2407
f 2349 2350 2354 2352
f 2350 2349 2347 2351
f 2348 2349 2352 2353
f 2345 2344 2357 2355
f 2404 2408 2357 2340
f 2337 2339 2340 2338
f 2340 2357 2344 2338
f 2407 2355 2357 2408
f 2344 2345 2343 2343
f 2339 2337 2336 2336
f 2339 2403 2404 2340
f 2339 2336 2402 2403
f 2333 2334 2335 2336
f 2333 2336 2337 2338
f 2341 2336 2335 2342
f 2334 2333 2343 2348
f 2348 2343 2347 2349
f 2347 2343 2345 2346
f 2402 2336 2341 2405
f 2343 2333 2338 2344
f 2413 2414 2370 2369
f 2335 2369 2370 2342
f 2413 2369 2358 2409
f 2361 2358 2369 2362
f 2335 2334 2362 2369
f 2416 2372 2371 2415
f 2376 2375 2374 2377
f 2378 2376 2377 2379
f 2375 2368 2367 2374
f 2416 2373 2372 2372
f 2417 2416 2415 2418
f 2362 2334 2348 2353
f 2411 2363 2364 2412
f 2362 2353 2360 2361
f 2409 2358 2359 2410
f 2358 2361 2360 2359
f 2410 2359 2363 2411
f 2365 2352 2354 2366
f 2366 2354 2367 2368
f 2360 2353 2352 2365
f 2359 2360 2365 2363
f 2363 2365 2366 2364
g 326_01_ground029_object6_object24_section_23_high32
# Section index: 23
# Shared vertex decode mode: high32
f 2523 2483 2492 2493
f 2487 2524 2527 2491
f 2491 2527 2493 2492
f 2493 2527 2528 2529
f 2457 2460 2515 2513
f 2488 2490 2495 2466
f 2494 2495 2490 2489
f 2523 2493 2529 2530
f 2526 2524 2520 2525
f 2524 2487 2468 2520
f 2488 2467 2468 2487
f 2519 2459 2458 2517
f 2458 2459 2457 2513
f 2466 2465 2467 2488
f 2492 2483 2482 2489
f 2487 2491 2490 2488
f 2489 2490 2491 2492
f 2489 2482 2479 2494
f 2495 2496 2462 2466
f 2464 2460 2457 2461
f 2457 2459 2465 2461
f 2502 2498 2481 2481
f 2481 2480 2484 2502
f 2447 2445 2444 2446
f 2444 2439 2440 2440
f 2448 2445 2447 2449
f 2451 2442 2441 2450
f 2448 2450 2441 2445
f 2445 2441 2439 2444
f 2439 2435 2438 2440
f 2435 2436 2437 2438
f 2435 2439 2441 2442
f 2436 2442 2443 2443
f 2436 2435 2442 2442
f 2452 2453 2451 2454
f 2510 2456 2452 2509
f 2451 2450 2455 2454
f 2452 2454 2509 2509
f 2507 2448 2449 2511
f 2511 2449 2506 2512
f 2463 2462 2500 2503
f 2503 2501 2436 2436
f 2502 2484 2436 2501
f 2503 2436 2443 2463
f 2499 2496 2497 2498
f 2479 2478 2497 2494
f 2496 2495 2494 2497
f 2496 2499 2500 2462
f 2499 2501 2503 2500
f 2501 2499 2498 2502
f 2498 2497 2478 2481
f 2485 2484 2480 2486
f 2455 2450 2448 2507
f 2455 2507 2508 2508
f 2449 2447 2505 2506
f 2453 2442 2451 2451
f 2469 2453 2452 2456
f 2447 2446 2504 2505
f 2463 2443 2469 2464
f 2453 2469 2443 2442
f 2454 2455 2508 2509
f 2469 2456 2460 2464
f 2470 2471 2472 2473
f 2471 2474 2478 2479
f 2481 2478 2474 2480
f 2468 2467 2519 2520
f 2522 2477 2476 2521
f 2474 2471 2470 2475
f 2473 2472 2476 2477
f 2437 2436 2484 2485
f 2513 2514 2458 2458
f 2480 2474 2475 2486
f 2521 2476 2483 2523
f 2516 2514 2518 2518
f 2482 2472 2471 2479
f 2483 2476 2472 2482
f 2516 2517 2458 2514
f 2461 2462 2463 2464
f 2467 2465 2459 2519
f 2515 2460 2456 2510
f 2462 2461 2465 2466
g 326_01_ground029_object6_object24_section_24_low32
# Section index: 24
# Shared vertex decode mode: low32
f 2557 2556 2582 2583
f 2584 2561 2585 2586
f 2562 2563 2561 2584
f 2568 2571 2565 2565
f 2547 2531 2535 2558
f 2560 2547 2558 2559
f 2572 2540 2541 2573
f 2542 2543 2541 2544
f 2565 2539 2569 2568
f 2545 2547 2560 2548
f 2536 2533 2532 2537
f 2538 2539 2536 2537
f 2531 2532 2533 2534
f 2535 2531 2534 2534
f 2536 2539 2565 2565
f 2567 2568 2569 2570
f 2559 2555 2554 2560
f 2566 2534 2533 2565
f 2561 2557 2583 2585
f 2550 2564 2543 2542
f 2564 2562 2584 2587
f 2533 2536 2565 2565
f 2543 2564 2587 2574
f 2564 2550 2549 2562
f 2563 2554 2557 2561
f 2562 2549 2548 2563
f 2563 2548 2560 2554
f 2541 2540 2538 2544
f 2532 2531 2547 2545
f 2546 2544 2538 2537
f 2549 2546 2545 2548
f 2573 2541 2543 2574
f 2537 2532 2545 2546
f 2553 2551 2576 2579
f 2581 2553 2579 2580
f 2578 2575 2552 2577
f 2551 2552 2575 2576
f 2542 2544 2546 2550
f 2546 2549 2550 2550
f 2540 2572 2569 2569
f 2554 2555 2556 2557
f 2539 2538 2540 2569
g 326_01_ground029_object6_object24_section_25_high32
# Section index: 25
# Shared vertex decode mode: high32
f 2619 2617 2615 2618
f 2614 2602 2665 2670
f 2660 2594 2605 2669
f 2607 2606 2592 2609
f 2610 2611 2608 2612
f 2599 2598 2613 2612
f 2591 2599 2612 2608
f 2589 2588 2592 2606
f 2592 2591 2608 2609
f 2594 2589 2606 2605
f 2600 2602 2614 2603
f 2613 2598 2597 2617
f 2671 2616 2614 2670
f 2620 2613 2617 2619
f 2597 2603 2615 2617
f 2615 2603 2614 2616
f 2650 2642 2647 2649
f 2629 2636 2649 2647
f 2596 2595 2662 2662
f 2595 2593 2658 2662
f 2599 2591 2590 2593
f 2595 2596 2597 2598
f 2661 2659 2594 2660
f 2629 2648 2630 2630
f 2588 2590 2591 2592
f 2588 2589 2657 2590
f 2657 2589 2594 2659
f 2658 2593 2590 2657
f 2601 2664 2667 2666
f 2651 2611 2645 2644
f 2601 2666 2665 2602
f 2604 2605 2606 2607
f 2669 2605 2604 2668
f 2648 2611 2621 2630
f 2646 2645 2611 2648
f 2641 2616 2671 2676
f 2639 2641 2637 2637
f 2637 2641 2676 2676
f 2648 2629 2647 2646
f 2647 2642 2645 2646
f 2642 2643 2644 2645
f 2609 2608 2611 2651
f 2655 2642 2650 2656
f 2683 2655 2656 2684
f 2644 2643 2651 2651
f 2604 2653 2681 2668
f 2653 2604 2607 2607
f 2607 2609 2651 2653
f 2652 2655 2683 2682
f 2681 2652 2682 2682
f 2653 2654 2652 2681
f 2601 2662 2663 2664
f 2600 2596 2662 2601
f 2653 2651 2643 2654
f 2643 2642 2655 2654
f 2654 2655 2652 2652
f 2600 2601 2602 2602
f 2628 2625 2639 2632
f 2597 2596 2600 2603
f 2626 2624 2625 2628
f 2593 2595 2598 2599
f 2622 2624 2626 2627
f 2630 2621 2623 2629
f 2623 2622 2627 2629
f 2624 2619 2618 2625
f 2621 2611 2610 2620
f 2620 2610 2612 2613
f 2620 2619 2624 2622
f 2623 2621 2620 2622
f 2637 2676 2675 2679
f 2675 2676 2677 2678
f 2638 2637 2674 2672
f 2680 2674 2637 2679
f 2616 2641 2615 2615
f 2615 2641 2618 2618
f 2625 2618 2641 2639
f 2636 2629 2627 2635
f 2634 2626 2628 2631
f 2631 2628 2632 2633
f 2635 2627 2626 2634
f 2640 2638 2672 2673
f 2637 2638 2632 2639
f 2633 2632 2638 2640
g 326_01_ground029_object6_object24_section_26_high32
# Section index: 26
# Shared vertex decode mode: high32
f 2692 2694 2699 2697
f 2700 2699 2694 2702
f 2702 2694 2693 2696
f 2776 2767 2697 2774
f 2772 2773 2769 2771
f 2774 2697 2770 2775
f 2770 2697 2699 2699
f 2703 2704 2705 2706
f 2711 2710 2713 2714
f 2705 2704 2777 2771
f 2771 2701 2706 2705
f 2708 2704 2703 2707
f 2709 2710 2711 2712
f 2704 2708 2778 2777
f 2753 2754 2751 2755
f 2689 2686 2691 2692
f 2692 2691 2693 2694
f 2691 2686 2685 2695
f 2687 2690 2765 2763
f 2685 2686 2687 2688
f 2687 2686 2689 2690
f 2764 2688 2687 2763
f 2693 2691 2695 2696
f 2751 2750 2756 2755
f 2751 2752 2748 2748
f 2698 2699 2700 2700
f 2752 2728 2727 2748
f 2723 2728 2754 2753
f 2754 2728 2752 2751
f 2698 2700 2771 2769
f 2735 2734 2756 2750
f 2756 2734 2737 2755
f 2751 2748 2749 2750
f 2770 2699 2698 2769
f 2766 2690 2689 2692
f 2782 2743 2747 2787
f 2692 2697 2767 2766
f 2748 2729 2747 2749
f 2786 2746 2739 2785
f 2787 2747 2729 2779
f 2749 2742 2744 2750
f 2750 2744 2735 2735
f 2743 2742 2749 2747
f 2748 2727 2729 2729
f 2760 2786 2788 2788
f 2778 2708 2760 2788
f 2709 2717 2719 2719
f 2760 2759 2746 2786
f 2762 2737 2746 2759
f 2746 2737 2736 2739
f 2762 2755 2737 2737
f 2757 2753 2755 2762
f 2761 2710 2709 2719
f 2760 2708 2707 2707
f 2758 2707 2703 2713
f 2757 2718 2723 2753
f 2707 2758 2759 2760
f 2761 2719 2757 2762
f 2719 2718 2757 2757
f 2759 2758 2761 2762
f 2758 2713 2710 2761
f 2785 2739 2738 2783
f 2701 2700 2702 2715
f 2724 2721 2716 2716
f 2726 2725 2727 2728
f 2712 2715 2724 2716
f 2715 2702 2696 2724
f 2711 2715 2712 2712
f 2723 2718 2720 2722
f 2726 2685 2688 2725
f 2724 2696 2695 2721
f 2711 2714 2701 2715
f 2714 2706 2701 2701
f 2703 2706 2714 2713
f 2722 2720 2716 2721
f 2716 2720 2717 2717
f 2717 2709 2712 2716
f 2718 2719 2717 2720
f 2741 2740 2780 2781
f 2742 2743 2740 2744
f 2736 2730 2738 2739
f 2741 2732 2731 2740
f 2768 2765 2690 2766
f 2783 2738 2745 2784
f 2738 2730 2733 2745
f 2731 2735 2744 2740
f 2780 2740 2743 2782
f 2721 2695 2685 2726
f 2701 2771 2700 2700
f 2779 2725 2688 2764
f 2728 2723 2722 2726
f 2721 2726 2722 2722
f 2735 2731 2730 2734
f 2737 2734 2730 2736
f 2729 2727 2725 2779
f 2730 2731 2732 2733
g 326_01_ground029_object6_object24_section_27_high32
# Section index: 27
# Shared vertex decode mode: high32
f 2870 2871 2872 2915
f 2871 2870 2873 2874
f 2873 2865 2868 2874
f 2867 2866 2913 2914
f 2915 2916 2869 2870
f 2907 2865 2869 2916
f 2876 2799 2815 2852
f 2877 2876 2871 2878
f 2827 2826 2841 2840
f 2838 2825 2824 2840
f 2831 2830 2836 2837
f 2834 2804 2810 2835
f 2839 2831 2837 2838
f 2841 2826 2828 2828
f 2872 2875 2917 2918
f 2844 2845 2846 2847
f 2792 2791 2837 2836
f 2869 2865 2873 2870
f 2871 2852 2875 2872
f 2871 2876 2852 2852
f 2868 2865 2866 2867
f 2861 2845 2905 2862
f 2846 2845 2861 2854
f 2906 2903 2862 2905
f 2863 2860 2862 2903
f 2899 2863 2903 2904
f 2858 2860 2863 2899
f 2866 2864 2908 2909
f 2910 2911 2909 2908
f 2913 2866 2909 2912
f 2848 2905 2845 2845
f 2864 2865 2907 2908
f 2847 2809 2844 2844
f 2866 2865 2864 2864
f 2915 2872 2918 2919
f 2895 2893 2892 2894
f 2806 2808 2809 2809
f 2893 2884 2885 2890
f 2887 2884 2893 2895
f 2885 2888 2889 2890
f 2879 2877 2878 2882
f 2893 2890 2891 2892
f 2889 2867 2891 2890
f 2868 2867 2889 2889
f 2920 2891 2867 2914
f 2921 2894 2892 2920
f 2894 2921 2922 2922
f 2920 2892 2891 2891
f 2885 2882 2878 2888
f 2789 2792 2793 2793
f 2798 2794 2797 2799
f 2801 2793 2792 2803
f 2805 2801 2803 2804
f 2789 2793 2800 2796
f 2802 2800 2793 2801
f 2881 2819 2816 2880
f 2879 2818 2798 2877
f 2798 2799 2876 2877
f 2917 2875 2851 2902
f 2833 2829 2832 2832
f 2836 2830 2835 2810
f 2875 2852 2851 2851
f 2816 2818 2879 2880
f 2829 2835 2830 2830
f 2883 2884 2887 2886
f 2878 2871 2874 2888
f 2888 2874 2868 2889
f 2880 2879 2882 2883
f 2884 2883 2882 2885
f 2886 2881 2880 2883
f 2822 2821 2824 2825
f 2821 2822 2817 2817
f 2822 2790 2795 2817
f 2821 2817 2820 2823
f 2817 2816 2819 2820
f 2815 2799 2797 2814
f 2814 2797 2796 2796
f 2795 2794 2798 2818
f 2816 2817 2795 2818
f 2829 2834 2835 2835
f 2792 2836 2810 2803
f 2826 2821 2823 2828
f 2827 2824 2821 2826
f 2829 2830 2831 2832
f 2825 2791 2790 2822
f 2789 2790 2791 2792
f 2794 2789 2796 2797
f 2790 2789 2794 2795
f 2813 2802 2807 2806
f 2812 2800 2802 2811
f 2796 2800 2812 2814
f 2802 2813 2811 2811
f 2804 2803 2810 2810
f 2807 2802 2801 2805
f 2805 2808 2806 2807
f 2896 2857 2858 2899
f 2805 2804 2808 2808
f 2842 2839 2838 2840
f 2842 2833 2832 2839
f 2827 2840 2824 2824
f 2806 2809 2847 2813
f 2855 2898 2900 2901
f 2859 2856 2855 2901
f 2896 2855 2856 2857
f 2854 2813 2847 2846
f 2811 2813 2854 2853
f 2898 2855 2896 2897
f 2858 2853 2854 2860
f 2853 2858 2857 2857
f 2832 2831 2839 2839
f 2791 2825 2838 2837
f 2860 2854 2861 2862
f 2857 2849 2853 2853
f 2856 2850 2849 2857
f 2859 2851 2850 2856
f 2859 2901 2902 2851
f 2815 2850 2851 2852
f 2849 2814 2812 2853
f 2812 2811 2853 2853
f 2850 2815 2814 2849
f 2845 2844 2809 2848
f 2808 2804 2848 2809
f 2840 2841 2843 2842
f 2848 2804 2834 2834
g 326_01_ground029_object6_object24_section_28_high32
# Section index: 28
# Shared vertex decode mode: high32
f 2940 2939 2943 2944
f 2939 2938 2941 2942
f 2933 2940 2944 2934
f 2934 2944 2936 2935
f 2944 2943 2945 2936
f 2937 2938 2940 2933
f 2935 2936 3001 2999
f 2999 2932 2935 2935
f 3001 3002 3003 3004
f 2938 2939 2940 2940
f 2933 2930 2937 2937
f 2937 2930 2929 2948
f 2951 2929 2928 2952
f 2941 2938 2946 2947
f 3001 2936 3002 3002
f 2938 2937 2948 2946
f 2949 2946 2948 2951
f 2950 2947 2946 2949
f 2927 2992 2994 2926
f 2991 2927 2924 2924
f 2972 2976 3009 2979
f 2925 2995 2996 2996
f 2973 2972 2979 2980
f 2995 2925 2926 2994
f 2968 2950 2974 2978
f 2979 3009 3012 3010
f 2926 2925 2924 2927
f 2980 2979 3010 3011
f 2923 2924 2925 2925
f 2977 2973 2980 2981
f 2949 2951 2952 2975
f 2989 2924 2923 2988
f 2972 2973 2974 2975
f 2935 2932 2931 2934
f 2931 2930 2933 2934
f 3000 2998 2932 2999
f 2932 2998 2988 2988
f 2971 2959 2958 2969
f 2970 2955 2959 2971
f 2950 2949 2975 2974
f 2978 2974 2973 2977
f 2975 2952 2976 2972
f 2987 2986 3016 3016
f 2982 2985 2986 2987
f 2965 2968 2978 2984
f 3018 2987 3016 3017
f 2985 2977 2981 2986
f 2986 2981 3013 3016
f 2978 2977 2985 2984
f 3014 3009 2976 2976
f 3014 2976 2997 3015
f 2981 2980 3011 3013
f 2984 2983 2964 2965
f 2982 2983 2984 2985
f 2952 2928 2997 2976
f 2956 2955 2970 2970
f 2948 2929 2951 2951
f 2939 2942 2957 2943
f 3007 2945 2954 2953
f 2992 2927 2991 2993
f 3007 2953 3006 3008
f 2953 2956 3005 3006
f 2991 2924 2989 2990
f 3002 2936 2945 3007
f 2954 2945 2943 2957
f 2988 2923 2931 2932
f 2953 2954 2955 2956
f 2965 2960 2967 2968
f 2928 2929 2925 2925
f 2967 2960 2963 2966
f 2997 2928 2925 2996
f 2923 2925 2929 2930
f 2930 2931 2923 2923
f 2969 2958 2963 2962
f 2958 2966 2963 2963
f 2942 2941 2966 2958
f 2947 2950 2968 2967
f 2955 2954 2957 2959
f 2959 2957 2942 2958
f 2962 2963 2960 2961
f 2966 2941 2947 2967
f 2964 2961 2960 2965
g 326_01_ground029_object6_object24_section_29_high32
# Section index: 29
# Shared vertex decode mode: high32
f 3040 3039 3042 3044
f 3121 3042 3041 3117
f 3119 3045 3044 3120
f 3117 3041 3043 3115
f 3094 3093 3097 3098
f 3097 3093 3091 3099
f 3116 3047 3114 3118
f 3120 3044 3042 3121
f 3093 3094 3095 3096
f 3049 3027 3025 3048
f 3038 3037 3040 3046
f 3047 3031 3113 3114
f 3092 3091 3093 3096
f 3115 3043 3047 3116
f 3043 3032 3031 3047
f 3049 3048 3053 3051
f 3053 3048 3054 3055
f 3122 3050 3052 3124
f 3111 3028 3050 3122
f 3050 3028 3027 3049
f 3089 3141 3142 3090
f 3050 3049 3051 3052
f 3090 3142 3143 3144
f 3123 3111 3122 3122
f 3026 3022 3023 3023
f 3020 3022 3026 3029
f 3029 3026 3027 3028
f 3030 3031 3032 3033
f 3029 3107 3020 3020
f 3068 3067 3099 3091
f 3029 3028 3111 3107
f 3020 3019 3021 3022
f 3021 3019 3108 3108
f 3019 3020 3107 3108
f 3141 3089 3139 3140
f 3025 3027 3026 3026
f 3023 3024 3025 3026
f 3021 3108 3109 3110
f 3034 3023 3022 3033
f 3040 3037 3036 3039
f 3087 3068 3091 3092
f 3075 3055 3062 3080
f 3084 3085 3066 3065
f 3084 3080 3082 3083
f 3035 3039 3036 3034
f 3044 3045 3046 3040
f 3041 3035 3032 3043
f 3039 3035 3041 3042
f 3053 3055 3075 3076
f 3033 3022 3021 3030
f 3112 3113 3031 3030
f 3034 3033 3032 3035
f 3069 3068 3087 3088
f 3088 3087 3089 3090
f 3084 3083 3086 3085
f 3138 3086 3083 3137
f 3089 3087 3092 3139
f 3155 3156 3105 3157
f 3157 3105 3070 3158
f 3103 3104 3102 3152
f 3104 3103 3094 3098
f 3090 3144 3088 3088
f 3106 3144 3159 3158
f 3070 3069 3106 3158
f 3106 3069 3088 3144
f 3146 3101 3153 3154
f 3024 3023 3037 3038
f 3146 3100 3095 3101
f 3037 3023 3034 3036
f 3145 3100 3147 3148
f 3030 3021 3110 3112
f 3139 3092 3096 3145
f 3096 3095 3100 3145
f 3101 3103 3152 3153
f 3101 3095 3094 3103
f 3100 3146 3149 3147
f 3102 3150 3151 3152
f 3054 3056 3059 3061
f 3055 3054 3061 3062
f 3056 3024 3060 3059
f 3060 3024 3038 3046
f 3071 3072 3073 3074
f 3074 3073 3129 3130
f 3063 3064 3065 3066
f 3067 3068 3069 3070
f 3060 3046 3045 3057
f 3048 3056 3054 3054
f 3128 3058 3057 3125
f 3059 3058 3061 3061
f 3025 3024 3056 3048
f 3126 3125 3119 3127
f 3057 3058 3059 3060
f 3057 3045 3119 3125
f 3052 3051 3078 3124
f 3080 3062 3081 3082
f 3133 3124 3079 3134
f 3079 3132 3135 3134
f 3136 3082 3081 3081
f 3061 3058 3081 3062
f 3081 3058 3128 3136
f 3064 3071 3077 3076
f 3078 3053 3076 3077
f 3064 3063 3072 3071
f 3075 3065 3064 3076
f 3130 3131 3074 3074
f 3124 3078 3079 3079
f 3079 3074 3131 3132
f 3077 3071 3074 3079
f 3053 3078 3051 3051
f 3078 3077 3079 3079
f 3137 3083 3082 3136
f 3084 3065 3075 3080
g 326_01_ground029_object6_object24_section_30_high32
# Section index: 30
# Shared vertex decode mode: high32
f 3236 3239 3238 3238
f 3286 3237 3235 3285
f 3238 3232 3230 3236
f 3231 3242 3241 3228
f 3292 3244 3209 3272
f 3229 3235 3237 3237
f 3236 3287 3289 3289
f 3219 3216 3185 3186
f 3214 3184 3183 3216
f 3258 3168 3178 3177
f 3243 3257 3168 3258
f 3183 3181 3185 3216
f 3221 3275 3276 3277
f 3279 3222 3221 3221
f 3279 3221 3277 3280
f 3278 3276 3275 3275
f 3168 3257 3256 3262
f 3262 3256 3259 3296
f 3256 3247 3253 3259
f 3249 3247 3256 3257
f 3243 3233 3249 3257
f 3215 3206 3204 3205
f 3206 3217 3218 3270
f 3216 3217 3206 3215
f 3215 3205 3214 3216
f 3218 3217 3220 3273
f 3295 3254 3251 3294
f 3245 3232 3238 3250
f 3251 3246 3245 3250
f 3274 3270 3218 3273
f 3247 3249 3248 3248
f 3248 3233 3232 3245
f 3247 3246 3252 3253
f 3238 3239 3255 3250
f 3251 3250 3255 3294
f 3246 3251 3254 3252
f 3217 3216 3219 3220
f 3255 3239 3290 3294
f 3220 3222 3279 3273
f 3229 3228 3234 3235
f 3231 3230 3232 3233
f 3226 3221 3222 3220
f 3226 3220 3219 3225
f 3223 3189 3264 3281
f 3221 3224 3223 3275
f 3275 3223 3281 3281
f 3225 3224 3221 3226
f 3190 3224 3225 3227
f 3227 3186 3193 3190
f 3228 3229 3230 3231
f 3190 3189 3223 3224
f 3282 3281 3264 3283
f 3219 3186 3227 3225
f 3176 3167 3169 3171
f 3169 3164 3174 3171
f 3174 3164 3165 3182
f 3175 3181 3183 3184
f 3185 3181 3180 3186
f 3177 3170 3173 3187
f 3179 3182 3165 3188
f 3191 3190 3193 3194
f 3193 3186 3180 3194
f 3179 3194 3180 3180
f 3168 3167 3176 3178
f 3189 3190 3191 3192
f 3189 3192 3263 3264
f 3166 3163 3260 3261
f 3167 3168 3262 3260
f 3163 3164 3169 3260
f 3160 3161 3162 3163
f 3164 3163 3162 3165
f 3166 3160 3163 3163
f 3167 3260 3169 3169
f 3178 3176 3170 3177
f 3179 3180 3181 3182
f 3175 3174 3182 3181
f 3170 3171 3172 3173
f 3175 3172 3171 3174
f 3176 3171 3170 3170
f 3195 3179 3188 3196
f 3209 3210 3201 3208
f 3187 3173 3201 3210
f 3211 3201 3173 3212
f 3206 3207 3203 3204
f 3270 3207 3206 3206
f 3208 3201 3203 3207
f 3202 3201 3211 3212
f 3172 3175 3184 3213
f 3249 3233 3248 3248
f 3209 3208 3271 3272
f 3258 3177 3242 3243
f 3271 3208 3207 3270
f 3212 3173 3172 3213
f 3213 3184 3214 3212
f 3212 3214 3205 3202
f 3197 3195 3196 3265
f 3161 3160 3198 3196
f 3196 3188 3161 3161
f 3194 3179 3195 3191
f 3192 3191 3195 3197
f 3263 3192 3197 3265
f 3245 3246 3247 3248
f 3287 3236 3237 3288
f 3162 3161 3188 3165
f 3199 3196 3198 3200
f 3187 3210 3240 3241
f 3234 3240 3244 3284
f 3242 3177 3187 3241
f 3210 3209 3244 3240
f 3201 3202 3203 3203
f 3240 3234 3228 3241
f 3242 3231 3233 3243
f 3284 3244 3292 3293
f 3202 3205 3204 3203
f 3288 3237 3286 3291
f 3265 3196 3199 3266
f 3236 3230 3229 3237
f 3235 3234 3284 3285
f 3199 3200 3267 3266
f 3268 3269 3265 3265
f 3239 3236 3289 3290
g 326_01_ground029_object6_object24_section_31_high32
# Section index: 31
# Shared vertex decode mode: high32
f 3357 3361 3365 3367
f 3362 3365 3361 3361
f 3362 3363 3364 3365
f 3362 3361 3360 3370
f 3323 3329 3334 3342
f 3372 3364 3363 3373
f 3352 3351 3372 3373
f 3370 3318 3316 3369
f 3360 3358 3318 3370
f 3351 3347 3371 3372
f 3361 3357 3404 3359
f 3354 3311 3312 3325
f 3350 3340 3338 3355
f 3347 3350 3355 3356
f 3325 3324 3349 3354
f 3353 3310 3311 3354
f 3358 3359 3404 3405
f 3401 3356 3355 3399
f 3354 3349 3348 3353
f 3348 3347 3351 3352
f 3349 3324 3340 3350
f 3410 3381 3383 3413
f 3414 3410 3413 3415
f 3413 3383 3409 3416
f 3379 3382 3411 3412
f 3367 3366 3380 3384
f 3409 3418 3417 3416
f 3357 3367 3419 3402
f 3374 3353 3348 3352
f 3369 3374 3373 3363
f 3374 3352 3373 3373
f 3336 3335 3343 3345
f 3347 3348 3349 3350
f 3343 3342 3334 3345
f 3334 3333 3344 3345
f 3346 3336 3345 3344
f 3336 3346 3400 3396
f 3321 3322 3340 3324
f 3378 3368 3371 3376
f 3378 3376 3375 3377
f 3406 3375 3356 3401
f 3407 3377 3375 3406
f 3382 3379 3377 3381
f 3378 3377 3379 3380
f 3311 3301 3308 3312
f 3313 3303 3302 3314
f 3309 3308 3301 3300
f 3310 3302 3301 3311
f 3314 3302 3310 3315
f 3406 3408 3407 3407
f 3316 3318 3317 3317
f 3369 3316 3315 3374
f 3319 3320 3321 3321
f 3317 3313 3314 3316
f 3314 3315 3316 3316
f 3306 3307 3308 3309
f 3347 3376 3371 3371
f 3375 3376 3347 3356
f 3374 3315 3310 3353
f 3384 3419 3367 3367
f 3385 3299 3388 3389
f 3300 3301 3302 3303
f 3385 3297 3298 3299
f 3366 3368 3378 3380
f 3384 3380 3379 3412
f 3419 3384 3412 3420
f 3382 3381 3410 3411
f 3409 3383 3377 3407
f 3377 3383 3381 3381
f 3386 3387 3297 3385
f 3390 3391 3392 3393
f 3305 3298 3297 3304
f 3304 3297 3387 3393
f 3360 3361 3359 3358
f 3304 3393 3392 3394
f 3404 3357 3402 3403
f 3395 3305 3304 3394
f 3399 3355 3338 3338
f 3337 3335 3397 3398
f 3399 3338 3337 3398
f 3329 3332 3333 3334
f 3335 3336 3396 3397
f 3340 3322 3339 3338
f 3335 3337 3341 3343
f 3339 3322 3323 3342
f 3341 3337 3338 3339
f 3341 3339 3342 3343
f 3329 3328 3331 3332
f 3325 3312 3326 3319
f 3320 3319 3327 3328
f 3322 3321 3320 3323
f 3319 3321 3324 3325
f 3371 3368 3364 3372
f 3323 3320 3328 3329
f 3327 3307 3306 3330
f 3368 3366 3364 3364
f 3365 3364 3366 3367
f 3328 3327 3330 3331
f 3369 3363 3362 3370
f 3319 3326 3307 3327
f 3312 3308 3307 3326
g 326_01_ground029_object6_object24_section_32_high32
# Section index: 32
# Shared vertex decode mode: high32
f 3439 3441 3440 3440
f 3435 3434 3442 3443
f 3435 3443 3437 3437
f 3440 3436 3437 3439
f 3427 3426 3438 3430
f 3433 3438 3426 3426
f 3434 3433 3426 3426
f 3464 3459 3463 3461
f 3445 3431 3477 3483
f 3485 3447 3446 3484
f 3422 3431 3443 3442
f 3434 3426 3425 3442
f 3438 3433 3458 3454
f 3458 3433 3432 3463
f 3429 3424 3428 3428
f 3430 3429 3428 3427
f 3440 3441 3466 3462
f 3461 3462 3465 3464
f 3458 3463 3459 3459
f 3456 3459 3460 3501
f 3457 3456 3501 3500
f 3452 3457 3500 3497
f 3463 3432 3436 3461
f 3461 3436 3440 3462
f 3502 3503 3501 3460
f 3471 3473 3472 3508
f 3472 3506 3507 3508
f 3465 3467 3471 3470
f 3467 3468 3474 3474
f 3473 3471 3467 3474
f 3504 3470 3471 3508
f 3469 3460 3459 3464
f 3462 3466 3468 3468
f 3467 3465 3462 3468
f 3464 3465 3470 3469
f 3502 3460 3469 3505
f 3505 3469 3470 3504
f 3432 3433 3434 3435
f 3479 3429 3481 3482
f 3423 3425 3426 3427
f 3425 3423 3422 3422
f 3421 3422 3423 3424
f 3428 3424 3423 3427
f 3475 3422 3421 3476
f 3443 3431 3445 3444
f 3444 3439 3437 3443
f 3422 3442 3425 3425
f 3436 3432 3435 3437
f 3476 3421 3478 3480
f 3477 3431 3422 3475
f 3478 3424 3429 3479
f 3487 3447 3486 3488
f 3485 3486 3447 3447
f 3484 3446 3448 3489
f 3421 3424 3478 3478
f 3453 3438 3454 3455
f 3453 3430 3438 3438
f 3429 3430 3453 3481
f 3481 3499 3482 3482
f 3458 3459 3456 3454
f 3455 3457 3452 3496
f 3453 3455 3496 3481
f 3457 3455 3454 3456
f 3450 3448 3446 3449
f 3449 3490 3491 3492
f 3490 3449 3447 3487
f 3449 3446 3447 3447
f 3452 3494 3495 3496
f 3494 3452 3497 3498
f 3450 3449 3451 3451
f 3492 3493 3451 3449
g 326_01_ground029_object6_object24_section_33_low32
# Section index: 33
# Shared vertex decode mode: low32
f 3530 3533 3539 3523
f 3535 3524 3523 3539
f 3526 3524 3535 3538
f 3544 3543 3542 3545
f 3540 3541 3542 3543
f 3595 3533 3531 3596
f 3593 3537 3536 3592
f 3536 3535 3539 3591
f 3592 3536 3591 3594
f 3569 3515 3516 3571
f 3571 3516 3527 3572
f 3570 3562 3518 3569
f 3572 3527 3528 3576
f 3599 3551 3557 3558
f 3554 3552 3559 3558
f 3558 3600 3599 3599
f 3553 3541 3540 3597
f 3576 3528 3574 3575
f 3546 3542 3541 3547
f 3546 3547 3550 3549
f 3554 3550 3547 3552
f 3552 3547 3541 3553
f 3573 3570 3569 3571
f 3548 3566 3563 3549
f 3548 3551 3568 3566
f 3568 3551 3599 3599
f 3511 3515 3569 3518
f 3521 3522 3523 3524
f 3519 3509 3511 3518
f 3545 3542 3546 3565
f 3565 3546 3549 3563
f 3577 3580 3581 3582
f 3571 3572 3581 3573
f 3564 3562 3570 3573
f 3582 3576 3575 3583
f 3522 3517 3530 3523
f 3586 3589 3534 3534
f 3578 3577 3582 3583
f 3532 3513 3534 3534
f 3572 3576 3582 3581
f 3543 3544 3579 3556
f 3579 3544 3577 3578
f 3517 3514 3529 3530
f 3529 3531 3533 3530
f 3531 3529 3532 3532
f 3527 3516 3517 3522
f 3534 3513 3512 3586
f 3586 3512 3509 3584
f 3515 3511 3513 3514
f 3584 3509 3510 3585
f 3521 3525 3574 3528
f 3580 3564 3573 3581
f 3545 3565 3564 3580
f 3544 3545 3580 3577
f 3585 3510 3587 3588
f 3548 3549 3550 3551
f 3555 3540 3543 3556
f 3597 3540 3555 3598
f 3591 3539 3533 3595
f 3531 3532 3590 3596
f 3510 3509 3519 3519
f 3510 3519 3520 3587
f 3525 3521 3524 3526
f 3511 3509 3512 3513
f 3565 3563 3562 3564
f 3522 3521 3528 3527
f 3514 3513 3532 3529
f 3518 3562 3563 3563
f 3532 3534 3589 3590
f 3516 3515 3514 3517
f 3560 3561 3605 3602
f 3567 3518 3563 3566
f 3587 3520 3568 3599
f 3568 3520 3567 3566
f 3520 3519 3518 3567
f 3561 3603 3604 3605
f 3558 3559 3601 3600
f 3554 3558 3557 3557
f 3535 3536 3537 3538
f 3560 3559 3552 3552
f 3559 3560 3602 3601
f 3552 3553 3561 3560
f 3603 3561 3553 3597
f 3557 3551 3550 3554
g 326_01_ground029_object6_object24_section_34_high32
# Section index: 34
# Shared vertex decode mode: high32
f 3628 3612 3613 3629
f 3628 3626 3612 3612
f 3695 3674 3630 3630
f 3630 3631 3696 3695
f 3696 3631 3697 3697
f 3615 3612 3626 3627
f 3624 3692 3690 3684
f 3684 3621 3623 3624
f 3625 3623 3687 3693
f 3692 3624 3693 3694
f 3625 3693 3624 3623
f 3615 3627 3630 3674
f 3640 3637 3638 3641
f 3629 3639 3641 3628
f 3639 3640 3641 3641
f 3628 3641 3638 3626
f 3640 3639 3642 3643
f 3697 3631 3632 3698
f 3631 3630 3627 3633
f 3632 3631 3633 3634
f 3635 3632 3634 3636
f 3638 3633 3627 3626
f 3637 3634 3633 3638
f 3607 3610 3616 3617
f 3610 3611 3673 3675
f 3616 3610 3675 3676
f 3679 3607 3617 3678
f 3617 3616 3676 3677
f 3673 3615 3674 3674
f 3610 3607 3606 3611
f 3606 3607 3608 3609
f 3611 3606 3609 3612
f 3656 3658 3663 3665
f 3613 3612 3609 3614
f 3608 3607 3679 3680
f 3663 3662 3665 3665
f 3622 3621 3617 3677
f 3658 3645 3664 3663
f 3666 3662 3704 3707
f 3688 3622 3677 3677
f 3657 3656 3665 3667
f 3665 3662 3666 3667
f 3614 3609 3608 3618
f 3662 3660 3703 3704
f 3681 3618 3608 3680
f 3660 3661 3659 3703
f 3648 3646 3654 3654
f 3660 3664 3661 3661
f 3660 3662 3663 3664
f 3706 3703 3659 3705
f 3614 3618 3620 3671
f 3670 3619 3683 3705
f 3705 3659 3670 3670
f 3613 3614 3671 3672
f 3639 3629 3672 3644
f 3629 3613 3672 3672
f 3669 3620 3619 3670
f 3645 3644 3668 3664
f 3661 3664 3668 3669
f 3670 3659 3661 3669
f 3671 3668 3644 3672
f 3669 3668 3671 3620
f 3643 3642 3646 3648
f 3647 3643 3648 3649
f 3636 3647 3649 3650
f 3650 3649 3651 3652
f 3699 3635 3636 3650
f 3644 3642 3639 3639
f 3642 3644 3645 3646
f 3637 3640 3643 3647
f 3647 3636 3634 3637
f 3655 3654 3656 3657
f 3653 3651 3649 3648
f 3654 3658 3656 3656
f 3646 3645 3658 3654
f 3702 3635 3699 3701
f 3650 3652 3700 3699
f 3619 3681 3682 3683
f 3686 3621 3684 3685
f 3620 3618 3681 3619
f 3653 3648 3654 3655
f 3698 3632 3635 3702
f 3686 3678 3617 3621
f 3689 3684 3690 3691
f 3622 3623 3621 3621
f 3687 3623 3622 3688
f 3611 3612 3615 3673
g 326_01_ground029_object6_object24_section_35_high32
# Section index: 35
# Shared vertex decode mode: high32
f 3741 3714 3716 3744
f 3708 3737 3713 3713
f 3713 3737 3742 3743
f 3714 3709 3708 3713
f 3731 3709 3714 3741
f 3716 3714 3713 3715
f 3747 3717 3715 3746
f 3745 3715 3713 3743
f 3753 3726 3719 3752
f 3719 3718 3751 3752
f 3739 3712 3710 3730
f 3711 3710 3712 3712
f 3711 3712 3733 3734
f 3729 3709 3731 3732
f 3728 3708 3709 3729
f 3710 3708 3728 3730
f 3738 3735 3712 3739
f 3739 3740 3738 3738
f 3708 3710 3711 3737
f 3733 3712 3735 3735
f 3720 3719 3726 3727
f 3722 3720 3727 3723
f 3716 3717 3718 3721
f 3716 3715 3717 3717
f 3755 3717 3747 3754
f 3718 3717 3755 3751
f 3721 3720 3722 3748
f 3718 3719 3720 3721
f 3746 3715 3745 3745
f 3744 3716 3721 3748
f 3748 3722 3725 3750
f 3750 3725 3724 3749
f 3725 3722 3723 3724
f 3711 3734 3736 3737
g 326_01_ground029_object6_object24_section_36_high32
# Section index: 36
# Shared vertex decode mode: high32
f 3779 3778 3786 3782
f 3786 3783 3782 3782
f 3785 3779 3782 3784
f 3789 3763 3760 3788
f 3760 3772 3787 3788
f 3783 3772 3773 3775
f 3771 3829 3834 3833
f 3770 3771 3773 3772
f 3830 3773 3771 3833
f 3782 3783 3775 3784
f 3781 3778 3777 3780
f 3776 3777 3778 3779
f 3809 3795 3797 3840
f 3797 3799 3839 3840
f 3810 3776 3795 3809
f 3777 3776 3810 3807
f 3799 3835 3838 3839
f 3791 3790 3806 3808
f 3806 3790 3794 3804
f 3823 3769 3808 3844
f 3809 3840 3846 3845
f 3793 3792 3781 3794
f 3793 3788 3787 3792
f 3789 3788 3790 3791
f 3774 3775 3773 3832
f 3759 3760 3763 3764
f 3761 3757 3759 3762
f 3759 3819 3760 3760
f 3768 3769 3823 3823
f 3845 3810 3809 3809
f 3758 3756 3757 3761
f 3765 3764 3763 3766
f 3762 3759 3764 3765
f 3815 3811 3813 3816
f 3814 3757 3756 3811
f 3811 3756 3812 3813
f 3819 3759 3757 3814
f 3817 3818 3812 3812
f 3812 3756 3758 3817
f 3828 3767 3821 3826
f 3817 3758 3767 3828
f 3825 3826 3821 3827
f 3832 3773 3830 3831
f 3772 3760 3819 3770
f 3791 3766 3763 3789
f 3808 3769 3766 3791
f 3841 3842 3803 3802
f 3807 3810 3845 3841
f 3829 3771 3770 3819
f 3820 3761 3762 3822
f 3767 3758 3761 3761
f 3767 3761 3820 3821
f 3762 3765 3768 3822
f 3765 3766 3769 3768
f 3843 3844 3805 3805
f 3841 3802 3807 3807
f 3808 3806 3805 3844
f 3843 3805 3803 3842
f 3795 3776 3779 3785
f 3799 3797 3796 3798
f 3795 3785 3796 3797
f 3824 3822 3768 3823
f 3772 3783 3787 3787
f 3790 3788 3793 3794
f 3787 3783 3786 3792
f 3778 3781 3792 3786
f 3835 3799 3798 3836
f 3804 3780 3802 3803
f 3836 3798 3801 3837
f 3806 3804 3803 3805
f 3794 3781 3780 3804
f 3780 3777 3807 3802
f 3785 3784 3800 3796
f 3775 3774 3800 3784
f 3801 3798 3796 3800
f 3832 3837 3801 3801
f 3801 3800 3774 3832
g 326_01_ground029_object6_object24_section_37_high32
# Section index: 37
# Shared vertex decode mode: high32
f 3869 3870 3871 3872
f 3864 3862 3858 3865
f 3900 3860 3861 3908
f 3879 3877 3881 3881
f 3867 3866 3879 3881
f 3915 3880 3882 3916
f 3916 3882 3871 3912
f 3876 3872 3882 3880
f 3882 3872 3871 3871
f 3877 3876 3880 3881
f 3873 3857 3854 3875
f 3875 3854 3853 3874
f 3899 3898 3860 3900
f 3872 3876 3873 3873
f 3856 3897 3901 3902
f 3895 3851 3856 3902
f 3849 3886 3891 3889
f 3889 3890 3849 3849
f 3879 3868 3878 3877
f 3894 3850 3851 3895
f 3878 3868 3857 3873
f 3866 3865 3868 3879
f 3874 3873 3875 3875
f 3891 3886 3892 3893
f 3885 3847 3884 3884
f 3878 3873 3876 3877
f 3847 3848 3883 3884
f 3887 3883 3848 3888
f 3886 3849 3847 3885
f 3854 3857 3855 3855
f 3855 3857 3858 3858
f 3859 3860 3898 3897
f 3856 3855 3859 3897
f 3850 3852 3853 3854
f 3881 3914 3911 3867
f 3914 3881 3880 3915
f 3874 3869 3872 3873
f 3862 3861 3859 3859
f 3861 3862 3909 3907
f 3909 3862 3863 3910
f 3861 3860 3859 3859
f 3906 3908 3861 3861
f 3904 3901 3897 3903
f 3896 3852 3850 3894
f 3905 3906 3861 3907
f 3863 3864 3865 3866
f 3865 3858 3857 3868
f 3855 3856 3851 3851
f 3912 3871 3870 3913
f 3851 3850 3854 3855
f 3863 3866 3867 3910
f 3864 3863 3862 3862
f 3859 3855 3858 3862
f 3867 3911 3910 3910
g 326_01_ground029_object6_object24_section_38_high32
# Section index: 38
# Shared vertex decode mode: high32
f 3940 3939 3976 3975
f 3940 3975 3973 3937
f 3937 3936 3939 3940
f 3939 3929 3943 3941
f 3985 3948 3947 3984
f 3942 3977 3941 3941
f 3976 3939 3941 3977
f 3921 3938 3972 3964
f 3921 3927 3934 3938
f 3949 3948 3985 3986
f 3990 3951 3950 3989
f 3934 3936 3937 3938
f 3948 3949 3950 3951
f 3973 3972 3938 3937
f 3973 3974 3972 3972
f 3927 3926 3929 3935
f 3978 3941 3943 3979
f 3981 3977 3942 3980
f 3942 3941 3978 3980
f 3944 3943 3929 3929
f 3935 3929 3939 3936
f 3943 3944 3983 3979
f 3945 3946 3944 3944
f 3929 3928 3945 3944
f 3983 3944 3946 3982
f 3921 3920 3926 3927
f 3954 3956 3917 3917
f 3924 3917 3956 3957
f 3959 3923 3922 3958
f 3925 3928 3929 3926
f 3920 3918 3925 3926
f 3955 3953 3952 3952
f 3917 3952 3953 3954
f 3917 3918 3919 3952
f 3928 3925 3924 3947
f 3947 3924 3957 3984
f 3987 3949 3986 3988
f 3945 3928 3947 3948
f 3925 3918 3917 3924
f 3919 3918 3920 3923
f 3920 3921 3922 3923
f 3950 3949 3987 3989
f 3951 3946 3945 3948
f 3960 3919 3923 3959
f 3946 3951 3990 3982
f 3969 3966 3970 3971
f 3966 3969 3932 3932
f 3965 3964 3967 3968
f 3936 3934 3933 3935
f 3933 3934 3927 3935
f 3958 3922 3932 3969
f 3930 3964 3965 3931
f 3962 3952 3961 3963
f 3961 3952 3919 3960
f 3922 3921 3931 3932
f 3966 3932 3931 3965
f 3930 3931 3921 3964
g 326_01_ground029_object6_object24_section_39_high32
# Section index: 39
# Shared vertex decode mode: high32
f 4025 4004 3995 4023
f 4057 4026 4024 4056
f 4019 4009 4013 4013
f 4019 4013 4016 4015
f 4018 4017 4054 4054
f 4027 4029 4062 4058
f 4028 4030 4027 4027
f 4026 4025 4024 4024
f 4021 4020 4022 4023
f 4027 4058 4059 4060
f 4020 4018 4054 4055
f 3993 3997 4018 4020
f 4028 4027 4060 4061
f 4063 4028 4061 4061
f 4039 4033 4037 4038
f 4066 4038 4035 4065
f 4043 4002 4038 4066
f 4021 3993 4020 4020
f 4065 4035 4063 4064
f 4003 4005 4032 4032
f 4015 4017 4009 4019
f 4017 4015 4051 4054
f 4032 4005 4026 4029
f 4025 4023 4022 4024
f 4032 4029 4031 4031
f 4033 4031 4030 4034
f 3995 3993 4021 4023
f 4055 4056 4022 4020
f 4022 4056 4024 4024
f 4035 4036 4034 4063
f 4034 4030 4028 4063
f 3999 3995 4003 4001
f 4033 4034 4036 4037
f 4040 3998 4002 4043
f 3998 3999 4001 4002
f 4003 3995 4004 4005
f 4009 3996 4006 4008
f 4008 4006 4044 4007
f 4006 4000 4041 4044
f 4041 4000 4040 4042
f 3993 3992 3996 3997
f 3995 3994 3993 3993
f 3991 3992 3993 3994
f 4033 4003 4032 4031
f 3998 3991 3999 3999
f 3991 4000 3992 3992
f 4039 4001 4003 4033
f 3991 3998 4040 4000
f 3999 3991 3994 3995
f 4014 4007 4044 4047
f 4036 4035 4038 4037
f 4002 4001 4039 4038
f 4013 4012 4048 4049
f 4012 4011 4046 4048
f 4015 4016 4050 4051
f 4018 3997 4009 4017
f 4053 4050 4016 4052
f 4052 4016 4013 4049
f 4045 4014 4047 4047
f 4010 4008 4011 4012
f 4006 3996 3992 4000
f 3996 4009 3997 3997
f 4009 4008 4010 4010
f 4011 4014 4045 4046
f 4011 4008 4007 4014
f 4009 4010 4012 4013
f 4029 4026 4057 4062
f 4026 4005 4004 4025
f 4029 4027 4030 4031
g 326_01_ground029_object6_object24_section_40_high32
# Section index: 40
# Shared vertex decode mode: high32
f 4095 4096 4097 4098
f 4094 4069 4068 4093
f 4093 4095 4098 4094
f 4070 4069 4100 4101
f 4096 4099 4097 4097
f 4068 4170 4184 4184
f 4180 4091 4181 4182
f 4179 4177 4089 4180
f 4180 4089 4092 4091
f 4156 4165 4158 4158
f 4167 4076 4120 4140
f 4183 4093 4068 4184
f 4166 4162 4161 4161
f 4089 4088 4090 4092
f 4132 4129 4136 4133
f 4124 4127 4149 4150
f 4150 4149 4143 4145
f 4094 4100 4069 4069
f 4098 4102 4103 4103
f 4168 4138 4139 4151
f 4155 4162 4156 4156
f 4157 4156 4158 4159
f 4155 4084 4079 4160
f 4122 4123 4126 4119
f 4071 4119 4118 4118
f 4138 4134 4137 4139
f 4191 4109 4185 4190
f 4075 4074 4076 4077
f 4074 4072 4071 4071
f 4072 4073 4174 4172
f 4164 4077 4076 4167
f 4079 4082 4080 4080
f 4140 4135 4166 4167
f 4078 4079 4080 4081
f 4073 4072 4074 4075
f 4148 4150 4145 4145
f 4072 4067 4070 4071
f 4130 4124 4150 4148
f 4067 4068 4069 4070
f 4143 4149 4144 4144
f 4139 4137 4131 4152
f 4131 4130 4148 4152
f 4151 4139 4152 4153
f 4152 4148 4147 4153
f 4107 4106 4108 4144
f 4129 4131 4137 4136
f 4170 4068 4067 4169
f 4133 4136 4135 4140
f 4140 4120 4117 4133
f 4141 4142 4143 4144
f 4145 4143 4142 4146
f 4149 4127 4107 4144
f 4108 4116 4141 4144
f 4145 4146 4147 4148
f 4154 4155 4156 4157
f 4165 4156 4162 4166
f 4169 4067 4171 4173
f 4171 4067 4072 4172
f 4075 4077 4083 4078
f 4177 4087 4088 4089
f 4174 4073 4081 4176
f 4159 4158 4138 4168
f 4175 4087 4177 4178
f 4161 4164 4167 4166
f 4088 4086 4085 4090
f 4134 4138 4158 4165
f 4162 4155 4160 4161
f 4080 4086 4088 4087
f 4081 4175 4176 4176
f 4154 4084 4155 4155
f 4161 4160 4163 4164
f 4073 4075 4078 4081
f 4165 4166 4135 4134
f 4083 4077 4164 4163
f 4079 4083 4163 4160
f 4112 4109 4188 4189
f 4078 4083 4079 4079
f 4185 4111 4113 4187
f 4186 4096 4095 4095
f 4183 4186 4095 4093
f 4116 4108 4114 4115
f 4114 4113 4111 4115
f 4114 4108 4099 4099
f 4109 4191 4188 4188
f 4099 4096 4113 4114
f 4100 4103 4105 4101
f 4104 4102 4106 4107
f 4094 4098 4103 4100
f 4103 4102 4104 4105
f 4102 4098 4097 4106
f 4110 4109 4112 4112
f 4187 4113 4096 4186
f 4106 4097 4099 4108
f 4109 4110 4111 4185
f 4132 4118 4119 4126
f 4132 4126 4125 4129
f 4118 4132 4133 4117
f 4130 4131 4129 4125
f 4124 4130 4125 4125
f 4136 4137 4134 4135
f 4082 4079 4084 4085
f 4104 4107 4127 4128
f 4105 4104 4128 4128
f 4121 4101 4105 4128
f 4120 4076 4074 4117
f 4121 4071 4070 4101
f 4175 4081 4080 4087
f 4115 4111 4110 4110
f 4117 4074 4071 4118
f 4127 4124 4123 4128
f 4122 4121 4128 4123
f 4086 4080 4082 4085
f 4122 4119 4071 4121
f 4123 4124 4125 4126
g 326_01_ground029_object6_object24_section_41_low32
# Section index: 41
# Shared vertex decode mode: low32
f 4193 4207 4213 4212
f 4207 4210 4220 4213
f 4217 4214 4213 4220
f 4215 4214 4217 4218
f 4216 4215 4218 4219
f 4280 4193 4212 4287
f 4212 4215 4216 4287
f 4212 4213 4214 4215
f 4216 4288 4287 4287
f 4226 4223 4234 4235
f 4234 4223 4222 4233
f 4231 4229 4230 4232
f 4229 4225 4226 4230
f 4223 4224 4221 4222
f 4216 4219 4289 4288
f 4221 4228 4227 4222
f 4225 4224 4223 4226
f 4196 4194 4195 4195
f 4195 4194 4192 4284
f 4199 4200 4195 4201
f 4194 4196 4197 4198
f 4193 4192 4194 4194
f 4279 4192 4193 4280
f 4192 4281 4283 4284
f 4281 4192 4279 4282
f 4202 4196 4195 4200
f 4206 4205 4208 4209
f 4270 4257 4268 4269
f 4197 4196 4269 4268
f 4296 4266 4267 4297
f 4267 4266 4263 4262
f 4198 4197 4268 4252
f 4271 4272 4273 4274
f 4258 4256 4257 4270
f 4257 4248 4252 4268
f 4264 4253 4255 4259
f 4256 4249 4248 4257
f 4255 4251 4249 4256
f 4251 4255 4253 4254
f 4231 4232 4251 4254
f 4259 4261 4260 4264
f 4261 4265 4262 4262
f 4259 4255 4256 4258
f 4260 4261 4262 4263
f 4298 4276 4299 4299
f 4278 4297 4267 4267
f 4261 4259 4258 4274
f 4278 4276 4298 4297
f 4199 4201 4203 4275
f 4299 4203 4286 4300
f 4262 4265 4278 4267
f 4275 4203 4299 4276
f 4274 4258 4270 4271
f 4272 4271 4277 4277
f 4200 4272 4277 4202
f 4275 4276 4273 4272
f 4199 4275 4272 4200
f 4265 4261 4274 4273
f 4265 4273 4276 4278
f 4271 4270 4269 4277
f 4277 4269 4196 4202
f 4193 4205 4206 4207
f 4292 4241 4240 4293
f 4293 4240 4238 4291
f 4236 4227 4240 4241
f 4238 4240 4227 4227
f 4242 4236 4241 4241
f 4243 4220 4210 4244
f 4210 4209 4245 4244
f 4233 4236 4242 4243
f 4244 4234 4233 4243
f 4222 4227 4236 4233
f 4291 4238 4239 4290
f 4238 4227 4228 4239
f 4204 4194 4198 4198
f 4230 4226 4235 4237
f 4235 4234 4244 4245
f 4193 4194 4204 4205
f 4237 4235 4245 4250
f 4232 4230 4237 4246
f 4201 4195 4284 4285
f 4209 4208 4250 4245
f 4203 4201 4285 4286
f 4211 4204 4198 4252
f 4207 4206 4209 4210
f 4247 4211 4252 4248
f 4208 4211 4247 4250
f 4232 4246 4249 4251
f 4219 4218 4241 4292
f 4218 4217 4242 4241
f 4217 4220 4243 4242
f 4294 4289 4219 4292
f 4246 4237 4250 4247
f 4246 4247 4248 4249
f 4211 4208 4205 4204
f 4292 4295 4294 4294
g 326_01_ground029_object6_object24_section_42_high32
# Section index: 42
# Shared vertex decode mode: high32
f 4365 4330 4366 4367
f 4333 4331 4334 4368
f 4356 4318 4310 4350
f 4309 4317 4320 4349
f 4362 4321 4324 4361
f 4363 4364 4326 4326
f 4326 4316 4314 4322
f 4321 4323 4325 4324
f 4363 4326 4322 4360
f 4362 4360 4321 4321
f 4322 4314 4313 4323
f 4349 4320 4357 4358
f 4322 4323 4321 4360
f 4359 4357 4320 4320
f 4320 4317 4316 4359
f 4332 4333 4368 4369
f 4329 4328 4331 4333
f 4333 4332 4329 4329
f 4365 4370 4327 4327
f 4369 4366 4332 4332
f 4327 4325 4328 4329
f 4324 4325 4327 4327
f 4316 4326 4364 4359
f 4330 4329 4332 4366
f 4325 4323 4331 4328
f 4327 4329 4330 4365
f 4307 4346 4347 4348
f 4346 4303 4301 4345
f 4301 4338 4344 4345
f 4309 4349 4340 4306
f 4308 4304 4303 4307
f 4307 4303 4346 4346
f 4336 4334 4335 4373
f 4373 4374 4375 4336
f 4305 4341 4343 4339
f 4302 4305 4339 4337
f 4302 4301 4303 4304
f 4301 4302 4337 4338
f 4342 4341 4340 4340
f 4340 4341 4305 4306
f 4306 4305 4302 4304
f 4352 4351 4318 4353
f 4334 4331 4323 4335
f 4318 4351 4319 4319
f 4324 4327 4371 4361
f 4323 4313 4335 4335
f 4378 4376 4319 4377
f 4309 4308 4311 4317
f 4319 4351 4379 4377
f 4315 4310 4318 4319
f 4373 4335 4319 4376
f 4375 4368 4334 4336
f 4335 4313 4315 4319
f 4371 4327 4370 4372
f 4355 4354 4318 4356
f 4353 4318 4354 4354
f 4311 4314 4316 4317
f 4311 4312 4313 4314
f 4350 4310 4307 4348
f 4309 4306 4304 4308
f 4312 4307 4310 4310
f 4308 4307 4312 4311
f 4312 4310 4315 4313
g 326_01_ground029_object6_object24_section_43_high32
# Section index: 43
# Shared vertex decode mode: high32
f 4418 4427 4428 4428
f 4429 4419 4418 4428
f 4465 4426 4425 4464
f 4476 4441 4472 4475
f 4440 4474 4473 4470
f 4418 4423 4425 4427
f 4390 4389 4391 4421
f 4421 4422 4432 4433
f 4430 4422 4419 4429
f 4431 4393 4390 4421
f 4425 4423 4461 4464
f 4461 4423 4424 4424
f 4461 4424 4462 4463
f 4422 4421 4420 4420
f 4398 4391 4392 4392
f 4416 4399 4401 4424
f 4462 4424 4401 4455
f 4417 4416 4424 4423
f 4423 4418 4417 4417
f 4434 4443 4446 4446
f 4469 4438 4441 4476
f 4442 4443 4444 4444
f 4443 4442 4441 4446
f 4444 4430 4429 4445
f 4436 4434 4446 4438
f 4446 4441 4438 4438
f 4438 4469 4437 4437
f 4447 4448 4428 4427
f 4440 4442 4448 4447
f 4445 4429 4428 4448
f 4474 4447 4426 4465
f 4440 4447 4474 4474
f 4427 4425 4426 4447
f 4435 4436 4438 4437
f 4435 4433 4432 4436
f 4393 4431 4466 4452
f 4466 4431 4433 4467
f 4421 4433 4431 4431
f 4432 4422 4430 4434
f 4436 4432 4434 4434
f 4392 4384 4394 4398
f 4388 4385 4384 4392
f 4396 4395 4453 4454
f 4394 4384 4383 4395
f 4397 4394 4395 4396
f 4400 4396 4454 4455
f 4395 4383 4387 4402
f 4401 4399 4400 4455
f 4398 4394 4397 4399
f 4397 4396 4400 4399
f 4386 4387 4383 4382
f 4451 4386 4382 4450
f 4382 4381 4449 4450
f 4380 4381 4382 4383
f 4385 4380 4383 4384
f 4393 4381 4380 4390
f 4381 4393 4452 4449
f 4391 4389 4388 4392
f 4380 4385 4388 4389
f 4380 4389 4390 4390
f 4409 4411 4414 4413
f 4415 4398 4416 4417
f 4460 4414 4411 4459
f 4412 4406 4405 4410
f 4412 4410 4409 4413
f 4420 4398 4415 4415
f 4420 4415 4419 4422
f 4442 4444 4445 4448
f 4391 4398 4420 4421
f 4415 4417 4418 4419
f 4416 4398 4399 4399
f 4405 4404 4387 4387
f 4404 4405 4406 4407
f 4402 4387 4404 4403
f 4395 4402 4456 4453
f 4402 4403 4457 4456
f 4468 4435 4437 4469
f 4467 4433 4435 4468
f 4387 4386 4410 4405
f 4411 4386 4451 4459
f 4443 4434 4430 4444
f 4470 4471 4439 4440
f 4409 4410 4386 4411
f 4408 4403 4404 4407
f 4457 4403 4408 4458
f 4442 4440 4439 4441
f 4472 4441 4439 4471
g 326_01_ground029_object6_object24_section_44_high32
# Section index: 44
# Shared vertex decode mode: high32
f 4524 4497 4496 4523
f 4494 4482 4491 4492
f 4497 4524 4525 4525
f 4495 4496 4497 4497
f 4496 4498 4526 4523
f 4491 4482 4506 4519
f 4486 4488 4491 4519
f 4490 4489 4522 4522
f 4488 4489 4492 4491
f 4494 4492 4493 4495
f 4489 4490 4493 4492
f 4530 4526 4500 4529
f 4526 4498 4528 4500
f 4528 4498 4490 4522
f 4531 4500 4528 4533
f 4529 4500 4531 4532
f 4494 4495 4497 4499
f 4496 4495 4490 4498
f 4495 4493 4490 4490
f 4499 4483 4482 4494
f 4527 4499 4497 4525
f 4483 4499 4527 4507
f 4501 4478 4483 4507
f 4478 4477 4482 4483
f 4484 4485 4508 4509
f 4510 4511 4485 4479
f 4480 4479 4485 4484
f 4482 4477 4481 4506
f 4477 4480 4481 4481
f 4477 4478 4479 4480
f 4479 4478 4501 4502
f 4481 4504 4505 4506
f 4481 4480 4503 4504
f 4488 4486 4516 4487
f 4486 4519 4517 4517
f 4487 4516 4520 4521
f 4487 4489 4488 4488
f 4489 4487 4521 4522
f 4516 4486 4517 4518
f 4485 4511 4512 4508
f 4479 4502 4510 4510
f 4508 4512 4513 4513
f 4503 4480 4484 4514
f 4514 4484 4509 4515
g 326_01_ground029_object6_object24_section_45_low32
# Section index: 45
# Shared vertex decode mode: low32
f 4539 4570 4543 4543
f 4568 4569 4564 4564
f 4565 4564 4569 4567
f 4571 4572 4570 4539
f 4564 4572 4598 4568
f 4568 4598 4599 4596
f 4564 4543 4570 4572
f 4597 4567 4569 4569
f 4563 4564 4565 4566
f 4562 4559 4560 4561
f 4542 4543 4561 4560
f 4577 4607 4608 4609
f 4566 4562 4561 4563
f 4597 4569 4568 4596
f 4563 4561 4543 4564
f 4565 4567 4566 4566
f 4600 4559 4562 4601
f 4578 4539 4538 4575
f 4573 4567 4597 4603
f 4574 4575 4538 4581
f 4601 4562 4566 4566
f 4577 4575 4576 4607
f 4598 4572 4577 4609
f 4577 4572 4578 4575
f 4578 4572 4571 4539
f 4549 4559 4600 4589
f 4604 4574 4581 4581
f 4605 4575 4574 4604
f 4566 4567 4602 4601
f 4607 4576 4606 4606
f 4576 4575 4605 4606
f 4602 4567 4573 4603
f 4559 4542 4560 4560
f 4579 4537 4547 4585
f 4585 4547 4586 4587
f 4545 4535 4541 4544
f 4546 4536 4535 4545
f 4548 4541 4540 4549
f 4550 4544 4541 4548
f 4547 4537 4536 4546
f 4586 4547 4546 4584
f 4580 4534 4537 4579
f 4581 4538 4534 4580
f 4534 4535 4536 4537
f 4539 4535 4534 4538
f 4583 4545 4544 4582
f 4584 4546 4545 4583
f 4535 4539 4540 4541
f 4542 4540 4539 4543
f 4558 4553 4591 4593
f 4558 4593 4554 4554
f 4557 4553 4558 4554
f 4557 4550 4551 4553
f 4595 4582 4556 4592
f 4549 4540 4542 4559
f 4544 4550 4557 4582
f 4556 4582 4557 4557
f 4590 4553 4551 4588
f 4550 4548 4552 4551
f 4588 4551 4552 4589
f 4590 4591 4553 4553
f 4592 4556 4555 4555
f 4594 4555 4554 4593
f 4552 4548 4549 4589
f 4554 4555 4556 4557
g 326_01_ground029_object6_object24_section_46_high32
# Section index: 46
# Shared vertex decode mode: high32
f 4664 4682 4667 4665
f 4681 4682 4683 4683
f 4670 4667 4682 4681
f 4678 4654 4653 4677
f 4679 4678 4677 4680
f 4680 4677 4670 4681
f 4685 4688 4689 4690
f 4664 4663 4691 4692
f 4611 4614 4634 4617
f 4636 4635 4637 4637
f 4711 4636 4710 4710
f 4628 4627 4631 4630
f 4663 4690 4689 4691
f 4614 4632 4633 4634
f 4713 4641 4640 4712
f 4716 4679 4680 4717
f 4717 4680 4681 4684
f 4634 4633 4637 4635
f 4638 4637 4633 4639
f 4685 4686 4687 4688
f 4677 4653 4659 4670
f 4652 4626 4629 4671
f 4671 4651 4650 4652
f 4671 4629 4672 4673
f 4669 4662 4668 4667
f 4669 4659 4658 4662
f 4659 4669 4667 4670
f 4668 4662 4674 4666
f 4666 4674 4673 4675
f 4673 4672 4676 4675
f 4651 4671 4673 4674
f 4661 4651 4674 4662
f 4649 4651 4661 4661
f 4696 4695 4697 4698
f 4684 4697 4695 4725
f 4691 4689 4699 4700
f 4717 4684 4725 4726
f 4681 4683 4697 4684
f 4683 4692 4698 4697
f 4699 4694 4721 4727
f 4700 4699 4727 4728
f 4696 4700 4728 4723
f 4698 4692 4691 4691
f 4698 4691 4700 4696
f 4689 4688 4694 4699
f 4619 4622 4707 4707
f 4613 4630 4631 4632
f 4724 4725 4695 4722
f 4672 4629 4620 4676
f 4685 4676 4620 4686
f 4693 4687 4718 4719
f 4682 4664 4692 4683
f 4690 4675 4676 4685
f 4690 4663 4666 4675
f 4688 4687 4693 4694
f 4686 4620 4708 4718
f 4722 4695 4696 4723
f 4718 4687 4686 4686
f 4718 4720 4719 4719
f 4694 4693 4719 4721
f 4710 4638 4641 4713
f 4648 4631 4627 4650
f 4649 4647 4646 4648
f 4619 4620 4623 4623
f 4628 4630 4702 4709
f 4626 4623 4620 4629
f 4626 4621 4623 4623
f 4632 4639 4633 4633
f 4649 4648 4650 4651
f 4645 4639 4632 4646
f 4625 4624 4627 4628
f 4709 4625 4628 4628
f 4638 4639 4643 4641
f 4624 4650 4627 4627
f 4644 4647 4660 4657
f 4658 4656 4657 4660
f 4659 4653 4656 4658
f 4662 4658 4660 4661
f 4668 4666 4665 4667
f 4663 4664 4665 4666
f 4647 4649 4661 4660
f 4613 4610 4702 4630
f 4622 4625 4709 4707
f 4642 4644 4657 4655
f 4622 4621 4624 4625
f 4653 4654 4714 4655
f 4615 4616 4617 4618
f 4616 4612 4611 4617
f 4614 4611 4610 4613
f 4610 4611 4612 4701
f 4702 4610 4701 4701
f 4708 4620 4619 4707
f 4621 4622 4619 4623
f 4704 4616 4615 4706
f 4703 4612 4616 4704
f 4705 4701 4612 4703
f 4640 4642 4655 4714
f 4640 4714 4712 4712
f 4656 4653 4655 4657
f 4714 4654 4715 4715
f 4652 4624 4621 4626
f 4624 4652 4650 4650
f 4639 4645 4643 4643
f 4710 4636 4637 4638
f 4644 4642 4643 4645
f 4647 4644 4645 4646
f 4613 4632 4614 4614
f 4618 4617 4634 4635
f 4642 4640 4641 4643
f 4646 4632 4631 4648
g 326_01_ground029_object6_object24_section_47_high32
# Section index: 47
# Shared vertex decode mode: high32
f 4798 4759 4799 4799
f 4792 4735 4745 4796
f 4752 4751 4753 4754
f 4750 4736 4794 4797
f 4749 4736 4750 4751
f 4752 4749 4751 4751
f 4743 4746 4747 4748
f 4742 4741 4747 4746
f 4775 4774 4778 4782
f 4796 4745 4744 4795
f 4758 4738 4755 4757
f 4756 4740 4737 4737
f 4798 4800 4759 4759
f 4757 4755 4752 4752
f 4749 4752 4755 4756
f 4738 4740 4756 4755
f 4737 4736 4749 4756
f 4791 4735 4792 4792
f 4789 4733 4735 4791
f 4736 4737 4730 4794
f 4730 4790 4793 4794
f 4782 4778 4780 4781
f 4730 4731 4729 4790
f 4744 4781 4780 4795
f 4781 4744 4743 4748
f 4784 4769 4768 4783
f 4783 4775 4782 4784
f 4779 4795 4780 4780
f 4804 4777 4773 4802
f 4774 4773 4777 4778
f 4806 4795 4779 4805
f 4746 4734 4732 4742
f 4779 4777 4804 4805
f 4731 4741 4742 4742
f 4778 4777 4779 4780
f 4781 4748 4784 4782
f 4776 4785 4788 4787
f 4766 4765 4770 4788
f 4787 4788 4770 4807
f 4771 4786 4772 4772
f 4771 4776 4787 4786
f 4767 4766 4788 4785
f 4768 4767 4785 4783
f 4785 4776 4775 4783
f 4789 4729 4732 4733
f 4748 4747 4769 4784
f 4803 4808 4809 4810
f 4772 4786 4808 4803
f 4786 4787 4807 4808
f 4776 4771 4774 4775
f 4759 4750 4797 4799
f 4751 4750 4759 4800
f 4729 4789 4790 4790
f 4734 4733 4732 4732
f 4738 4739 4740 4740
f 4735 4733 4734 4745
f 4745 4734 4743 4744
f 4734 4746 4743 4743
f 4760 4758 4757 4761
f 4801 4753 4751 4800
f 4762 4760 4761 4761
f 4729 4731 4742 4732
f 4731 4730 4737 4740
f 4741 4731 4740 4739
f 4760 4762 4765 4763
f 4747 4741 4739 4769
f 4765 4762 4770 4770
f 4802 4773 4772 4803
f 4771 4772 4773 4774
f 4769 4739 4764 4768
f 4758 4760 4763 4764
f 4757 4752 4754 4761
f 4767 4763 4765 4766
f 4764 4739 4738 4758
f 4768 4764 4763 4767
g 326_01_ground029_object6_object24_section_48_low32
# Section index: 48
# Shared vertex decode mode: low32
f 4871 4826 4831 4868
f 4868 4831 4820 4869
f 4868 4867 4870 4871
f 4843 4849 4866 4869
f 4866 4849 4848 4863
f 4863 4862 4867 4866
f 4869 4820 4819 4843
f 4853 4860 4855 4855
f 4860 4853 4854 4861
f 4855 4860 4859 4862
f 4864 4854 4896 4897
f 4866 4867 4868 4869
f 4865 4857 4861 4864
f 4854 4864 4861 4861
f 4899 4874 4865 4900
f 4874 4858 4857 4865
f 4813 4838 4839 4840
f 4837 4836 4839 4838
f 4838 4813 4877 4893
f 4823 4811 4813 4844
f 4841 4816 4823 4844
f 4812 4811 4823 4822
f 4874 4873 4858 4858
f 4816 4815 4822 4823
f 4900 4865 4864 4897
f 4826 4871 4827 4827
f 4827 4872 4828 4828
f 4872 4827 4871 4870
f 4862 4859 4870 4867
f 4824 4825 4826 4827
f 4870 4859 4858 4872
f 4829 4824 4827 4828
f 4851 4856 4863 4848
f 4875 4811 4812 4876
f 4814 4815 4816 4817
f 4873 4874 4898 4878
f 4873 4828 4872 4858
f 4828 4873 4878 4878
f 4889 4833 4835 4836
f 4890 4834 4833 4889
f 4892 4889 4837 4891
f 4837 4838 4893 4891
f 4836 4837 4889 4889
f 4832 4880 4881 4882
f 4821 4820 4831 4830
f 4899 4898 4874 4874
f 4886 4885 4887 4888
f 4885 4886 4883 4883
f 4883 4832 4882 4884
f 4826 4825 4830 4831
f 4818 4814 4817 4819
f 4818 4819 4820 4821
f 4813 4811 4875 4877
f 4879 4829 4828 4878
f 4894 4853 4834 4890
f 4894 4854 4853 4853
f 4854 4894 4895 4896
f 4847 4852 4846 4845
f 4839 4836 4835 4840
f 4857 4858 4859 4859
f 4857 4859 4860 4861
f 4856 4855 4862 4863
f 4819 4817 4842 4843
f 4834 4853 4855 4856
f 4833 4834 4856 4851
f 4847 4850 4852 4852
f 4847 4848 4849 4850
f 4845 4851 4848 4847
f 4840 4844 4813 4813
f 4846 4835 4833 4845
f 4843 4842 4850 4849
f 4850 4842 4841 4852
f 4842 4817 4816 4841
f 4840 4835 4846 4852
f 4833 4851 4845 4845
f 4841 4844 4840 4852
g 326_01_ground029_object6_object24_section_49_high32
# Section index: 49
# Shared vertex decode mode: high32
f 4949 4924 4920 4951
f 4946 4945 4947 4948
f 4945 4950 4949 4947
f 4938 4937 4940 4952
f 4944 4941 4953 4952
f 4940 4926 4950 4952
f 4952 4950 4945 4944
f 4937 4929 4939 4940
f 4913 4939 4929 4929
f 4927 4926 4939 4913
f 4930 4929 4937 4934
f 4974 4975 4936 4973
f 4932 4936 4975 4971
f 4976 4941 4942 4977
f 4941 4976 4943 4943
f 4976 4978 4979 4943
f 4927 4913 4912 4912
f 4958 4957 4964 4963
f 4959 4946 4948 4957
f 4962 4969 4989 4989
f 4962 4961 4916 4969
f 4964 4957 4948 4951
f 4947 4949 4951 4948
f 4951 4920 4923 4964
f 4941 4943 4954 4953
f 4982 4983 4955 4984
f 4955 4983 4956 4956
f 4960 4955 4956 4958
f 4957 4958 4956 4959
f 4985 4982 4984 4986
f 4959 4980 4946 4946
f 4987 4960 4961 4962
f 4955 4960 4987 4984
f 4935 4938 4953 4954
f 4954 4943 4979 4981
f 4935 4954 4981 4973
f 4917 4906 4965 4968
f 4916 4917 4968 4969
f 4966 4965 4915 4967
f 4966 4970 4965 4965
f 4917 4916 4919 4918
f 4906 4917 4918 4901
f 4906 4905 4915 4965
f 4903 4902 4907 4908
f 4988 4987 4962 4989
f 4923 4919 4963 4964
f 4959 4956 4983 4980
f 4901 4904 4905 4906
f 4958 4963 4961 4960
f 4963 4919 4916 4961
f 4901 4902 4903 4904
f 4912 4909 4925 4927
f 4914 4911 4912 4913
f 4939 4926 4940 4940
f 4911 4910 4909 4912
f 4908 4907 4909 4910
f 4920 4921 4922 4923
f 4933 4932 4971 4972
f 4931 4930 4932 4933
f 4931 4928 4929 4930
f 4938 4935 4934 4937
f 4936 4932 4930 4934
f 4934 4935 4973 4936
f 4928 4914 4913 4929
f 4927 4925 4924 4926
f 4950 4926 4924 4949
f 4921 4920 4924 4925
f 4953 4938 4952 4952
f 4922 4918 4919 4923
f 4902 4901 4918 4922
f 4925 4909 4907 4921
f 4946 4942 4944 4945
f 4902 4922 4921 4907
f 4977 4942 4946 4980
f 4942 4941 4944 4944
g 326_01_ground029_object6_object24_section_50_high32
# Section index: 50
# Shared vertex decode mode: high32
f 4996 4993 5060 5063
f 5058 4996 5062 5062
f 5007 5064 5059 5059
f 5006 5008 5011 5009
f 5014 5011 5012 5013
f 5040 5039 5045 5046
f 5064 5007 5009 5010
f 5049 5040 5046 5048
f 5018 5065 5010 5015
f 5015 5014 5017 5018
f 5015 5010 5009 5011
f 5015 5011 5014 5014
f 5012 5011 5008 5016
f 5005 5004 5016 5008
f 4992 4991 4998 4999
f 5000 5001 5002 5003
f 5001 4998 4991 5002
f 4997 4995 4996 5058
f 4990 4991 4992 4993
f 4994 4990 4993 4995
f 5046 5047 5048 5048
f 5052 5047 5050 5051
f 4992 5007 5059 5060
f 5054 5049 5048 5053
f 5048 5047 5052 5053
f 5044 5041 5050 5047
f 4992 5060 4993 4993
f 5027 5026 5041 5042
f 5061 5062 4996 5063
f 5039 5040 5076 5074
f 4999 5005 5008 5006
f 5073 5075 5038 5038
f 5043 5042 5041 5044
f 5046 5045 5044 5047
f 5045 5039 5038 5038
f 5045 5038 5043 5044
f 5050 5041 5026 5056
f 5056 5003 5051 5050
f 5056 5026 5029 5035
f 5003 5002 5057 5051
f 4990 4994 5055 5057
f 5055 5052 5051 5057
f 5002 4991 4990 5057
f 4995 5053 5055 4994
f 5053 5052 5055 5055
f 4997 5054 5053 4995
f 5049 5054 5077 5078
f 5035 5000 5003 5056
f 5040 5049 5078 5076
f 5058 5077 5054 4997
f 5024 5023 5022 5025
f 5020 5021 5022 5023
f 5068 5017 5019 5070
f 5026 5027 5028 5029
f 5016 5004 5032 5033
f 5030 5024 5025 5031
f 5029 5028 5030 5031
f 5067 5018 5017 5068
f 5018 5067 5069 5065
f 5064 5010 5065 5066
f 5017 5014 5013 5019
f 5012 5016 5033 5034
f 5072 5036 5037 5071
f 5036 5021 5020 5037
f 4992 4999 5006 5007
f 5070 5019 5036 5072
f 5005 4999 4998 5001
f 5073 5038 5039 5074
f 5001 5000 5004 5005
f 5019 5013 5021 5036
f 5021 5034 5022 5022
f 5035 5029 5031 5032
f 5032 5004 5000 5035
f 5031 5025 5033 5032
f 5013 5012 5034 5021
f 4993 4996 4995 4995
f 5025 5022 5034 5033
f 5007 5006 5009 5009
g 326_01_ground029_object6_object24_section_51_high32
# Section index: 51
# Shared vertex decode mode: high32
f 5158 5154 5157 5159
f 5149 5141 5160 5155
f 5153 5156 5157 5154
f 5185 5146 5151 5151
f 5152 5153 5154 5155
f 5162 5153 5152 5161
f 5144 5120 5118 5161
f 5141 5142 5144 5160
f 5155 5160 5152 5152
f 5160 5144 5161 5152
f 5146 5185 5184 5147
f 5133 5120 5142 5143
f 5120 5144 5142 5142
f 5092 5170 5178 5091
f 5103 5180 5106 5106
f 5102 5088 5087 5100
f 5099 5097 5180 5103
f 5142 5141 5140 5143
f 5135 5137 5130 5130
f 5138 5139 5140 5141
f 5145 5138 5149 5150
f 5145 5150 5146 5146
f 5083 5086 5084 5084
f 5141 5149 5138 5138
f 5091 5089 5090 5092
f 5145 5146 5147 5148
f 5083 5081 5090 5086
f 5081 5083 5082 5079
f 5079 5080 5081 5081
f 5086 5087 5088 5084
f 5085 5082 5083 5084
f 5081 5080 5092 5090
f 5174 5175 5176 5177
f 5174 5095 5096 5175
f 5148 5139 5138 5145
f 5100 5098 5097 5099
f 5168 5167 5166 5162
f 5153 5162 5166 5156
f 5162 5161 5117 5168
f 5111 5114 5168 5117
f 5167 5168 5114 5110
f 5096 5095 5097 5098
f 5169 5163 5158 5158
f 5169 5158 5159 5188
f 5190 5169 5188 5191
f 5171 5094 5093 5173
f 5189 5185 5165 5190
f 5170 5094 5171 5172
f 5190 5165 5163 5169
f 5183 5167 5110 5110
f 5151 5146 5150 5164
f 5150 5149 5155 5164
f 5164 5155 5154 5158
f 5161 5118 5117 5117
f 5163 5151 5164 5158
f 5186 5166 5167 5183
f 5186 5156 5166 5166
f 5159 5157 5187 5188
f 5151 5163 5165 5185
f 5157 5156 5186 5187
f 5125 5135 5084 5088
f 5119 5115 5118 5120
f 5112 5116 5121 5122
f 5115 5116 5112 5111
f 5115 5111 5117 5118
f 5105 5123 5124 5125
f 5105 5125 5088 5102
f 5113 5112 5122 5122
f 5113 5122 5108 5107
f 5109 5181 5108 5108
f 5107 5108 5181 5182
f 5114 5113 5107 5110
f 5109 5106 5180 5181
f 5183 5110 5107 5182
f 5080 5079 5093 5094
f 5170 5092 5080 5094
f 5136 5127 5126 5126
f 5085 5084 5135 5134
f 5116 5115 5119 5127
f 5125 5124 5137 5135
f 5136 5137 5124 5121
f 5126 5130 5137 5136
f 5123 5105 5104 5104
f 5122 5123 5109 5108
f 5132 5128 5127 5119
f 5132 5119 5120 5133
f 5126 5127 5128 5129
f 5130 5126 5129 5131
f 5089 5087 5086 5090
f 5098 5089 5091 5096
f 5175 5096 5091 5178
f 5087 5089 5098 5100
f 5101 5102 5100 5100
f 5123 5122 5121 5124
f 5103 5106 5104 5101
f 5104 5106 5109 5123
f 5102 5101 5104 5105
f 5101 5100 5099 5103
f 5130 5131 5134 5135
f 5136 5121 5116 5127
f 5180 5097 5095 5179
f 5111 5112 5113 5114
f 5179 5095 5174 5174
g 326_01_ground029_object6_object24_section_52_low32
# Section index: 52
# Shared vertex decode mode: low32
f 5232 5224 5234 5233
f 5209 5201 5210 5211
f 5224 5220 5230 5234
f 5214 5215 5216 5217
f 5209 5211 5212 5213
f 5241 5242 5243 5244
f 5241 5244 5245 5246
f 5218 5213 5212 5217
f 5215 5251 5231 5231
f 5267 5208 5265 5265
f 5207 5208 5267 5268
f 5264 5207 5268 5269
f 5222 5213 5218 5221
f 5209 5213 5222 5222
f 5217 5216 5219 5218
f 5266 5209 5222 5223
f 5221 5218 5219 5220
f 5217 5212 5211 5214
f 5259 5199 5192 5255
f 5198 5199 5259 5260
f 5205 5193 5192 5204
f 5200 5201 5202 5203
f 5196 5195 5197 5258
f 5250 5238 5231 5251
f 5196 5194 5193 5195
f 5255 5192 5193 5194
f 5214 5247 5215 5215
f 5251 5243 5242 5250
f 5194 5196 5258 5256
f 5255 5194 5256 5257
f 5197 5202 5208 5206
f 5251 5215 5247 5243
f 5263 5206 5207 5264
f 5265 5208 5209 5266
f 5202 5201 5209 5208
f 5207 5206 5208 5208
f 5248 5244 5243 5247
f 5211 5210 5249 5214
f 5247 5214 5249 5248
f 5200 5203 5205 5254
f 5253 5201 5200 5254
f 5210 5201 5253 5249
f 5254 5252 5253 5253
f 5254 5205 5204 5252
f 5204 5245 5244 5252
f 5204 5192 5199 5245
f 5244 5248 5252 5252
f 5248 5249 5253 5252
f 5245 5199 5198 5246
f 5233 5240 5274 5272
f 5228 5216 5215 5231
f 5229 5219 5216 5228
f 5266 5223 5226 5271
f 5220 5219 5229 5230
f 5197 5195 5203 5202
f 5223 5222 5221 5225
f 5226 5227 5270 5271
f 5225 5227 5226 5223
f 5225 5221 5220 5224
f 5232 5233 5272 5273
f 5237 5228 5231 5238
f 5235 5229 5228 5237
f 5233 5234 5239 5240
f 5234 5230 5236 5239
f 5230 5229 5235 5236
f 5203 5195 5193 5205
f 5261 5197 5206 5263
f 5262 5258 5197 5261
f 5227 5225 5224 5232
f 5270 5227 5232 5273
g 326_01_ground029_object6_object24_section_53_high32
# Section index: 53
# Shared vertex decode mode: high32
f 5292 5293 5330 5331
f 5281 5275 5325 5291
f 5293 5280 5281 5291
f 5293 5292 5280 5280
f 5289 5319 5321 5321
f 5339 5307 5314 5341
f 5316 5304 5303 5303
f 5293 5291 5329 5330
f 5340 5341 5314 5315
f 5301 5286 5290 5311
f 5303 5299 5301 5316
f 5282 5280 5292 5294
f 5275 5281 5280 5278
f 5316 5301 5311 5310
f 5278 5280 5282 5283
f 5311 5290 5312 5312
f 5279 5278 5283 5284
f 5290 5288 5317 5312
f 5307 5304 5316 5310
f 5325 5275 5326 5327
f 5326 5275 5276 5277
f 5276 5275 5278 5279
f 5283 5282 5289 5287
f 5314 5307 5310 5310
f 5321 5324 5287 5289
f 5286 5284 5288 5290
f 5291 5325 5328 5329
f 5288 5287 5324 5317
f 5285 5279 5284 5286
f 5319 5294 5332 5342
f 5289 5282 5294 5319
f 5277 5276 5279 5285
f 5284 5283 5287 5288
f 5321 5319 5318 5320
f 5318 5319 5342 5343
f 5322 5323 5317 5324
f 5323 5313 5312 5317
f 5324 5321 5320 5322
f 5334 5296 5295 5333
f 5299 5286 5301 5301
f 5296 5277 5285 5300
f 5277 5296 5334 5326
f 5285 5286 5299 5300
f 5333 5298 5335 5335
f 5294 5292 5331 5332
f 5333 5295 5297 5298
f 5304 5336 5306 5305
f 5336 5304 5307 5339
f 5305 5306 5298 5297
f 5314 5310 5309 5315
f 5308 5311 5312 5313
f 5308 5309 5310 5311
f 5302 5305 5297 5295
f 5303 5304 5305 5302
f 5300 5302 5295 5296
f 5298 5306 5338 5335
f 5306 5336 5337 5338
f 5302 5300 5299 5303
g 326_01_ground029_object6_object24_section_54_high32
# Section index: 54
# Shared vertex decode mode: high32
f 5358 5346 5349 5359
f 5356 5357 5358 5359
f 5398 5437 5442 5441
f 5428 5358 5357 5427
f 5423 5424 5355 5354
f 5402 5399 5440 5403
f 5395 5392 5400 5401
f 5358 5428 5422 5346
f 5440 5399 5398 5441
f 5350 5344 5354 5355
f 5348 5349 5346 5347
f 5347 5345 5344 5350
f 5443 5444 5403 5440
f 5420 5344 5345 5421
f 5406 5405 5407 5408
f 5421 5345 5422 5422
f 5408 5407 5409 5410
f 5396 5404 5405 5406
f 5355 5351 5350 5350
f 5348 5347 5350 5351
f 5396 5395 5404 5404
f 5394 5392 5395 5396
f 5393 5392 5394 5394
f 5438 5435 5388 5439
f 5389 5390 5392 5393
f 5397 5398 5399 5400
f 5390 5386 5391 5397
f 5400 5392 5390 5397
f 5401 5400 5399 5402
f 5397 5391 5437 5398
f 5444 5445 5417 5403
f 5416 5402 5403 5417
f 5404 5395 5401 5415
f 5417 5445 5446 5418
f 5418 5413 5416 5417
f 5447 5429 5360 5419
f 5419 5414 5413 5418
f 5419 5360 5363 5414
f 5418 5446 5447 5419
f 5365 5409 5407 5411
f 5414 5411 5412 5413
f 5409 5370 5380 5410
f 5365 5364 5370 5409
f 5363 5365 5411 5414
f 5411 5407 5405 5412
f 5415 5401 5402 5416
f 5413 5412 5415 5416
f 5412 5405 5404 5415
f 5368 5359 5349 5371
f 5349 5348 5353 5371
f 5372 5373 5374 5375
f 5366 5356 5359 5368
f 5379 5367 5369 5378
f 5380 5370 5367 5379
f 5374 5373 5376 5377
f 5378 5369 5372 5375
f 5361 5430 5427 5357
f 5429 5430 5361 5360
f 5357 5356 5362 5361
f 5363 5362 5364 5365
f 5367 5366 5368 5369
f 5353 5348 5351 5352
f 5364 5362 5356 5366
f 5370 5364 5366 5367
f 5431 5381 5384 5434
f 5386 5387 5385 5435
f 5434 5384 5383 5433
f 5376 5384 5381 5381
f 5391 5435 5436 5437
f 5435 5391 5386 5386
f 5385 5388 5435 5435
f 5386 5390 5389 5387
f 5383 5352 5351 5355
f 5433 5383 5355 5424
f 5377 5376 5381 5382
f 5382 5381 5431 5432
f 5354 5344 5420 5423
f 5422 5345 5347 5346
f 5369 5368 5371 5372
f 5384 5376 5352 5383
f 5371 5353 5373 5372
f 5360 5361 5362 5363
f 5423 5420 5425 5426
f 5373 5353 5352 5376
g 326_01_ground029_object6_object24_section_55_high32
# Section index: 55
# Shared vertex decode mode: high32
f 5464 5463 5459 5458
f 5497 5459 5463 5465
f 5466 5464 5458 5469
f 5469 5488 5468 5466
f 5488 5469 5455 5487
f 5462 5467 5496 5493
f 5467 5462 5466 5468
f 5495 5465 5461 5494
f 5462 5461 5464 5466
f 5510 5486 5476 5476
f 5452 5455 5469 5458
f 5452 5453 5454 5455
f 5471 5476 5486 5477
f 5485 5486 5510 5512
f 5457 5477 5486 5485
f 5484 5454 5457 5485
f 5454 5453 5456 5457
f 5482 5475 5502 5508
f 5450 5451 5492 5490
f 5448 5490 5491 5449
f 5490 5448 5450 5450
f 5476 5475 5482 5483
f 5511 5484 5485 5512
f 5510 5476 5483 5509
f 5487 5484 5511 5513
f 5489 5467 5468 5515
f 5467 5489 5516 5496
f 5489 5518 5516 5516
f 5451 5450 5453 5452
f 5489 5515 5517 5518
f 5461 5462 5493 5494
f 5515 5468 5488 5514
f 5455 5454 5484 5487
f 5463 5464 5461 5465
f 5456 5448 5449 5460
f 5451 5452 5458 5459
f 5514 5488 5487 5513
f 5448 5456 5453 5450
f 5499 5474 5500 5501
f 5492 5451 5459 5497
f 5471 5470 5475 5476
f 5475 5470 5499 5502
f 5470 5473 5474 5499
f 5465 5495 5498 5497
f 5470 5471 5472 5473
f 5477 5460 5472 5471
f 5478 5481 5491 5503
f 5481 5478 5479 5480
f 5449 5491 5481 5481
f 5480 5460 5449 5481
f 5480 5472 5460 5460
f 5473 5472 5480 5479
f 5505 5478 5503 5504
f 5477 5457 5456 5460
f 5506 5474 5473 5479
f 5507 5500 5474 5506
f 5479 5478 5505 5506
o 326_02_pPlane407_object7_object26
# Object index: 2
# Object vertices: 13
# Object quad primitives: 10
v -6.84234313 8.06765996 -67.6751713
v -7.46623152 7.84746898 -72.8981625
v -13.5627607 5.75586865 -69.9670511
v -9.8219252 6.21355057 -64.3409098
v -4.54478971 6.76730456 -61.4204229
v -3.04103694 7.37307375 -76.0214812
v -11.7811678 6.10825174 -76.2128215
v -3.39351772 8.4444449 -71.5081118
v -1.02462958 8.70151425 -66.2874701
v 1.76056318 7.67605433 -63.3271145
v -5.30226242 8.63528606 -69.4486453
v 3.99000156 8.3312918 -70.0466475
v 0.639768028 7.89042806 -73.0121075
g 326_02_pPlane407_object7_object26_section_00_none
# Section index: 0
# Shared vertex decode mode: none
f 5520 5519 5529 5526
f 5529 5519 5527 5526
f 5526 5527 5530 5531
f 5530 5527 5528 5528
f 5524 5526 5531 5531
f 5522 5523 5519 5519
f 5519 5520 5521 5522
f 5524 5525 5520 5526
f 5527 5519 5523 5528
f 5521 5520 5525 5525
o 326_03_pPlane408_object8_object28
# Object index: 3
# Object vertices: 15
# Object quad primitives: 11
v 8.29645764 9.0918936 -55.6575714
v 22.3099515 11.486127 -55.8427414
v 17.1197121 9.36813981 -62.8010454
v 6.10099617 7.90084529 -59.6587957
v 4.87441215 7.56581685 -53.1081526
v 10.4085344 8.85209941 -51.4283292
v 29.4360514 10.6821006 -53.1042163
v 25.0205102 10.3237483 -60.6293687
v 22.3078837 11.604366 -52.369268
v 9.20744526 7.90120061 -45.0353572
v 12.3834229 9.14412308 -47.1243765
v 16.7452684 10.0490939 -46.9321571
v 17.1467322 8.84069699 -42.052394
v 20.005006 11.4056792 -53.300861
v 24.8207789 9.95936527 -47.3242706
g 326_03_pPlane408_object8_object28_section_00_none
# Section index: 0
# Shared vertex decode mode: none
f 5540 5533 5545 5543
f 5545 5537 5542 5543
f 5545 5533 5532 5537
f 5538 5540 5546 5546
f 5540 5543 5544 5546
f 5543 5542 5541 5544
f 5532 5535 5536 5537
f 5532 5533 5534 5535
f 5538 5539 5533 5540
f 5537 5536 5541 5542
f 5534 5533 5539 5539
o 326_04_pPlane409_object9_object30
# Object index: 4
# Object vertices: 15
# Object quad primitives: 11
v 24.0845595 9.05931577 -8.13197497
v 29.1435654 9.97749643 -4.88217901
v 31.6302302 10.0177194 -8.4505101
v 25.3995189 8.5573505 -12.2247231
v 30.5707963 9.96580113 -3.61797551
v 33.2000797 9.90455101 -4.69522671
v 36.9633079 9.56764752 -9.75858361
v 32.3668222 9.43606439 -15.0392345
v 39.9687519 9.39213277 -2.22045508
v 34.4356875 8.60403726 1.77750569
v 22.4862679 8.19563577 -0.594184811
v 28.0646971 9.13827093 -1.93161156
v 19.2161332 7.60502268 -6.73718939
v 19.5572465 7.14784011 1.17521964
v 27.0100073 7.81535827 2.62833157
g 326_04_pPlane409_object9_object30_section_00_none
# Section index: 0
# Shared vertex decode mode: none
f 5559 5547 5550 5550
f 5548 5547 5558 5551
f 5560 5557 5547 5559
f 5561 5558 5557 5560
f 5556 5551 5558 5561
f 5547 5557 5558 5558
f 5552 5549 5548 5551
f 5547 5548 5549 5550
f 5554 5550 5549 5553
f 5552 5551 5556 5555
f 5553 5549 5552 5555
o 326_05_pPlane410_object10_object32
# Object index: 5
# Object vertices: 15
# Object quad primitives: 11
v 228.551308 12.6115256 426.076289
v 230.798714 13.8491061 429.122449
v 232.643936 13.4398672 428.60075
v 234.353852 11.5336545 424.86642
v 226.063252 13.2733904 429.79631
v 228.862474 14.0288363 430.604166
v 228.536442 13.3823186 434.179882
v 234.548609 13.5483591 433.425483
v 239.099123 12.3366051 429.858652
v 242.890388 11.0884132 428.396117
v 237.640802 13.5873064 441.784057
v 241.566214 12.3372398 433.493924
v 243.93618 11.8153655 435.293975
v 238.473599 13.3160637 443.281507
v 236.290665 13.5882758 443.873718
g 326_05_pPlane410_object10_object32_section_00_none
# Section index: 0
# Shared vertex decode mode: none
f 5573 5572 5575 5574
f 5571 5570 5573 5574
f 5576 5575 5572 5572
f 5569 5564 5563 5567
f 5572 5569 5568 5576
f 5573 5570 5569 5572
f 5567 5563 5562 5566
f 5564 5565 5562 5563
f 5567 5566 5568 5569
f 5565 5570 5571 5571
f 5570 5565 5564 5569
o 326_06_pPlane411_object11_object34
# Object index: 6
# Object vertices: 13
# Object quad primitives: 9
v -193.390119 8.17762588 -56.7763183
v -194.996353 8.46336776 -61.8137389
v -199.261418 7.67391388 -59.8400127
v -196.67218 7.49407044 -54.110315
v -192.029577 8.65718028 -59.7221783
v -192.354963 8.14854422 -63.7727358
v -197.074561 7.52201908 -66.3503633
v -192.32471 7.19210357 -66.63022
v -188.869477 6.95210978 -51.5621461
v -188.853353 8.07007061 -56.7026718
v -181.355439 6.43019924 -59.8252834
v -186.428945 6.78259518 -64.2440734
v -182.641311 6.51951338 -54.3459838
g 326_06_pPlane411_object11_object34_section_00_none
# Section index: 0
# Shared vertex decode mode: none
f 5581 5577 5586 5582
f 5582 5586 5587 5588
f 5586 5585 5589 5587
f 5584 5582 5588 5588
f 5577 5580 5585 5586
f 5578 5577 5581 5582
f 5577 5578 5579 5580
f 5578 5582 5584 5583
f 5579 5578 5583 5583
o 326_07_pPlane412_object12_object36
# Object index: 7
# Object vertices: 13
# Object quad primitives: 9
v -242.858117 9.22284398 -36.8707055
v -238.534474 8.85461225 -24.6540155
v -228.75977 9.89553846 -27.1426005
v -227.22856 10.2934157 -32.6174875
v -227.11366 9.15289464 -22.4821595
v -227.727499 8.78458348 -41.7121345
v -237.552056 9.48629198 -39.5402785
v -243.208745 9.37059505 -45.626
v -216.175489 8.09802775 -39.789137
v -220.488258 10.1443525 -36.5992235
v -211.924037 8.38434661 -34.9250845
v -219.935858 10.4672416 -32.0745235
v -217.470808 8.71812053 -28.8619865
g 326_07_pPlane412_object12_object36_section_00_none
# Section index: 0
# Shared vertex decode mode: none
f 5600 5599 5601 5602
f 5599 5595 5593 5601
f 5601 5593 5592 5592
f 5601 5592 5594 5602
f 5598 5595 5599 5600
f 5591 5594 5592 5592
f 5590 5591 5592 5593
f 5597 5590 5596 5595
f 5596 5590 5593 5595
o 326_08_pPlane413_object13_object38
# Object index: 8
# Object vertices: 13
# Object quad primitives: 9
v 263.986039 5.90201621 115.504817
v 267.017211 7.2662799 119.376824
v 270.329448 6.8572552 117.053247
v 273.916299 6.13419262 115.089378
v 269.305749 4.58945991 112.474319
v 258.970728 4.0822822 111.446662
v 258.177603 5.0267392 114.726171
v 262.680161 7.19948613 124.189
v 269.16739 7.53395324 126.57812
v 278.89061 4.74454721 116.338438
v 273.465475 7.00510469 118.427482
v 274.69218 6.34684588 121.408675
v 275.327481 3.83925744 111.545091
g 326_08_pPlane413_object13_object38_section_00_none
# Section index: 0
# Shared vertex decode mode: none
f 5605 5604 5613 5606
f 5612 5606 5613 5614
f 5613 5604 5611 5614
f 5615 5607 5606 5612
f 5610 5611 5604 5604
f 5607 5603 5606 5606
f 5603 5604 5605 5606
f 5604 5603 5609 5610
f 5603 5607 5608 5609
o 326_09_pPlane417_object14_object40
# Object index: 9
# Object vertices: 13
# Object quad primitives: 9
v 109.94876 17.133001 431.716186
v 114.775797 17.2652715 432.093944
v 114.303223 16.1807094 424.7105
v 106.462443 15.9069035 426.358897
v 104.896821 15.8803766 434.051415
v 109.370912 17.0469016 435.064492
v 118.83013 16.3387924 428.608272
v 122.891162 16.4806066 433.364583
v 114.303223 16.1807094 442.276228
v 114.787946 17.1694074 438.206749
v 106.058098 15.8927835 441.623738
v 112.703282 17.6410086 433.673658
v 120.570573 16.3995699 439.649096
g 326_09_pPlane417_object14_object40_section_00_none
# Section index: 0
# Shared vertex decode mode: none
f 5627 5617 5616 5621
f 5625 5617 5627 5621
f 5625 5624 5628 5628
f 5623 5617 5625 5628
f 5626 5621 5620 5620
f 5616 5619 5620 5621
f 5616 5617 5618 5619
f 5624 5625 5621 5626
f 5622 5618 5617 5623
o 326_10_pPlane418_object15_object42
# Object index: 10
# Object vertices: 15
# Object quad primitives: 11
v 138.283365 18.3062904 454.853003
v 134.597086 17.9791973 456.82941
v 139.614545 17.1169169 462.962325
v 141.565027 16.9442323 457.369503
v 143.793574 16.8304053 450.577171
v 138.911491 18.2004113 452.571528
v 137.605194 17.9845247 450.519687
v 131.816979 16.7933512 452.006105
v 134.066657 17.9109207 455.139264
v 136.945379 18.2800382 453.666252
v 138.093274 16.7416688 447.413457
v 132.820177 17.1689863 465.233862
v 124.604115 16.8837545 458.96047
v 127.028344 17.2804084 457.33283
v 124.727302 16.7989498 454.340474
g 326_10_pPlane418_object15_object42_section_00_none
# Section index: 0
# Shared vertex decode mode: none
f 5630 5637 5642 5641
f 5640 5631 5630 5641
f 5636 5642 5637 5637
f 5630 5629 5638 5637
f 5642 5636 5643 5641
f 5635 5634 5633 5639
f 5629 5632 5633 5634
f 5629 5630 5631 5632
f 5635 5636 5637 5638
f 5636 5635 5639 5639
f 5638 5629 5634 5635
o 326_11_pPlane419_object16_object44
# Object index: 11
# Object vertices: 13
# Object quad primitives: 9
v 185.776113 16.7395175 -421.21355
v 182.327068 15.7516549 -426.289779
v 179.52851 17.5197353 -421.073967
v 178.915463 17.6349178 -416.981653
v 176.026606 17.2782783 -422.978611
v 174.896569 16.8381629 -424.007697
v 183.591248 15.048365 -426.808158
v 179.833517 13.3916686 -432.032627
v 171.599621 13.8175993 -429.232383
v 173.823735 17.6048432 -420.117997
v 172.992442 17.8471721 -415.297992
v 168.943165 16.8425784 -418.185598
v 168.42762 15.2615257 -424.666657
g 326_11_pPlane419_object16_object44_section_00_none
# Section index: 0
# Shared vertex decode mode: none
f 5653 5646 5648 5649
f 5653 5655 5654 5654
f 5656 5649 5652 5652
f 5655 5653 5649 5656
f 5647 5646 5653 5654
f 5648 5646 5645 5649
f 5644 5645 5646 5647
f 5652 5649 5645 5651
f 5645 5644 5650 5651
o 326_12_object_base_d04_hit2_object17_object46
# Object index: 12
# Object vertices: 270
# Object quad primitives: 236
v -501.920102 45 -174.736133
v -508.647172 102.942267 -175.049666
v -514.005016 93.0937232 -150.280559
v -503.586986 45 -150.280559
v -502.277291 45 -125.197919
v -512.63579 100.39806 -125.197919
v -493.168956 100.562202 -198.878174
v -488.227834 45 -198.878174
v -497.75289 111.600779 -198.878174
v -515.552838 115.663303 -175.049666
v -523.768199 115.868481 -149.967026
v -522.279909 117.920261 -124.884386
v -517.041128 116.730229 -175.049666
v -525.077894 116.484015 -149.967026
v -525.256489 118.330617 -124.884386
v -516.803002 117.263692 -200.132306
v -522.934756 118.905116 -175.049666
v -500.669938 82.547574 -104.504741
v -493.704741 45 -104.504741
v -506.742161 112.175277 -226.155545
v -501.324786 79.7161176 -226.469078
v -507.992325 81.0292568 -237.442733
v -514.12408 114.678449 -237.442733
v -510.194994 94.0785776 -246.221657
v -515.136117 115.499161 -247.789322
v -501.384317 45 -237.442733
v -500.193685 45 -245.594591
v -486.739544 45 -265.974236
v -498.645864 88.7439496 -268.168967
v -497.514763 110.574889 -216.436022
v -492.275982 78.8954056 -217.376621
v -486.62048 45 -218.003687
v -495.55022 45 -226.782611
v -503.765581 113.36531 -200.132306
v -504.599024 113.529452 -213.927758
v -511.861879 114.062915 -224.901413
v -517.398318 116.976442 -212.360093
v -524.244452 117.83819 -224.901413
v -515.076585 115.293983 -237.442733
v -524.18492 119.2334 -237.442733
v -519.005671 116.689193 -249.984053
v -528.471195 118.166475 -249.984053
v -545.080512 121.203109 -175.049666
v -577.882423 125.306669 -193.548113
v -571.8102 123.419032 -149.967026
v -546.033017 120.095148 -149.967026
v -553.831657 123.008676 -200.132306
v -576.63226 125.429776 -200.132306
v -601.576 127.112236 -186.96392
v -600.921152 127.645698 -149.967026
v -601.040216 127.44052 -199.818773
v -595.027524 126.948093 -124.884386
v -569.667062 123.090747 -124.884386
v -545.556764 120.587575 -124.884386
v -600.028178 128.056054 -224.901413
v -547.938028 122.721426 -225.214946
v -555.736668 124.075601 -249.984053
v -600.028178 128.999873 -254.687048
v -508.587641 118.905116 -284.472683
v -500.967596 83.2041436 -283.845617
v -499.122116 83.2451792 -301.089932
v -512.516726 118.987187 -300.462866
v -508.349514 116.771264 -268.4825
v -513.528764 81.93204 -332.443232
v -520.07724 115.458125 -329.934968
v -515.850496 45 -350.941679
v -521.625061 81.6858264 -347.806349
v -506.504035 45 -334.951496
v -526.982905 115.950552 -344.671019
v -528.64979 116.237802 -343.73042
v -522.875225 116.114695 -328.994369
v -479.714815 45 -303.284663
v -481.619826 45 -283.532084
v -538.948757 120.136184 -327.740237
v -564.964066 122.721426 -325.545506
v -550.021634 122.721426 -300.149333
v -530.13808 120.710682 -298.581668
v -515.61237 119.766863 -300.149333
v -543.115969 120.25929 -338.400359
v -538.412972 117.961297 -359.40707
v -554.30791 120.956896 -349.374014
v -550.021634 123.131782 -275.066693
v -528.2926 119.88997 -271.61783
v -529.185574 120.300326 -285.726815
v -511.564221 117.961297 -269.109566
v -511.92141 119.52065 -284.786216
v -600.028178 126.537737 -300.149333
v -600.028178 127.44052 -281.02382
v -599.968647 126.168417 -320.528978
v -573.238958 121.859679 -350.00108
v -600.028178 122.885569 -355.644674
v -598.24223 45 -425.249
v -599.135204 98.9207784 -412.394147
v -578.537271 91.370228 -405.809954
v -574.250996 45 -415.529477
v -567.642988 82.2192892 -396.717497
v -565.023598 45 -402.047558
v -556.153389 45 -394.522766
v -560.022943 81.93204 -390.133304
v -582.525888 116.8123 -396.717497
v -599.551926 116.853336 -400.16636
v -599.551926 117.550941 -398.285162
v -583.240267 117.797154 -394.522766
v -576.215538 118.002332 -390.446837
v -570.083784 117.017478 -392.014502
v -586.990758 119.151329 -385.430309
v -599.73052 119.438578 -386.997974
v -561.332638 116.401944 -388.252106
v -560.677791 120.095148 -371.007791
v -573.536616 120.997931 -365.991263
v -559.90388 117.46887 -381.667913
v -573.953338 119.561685 -381.35438
v -563.059055 117.099549 -387.311507
v -570.857694 117.46887 -390.133304
v -558.534653 116.648158 -383.235578
v -600.147242 122.844533 -355.958207
v -532.817002 82.4655028 -363.482999
v -528.114006 45 -366.931862
v -541.865805 45 -383.235578
v -547.045054 82.8758588 -379.159649
v -556.272452 82.0551468 -386.057375
v -551.390861 45 -390.76037
v -537.162809 117.427834 -360.034136
v -547.045054 118.20751 -379.159649
v -548.950066 118.86408 -377.591984
v -547.818965 54.0688676 -295.759871
v -548.414281 52.8788352 -296.073404
v -573.65568 80.700972 -286.353881
v -597.944572 80.700972 -286.353881
v -551.569456 80.700972 -286.353881
v -482.036547 51.1963756 -297.954602
v -544.723322 54.5202592 -296.073404
v -485.608443 51.976052 -296.70047
v -494.491241 117.556793 179.762304
v -514.416654 120.926587 150.147768
v -515.279849 122.341069 200.094672
v -495.21057 118.180829 200.094672
v -487.945347 117.099166 159.429936
v -487.010219 117.431986 200.53668
v -490.2472 115.809492 180.204312
v -550.02344 122.341069 150.147768
v -550.02344 122.341069 200.094672
v -550.02344 121.966647 250.041576
v -512.83413 119.553708 243.411456
v -491.470059 118.638455 235.89732
v -491.326193 118.097624 214.680936
v -513.193795 120.385756 124.953312
v -511.899003 119.92813 96.6648
v -550.02344 122.673888 96.6648
v -554.483279 122.632286 120.091224
v -490.822663 119.096082 136.44552
v -484.996098 116.974359 100.200864
v -600.016805 122.341069 250.041576
v -600.016805 122.341069 200.094672
v -582.03358 122.341069 150.147768
v -600.016805 122.341069 150.147768
v -586.421487 123.464334 120.091224
v -568.078598 122.8819 135.119496
v -581.961647 124.046767 100.200864
v -600.016805 124.837213 100.200864
v -465.93388 45.0022072 136.003512
v -460.395046 39.6771 100.200864
v -469.242793 81.487512 100.200864
v -474.709693 98.96052 135.119496
v -474.853559 84.1084632 159.871944
v -468.451531 45.0022072 159.429936
v -477.515077 115.60148 100.200864
v -483.701306 116.974359 134.677488
v -480.895923 116.683142 159.871944
v -472.983304 91.8049072 226.173144
v -462.912698 45.0022072 230.151216
v -470.465652 45.0022072 200.094672
v -479.025667 91.9297144 200.53668
v -477.299278 82.4027648 241.201416
v -467.372538 45.0022072 244.73748
v -474.853559 45.0022072 178.878288
v -482.838111 81.6123192 179.762304
v -482.334581 117.182371 222.195072
v -486.578622 117.348781 238.10736
v -550.886635 118.305636 299.104464
v -575.775418 122.091454 284.5182
v -583.184507 118.139226 322.972896
v -547.865453 115.351866 308.386632
v -580.810721 113.604565 326.50896
v -551.534031 121.134599 273.025992
v -541.031827 118.139226 283.192176
v -600.016805 123.04831 296.010408
v -600.88 119.179286 330.045024
v -595.485032 116.391926 339.327192
v -600.088738 116.516733 341.97924
v -575.34382 80.4890544 334.465104
v -541.031827 81.3627048 318.994824
v -588.507541 81.903536 351.703416
v -598.002684 86.4381976 357.007512
v -569.517256 45.0022072 342.863256
v -581.098453 45.0022072 364.521648
v -594.981502 45.0022072 372.035784
v -533.694671 45.0022072 330.045024
v -496.93696 80.7386688 277.004064
v -485.355763 45.0022072 287.170248
v -479.169533 45.0022072 264.185832
v -488.089213 82.3611624 257.99772
v -510.748076 82.2779576 292.916352
v -498.663349 45.0022072 305.734584
v -516.502708 45.0022072 311.03868
v -524.918858 81.903536 301.314504
v -532.399879 116.391926 292.916352
v -521.538011 117.099166 281.866152
v -527.724241 119.096082 273.025992
v -517.653635 116.017504 260.649768
v -507.726895 114.145396 267.279888
v -496.433429 117.223974 252.251616
v -499.094946 118.097624 250.925592
v -461.97757 45.0022072 36.109704
v -466.869007 103.536784 36.109704
v -465.286484 85.647752 55.116048
v -454.496549 45.0022072 55.558056
v -466.94094 85.4813424 69.260304
v -455.143945 45.0022072 70.586328
v -453.633354 45.0022072 23.73348
v -465.214551 105.076073 22.849464
v -475.285157 115.76789 54.67404
v -478.306338 114.145396 75.448416
v -471.688512 116.059106 36.99372
v -473.12717 80.5306568 -0.134952
v -456.726468 45.0022072 0.749064
v -477.083479 114.603022 -0.134952
v -469.314726 117.931214 22.849464
v -461.042442 45.0022072 -23.561376
v -477.371211 80.031428 -23.561376
v -507.295297 119.803322 49.811952
v -509.669083 120.260949 75.006408
v -483.269708 115.060649 75.006408
v -479.888862 116.932757 49.369944
v -480.176594 118.056022 25.059504
v -498.44755 119.803322 25.059504
v -485.859293 116.766347 -0.134952
v -506.000505 119.803322 -0.134952
v -487.082152 113.812577 -22.67736
v -493.915778 115.268661 -24.8874
v -508.302358 119.803322 -24.8874
v -503.986384 113.35495 -51.40788
v -491.685858 98.4196888 -52.291896
v -508.662022 115.43507 -51.40788
v -509.741016 115.393468 -80.1384
v -476.508016 45.0022072 -51.849888
v -560.45371 120.926587 -57.153984
v -531.392819 119.470503 -75.276312
v -598.793946 123.464334 -60.24804
v -560.022113 120.468961 -27.981456
v -600.016805 122.71549 -27.981456
v -600.016805 122.71549 -0.134952
v -550.02344 119.803322 -0.134952
v -530.385758 118.596853 -44.335752
v -531.824416 119.803322 -24.8874
v -528.011972 119.803322 -0.134952
v -550.02344 119.803322 25.059504
v -549.951507 121.592226 49.811952
v -550.02344 122.840298 75.006408
v -575.056089 121.259406 37.435728
v -600.016805 122.71549 28.595568
v -600.016805 122.71549 49.811952
v -540.456364 75.871188 115.671144
v -567.14347 75.871188 115.671144
v -536.64392 47.6647608 101.968896
v -535.924591 48.8712304 102.410904
v -596.492093 75.871188 115.671144
v -460.754711 46.749508 101.08488
v -532.184081 49.3288568 101.968896
v -456.438737 45.9590624 99.316848
g 326_12_object_base_d04_hit2_object17_object46_section_00_high32
# Section index: 0
# Shared vertex decode mode: high32
f 5739 5698 5697 5741
f 5697 5681 5719 5741
f 5744 5738 5732 5743
f 5742 5715 5718 5734
f 5742 5740 5739 5741
f 5741 5719 5715 5742
f 5734 5733 5740 5742
f 5748 5749 5750 5751
f 5751 5750 5752 5753
f 5754 5753 5752 5755
f 5731 5737 5746 5746
f 5743 5732 5731 5745
f 5744 5714 5713 5738
f 5747 5745 5731 5746
f 5716 5685 5684 5729
f 5730 5731 5732 5733
f 5727 5730 5733 5734
f 5717 5716 5729 5728
f 5721 5720 5723 5725
f 5721 5725 5726 5727
f 5724 5720 5717 5728
f 5738 5713 5698 5739
f 5740 5733 5732 5738
f 5739 5740 5738 5738
f 5731 5730 5735 5737
f 5734 5718 5721 5727
f 5735 5726 5736 5737
f 5730 5727 5726 5735
f 5756 5750 5749 5757
f 5778 5754 5755 5777
f 5725 5723 5773 5779
f 5726 5725 5779 5736
f 5777 5776 5775 5778
f 5746 5766 5747 5747
f 5773 5774 5775 5776
f 5723 5722 5774 5773
f 5771 5767 5781 5780
f 5776 5777 5771 5780
f 5777 5755 5764 5771
f 5767 5765 5781 5781
f 5779 5773 5776 5780
f 5765 5737 5736 5781
f 5781 5736 5779 5780
f 5764 5755 5752 5761
f 5765 5766 5746 5737
f 5768 5766 5765 5767
f 5752 5750 5756 5761
f 5756 5757 5758 5759
f 5756 5759 5760 5761
f 5762 5759 5758 5763
f 5760 5759 5762 5768
f 5768 5762 5747 5766
f 5772 5747 5762 5763
f 5771 5764 5769 5767
f 5768 5767 5769 5770
f 5770 5761 5760 5768
f 5769 5764 5761 5770
f 5677 5676 5686 5687
f 5686 5665 5663 5687
f 5687 5663 5664 5688
f 5685 5680 5683 5684
f 5676 5677 5678 5679
f 5679 5678 5680 5681
f 5683 5680 5678 5682
f 5691 5676 5692 5693
f 5672 5690 5691 5693
f 5665 5686 5691 5690
f 5669 5666 5690 5672
f 5682 5678 5677 5689
f 5689 5677 5687 5688
f 5666 5658 5665 5690
f 5667 5659 5658 5666
f 5662 5659 5667 5668
f 5667 5666 5669 5670
f 5663 5665 5658 5658
f 5657 5658 5659 5660
f 5661 5660 5659 5662
f 5663 5658 5657 5664
f 5662 5668 5783 5674
f 5675 5674 5784 5785
f 5674 5783 5786 5784
f 5661 5662 5674 5675
f 5671 5668 5667 5670
f 5673 5670 5669 5672
f 5668 5671 5782 5783
f 5686 5676 5691 5691
f 5707 5704 5711 5711
f 5703 5672 5693 5712
f 5693 5692 5694 5712
f 5711 5704 5703 5712
f 5710 5709 5788 5789
f 5671 5710 5789 5782
f 5711 5712 5713 5714
f 5719 5681 5680 5685
f 5721 5718 5717 5720
f 5722 5723 5720 5724
f 5685 5716 5715 5719
f 5696 5698 5713 5712
f 5696 5712 5694 5694
f 5715 5716 5717 5718
f 5699 5700 5701 5702
f 5700 5699 5703 5704
f 5701 5700 5705 5706
f 5695 5679 5681 5697
f 5694 5692 5695 5696
f 5692 5676 5679 5695
f 5696 5695 5697 5698
f 5671 5670 5702 5710
f 5699 5673 5672 5703
f 5709 5708 5787 5788
f 5670 5673 5699 5702
f 5700 5704 5707 5705
f 5701 5706 5708 5709
f 5702 5701 5709 5710
g 326_12_object_base_d04_hit2_object17_object46_section_01_high32
# Section index: 1
# Shared vertex decode mode: high32
f 5892 5887 5890 5891
f 5892 5891 5893 5894
f 5891 5884 5883 5893
f 5888 5804 5808 5889
f 5877 5881 5883 5884
f 5881 5882 5885 5886
f 5887 5888 5889 5890
f 5890 5878 5880 5891
f 5883 5881 5886 5895
f 5894 5893 5896 5897
f 5893 5883 5895 5896
f 5880 5871 5877 5884
f 5891 5880 5884 5884
f 5889 5879 5878 5890
f 5808 5823 5879 5889
f 5869 5801 5800 5866
f 5868 5835 5801 5869
f 5859 5855 5867 5864
f 5869 5866 5867 5868
f 5867 5855 5858 5868
f 5858 5830 5835 5868
f 5865 5864 5867 5866
f 5870 5871 5872 5873
f 5878 5872 5871 5880
f 5879 5823 5819 5874
f 5881 5877 5876 5882
f 5874 5872 5878 5879
f 5873 5872 5874 5875
f 5871 5870 5876 5877
f 5819 5818 5875 5874
f 5898 5896 5895 5899
f 5887 5892 5913 5914
f 5909 5913 5912 5912
f 5888 5887 5914 5915
f 5912 5913 5892 5894
f 5904 5903 5906 5910
f 5911 5906 5909 5912
f 5906 5911 5910 5910
f 5908 5916 5913 5909
f 5816 5813 5815 5918
f 5915 5805 5804 5888
f 5805 5915 5815 5815
f 5918 5815 5915 5914
f 5917 5916 5908 5908
f 5918 5914 5916 5917
f 5916 5914 5913 5913
f 5885 5902 5886 5886
f 5920 5899 5902 5923
f 5903 5904 5924 5925
f 5899 5895 5886 5902
f 5900 5897 5896 5898
f 5919 5898 5899 5920
f 5901 5919 5921 5922
f 5904 5901 5922 5924
f 5897 5911 5912 5894
f 5900 5901 5904 5910
f 5900 5898 5919 5901
f 5897 5900 5910 5911
f 5905 5903 5925 5926
f 5906 5907 5908 5909
f 5903 5905 5907 5906
f 5821 5822 5817 5820
f 5820 5819 5823 5824
f 5825 5821 5820 5824
f 5817 5818 5819 5820
f 5797 5806 5814 5811
f 5806 5805 5815 5813
f 5812 5811 5813 5816
f 5794 5790 5796 5825
f 5833 5829 5828 5832
f 5832 5822 5821 5833
f 5829 5795 5834 5826
f 5827 5826 5830 5831
f 5824 5807 5794 5825
f 5808 5807 5824 5823
f 5826 5827 5828 5829
f 5792 5798 5799 5800
f 5792 5800 5801 5802
f 5793 5792 5802 5802
f 5792 5791 5797 5798
f 5790 5791 5792 5793
f 5791 5790 5794 5794
f 5796 5790 5793 5795
f 5803 5804 5805 5806
f 5811 5810 5798 5797
f 5810 5811 5812 5812
f 5814 5806 5813 5811
f 5809 5799 5798 5810
f 5797 5791 5803 5806
f 5808 5804 5803 5807
f 5791 5794 5807 5803
f 5795 5793 5802 5834
f 5857 5831 5830 5858
f 5856 5855 5859 5860
f 5861 5860 5859 5862
f 5855 5856 5857 5858
f 5851 5847 5849 5852
f 5849 5850 5853 5852
f 5848 5847 5851 5854
f 5848 5854 5861 5862
f 5865 5841 5842 5864
f 5863 5864 5842 5842
f 5836 5839 5863 5842
f 5866 5800 5799 5799
f 5839 5848 5862 5863
f 5862 5859 5864 5863
f 5799 5841 5865 5866
f 5836 5837 5838 5838
f 5839 5836 5838 5840
f 5841 5837 5836 5842
f 5796 5795 5829 5833
f 5834 5802 5801 5835
f 5835 5830 5826 5834
f 5825 5796 5833 5821
f 5838 5837 5843 5844
f 5839 5840 5847 5848
f 5840 5845 5849 5847
f 5845 5846 5850 5849
f 5843 5837 5809 5809
f 5845 5840 5838 5844
f 5844 5846 5845 5845
f 5841 5799 5809 5837
o 326_13_polySurface295_object18_object48
# Object index: 13
# Object vertices: 149
# Object quad primitives: 116
v -899.88544 56.7753402 -700.88441
v -1000 56.0386548 -700.88441
v -1000 63.4724802 -599.22285
v -899.88544 63.4724802 -599.22285
v -800.1185 61.932138 -599.22285
v -800.1185 58.0477968 -700.88441
v -899.88544 61.6642524 -550.3471
v -800.1185 61.262424 -550.3471
v -1000 61.6642524 -550.3471
v -899.88544 62.2000236 -800.59094
v -1000 57.4450542 -798.63591
v -800.1185 58.248711 -800.59094
v -678.4515 59.8560246 -599.22285
v -712.17064 60.3248244 -650.05363
v -686.09914 59.8560246 -550.3471
v -726.07544 58.918425 -700.88441
v -738.93738 59.8560246 -499.51632
v -800.1185 70.1026488 -499.51632
v -717.03732 57.1771686 -757.58028
v -707.30396 56.909283 -779.08561
v -688.18486 56.6413974 -790.81579
v -800.1185 77.8043598 -900.29747
v -899.88544 74.8576182 -900.29747
v -1000 65.4816222 -898.34244
v -700.00394 74.5227612 -900.29747
v -700.00394 80.014416 -1000.004
v -800.1185 80.0813874 -1000.004
v -899.88544 78.674988 -1000.004
v -1000 76.4649318 -1000.004
v -710.08492 47.1314586 -757.58028
v -717.38494 48.872715 -700.88441
v -706.95634 9.6274746 -700.88441
v -696.87536 9.6274746 -755.62525
v -704.17538 50.3460858 -650.05363
v -693.05154 9.6274746 -650.05363
v -670.45624 49.877286 -599.22285
v -659.3324 9.6274746 -599.22285
v -678.79912 49.877286 -550.3471
v -732.3326 49.877286 -499.51632
v -701.39442 45.5911164 -777.13058
v -691.66106 9.6274746 -773.22052
v -677.06102 9.6274746 -781.04064
v -683.6658 44.0507742 -786.90573
v -662.46098 9.6274746 -800.59094
v -666.98004 40.0324902 -822.09627
v -668.37052 50.0112288 -829.91639
v -648.55618 43.5819744 -841.64657
v -599.88938 52.6231134 -900.29747
v -599.88938 46.2608304 -857.28681
v -550.52734 43.2471174 -869.01699
v -599.88938 9.6274746 -837.73651
v -599.88938 40.0324902 -853.37675
v -646.47046 40.3003758 -839.69154
v -647.1657 9.6274746 -826.00633
v -500.12244 62.3339664 -917.89274
v -500.12244 43.6489458 -880.74717
v -452.15088 53.2928274 -890.52232
v -500.12244 40.7691756 -876.83711
v -451.80326 48.7387722 -886.61226
v -549.8321 40.3673472 -865.10693
v -547.05114 9.6274746 -851.42172
v -500.12244 9.6274746 -863.1519
v -500.12244 91.5334968 -1000.004
v -599.88938 78.0722454 -1000.004
v -400.00788 77.4695028 -947.21819
v -400.00788 86.9124702 -1000.004
v -400.00788 67.1559072 -902.2525
v -364.55064 75.9291606 -912.02765
v -366.28874 83.4299574 -964.81346
v -314.49336 91.2656112 -1000.004
v -315.1886 80.014416 -964.81346
v -400.00788 22.8878118 -886.61226
v -400.00788 62.5348806 -898.34244
v -449.71754 18.400728 -874.88208
v -363.16016 25.3657536 -900.29747
v -363.16016 71.3751054 -910.07262
v -325.26958 24.4951254 -915.93771
v -332.5696 76.3979604 -931.57795
v -337.08866 80.6171586 -935.48801
v -311.7124 75.7952178 -962.85843
v -299.89332 18.735585 -949.17322
v -292.94092 70.7723628 -1000.004
v -288.42186 5.5422192 -1000.004
v -296.41712 77.2016172 -1000.004
v -1000 93.4756674 -399.80979
v -899.88544 83.9657286 -399.80979
v -899.88544 70.1026488 -499.51632
v -1000 59.8560246 -499.51632
v -800.1185 70.1026488 -399.80979
v -738.93738 59.8560246 -399.80979
v -732.3326 49.877286 -399.80979
v -877.63776 60.1908816 450.62826
v -1000 76.3979604 450.62826
v -1000 76.5988746 499.50401
v -877.29014 60.3917958 499.50401
v -1000 76.5988746 550.33479
v -898.84258 60.3917958 550.33479
v -884.59016 59.7890532 399.79748
v -1000 59.7890532 399.79748
v -865.47106 48.9396864 450.62826
v -854.34722 9.6274746 450.62826
v -862.34248 9.6274746 399.79748
v -872.42346 49.7433432 399.79748
v -865.12344 49.207572 499.50401
v -853.30436 9.6274746 499.50401
v -857.82342 9.6274746 700.8721
v -867.20916 48.537858 700.8721
v -843.91862 40.0324902 800.57863
v -834.53288 9.6274746 800.57863
v -806.02804 40.0324902 853.36444
v -800.1185 9.6274746 845.54432
v -873.1187 58.583568 700.8721
v -899.88544 53.1588846 800.57863
v -851.91388 50.0112288 800.57863
v -905.09974 58.583568 675.45671
v -899.88544 62.5348806 700.8721
v -901.97116 48.537858 671.54665
v -912.05214 9.6274746 599.21054
v -877.63776 9.6274746 550.33479
v -886.67588 50.4130572 550.33479
v -918.3093 50.4130572 599.21054
v -930.12838 60.3917958 599.21054
v -901.97116 9.6274746 663.72653
v -923.5236 9.6274746 628.53599
v -926.65218 48.537858 632.44605
v -934.29982 53.7616272 634.40108
v -1000 75.0585324 700.8721
v -1000 122.675198 800.57863
v -1000 78.5410452 650.04132
v -1000 76.5988746 599.21054
v -1000 142.431761 900.28516
v -899.88544 67.0219644 900.28516
v -899.88544 84.6354426 999.99169
v -1000 139.819876 999.99169
v -800.1185 56.6413974 900.28516
v -810.5471 50.0112288 861.18456
v -775.43748 50.0112288 900.28516
v -800.1185 58.0477968 999.99169
v -729.89926 37.487577 999.99169
v -700.00394 5.341305 999.99169
v -706.60872 8.2880466 955.026
v -731.28974 39.2288334 958.93606
v -708.69444 9.5605032 939.38576
v -736.15642 40.0324902 941.34079
v -743.45644 9.6274746 900.28516
v -768.13746 40.0324902 900.28516
v -741.0231 50.0112288 941.34079
v -737.19928 49.6094004 958.93606
v -737.19928 48.6048294 999.99169
g 326_13_polySurface295_object18_object48_section_00_none
# Section index: 0
# Shared vertex decode mode: none
f 6029 6024 6018 6026
f 6026 6018 6021 6030
f 6032 6033 6034 6035
f 6027 6026 6030 6031
f 6023 6021 6020 6022
f 6019 6018 6024 6025
f 6026 6027 6028 6029
f 6038 6033 6043 6041
f 6044 6045 6046 6047
f 6047 6046 6023 6048
f 6042 6039 6038 6041
f 6035 6034 6036 6037
f 6040 6033 6038 6039
f 6034 6033 6040 6040
f 6018 6019 6020 6021
f 6004 6003 6007 6006
f 6008 6006 6007 6009
f 5996 5997 6010 6010
f 5994 6002 6004 6005
f 6002 6001 6003 6004
f 5995 5994 6005 5997
f 6006 5997 6005 6004
f 6015 5944 6013 6012
f 6015 6016 5943 5944
f 5943 6016 6017 5965
f 5944 5934 5933 6013
f 6010 5997 6006 6008
f 6011 6012 6013 6014
f 5933 5935 6014 6013
f 6065 6066 6067 6068
f 6068 6067 6069 6070
f 6070 6069 6071 6072
f 6058 6059 6064 6061
f 6040 6039 6062 6062
f 6062 6036 6034 6040
f 6063 6062 6061 6061
f 6074 6068 6070 6073
f 6037 6036 6072 6071
f 6036 6062 6063 6072
f 6075 6065 6068 6074
f 6073 6063 6061 6064
f 6074 6073 6064 6075
f 6072 6063 6073 6070
f 6039 6058 6061 6062
f 6050 6044 6047 6051
f 6051 6047 6048 6052
f 6033 6032 6049 6043
f 6041 6043 6051 6052
f 6045 6031 6030 6046
f 6021 6023 6046 6030
f 6051 6043 6049 6050
f 6048 6023 6022 6056
f 6058 6039 6054 6057
f 6059 6058 6057 6060
f 6052 6048 6056 6055
f 6039 6042 6053 6054
f 6053 6042 6041 6055
f 6055 6041 6052 6052
f 5945 5942 5957 5956
f 5958 5957 5960 5961
f 5957 5942 5940 5960
f 5956 5957 5958 5959
f 5948 5951 5952 5953
f 5954 5949 5948 5953
f 5955 5950 5949 5954
f 5966 5956 5959 5967
f 5969 5966 5967 5968
f 5947 5946 5966 5969
f 5941 5943 5965 5964
f 5961 5960 5962 5963
f 5960 5940 5939 5962
f 5939 5941 5964 5962
f 5938 5947 5951 5948
f 5937 5928 5927 5936
f 5936 5927 5932 5938
f 5931 5939 5940 5940
f 5935 5933 5930 5929
f 5927 5928 5929 5930
f 5927 5930 5931 5932
f 5931 5930 5933 5934
f 5938 5945 5946 5947
f 5936 5938 5948 5949
f 5950 5937 5936 5949
f 5945 5938 5932 5942
f 5931 5934 5941 5939
f 5932 5931 5940 5942
f 5943 5941 5934 5944
f 5989 5981 5991 5992
f 5991 5981 5983 5993
f 5991 5993 5994 5995
f 5990 5952 5951 5974
f 5984 5982 5976 5986
f 5978 5977 5987 5986
f 5990 5974 5981 5989
f 5999 5998 6001 6002
f 6002 5994 5993 5999
f 6000 5985 5984 5988
f 5983 5985 5999 5993
f 5991 5995 5992 5992
f 5996 5992 5995 5997
f 5998 5999 5985 6000
f 5986 5976 5975 5978
f 5951 5972 5973 5974
f 5974 5973 5975 5976
f 5977 5978 5979 5980
f 5951 5947 5972 5972
f 5946 5945 5956 5966
f 5969 5968 5970 5971
f 5947 5969 5971 5972
f 5982 5983 5981 5981
f 5985 5983 5982 5984
f 5988 5984 5986 5987
f 5981 5974 5976 5982
f 5975 5973 5979 5978
f 5972 5971 5979 5973
f 5971 5970 5980 5979
o 326_14_polySurface355_object19_object50
# Object index: 14
# Object vertices: 181
# Object quad primitives: 150
v -1031.04116 159.284624 -250.218444
v -1019.85613 145.717861 -149.217536
v -961.3298 137.175825 -187.58906
v -950.92512 147.895243 -238.751092
v -1025.05847 159.284624 -309.760464
v -930.635994 147.39277 -301.821528
v -899.942188 137.119995 -199.938516
v -1106.7352 153.254952 -163.772252
v -1116.09942 157.888867 -250.659496
v -1099.45193 146.890298 -142.160704
v -927.774707 144.601255 -382.092992
v -1023.75788 158.168018 -388.26772
v -943.12161 142.479704 -442.517116
v -1027.65963 156.381449 -432.37292
v -1117.4 156.269788 -391.796136
v -1116.87977 157.721376 -323.874128
v -800.05726 137.119995 -199.938516
v -899.942188 136.952504 -300.05732
v -800.05726 136.840844 -300.05732
v -926.214005 137.064165 -227.724792
v -890.838093 135.277595 -372.389848
v -800.05726 128.466298 -369.743536
v -792.25375 122.548287 -413.848736
v -887.976806 132.821062 -441.19396
v -790.432931 120.873378 -426.198192
v -707.455608 135.277595 -250.218444
v -711.61748 136.17088 -199.938516
v -716.299586 133.323535 -300.05732
v -682.484376 135.556747 -199.938516
v -684.825429 134.607631 -250.218444
v -659.59408 134.160989 -199.938516
v -664.536303 133.714347 -225.07848
v -658.553612 132.48608 -250.218444
v -680.663557 127.461353 -300.05732
v -739.189882 130.420359 -357.835132
v -699.912215 130.197038 -349.896196
v -649.969751 127.461353 -300.05732
v -649.969751 126.84722 -360.481444
v -709.276427 136.450031 -150.09964
v -675.461217 135.277595 -150.09964
v -600.027287 129.024602 -254.628964
v -600.027287 127.461353 -281.092084
v -600.027287 126.177256 -320.345712
v -624.998519 126.065596 -355.629872
v -600.027287 122.883268 -355.629872
v -600.027287 122.883268 -356.070924
v -600.027287 126.568068 -300.05732
v -601.587989 127.126371 -187.148008
v -600.027287 128.075486 -225.07848
v -636.18355 132.151098 -150.09964
v -600.807638 127.684674 -150.09964
v -584.940501 125.563123 -109.081804
v -595.085064 126.95888 -124.959676
v -638.264486 45 -441.19396
v -692.889056 45 -462.805508
v -696.530694 81.1780344 -450.456052
v -640.605539 82.2388101 -432.813972
v -699.652098 117.63522 -438.9887
v -645.027528 116.965257 -420.023464
v -733.727425 45 -476.47812
v -737.369063 82.9087737 -463.687612
v -740.490467 117.57939 -451.779208
v -649.449517 120.203414 -400.176124
v -700.172332 118.472675 -435.901336
v -646.067996 117.63522 -417.818204
v -743.091637 117.746881 -441.635012
v -740.23035 125.953935 -392.237188
v -604.189159 100.77447 -413.848736
v -599.246936 45 -425.75714
v -599.246936 98.9320698 -412.52558
v -598.206468 45 -425.316088
v -608.871265 116.909426 -401.940332
v -614.853956 119.812602 -389.149824
v -609.651616 117.411899 -400.617176
v -599.507053 116.853596 -400.176124
v -599.76717 119.47762 -386.944564
v -599.507053 117.57939 -398.411916
v -781.84907 82.5737919 -483.0939
v -781.068719 45 -518.37806
v -782.629421 117.63522 -456.189728
v -763.64088 124.781499 -400.617176
v -757.137955 123.385741 -412.084528
v -787.311527 117.858542 -445.163428
v -884.335168 126.344747 -473.390756
v -884.335168 87.0402159 -508.233864
v -887.716689 132.318589 -456.189728
v -887.716689 127.740505 -464.569716
v -943.641844 93.3490398 -500.294928
v -943.641844 138.515753 -460.159196
v -884.075051 45 -560.278
v -943.641844 45 -543.518024
v -698.091396 57.5618175 -182.296436
v -1066.9373 68.3370654 -182.296436
v -955.086992 105.352554 -252.423704
v -902.803475 79.056483 -182.296436
v -929.075292 88.9942764 -314.170984
v -905.664762 149.681812 -404.145592
v -810.201823 155.153182 -417.377152
v -937.399036 157.833036 -472.508652
v -656.99291 95.1356094 -115.697584
v -805.25316 128.408865 150.45439
v -799.16616 129.790569 96.58551
v -899.96688 136.514862 100.2113
v -899.96688 130.251137 200.17951
v -814.5054 126.796877 200.17951
v -736.5918 125.507286 201.73342
v -729.53088 125.230946 149.93642
v -1000.03716 136.514862 100.2113
v -1000.03716 129.145774 200.17951
v -799.8966 130.112966 0.24309
v -899.96688 138.080793 0.24309
v -1000.03716 138.080793 0.24309
v -1000.03716 136.653032 300.14772
v -899.96688 122.191197 300.14772
v -806.47056 125.783627 300.14772
v -1081.116 127.027161 95.54957
v -1063.58544 126.059968 194.48184
v -1058.22888 137.620225 299.62975
v -1093.29 139.27827 1.27903
v -649.91292 125.230946 200.17951
v -649.91292 125.230946 149.93642
v -599.99952 122.329367 149.93642
v -599.99952 122.329367 200.17951
v -696.4176 125.967854 249.90463
v -640.4172 125.000662 249.90463
v -729.04392 125.230946 99.69333
v -649.91292 125.230946 99.69333
v -704.69592 123.388674 307.91727
v -640.4172 123.618958 298.59381
v -599.99952 124.816434 100.2113
v -599.99952 122.697822 49.96821
v -649.91292 125.230946 49.96821
v -599.99952 122.329367 249.90463
v -599.99952 123.066276 296.00396
v -599.99952 122.697822 0.24309
v -649.91292 125.230946 0.24309
v -700.0698 132.047352 -50
v -700.0698 125.230946 0.24309
v -712.73076 125.230946 49.96821
v -899.96688 122.237254 344.69314
v -1007.82852 133.429056 370.07367
v -1043.86356 138.357134 344.17517
v -965.94996 125.415173 394.41826
v -899.96688 120.164698 423.94255
v -828.14028 123.43473 355.57051
v -821.07936 123.112333 419.79879
v -769.4616 126.566593 404.25969
v -768.48768 121.13189 341.58532
v -810.12276 45 478.84737
v -815.47932 84.14828 450.87699
v -898.26252 83.8719392 457.09263
v -901.91472 45 479.88331
v -819.61848 120.717379 429.12225
v -895.09728 120.210754 437.92774
v -981.77616 90.7804592 419.79879
v -991.51536 45 436.8918
v -972.7674 120.99372 403.74172
v -764.592 124.954605 413.06518
v -758.01804 82.6744624 426.5324
v -687.65232 82.99686 383.02292
v -691.79148 118.460596 369.03773
v -683.75664 45 397.00811
v -749.73972 45 443.62541
v -692.52192 119.381732 366.44788
v -606.33 45 379.39713
v -611.93004 93.0832992 364.376
v -616.79964 116.986778 351.94472
v -598.05168 86.45112 356.60645
v -599.99952 116.52621 342.10329
v -600.97344 119.151448 330.18998
v -620.69532 118.875107 338.99547
v -594.88644 45 372.66352
v -890.47116 57.0668816 184.64041
v -890.47116 57.0668816 184.64041
v -638.46936 66.186128 189.82011
v -890.47116 57.0668816 184.64041
v -672.80004 71.9892848 204.84124
v -918.47136 78.0227256 210.02094
v -896.80164 60.2908576 184.64041
v -644.55636 58.7709832 184.64041
v -663.06084 111.874474 188.78417
g 326_14_polySurface355_object19_object50_section_00_low32
# Section index: 0
# Shared vertex decode mode: low32
f 6139 6133 6137 6141
f 6144 6129 6132 6143
f 6111 6142 6110 6110
f 6134 6133 6139 6140
f 6111 6139 6141 6142
f 6147 6134 6140 6149
f 6150 6145 6143 6147
f 6149 6140 6138 6148
f 6144 6143 6145 6146
f 6143 6132 6134 6147
f 6139 6138 6140 6140
f 6125 6128 6126 6126
f 6174 6127 6173 6175
f 6127 6128 6125 6173
f 6106 6104 6115 6125
f 6125 6115 6172 6173
f 6133 6131 6136 6137
f 6111 6113 6138 6139
f 6131 6130 6135 6136
f 6129 6130 6131 6132
f 6132 6131 6133 6134
f 6149 6148 6151 6152
f 6162 6161 6158 6158
f 6159 6160 6163 6164
f 6158 6155 6159 6162
f 6159 6155 6153 6160
f 6161 6099 6100 6158
f 6160 6153 6154 6165
f 6166 6163 6160 6165
f 6164 6162 6159 6159
f 6088 6161 6162 6164
f 6088 6099 6161 6161
f 6142 6141 6157 6156
f 6153 6136 6135 6154
f 6155 6137 6136 6153
f 6148 6119 6121 6151
f 6147 6149 6152 6150
f 6113 6119 6148 6138
f 6158 6100 6157 6141
f 6141 6137 6155 6158
f 6157 6100 6098 6156
f 6156 6097 6110 6142
f 6156 6098 6097 6097
f 6093 6081 6095 6082
f 6079 6095 6081 6081
f 6093 6082 6092 6094
f 6084 6076 6080 6091
f 6092 6082 6168 6170
f 6096 6093 6094 6097
f 6099 6088 6086 6096
f 6100 6099 6098 6098
f 6095 6079 6078 6082
f 6096 6097 6098 6099
f 6087 6089 6090 6090
f 6078 6077 6167 6167
f 6083 6077 6076 6084
f 6082 6078 6167 6168
f 6076 6077 6078 6079
f 6080 6076 6079 6081
f 6087 6086 6088 6089
f 6091 6080 6087 6090
f 6080 6081 6086 6087
f 6167 6077 6085 6169
f 6077 6083 6085 6085
f 6096 6086 6081 6093
f 6109 6105 6108 6112
f 6119 6113 6112 6118
f 6117 6112 6108 6116
f 6104 6102 6114 6115
f 6115 6114 6171 6172
f 6108 6107 6124 6116
f 6123 6106 6125 6126
f 6124 6107 6106 6123
f 6119 6118 6120 6121
f 6112 6117 6122 6118
f 6170 6171 6114 6114
f 6107 6105 6104 6106
f 6105 6107 6108 6108
f 6101 6102 6104 6105
f 6101 6094 6092 6102
f 6094 6101 6103 6103
f 6111 6109 6112 6113
f 6114 6102 6092 6170
f 6110 6103 6109 6111
f 6109 6103 6101 6105
f 6110 6097 6094 6103
g 326_14_polySurface355_object19_object50_section_01_high32
# Section index: 1
# Shared vertex decode mode: high32
f 6224 6225 6226 6227
f 6229 6226 6225 6228
f 6220 6221 6222 6223
f 6220 6190 6189 6215
f 6219 6218 6232 6229
f 6221 6219 6229 6228
f 6231 6227 6226 6230
f 6230 6226 6229 6232
f 6214 6185 6177 6201
f 6251 6185 6212 6255
f 6202 6207 6214 6201
f 6213 6212 6185 6214
f 6215 6216 6218 6219
f 6220 6215 6219 6221
f 6215 6189 6188 6216
f 6188 6193 6217 6216
f 6244 6242 6241 6243
f 6246 6242 6244 6245
f 6235 6237 6240 6241
f 6236 6235 6241 6242
f 6246 6239 6236 6242
f 6209 6204 6246 6245
f 6243 6241 6240 6247
f 6204 6203 6239 6246
f 6225 6224 6238 6234
f 6228 6225 6234 6233
f 6233 6234 6235 6236
f 6237 6235 6234 6238
f 6222 6233 6236 6239
f 6223 6203 6190 6220
f 6222 6221 6228 6233
f 6239 6203 6223 6222
f 6191 6183 6187 6194
f 6248 6249 6187 6186
f 6192 6184 6183 6191
f 6193 6188 6184 6192
f 6182 6181 6195 6196
f 6195 6198 6197 6196
f 6250 6194 6187 6249
f 6186 6185 6251 6248
f 6176 6180 6181 6182
f 6184 6179 6178 6183
f 6176 6177 6178 6179
f 6180 6176 6179 6179
f 6179 6184 6188 6189
f 6180 6179 6189 6190
f 6186 6178 6177 6185
f 6186 6187 6183 6178
f 6253 6211 6210 6252
f 6213 6211 6253 6212
f 6198 6195 6200 6208
f 6200 6204 6209 6208
f 6213 6214 6207 6211
f 6210 6211 6207 6206
f 6212 6253 6254 6255
f 6253 6256 6254 6254
f 6196 6202 6201 6182
f 6181 6180 6190 6199
f 6195 6181 6199 6200
f 6177 6176 6182 6201
f 6196 6197 6205 6202
f 6202 6205 6206 6207
f 6199 6190 6203 6203
f 6204 6200 6199 6203
o 326_15_polySurface358_object20_object52
# Object index: 15
# Object vertices: 468
# Object quad primitives: 380
v -413.915936 50.1931336 -909.593651
v -418.317099 54.0344116 -918.061949
v -478.229705 52.351566 -891.716133
v -473.828542 45.766518 -879.954608
v -536.296662 44.5592592 -872.897693
v -533.599175 39.4741388 -863.958934
v -500.803412 58.0586076 -945.348687
v -445.433942 55.827008 -979.221879
v -553.333422 49.607796 -930.764396
v -400.428501 65.3021604 -919.002871
v -408.804908 71.8140412 -1007.92
v -363.94144 71.1189528 -936.880389
v -366.7809 80.0819348 -940.644077
v -392.052094 63.0705608 -908.652729
v -350.312032 82.6062032 -969.812659
v -328.022271 83.8866292 -992.394787
v -345.626923 73.93589 -966.048971
v -317.516269 78.2893384 -988.631099
v -544.24715 48.9858748 -537.929461
v -572.499777 48.8395404 -546.86822
v -528.062228 46.5713572 -535.106695
v -536.154689 47.4859472 -544.045454
v -525.080795 47.3396128 -526.638397
v -525.080795 46.4616064 -531.813468
v -525.080795 46.1689376 -533.695312
v -525.080795 39.4741388 -538.399922
v -527.21039 46.2421048 -536.047617
v -529.623931 34.059766 -548.750064
v -534.734959 47.1201112 -544.986376
v -525.222768 9 -553.454674
v -538.994149 9 -573.214036
v -543.821231 34.2061004 -568.509426
v -525.222768 12.9876124 -552.043291
v -525.222768 32.9988416 -543.104532
v -566.252965 33.8402644 -583.564178
v -553.759341 34.1695168 -577.448185
v -549.500151 9 -582.623256
v -563.839424 9 -590.621093
v -547.512529 47.5225308 -564.275277
v -557.166693 47.8517832 -573.214036
v -547.654502 47.778616 -560.511589
v -558.018531 47.5591144 -568.038965
v -565.259154 49.424878 -564.745738
v -587.690888 47.5225308 -580.270951
v -586.83905 31.0233272 -586.386944
v -568.808479 47.9249504 -577.918646
v -564.265343 48.4737044 -571.332192
v -587.264969 47.8151996 -574.154958
v -608.135 9 -590.150632
v -586.271158 9 -594.384781
v -531.185634 68.3385992 -984.39695
v -545.098988 33.8402644 -969.342198
v -385.521336 32.8890908 -875.249998
v -525.364741 51.98573 -869.604466
v -530.901688 33.2549268 -881.365991
v -383.81766 71.740874 -871.015849
v -384.101606 29.1941472 -874.309076
v -528.772093 69.8751104 -874.309076
v -553.049476 38.632716 -966.048971
v -570.086236 37.4986244 -891.716133
v -386.65712 40.4253124 -890.30475
v -531.895499 62.7413084 -889.363828
v -462.754648 14.3412056 -892.657055
v -423.5701 79.606348 -891.716133
v -883.804508 50.0537427 541.66656
v -856.189604 48.8864554 552.22604
v -850.186364 52.9098712 498.33628
v -897.61196 52.8105276 497.60804
v -918.022976 50.0537427 570.43204
v -797.958176 48.8119477 542.03068
v -799.959256 51.8915993 500.15688
v -800.959796 46.1048346 551.13368
v -772.54446 51.717748 508.16752
v -772.54446 50.8484915 544.57952
v -850.186364 49.4328452 449.5442
v -909.218224 49.7557119 449.5442
v -799.959256 48.8367836 449.5442
v -856.789928 45.7074602 562.05728
v -878.001376 36.9403875 557.68784
v -858.390792 33.7862282 568.61144
v -800.359472 37.1639106 558.7802
v -879.802348 50.227594 553.3184
v -859.59144 9 572.61676
v -799.55904 9 566.42672
v -876.400512 9 561.69316
v -910.418872 49.4328452 583.90448
v -906.016496 37.2135824 586.81744
v -901.414012 9 590.09452
v -901.213904 48.5884246 671.6574
v -898.812608 28.7942123 669.8368
v -917.422652 29.5641252 628.69124
v -922.225244 50.1530863 628.69124
v -932.430752 50.0537427 614.12644
v -917.222544 50.0537427 663.64676
v -912.62006 9 628.69124
v -896.411312 9 667.65208
v -864.994356 29.4896175 700.42288
v -860.391872 9 698.23816
v -869.59684 50.0040709 702.6076
v -875.399972 50.0537427 705.15644
v -915.221464 52.711184 726.63952
v -965.048356 49.8053837 562.78552
v -1011.47341 49.8053837 554.04664
v -979.256024 52.2889737 618.49588
v -1023.68 49.8798914 621.40884
v -997.66596 49.979235 702.24348
v -959.445332 52.3883173 684.4016
v -950.440472 50.0537427 745.57376
v -650.078364 48.8367836 465.20136
v -657.082144 52.711184 447.7236
v -627.666268 57.8770512 415.68104
v -664.286032 56.6104203 430.24584
v -670.089164 48.73744 461.92428
v -690.099964 48.8367836 475.39672
v -690.099964 48.8367836 500.15688
v -650.078364 47.6943322 500.15688
v -646.276312 58.2247538 401.84448
v -628.266592 59.8390873 373.079
v -690.099964 59.8390873 379.99728
v -690.099964 54.3255175 415.31692
v -744.929556 48.8367836 450.27244
v -690.099964 48.8367836 451.00068
v -744.929556 49.6315324 495.78744
v -715.313572 49.1844862 497.97216
v -769.342732 38.8279159 556.59548
v -740.52718 28.4713456 547.49248
v -743.5288 47.9426912 541.66656
v -769.742948 49.4328452 551.86192
v -744.929556 48.8367836 533.2918
v -768.942516 9 560.96492
v -737.725668 9 554.77488
v -723.518 30.607233 546.40012
v -721.316812 9 551.13368
v -685.297372 9 544.57952
v -685.49748 33.3640179 536.56888
v -725.318972 49.5073529 540.5742
v -658.282792 9 555.50312
v -619.862056 9 558.7802
v -618.861516 33.1901666 545.30776
v -658.082684 34.1090949 540.5742
v -618.261192 46.502209 534.38416
v -657.682468 44.3414857 528.92236
v -650.078364 45.0617268 517.99876
v -690.099964 47.9178553 519.45524
v -685.897696 46.8499116 529.6506
v -719.715948 49.4080093 529.28648
v -614.058924 47.4459732 528.55824
v -659.48344 25.4910376 421.50696
v -620.262272 49.1596503 419.68636
v -626.865836 51.0471787 688.77104
v -992.062936 24.646617 534.74828
v -620.262272 23.7276887 635.60952
v -960.64598 24.1747349 419.68636
v -960.64598 49.6066965 531.4712
v -635.670588 25.0191555 424.0558
v -983.458292 50.4262812 398.93152
v -921.224704 24.9446478 613.3982
v -982.257644 25.0439914 471.3914
v -982.257644 25.0439914 471.3914
v -670.57704 50.9882112 -500.167484
v -670.57704 55.2235968 -465.580772
v -670.57704 63.2982528 -440.809208
v -670.57704 66.8328192 -422.581076
v -694.84293 62.0489664 -457.167788
v -721.903074 57.4174656 -477.73286
v -717.63816 71.3729088 -448.754804
v -718.226424 51.6890304 -500.167484
v -693.225204 50.0436288 -519.79778
v -670.57704 50.6835072 -550.178
v -687.930828 49.7693952 -558.590984
v -707.196474 49.2818688 -534.286808
v -736.315542 52.6031424 -508.11308
v -664.106136 48.9771648 -584.764712
v -641.016774 48.8248128 -547.84106
v -642.928632 49.525632 -582.427772
v -683.960046 48.8248128 -584.764712
v -719.402952 48.8248128 -584.297324
v -634.692936 48.8552832 -523.536884
v -629.986824 49.5865728 -574.949564
v -627.486702 49.37328 -578.22128
v -676.018482 29.4761088 -638.98172
v -657.3411 28.8971712 -614.210156
v -650.72313 9 -618.884036
v -665.870928 9 -645.99254
v -684.54831 49.982688 -632.905676
v -663.22374 48.8248128 -610.471052
v -695.725326 48.8248128 -623.090528
v -720.432414 50.5616256 -648.32948
v -673.51836 49.8912768 -604.395008
v -638.516652 49.068576 -586.634264
v -634.987068 29.0495232 -590.373368
v -630.86922 9 -594.57986
v -665.723862 50.592096 -900.719
v -646.605282 43.0354368 -849.30632
v -714.843906 44.8941312 -851.64326
v -601.750152 27.1908288 -844.63244
v -640.722642 41.298624 -832.012964
v -636.75186 28.2572928 -825.469532
v -632.928144 9 -818.9261
v -598.955898 9 -834.349904
v -692.784006 33.7114944 -762.372152
v -681.165792 9 -757.698272
v -682.783518 47.8802304 -786.20894
v -724.550262 52.572672 -766.111256
v -704.40222 50.0740992 -767.51342
v -700.72557 33.071616 -668.427164
v -713.22618 49.3123392 -663.753284
v -701.755032 33.3153792 -693.666116
v -716.90283 49.7998656 -694.133504
v -726.756252 51.5671488 -712.829024
v -729.109308 50.5616256 -660.01418
v -686.607234 9 -673.568432
v -686.607234 9 -693.198728
v -811.466268 48.9771648 -797.426252
v -799.99512 48.8248128 -653.00336
v -799.99512 49.7998656 -567.938744
v -900 50.0436288 -653.00336
v -900 50.0436288 -567.938744
v -799.99512 59.5503936 -516.526064
v -799.99512 69.3009216 -465.113384
v -740.43339 59.0019264 -481.004576
v -738.080334 70.854912 -452.493908
v -900 69.3009216 -465.113384
v -813.083994 10.7368128 -752.557004
v -667.63572 61.256736 -764.709092
v -651.605526 24.1742592 -746.48096
v -794.84781 18.9333504 -729.654992
v -644.693424 32.5231488 -736.665812
v -819.996096 29.2018752 -774.991628
v -821.025558 53.7610176 -782.937224
v -670.57704 35.1740736 -783.872
v -708.8142 67.807872 -785.274164
v -860.586312 32.7364416 -785.274164
v -749.404416 13.4486784 -786.20894
v -834.702696 29.6894016 -862.393184
v -820.290228 58.4229888 -877.3496
v -842.938392 33.681024 -859.121468
v -492.575975 59.5152767 -150.088744
v -482.284888 51.2845871 -191.792056
v -504.906738 54.7690516 -183.20608
v -506.946413 60.6349847 -150.088744
v -471.066675 53.5323592 -150.4976
v -522.151263 60.1336229 -199.969176
v -521.6877 61.7379807 -145.182472
v -449.928225 49.5131088 -150.088744
v -461.331862 48.8279143 -200.378032
v -494.801075 59.9832144 -100.208312
v -462.629838 54.9278162 -100.208312
v -477.092987 58.9554227 -100.208312
v -464.669512 54.2844019 -124.330816
v -478.947238 59.2395277 -125.148528
v -497.860588 60.3090995 -125.148528
v -520.111588 61.3452472 -122.695392
v -451.411625 51.259519 -123.513104
v -415.99545 48.7861342 -106.750008
v -415.99545 48.7777781 -106.750008
v -414.604762 48.4435369 -140.685056
v -414.048488 48.9365427 -150.088744
v -412.935938 48.8279143 -175.437816
v -448.908388 51.8695092 -100.208312
v -422.021763 49.4963967 -100.208312
v -412.750513 48.8279143 -175.846672
v -419.611238 48.8028462 -200.378032
v -429.902325 48.6273696 -273.972112
v -438.153738 48.8279143 -300.138896
v -457.716075 48.8279143 -291.55292
v -440.193413 48.6942178 -268.248128
v -469.7687 48.8446264 -280.104952
v -455.120125 49.9977585 -250.258464
v -469.39785 48.8279143 -300.138896
v -418.869537 48.3599766 -245.761048
v -420.352937 48.1845 -252.7116
v -459.477613 48.8279143 -225.318248
v -414.233912 48.7694221 -225.318248
v -479.03995 55.997388 -250.258464
v -490.072738 55.4709582 -211.417144
v -488.3112 54.9779524 -268.656984
v -503.423338 59.7826696 -250.258464
v -497.489738 53.9668728 -287.055504
v -516.959362 55.1784971 -300.138896
v -481.172338 48.8362703 -289.917496
v -492.575975 48.8279143 -300.138896
v -602.533 58.2869403 -300.138896
v -602.533 65.1305288 -249.849608
v -602.533 65.2892934 -199.969176
v -598.917213 62.5986518 -150.088744
v -533.091338 57.643526 -415.845144
v -555.342337 57.643526 -423.204552
v -570.176338 57.643526 -397.037768
v -550.335862 57.643526 -381.092384
v -574.533825 57.643526 -436.287944
v -516.959362 51.9196454 -436.287944
v -539.210362 51.9280014 -444.87392
v -517.701063 57.643526 -400.308616
v -510.93305 57.643526 -376.594968
v -599.751625 57.643526 -350.019328
v -513.621713 55.3706858 -350.019328
v -439.822563 48.8279143 -338.162504
v -453.358587 48.8279143 -350.019328
v -439.822563 48.8279143 -350.019328
v -441.027825 48.8279143 -370.053272
v -457.1598 48.8279143 -370.053272
v -486.549663 49.6384492 -350.019328
v -486.271525 51.9781376 -383.54552
v -451.318913 48.3934007 -388.860648
v -480.430637 51.6773205 -424.022264
v -453.358587 48.3934007 -399.89976
v -463.371538 50.4656962 -427.701968
v -495.450063 53.2398982 -413.800864
v -494.152087 51.6773205 -444.465064
v -511.118475 51.6773205 -468.587568
v -534.945587 52.2956668 -477.991256
v -502.77435 51.6689645 -457.548456
v -486.549663 52.629908 -466.134432
v -498.046013 53.0059293 -479.62668
v -478.112825 51.2678751 -454.277608
v -465.411213 50.7330891 -433.834808
v -554.971487 51.9530695 -457.1396
v -569.620063 51.9363575 -479.62668
v -524.839925 52.2956668 -498.842912
v -524.932638 50.7748693 -511.517448
v -526.323325 52.4377193 -486.577232
v -517.330213 52.5296356 -497.207488
v -507.317263 53.0309974 -489.439224
v -524.932638 50.3069316 -518.468
v -542.362588 57.4179132 -296.050336
v -448.815675 49.4629726 -295.64148
v -441.676812 64.7461515 -302.183176
v -449.928225 53.189762 -295.64148
v -552.931812 53.8582444 -296.050336
v -453.544013 59.4317164 -296.050336
v -441.676812 56.2146448 -302.183176
v -445.941587 52.3458029 -383.54552
v -441.5841 54.6353552 -374.959544
v -536.243563 50.9085658 -368.826704
v -547.739913 48.6607937 -388.860648
v -548.481612 58.0028353 -398.264336
v -457.1598 53.6409876 -403.170608
v -456.232675 52.7970286 -402.352896
v -456.04725 62.5150914 -399.490904
v -550.706712 62.0889339 -402.352896
v -602.533 50.9701594 0.155624
v -520.732925 50.5202901 0.155624
v -521.090912 55.8657959 -50.206327
v -602.533 56.6596829 -50.7852
v -496.389795 50.1233466 0.155624
v -485.650179 54.6485025 -49.048581
v -469.451258 50.2556611 0.155624
v -466.408367 52.6902479 -47.890835
v -602.533 50.9701594 49.938702
v -520.285441 50.546753 49.938702
v -490.125019 50.1233466 49.938702
v -461.396546 48.8266645 49.938702
v -602.533 51.1818626 99.72178
v -519.927454 50.1762724 99.72178
v -479.116913 48.8266645 99.72178
v -450.11995 49.4617741 -50.206327
v -429.535686 46.8154841 -50.206327
v -455.668751 49.2765338 -31.682391
v -435.352978 47.0536502 -25.314788
v -430.341157 47.0271873 -21.262677
v -441.17027 47.2918163 0.155624
v -430.609647 47.1859647 0.155624
v -430.162163 47.0271873 -25.314788
v -429.714679 47.2653534 7.680973
v -438.93285 48.8266645 25.047163
v -428.461724 48.3238694 25.047163
v -426.850782 48.8266645 49.938702
v -430.25166 48.8266645 99.72178
v -451.999382 48.8266645 99.72178
v -446.987562 48.8266645 124.613319
v -424.792355 48.8266645 124.613319
v -475.537041 58.8031778 174.97527
v -443.318193 58.6708633 203.91892
v -444.302658 51.7375835 154.135842
v -476.700499 53.457672 150.083731
v -477.774461 59.544139 224.758348
v -446.450581 58.6708633 229.389332
v -419.33305 49.0383677 183.079492
v -420.496509 48.8795903 157.030207
v -419.33305 51.1024739 207.971031
v -519.47997 55.6540927 147.189366
v -518.942989 61.6082452 210.865396
v -477.953454 48.8266645 125.192192
v -518.674498 58.8031778 253.123125
v -488.603574 57.5064957 256.596363
v -449.582969 56.7655345 254.859744
v -438.395869 51.9492867 268.173823
v -438.037882 51.9492867 267.59495
v -425.866317 52.6373221 238.6513
v -426.492794 52.4256189 233.441443
v -468.55629 53.2724317 279.751283
v -505.428972 53.2459688 300.011838
v -454.326299 51.5523432 287.855505
v -518.316511 54.9925202 297.696346
v -602.533 63.1695563 199.866809
v -602.533 57.2418667 144.873874
v -602.533 60.1792486 250.22876
v -602.533 59.3324358 291.328743
v -565.391828 59.8352309 363.108995
v -550.356366 58.8561036 325.48225
v -574.431005 60.8937469 345.742805
v -549.282404 50.0704208 408.839962
v -556.531645 56.8713861 365.424487
v -546.686997 56.5802942 337.05971
v -535.947381 51.34064 370.055471
v -517.77953 50.4144385 357.320265
v -518.048021 53.4047462 323.166758
v -516.974059 48.8531274 458.044167
v -521.71739 48.8795903 441.835723
v -517.153053 48.8795903 439.520231
v -517.24255 49.2500709 422.732914
v -517.421543 49.3294596 398.999121
v -517.51104 49.8322547 388.000534
v -517.690034 50.7849191 370.634344
v -505.339475 52.0022125 317.378028
v -472.046666 48.8266645 342.84844
v -505.249978 49.7793289 348.058297
v -481.801817 49.5146999 355.583646
v -492.988917 50.0439579 370.634344
v -487.798102 49.8587176 362.530122
v -497.195266 49.0383677 385.685042
v -509.277334 49.1442193 396.104756
v -517.063556 48.8795903 443.572342
v -560.111517 35.5158258 536.770895
v -557.605606 9 541.401879
v -546.686997 9 526.351181
v -549.550894 41.1524235 521.720197
v -533.620464 9 519.404705
v -537.021342 41.1259606 514.194848
v -562.438434 50.0704208 532.718784
v -552.414792 49.0912935 517.089213
v -541.85417 49.2500709 504.354007
v -518.585002 9 510.72161
v -521.896383 31.3876134 506.090626
v -524.402294 46.4185406 503.196261
v -516.616072 32.2079633 504.354007
v -516.616072 46.04806 500.880769
v -516.616072 46.2333003 497.407531
v -516.616072 46.4450035 495.092039
v -516.526575 9 510.142737
v -539.437756 49.9116434 510.72161
v -531.741031 47.6622969 499.14415
v -542.928131 48.8266645 489.882182
v -516.795066 48.8266645 474.831484
v -516.884562 48.8531274 471.937119
v -522.343867 48.0063146 485.830071
v -516.705569 46.9213357 491.039928
v -516.795066 48.4826468 477.725849
v -544.449577 38.2415045 264.121712
v -447.256052 61.4494678 255.438617
v -447.256052 34.4308469 255.438617
v -454.147306 13.0488237 264.700585
v -458.711642 44.6190634 264.121712
v -554.652212 26.9683091 264.121712
v -455.221267 24.8512771 264.700585
v -448.688001 45.2806359 414.628692
v -450.477937 38.638448 425.048406
v -551.877811 55.8657959 433.152628
v -444.034167 34.8807162 401.893486
v -462.023024 39.961593 446.466707
v -570.045662 12.969435 475.410357
v -602.533 57.3212554 477.146976
v -460.949062 26.3331995 468.463881
v -460.591075 22.7871709 473.094865
v -552.593786 40.75548 458.62304
v -553.757244 62.2433548 449.361072
v -553.936238 44.3279715 460.359659
g 326_15_polySurface358_object20_object52_section_00_high32
# Section index: 0
# Shared vertex decode mode: high32
f 6295 6296 6298 6297
f 6297 6298 6299 6299
f 6299 6276 6275 6297
f 6297 6278 6285 6295
f 6297 6275 6278 6278
f 6295 6288 6292 6296
f 6284 6282 6290 6289
f 6288 6284 6289 6289
f 6291 6292 6293 6294
f 6295 6285 6284 6288
f 6292 6288 6287 6293
f 6300 6301 6316 6317
f 6318 6304 6300 6317
f 6302 6300 6304 6303
f 6301 6306 6305 6316
f 6301 6291 6294 6306
f 6316 6305 6319 6320
f 6304 6276 6299 6303
f 6296 6292 6291 6302
f 6291 6301 6300 6302
f 6298 6296 6303 6299
f 6311 6276 6304 6318
f 6296 6302 6303 6303
f 6286 6287 6288 6289
f 6266 6258 6257 6270
f 6268 6269 6266 6270
f 6271 6272 6267 6267
f 6269 6268 6273 6271
f 6272 6271 6273 6274
f 6264 6258 6266 6267
f 6260 6259 6261 6262
f 6257 6258 6259 6260
f 6263 6259 6258 6264
f 6308 6261 6265 6307
f 6261 6259 6263 6265
f 6267 6266 6269 6271
f 6285 6283 6282 6284
f 6281 6283 6277 6280
f 6285 6278 6277 6283
f 6315 6262 6261 6308
f 6313 6275 6310 6310
f 6281 6282 6283 6283
f 6309 6276 6311 6312
f 6275 6276 6309 6310
f 6277 6278 6275 6313
f 6313 6314 6279 6279
f 6277 6313 6279 6280
g 326_15_polySurface358_object20_object52_section_01_low32
# Section index: 1
# Shared vertex decode mode: low32
f 6381 6382 6383 6384
f 6330 6384 6383 6385
f 6370 6378 6380 6371
f 6329 6333 6327 6327
f 6378 6377 6379 6380
f 6330 6326 6328 6384
f 6388 6389 6390 6391
f 6328 6337 6381 6384
f 6382 6381 6386 6387
f 6337 6340 6386 6381
f 6409 6374 6367 6407
f 6374 6409 6410 6375
f 6368 6373 6375 6376
f 6367 6374 6373 6368
f 6375 6373 6374 6374
f 6370 6369 6378 6378
f 6377 6333 6329 6379
f 6378 6369 6368 6376
f 6375 6333 6377 6377
f 6377 6378 6376 6375
f 6391 6392 6388 6388
f 6385 6383 6392 6402
f 6400 6371 6380 6402
f 6402 6380 6379 6385
f 6392 6391 6401 6402
f 6391 6396 6398 6401
f 6408 6372 6399 6403
f 6399 6398 6397 6403
f 6403 6397 6413 6414
f 6329 6330 6385 6379
f 6408 6403 6414 6415
f 6396 6391 6390 6393
f 6395 6394 6411 6412
f 6393 6394 6395 6396
f 6388 6382 6387 6389
f 6383 6382 6388 6392
f 6402 6401 6400 6400
f 6399 6372 6371 6400
f 6398 6399 6400 6401
f 6413 6397 6395 6412
f 6396 6395 6397 6398
f 6335 6338 6342 6343
f 6338 6321 6325 6342
f 6336 6335 6341 6339
f 6338 6322 6321 6321
f 6340 6337 6336 6339
f 6343 6342 6348 6347
f 6342 6325 6349 6348
f 6350 6345 6348 6349
f 6341 6335 6343 6344
f 6345 6346 6347 6348
f 6326 6322 6328 6328
f 6329 6327 6326 6330
f 6323 6322 6326 6327
f 6321 6322 6323 6324
f 6324 6325 6321 6321
f 6328 6322 6334 6337
f 6334 6322 6338 6335
f 6334 6335 6336 6337
f 6324 6323 6331 6332
f 6323 6327 6333 6331
f 6344 6343 6347 6351
f 6404 6365 6405 6406
f 6366 6365 6367 6368
f 6362 6364 6363 6363
f 6363 6350 6349 6360
f 6357 6350 6363 6364
f 6369 6372 6365 6365
f 6365 6372 6408 6405
f 6372 6369 6370 6371
f 6366 6368 6369 6365
f 6407 6367 6365 6404
f 6356 6350 6357 6357
f 6345 6350 6356 6355
f 6346 6345 6355 6353
f 6351 6347 6346 6352
f 6352 6346 6353 6354
f 6349 6325 6358 6360
f 6360 6361 6362 6363
f 6360 6358 6359 6361
f 6358 6332 6359 6359
f 6358 6325 6324 6332
g 326_15_polySurface358_object20_object52_section_02_high32
# Section index: 2
# Shared vertex decode mode: high32
f 6465 6463 6462 6464
f 6467 6463 6465 6466
f 6441 6437 6462 6463
f 6443 6441 6463 6444
f 6459 6461 6457 6457
f 6437 6440 6468 6462
f 6457 6461 6465 6464
f 6461 6460 6466 6465
f 6459 6453 6450 6461
f 6453 6454 6452 6493
f 6450 6453 6493 6491
f 6449 6450 6491 6492
f 6450 6449 6451 6451
f 6457 6454 6453 6459
f 6450 6451 6460 6461
f 6456 6452 6454 6455
f 6458 6455 6454 6457
f 6477 6428 6475 6476
f 6478 6477 6476 6476
f 6428 6427 6472 6475
f 6433 6472 6427 6427
f 6475 6474 6479 6476
f 6472 6474 6475 6475
f 6478 6422 6421 6477
f 6421 6423 6428 6477
f 6472 6471 6473 6474
f 6466 6460 6470 6471
f 6460 6451 6470 6470
f 6464 6462 6468 6469
f 6458 6457 6464 6469
f 6444 6463 6467 6471
f 6470 6473 6471 6471
f 6433 6444 6471 6472
f 6467 6466 6471 6471
f 6423 6424 6427 6428
f 6429 6425 6430 6431
f 6424 6416 6425 6426
f 6424 6426 6427 6427
f 6425 6416 6434 6430
f 6434 6416 6481 6481
f 6426 6425 6429 6432
f 6433 6427 6426 6432
f 6416 6424 6423 6423
f 6419 6483 6484 6484
f 6482 6418 6419 6484
f 6416 6417 6480 6481
f 6417 6418 6482 6480
f 6422 6419 6418 6420
f 6421 6417 6416 6423
f 6420 6417 6421 6422
f 6417 6420 6418 6418
f 6446 6442 6431 6431
f 6446 6436 6488 6447
f 6438 6442 6446 6447
f 6445 6429 6431 6442
f 6439 6438 6447 6448
f 6490 6448 6447 6488
f 6446 6431 6435 6436
f 6488 6436 6487 6489
f 6445 6442 6441 6443
f 6435 6431 6430 6430
f 6436 6435 6486 6487
f 6485 6430 6434 6481
f 6435 6430 6485 6486
f 6433 6432 6443 6444
f 6432 6429 6445 6443
f 6437 6438 6439 6440
f 6442 6438 6437 6441
g 326_15_polySurface358_object20_object52_section_03_high32
# Section index: 3
# Shared vertex decode mode: high32
f 6555 6554 6556 6556
f 6559 6538 6526 6555
f 6557 6558 6555 6556
f 6554 6555 6526 6521
f 6526 6522 6521 6521
f 6562 6563 6564 6564
f 6553 6536 6538 6559
f 6562 6560 6561 6563
f 6559 6555 6558 6560
f 6558 6557 6561 6560
f 6552 6539 6536 6553
f 6590 6545 6547 6589
f 6544 6543 6548 6549
f 6547 6545 6544 6544
f 6588 6584 6509 6509
f 6545 6546 6543 6544
f 6591 6546 6545 6590
f 6553 6551 6546 6552
f 6591 6552 6546 6546
f 6543 6550 6548 6548
f 6546 6551 6550 6543
f 6551 6553 6559 6560
f 6577 6595 6593 6576
f 6593 6568 6578 6576
f 6575 6568 6593 6594
f 6547 6574 6592 6589
f 6592 6574 6575 6575
f 6578 6568 6567 6580
f 6571 6580 6567 6567
f 6595 6577 6581 6597
f 6596 6592 6575 6594
f 6579 6576 6578 6580
f 6574 6549 6568 6575
f 6567 6568 6549 6569
f 6569 6549 6548 6566
f 6548 6550 6565 6566
f 6550 6551 6560 6565
f 6565 6560 6562 6562
f 6562 6564 6573 6572
f 6547 6544 6549 6574
f 6566 6565 6562 6572
f 6567 6569 6570 6571
f 6570 6569 6566 6572
f 6501 6511 6512 6513
f 6501 6513 6514 6515
f 6501 6510 6511 6511
f 6497 6500 6509 6508
f 6498 6494 6507 6506
f 6502 6515 6518 6519
f 6587 6516 6504 6585
f 6502 6501 6515 6515
f 6511 6510 6516 6517
f 6586 6517 6516 6587
f 6494 6497 6508 6507
f 6502 6495 6498 6501
f 6582 6583 6503 6584
f 6497 6496 6499 6500
f 6494 6495 6496 6497
f 6495 6494 6498 6498
f 6503 6505 6507 6508
f 6503 6508 6509 6584
f 6505 6504 6506 6507
f 6585 6504 6505 6583
f 6503 6583 6505 6505
f 6510 6506 6504 6516
f 6533 6524 6537 6535
f 6537 6524 6526 6538
f 6534 6531 6533 6535
f 6496 6495 6532 6499
f 6535 6536 6534 6534
f 6500 6499 6541 6542
f 6509 6500 6542 6588
f 6499 6534 6540 6541
f 6538 6536 6535 6537
f 6540 6534 6536 6539
f 6534 6499 6532 6531
f 6523 6522 6525 6527
f 6528 6520 6523 6527
f 6524 6525 6522 6526
f 6501 6498 6506 6510
f 6520 6521 6522 6523
f 6532 6495 6502 6529
f 6531 6525 6524 6533
f 6529 6525 6531 6532
f 6527 6525 6529 6530
f 6529 6502 6519 6530
g 326_15_polySurface358_object20_object52_section_04_high32
# Section index: 4
# Shared vertex decode mode: high32
f 6650 6672 6673 6673
f 6650 6648 6649 6672
f 6673 6672 6674 6675
f 6669 6662 6659 6668
f 6662 6669 6670 6671
f 6671 6663 6662 6662
f 6677 6675 6674 6676
f 6671 6670 6678 6676
f 6670 6669 6679 6678
f 6672 6664 6663 6674
f 6672 6649 6651 6664
f 6671 6676 6674 6663
f 6657 6651 6655 6716
f 6659 6660 6656 6715
f 6656 6660 6661 6657
f 6656 6713 6714 6715
f 6658 6656 6657 6716
f 6713 6656 6658 6716
f 6717 6665 6666 6715
f 6715 6666 6659 6659
f 6667 6668 6659 6666
f 6660 6659 6662 6661
f 6661 6662 6663 6664
f 6664 6651 6657 6661
f 6688 6698 6689 6689
f 6724 6722 6717 6723
f 6722 6689 6700 6717
f 6686 6691 6692 6698
f 6699 6689 6698 6692
f 6684 6686 6698 6688
f 6703 6696 6704 6705
f 6700 6689 6699 6703
f 6700 6703 6705 6701
f 6700 6701 6717 6717
f 6702 6665 6717 6701
f 6699 6692 6696 6703
f 6682 6681 6718 6719
f 6687 6688 6720 6721
f 6687 6681 6684 6688
f 6666 6665 6680 6667
f 6681 6682 6683 6684
f 6686 6684 6683 6685
f 6692 6691 6693 6694
f 6692 6694 6695 6696
f 6691 6690 6697 6693
f 6681 6687 6721 6718
f 6720 6688 6689 6722
f 6691 6686 6685 6690
f 6655 6651 6641 6654
f 6622 6623 6621 6618
f 6618 6621 6619 6619
f 6604 6609 6622 6618
f 6614 6613 6615 6616
f 6618 6619 6617 6616
f 6620 6614 6616 6617
f 6712 6605 6613 6710
f 6709 6603 6605 6712
f 6609 6626 6625 6624
f 6622 6609 6624 6623
f 6615 6604 6618 6616
f 6605 6604 6615 6613
f 6708 6601 6706 6707
f 6600 6706 6601 6601
f 6706 6600 6603 6709
f 6598 6599 6600 6601
f 6600 6599 6602 6603
f 6603 6602 6604 6605
f 6607 6606 6610 6611
f 6608 6607 6611 6612
f 6710 6613 6614 6711
f 6599 6598 6606 6607
f 6604 6602 6608 6609
f 6602 6599 6607 6608
f 6643 6644 6645 6646
f 6634 6643 6646 6647
f 6630 6634 6647 6637
f 6640 6638 6632 6632
f 6633 6639 6641 6642
f 6643 6634 6633 6642
f 6652 6639 6638 6653
f 6611 6610 6653 6638
f 6654 6641 6639 6652
f 6648 6643 6642 6649
f 6644 6643 6648 6650
f 6649 6642 6641 6651
f 6630 6629 6633 6634
f 6631 6630 6635 6636
f 6635 6630 6637 6637
f 6626 6627 6628 6625
f 6609 6608 6612 6626
f 6629 6630 6631 6632
f 6628 6627 6631 6636
f 6640 6627 6626 6612
f 6640 6612 6611 6638
f 6629 6632 6638 6639
f 6629 6639 6633 6633
f 6631 6627 6640 6632
