class_id,class,family,parent,vtable,object_size,own_slots,capabilities,managers,param_reads
41,CUnitTaskActorProjBulletDivideLaser,actor_bullet,CUnitTaskActorProjBulletAbstract,0x1415D37F0,0x34B0,0=Destructor;2=OnInit;18=CollisionResolve;29;51;61;64,,,0x05D5D30D;0x3C3F1EB2;0x4B382E24;0x81A816EB;0x89BE0F56;0xA25B8B11;0xA5364F08;0xD55CBB87
,CUnitTaskActorProjBulletDivideMobileAbstract,actor_bullet,CUnitTaskActorProjBulletAbstract,0x1415D69C8,,0=Destructor;2=OnInit;12=Update;18=CollisionResolve;29;64;71,,,0x05D5D30D;0x3B52DAAB;0x3C3F1EB2;0x4B382E24;0x81A816EB;0x89BE0F56;0x90423264;0xA25B8B11;0xA5364F08;0xD55CBB87
30,CUnitTaskActorProjBulletDivideMobileCurve,actor_bullet,CUnitTaskActorProjBulletDivideMobileAbstract,0x1415D27F8,0x34B0,0=Destructor;2=OnInit;12=Update;71,,,
31,CUnitTaskActorProjBulletDivideMobileCurveReduce,actor_bullet,CUnitTaskActorProjBulletDivideMobileCurve,0x1415D3A38,0x34B0,0=Destructor;2=OnInit;12=Update;50;71,,,
40,CUnitTaskActorProjBulletLaser,actor_bullet,CUnitTaskActorProjBulletAbstract,0x1415D3578,0x34B0,0=Destructor;2=OnInit;18=CollisionResolve;29;51;61;64;65;71,,,0x3C3F1EB2;0x81A816EB;0x89BE0F56;0xA5364F08
,CUnitTaskActorProjBulletMobileAbstract,actor_bullet,CUnitTaskActorProjBulletAbstract,0x1415D1250,,0=Destructor;2=OnInit;12=Update;18=CollisionResolve;29;57;65;72;73,,,0x81A816EB;0x89BE0F56
3,CUnitTaskActorProjBulletMobileBazooka,actor_bullet,CUnitTaskActorProjBulletMobileAbstract,0x1415D1978,0x34B0,0=Destructor;18=CollisionResolve,,,
1,CUnitTaskActorProjBulletMobileBeamrifle,actor_bullet,CUnitTaskActorProjBulletMobileAbstract,0x1415D14C0,0x34C0,0=Destructor;2=OnInit;51;67,,,0x3C3F1EB2;0xA5364F08
81,CUnitTaskActorProjBulletMobileBeamrifleInteractionOffset,actor_bullet,CUnitTaskActorProjBulletMobileBeamrifle,0x1415D3C88,0x34D0,0=Destructor;2=OnInit;72;73,,,0x4B382E24;0xA25B8B11;0xD55CBB87
80,CUnitTaskActorProjBulletMobileBeamrifleIntersectExplode,actor_bullet,CUnitTaskActorProjBulletMobileBeamrifle,0x1415D1718,0x34C0,51,,,
70,CUnitTaskActorProjBulletMobileTwoStageGuided,actor_bullet,CUnitTaskActorProjBulletMobileAbstract,0x1415D1E38,0x34B0,0=Destructor;2=OnInit;12=Update,,,0x3C3F1EB2;0x846DDC39;0xA5364F08
,CUnitTaskActorProjBulletMobileTwoStageGuided_SecondAbstract,actor_bullet,CUnitTaskActorProjBulletMobileAbstract,0x1415D2090,,0=Destructor;2=OnInit,,,
72,CUnitTaskActorProjBulletMobileTwoStageGuided_SecondOtherTarget,actor_bullet,CUnitTaskActorProjBulletMobileTwoStageGuided_SecondAbstract,0x1413E1760,0x34B0,0=Destructor;74,,,
71,CUnitTaskActorProjBulletMobileTwoStageGuided_SecondSameTarget,actor_bullet,CUnitTaskActorProjBulletMobileTwoStageGuided_SecondAbstract,0x1413E1500,0x34B0,0=Destructor;74,,,
20,CUnitTaskActorProjBulletMortar,actor_bullet,CUnitTaskActorProjBulletAbstract,0x1415D23A8,0x34B0,0=Destructor;2=OnInit;12=Update;18=CollisionResolve;29;51;61;65,,,0x05D5D30D;0x20FEDE31;0x2E1E75E5;0x4B492895;0x52CA3B01;0x74F469FA;0x7696F452;0x7B4AA25E;0x81A816EB;0x89BE0F56;0x8DBD5433;0x90423264;0xAB606D9E;0xAF2B7098;0xBA9B8F5D;0xF33F8630
21,CUnitTaskActorProjBulletMortarShotgun,actor_bullet,CUnitTaskActorProjBulletMortar,0x1415D25D0,0x34B0,0=Destructor;2=OnInit,,,0x3B52DAAB;0x3C3F1EB2;0x4B382E24;0x4C55EA3D;0xA5364F08;0xD55CBB87
4,CUnitTaskActorProjBulletShotgun,actor_bullet,CUnitTaskActorProjBulletMobileBazooka,0x1415D1BD8,0x34B0,0=Destructor;2=OnInit,,,0x3B52DAAB;0x3C3F1EB2;0x4B382E24;0x4C55EA3D;0xA5364F08;0xD55CBB87
,CUnitTaskActorProjBulletStationaryAbstract,actor_bullet,CUnitTaskActorProjBulletAbstract,0x1415D2A48,,12=Update;61,,,0x05D5D30D;0xAB606D9E
60,CUnitTaskActorProjBulletStationaryBlast,actor_bullet,CUnitTaskActorProjBulletStationarySphereAbstract,0x1413E19C0,0x34A0,0=Destructor;67,,,0x05D5D30D;0x32ACABFB;0xAB606D9E
63,CUnitTaskActorProjBulletStationaryBlastNoInteraction,actor_bullet,CUnitTaskActorProjBulletStationaryBlast,0x1415D30D0,0x34B0,2=OnInit,,,
62,CUnitTaskActorProjBulletStationaryBlastPowerupGaugeUP,actor_bullet,CUnitTaskActorProjBulletStationaryBlast,0x1415D2EA0,0x34B0,19,,,
,CUnitTaskActorProjBulletStationaryCapsuleAbstract,actor_bullet,CUnitTaskActorProjBulletStationaryAbstract,0x1415D3300,,0=Destructor;2=OnInit;12=Update;18=CollisionResolve,,,0x05D5D30D;0x28BA5665;0x59332F69;0x81A816EB;0x89BE0F56;0x90423264;0xEF44FC6B;0xFF51E424
61,CUnitTaskActorProjBulletStationaryPillar,actor_bullet,CUnitTaskActorProjBulletStationaryCapsuleAbstract,0x1413E1BE8,0x34A0,0=Destructor;68,,,0x05D5D30D
,CUnitTaskActorProjBulletStationarySphereAbstract,actor_bullet,CUnitTaskActorProjBulletStationaryAbstract,0x1415D2C70,,0=Destructor;2=OnInit;12=Update;18=CollisionResolve,,,0x81A816EB;0x89BE0F56
,CUnitTaskActorProjectileAbstract,actor_bullet,CUnitTaskActorAbstract,0x1413444A8,,0=Destructor;1;2=OnInit;3;4=TaskPhaseDispatch;5;6;7;8;9;11=PreUpdate;12=Update;13;14;15;16;17;18=CollisionResolve;21=PreInit;23=TypeFlags;24;25;26;27;28=GetTaskKind;29;32;33;34;35;36;37;39;40;41;42;43;44;45;46;47;49;50;51;52;53;54=IsTargetInsideOwnerRange;55=IsTargetOutsideOwnerRange;56;58=BuildHitInfo;59=CreateMotionComponents;60,,,0x0594D6D4;0x130D4C0B;0x2F446A4F;0x32ACABFB;0x4D6BF281;0x55C77696;0x58435AD9;0x640A7C9D;0x6481E0F7;0x68CD7942;0x89BE0F56;0x9C9D876E;0xFD032D27
,CUnitTaskAutomataAbstract,automata,CUnitTaskActorProjectileAbstract,0x1413446A0,,0=Destructor;2=OnInit;8;11=PreUpdate;12=Update;15;16;17;18=CollisionResolve;19;20=ProcessInteractionResults;21=PreInit;22=UpdateModelVisibility;28=GetTaskKind;29;31;32;39;40;41;44;45;47;48=BuildParamBlock;49;50;51;53;56;58=BuildHitInfo;59=CreateMotionComponents;60;61;62;63;64;65;67;68;70;72;73;77;78;80;82;83;84;86;92,,,0x32ACABFB;0x41435BE6;0x89BE0F56;0xAB606D9E;0xD32D39ED;0xD8F283FB;0xEDD1C108
,CUnitTaskAutomataFunnelDefenceFormation,automata,CUnitTaskAutomataFunnelDefence,0x1415D5A18,,28=GetTaskKind;91=FillParamSubBlock;101,custom_attack_shape;custom_param_block,,0x13C6C469;0x3F8653B3;0xABEDC73A;0xDCEAF7AC
,CUnitTaskAutomataFunnelSwarm,automata,CUnitTaskAutomataFunnelMawarikomi,0x1413F47D0,,78=CreateParamBlock,alert_config;custom_attack_shape;custom_param_block,,0xD8F283FB
,CUnitTaskAutomataPutObj,automata,CUnitTaskAutomataRadiconParentActor,0x1415D4100,,0=Destructor;78=CreateParamBlock;79=FillParamBlock;80=FinalizeParamBlock;81=CreateCmdActionManager,custom_attack_shape;custom_param_block,CCmdActionManager_PutObj,0x41FBD241;0xDCEAF7AC
,CUnitTaskAutomataRadicon,automata,CUnitTaskAutomataAbstract,0x141348050,,0=Destructor;2=OnInit;3;12=Update;23=TypeFlags;28=GetTaskKind;70;71;73;78;93;94,,,
1400135510,CUnitTaskAutomataRadiconParentActor,automata,CUnitTaskAutomataRadicon,0x1413512E8,0x3530,0=Destructor;2=OnInit;12=Update;21=PreInit;28=GetTaskKind;54=IsTargetInsideOwnerRange;55=IsTargetOutsideOwnerRange;77=OnVanish;78=CreateParamBlock;80=FinalizeParamBlock;95=SelectResidentEntry;96=GetSpawnOrderCount;97=GetSpawnOrderId;98=GetSpawnOrderArg;99=PostClaimHook,,,0x32ACABFB;0x36FCE2D7;0x41FBD241;0x68CD7942;0xA5364F08;0xA8987774;0xAB606D9E;0xD32D39ED;0xD462A33B;0xD8F283FB;0xDF9F47E2;0xEDD1C108
,CUnitTaskAutomataShockHalo,automata,CUnitTaskAutomataRadiconParentActor,0x1413E3DB8,,12=Update;79=FillParamBlock;81=CreateCmdActionManager;88=SetupModelAnimation,custom_attack_shape;custom_param_block,CCmdActionManager_ShockHalo,0x32ACABFB;0x3C3F1EB2;0xD55CBB87
,CUnitTaskAutomataSummonDefenceFormation,automata,CUnitTaskAutomataSummon,0x1415D5490,,0=Destructor;11=PreUpdate;69=PreCreateManagerHook;79=FillParamBlock;81=CreateCmdActionManager;82=CreateInitDataModifier;84=DescribeAttackShape;86=DescribeBarrier;105;107,barrier;stage_contact_override;alert_config;custom_attack_shape;custom_param_block;init_data_modifier,CCmdActionManager_Summon;CCmdActionManager_SummonDefenceFormation,0x06E90346;0x36FCE2D7;0x3C3F1EB2;0x41FBD241;0x4B382E24;0xD8F283FB
,CUnitTaskAutomataThrowBlade,automata,CUnitTaskAutomataThrow,0x1413E4408,,2=OnInit;78=CreateParamBlock;79=FillParamBlock;89=OnInitHookA,alert_config;custom_attack_shape;custom_param_block,CCmdActionManager_Throw,0x05D5D30D;0x36FCE2D7;0x3F8653B3;0x41FBD241;0x4C55EA3D;0x63AC30E6;0x8DA251CA;0xA68F0209;0xAB606D9E;0xABEDC73A;0xD8F283FB;0xDCEAF7AC;0xFAA5615C
109,CUnitTaskAutomata_000COMMON_000COMMON_001_BeamBoomerang,automata,CUnitTaskAutomataBoomerang,0x1413E3A90,0x3540,79=FillParamBlock,stage_contact_override;alert_config;custom_attack_shape;custom_param_block,CCmdActionManager_Boomerang,0xA12E3B5F;0xABEDC73A;0xD6290BC9
102,CUnitTaskAutomata_000COMMON_000COMMON_001_DelayExplosion,automata,CUnitTaskAutomataThrow,0x1413E2140,0x3530,79=FillParamBlock;81=CreateCmdActionManager,alert_config;custom_attack_shape;custom_param_block,CCmdActionManager_000COMMON_000COMMON_001_DelayExplosion;CCmdActionManager_Throw,
100,CUnitTaskAutomata_000COMMON_000COMMON_001_FreeFall,automata,CUnitTaskAutomataFreeFall,0x1413E1E18,0x3530,81=CreateCmdActionManager,custom_attack_shape;custom_param_block,CCmdActionManager_FreeFall,
105,CUnitTaskAutomata_000COMMON_000COMMON_001_FreeFall_Interaction,automata,CUnitTaskAutomataFreeFall_Interaction,0x1413E2DE0,0x3530,81=CreateCmdActionManager,alert_config;custom_attack_shape;custom_param_block,CCmdActionManager_FreeFall_Interaction,
114,CUnitTaskAutomata_000COMMON_000COMMON_001_PurgeFly,automata,CUnitTaskAutomataFreeFly,0x1413E4A58,0x3530,78=CreateParamBlock;79=FillParamBlock;81=CreateCmdActionManager;84=DescribeAttackShape;88=SetupModelAnimation,custom_attack_shape;custom_param_block,CCmdActionManager_FreeFly,0x3C3F1EB2;0x4B382E24;0xA5364F08
110,CUnitTaskAutomata_000COMMON_000COMMON_001_PutObj,automata,CUnitTaskAutomataPutObj,0x1413E2468,0x3530,79=FillParamBlock;81=CreateCmdActionManager;88=SetupModelAnimation;89=OnInitHookA;90=SetupModelSubObject,custom_attack_shape;custom_param_block,CCmdActionManager_PutObj,0x13C6C469;0x14AB0070;0x319126CE;0x36FCE2D7;0x41FBD241;0x46961658;0x63AC30E6;0x64C1F4FF;0x8379D9F8;0x8ACF95D3;0x8DA251CA;0xA12E3B5F;0xA8987774;0xABEDC73A;0xD188329F;0xD6290BC9;0xD8F283FB;0xDCEAF7AC;0xDE6C0636;0xDF9F47E2;0xF47EE96E;0xFAA5615C;0xFDC8A545
111,CUnitTaskAutomata_000COMMON_000COMMON_001_ShockHalo,automata,CUnitTaskAutomataShockHalo,0x1413E40E0,0x3540,,custom_attack_shape;custom_param_block,CCmdActionManager_ShockHalo,
106,CUnitTaskAutomata_000COMMON_000COMMON_001_StickSaber,automata,CUnitTaskAutomataSticker,0x1413E3108,0x3540,81=CreateCmdActionManager;89=OnInitHookA;91=FillParamSubBlock,custom_attack_shape;custom_param_block,CCmdActionManager_000COMMON_000COMMON_001_StickSaber,0x14AB0070;0x36FCE2D7;0x3B52DAAB;0x3C3F1EB2;0x41FBD241;0x4B382E24;0x4C55EA3D;0x63AC30E6;0x8DA251CA;0xA25B8B11;0xA5364F08;0xABEDC73A;0xD55CBB87;0xD8F283FB;0xDCEAF7AC;0xFAA5615C;0xFDC8A545
113,CUnitTaskAutomata_000COMMON_000COMMON_001_ThrowBlade,automata,CUnitTaskAutomataThrowBlade,0x1413E4730,0x3550,79=FillParamBlock;89=OnInitHookA,alert_config;custom_attack_shape;custom_param_block,CCmdActionManager_Throw,0x05D5D30D;0x36FCE2D7;0x4C55EA3D;0x63AC30E6;0xAB606D9E;0xD8F283FB;0xFDC8A545
107,CUnitTaskAutomata_000COMMON_000COMMON_001_ThrowMissile,automata,CUnitTaskAutomataThrow,0x1413E3440,0x3530,81=CreateCmdActionManager,alert_config;custom_attack_shape;custom_param_block,CCmdActionManager_Throw,
115,CUnitTaskAutomata_000COMMON_000COMMON_001_ThrowPillar,automata,CUnitTaskAutomataThrowPillar,0x1413E4D80,0x35B0,81=CreateCmdActionManager;100,alert_config;custom_attack_shape;custom_param_block,CCmdActionManager_Throw;CCmdActionManager_ThrowPillar,0x4C55EA3D;0xABEDC73A;0xDCEAF7AC
116,CUnitTaskAutomata_000COMMON_000COMMON_001_ThrowPillarLaunchJointYAxis,automata,CUnitTaskAutomataThrowPillarLaunchJointYAxis,0x1413E50B0,0x35C0,81=CreateCmdActionManager,alert_config;custom_attack_shape;custom_param_block,CCmdActionManager_Throw;CCmdActionManager_ThrowPillar,
103,CUnitTaskAutomata_000COMMON_000COMMON_001_ThrowSaber,automata,CUnitTaskAutomataThrow,0x1413E2790,0x3530,79=FillParamBlock;81=CreateCmdActionManager;84=DescribeAttackShape;91=FillParamSubBlock,alert_config;custom_attack_shape;custom_param_block,CCmdActionManager_000COMMON_000COMMON_001_ThrowSaber;CCmdActionManager_Throw,0x4C55EA3D;0x64C1F4FF;0x67921CDD
104,CUnitTaskAutomata_000COMMON_000COMMON_001_ThrowSaberRolling,automata,CUnitTaskAutomataThrowStopRotateOnStick,0x1413E2AB8,0x3530,59=CreateMotionComponents;79=FillParamBlock;81=CreateCmdActionManager;89=OnInitHookA;91=FillParamSubBlock,alert_config;custom_attack_shape;custom_param_block,CCmdActionManager_000COMMON_000COMMON_001_ThrowSaberRolling,0x13C6C469;0x14AB0070;0x36FCE2D7;0x41FBD241;0x4C55EA3D;0x63AC30E6;0x64C1F4FF;0x67921CDD;0x8379D9F8;0x8ACF95D3;0x8DA251CA;0xA8987774;0xABEDC73A;0xD188329F;0xD8F283FB;0xDCEAF7AC;0xDF9F47E2;0xF47EE96E;0xFAA5615C;0xFDC8A545
118,CUnitTaskAutomata_000COMMON_000COMMON_001_ThrowSaberRollingNoBindHit,automata,CUnitTaskAutomata_000COMMON_000COMMON_001_ThrowSaberRolling,0x1413E5708,0x3530,,alert_config;custom_attack_shape;custom_param_block,CCmdActionManager_000COMMON_000COMMON_001_ThrowSaberRolling,
108,CUnitTaskAutomata_000COMMON_000COMMON_001_ThrowSaberRollingStickToStage,automata,CUnitTaskAutomata_000COMMON_000COMMON_001_ThrowSaberRolling,0x1413E3768,0x3530,79=FillParamBlock;81=CreateCmdActionManager,alert_config;custom_attack_shape;custom_param_block,CCmdActionManager_000COMMON_000COMMON_001_ThrowSaberRolling,
117,CUnitTaskAutomata_000COMMON_000COMMON_001_TransparentMortarExplosion,automata,CUnitTaskAutomataThrowMortar,0x1413E53E0,0x3530,,alert_config;custom_attack_shape;custom_param_block;init_data_modifier,CCmdActionManager_Throw;CCmdActionManager_ThrowMortar,
10010102,CUnitTaskAutomata_001GUNDAM_001GUNDAM_001_BeamJavelin,automata,CUnitTaskAutomataThrowMortar,0x1413E5A30,0x3530,89=OnInitHookA,alert_config;custom_attack_shape;custom_param_block;init_data_modifier,CCmdActionManager_Throw;CCmdActionManager_ThrowMortar,0x8DA251CA;0xD8F283FB
10010104,CUnitTaskAutomata_001GUNDAM_001GUNDAM_001_HammerShot,automata,CUnitTaskAutomataAnchorThrow,0x1413E63A8,0x3540,79=FillParamBlock;81=CreateCmdActionManager;84=DescribeAttackShape,stage_contact_override;alert_config;custom_attack_shape;custom_param_block,CCmdActionManager_001GUNDAM_001GUNDAM_001_HammerShot,0x3B52DAAB;0xA25B8B11;0xD55CBB87
10010101,CUnitTaskAutomata_001GUNDAM_001GUNDAM_001_NapalmBomb,automata,CUnitTaskAutomataDetonator,0x1413E5D58,0x3530,81=CreateCmdActionManager,hit_consumed_hook;alert_config;custom_attack_shape;custom_param_block,CCmdActionManager_001GUNDAM_001GUNDAM_001_NapalmBomb,
10010103,CUnitTaskAutomata_001GUNDAM_001GUNDAM_001_ThrowShield,automata,CUnitTaskAutomataThrow,0x1413E6080,0x3530,81=CreateCmdActionManager,barrier;alert_config;custom_attack_shape;custom_param_block,CCmdActionManager_001GUNDAM_001GUNDAM_001_ThrowShield;CCmdActionManager_Throw,
10010202,CUnitTaskAutomata_001GUNDAM_001GUNDAM_002_BeamJavelin,automata,CUnitTaskAutomataThrowMortar,0x1413E66D0,0x3530,89=OnInitHookA,alert_config;custom_attack_shape;custom_param_block;init_data_modifier,CCmdActionManager_Throw;CCmdActionManager_ThrowMortar,0x8DA251CA;0xD8F283FB
10010204,CUnitTaskAutomata_001GUNDAM_001GUNDAM_002_HammerShot,automata,CUnitTaskAutomataAnchorThrow,0x1413E7048,0x3540,79=FillParamBlock;81=CreateCmdActionManager;84=DescribeAttackShape,stage_contact_override;alert_config;custom_attack_shape;custom_param_block,CCmdActionManager_001GUNDAM_001GUNDAM_002_HammerShot,0x3B52DAAB;0xA25B8B11;0xD55CBB87
10010201,CUnitTaskAutomata_001GUNDAM_001GUNDAM_002_NapalmBomb,automata,CUnitTaskAutomataDetonator,0x1413E69F8,0x3530,81=CreateCmdActionManager,hit_consumed_hook;alert_config;custom_attack_shape;custom_param_block,CCmdActionManager_001GUNDAM_001GUNDAM_002_NapalmBomb,
10010203,CUnitTaskAutomata_001GUNDAM_001GUNDAM_002_ThrowShield,automata,CUnitTaskAutomataThrow,0x1413E6D20,0x3530,81=CreateCmdActionManager,barrier;alert_config;custom_attack_shape;custom_param_block,CCmdActionManager_001GUNDAM_001GUNDAM_002_ThrowShield;CCmdActionManager_Throw,
10020101,CUnitTaskAutomata_001GUNDAM_002CHRGEL_001_BeamNaginata,automata,CUnitTaskAutomataThrowMortar,0x1413E7370,0x3530,76=ArchetypeEventHook;79=FillParamBlock;81=CreateCmdActionManager;89=OnInitHookA;91=FillParamSubBlock,stage_contact_override;alert_config;custom_attack_shape;custom_param_block;init_data_modifier,CCmdActionManager_001GUNDAM_002CHRGEL_001_BeamNaginata,0xD8F283FB
10020102,CUnitTaskAutomata_001GUNDAM_002CHRGEL_001_BeamNaginataBoomerang,automata,CUnitTaskAutomataBoomerangSpline,0x1413E7698,0x3540,81=CreateCmdActionManager,stage_contact_override;alert_config;custom_attack_shape;custom_param_block,CCmdActionManager_001GUNDAM_002CHRGEL_001_BeamNaginataBoomerang,
10020106,CUnitTaskAutomata_001GUNDAM_002CHRGEL_001_BeamnaginataThrow,automata,CUnitTaskAutomata_000COMMON_000COMMON_001_ThrowSaberRolling,0x1413E8348,0x3540,81=CreateCmdActionManager;89=OnInitHookA,alert_config;custom_attack_shape;custom_param_block,CCmdActionManager_001GUNDAM_002CHRGEL_001_BeamnaginataThrow,0xD8F283FB
10020105,CUnitTaskAutomata_001GUNDAM_002CHRGEL_001_HermesBit,automata,CUnitTaskAutomataFunnelMawarikomi,0x1413E8020,0x3550,79=FillParamBlock;81=CreateCmdActionManager;88=SetupModelAnimation,alert_config;custom_attack_shape;custom_param_block,CCmdActionManager_001GUNDAM_002CHRGEL_001_HermesBit,
10020104,CUnitTaskAutomata_001GUNDAM_002CHRGEL_001_HermesBody,automata,CUnitTaskAutomataSummonRush,0x1413E7CF0,0x3540,79=FillParamBlock;81=CreateCmdActionManager;84=DescribeAttackShape,stage_contact_override;alert_config;custom_attack_shape;custom_param_block,CCmdActionManager_001GUNDAM_002CHRGEL_001_HermesBody,
10020103,CUnitTaskAutomata_001GUNDAM_002CHRGEL_001_HissatsuHermes,automata,CUnitTaskAutomataSummonRush,0x1413E79C0,0x3540,12=Update;73=OnStageContact;76=ArchetypeEventHook;79=FillParamBlock;81=CreateCmdActionManager;84=DescribeAttackShape,stage_contact_override;alert_config;custom_attack_shape;custom_param_block,CCmdActionManager_001GUNDAM_002CHRGEL_001_HissatsuHermes,
10030101,CUnitTaskAutomata_001GUNDAM_003ACGUY0_001_AcguyBall,automata,CUnitTaskAutomataSummonRushGround,0x1413E8670,0x37C0,0=Destructor;2=OnInit;12=Update;79=FillParamBlock;81=CreateCmdActionManager;84=DescribeAttackShape,stage_contact_override;alert_config;custom_attack_shape;custom_param_block,CCmdActionManager_001GUNDAM_003ACGUY0_001_AcguyBall,0x13C6C469
10030102,CUnitTaskAutomata_001GUNDAM_003ACGUY0_001_AcguyBall_Weak,automata,CUnitTaskAutomata_001GUNDAM_003ACGUY0_001_AcguyBall,0x1413E89A8,0x37C0,,stage_contact_override;alert_config;custom_attack_shape;custom_param_block,CCmdActionManager_001GUNDAM_003ACGUY0_001_AcguyBall,
10030106,CUnitTaskAutomata_001GUNDAM_003ACGUY0_001_AssistAcgAir,automata,CUnitTaskAutomataSummonRush,0x1413E9670,0x3540,81=CreateCmdActionManager,stage_contact_override;alert_config;custom_attack_shape;custom_param_block,CCmdActionManager_001GUNDAM_003ACGUY0_001_AssistAcgAir,
10030105,CUnitTaskAutomata_001GUNDAM_003ACGUY0_001_AssistAcgGround,automata,CUnitTaskAutomataSummon,0x1413E9340,0x3540,2=OnInit;81=CreateCmdActionManager,stage_contact_override;alert_config;custom_attack_shape;custom_param_block,CCmdActionManager_001GUNDAM_003ACGUY0_001_AssistAcgGround;CCmdActionManager_Summon,
10030104,CUnitTaskAutomata_001GUNDAM_003ACGUY0_001_AssistAgguyGround,automata,CUnitTaskAutomataSummonRushGround,0x1413E9010,0x3540,21=PreInit;79=FillParamBlock;81=CreateCmdActionManager;84=DescribeAttackShape,stage_contact_override;alert_config;custom_attack_shape;custom_param_block,CCmdActionManager_001GUNDAM_003ACGUY0_001_AssistAgguyGround,0x41FBD241;0x4B382E24
10030103,CUnitTaskAutomata_001GUNDAM_003ACGUY0_001_AssistJuagg,automata,CUnitTaskAutomataSummonRushShot,0x1413E8CE0,0x3550,81=CreateCmdActionManager;86=DescribeBarrier,barrier;stage_contact_override;alert_config;custom_attack_shape;custom_param_block,CCmdActionManager_001GUNDAM_003ACGUY0_001_AssistJuagg,0xA25B8B11
10040102,CUnitTaskAutomata_001GUNDAM_004ZEONG0_001_HandFly,automata,CUnitTaskAutomataFunnelFlySword,0x1413E9CC8,0x3550,76=ArchetypeEventHook;79=FillParamBlock;81=CreateCmdActionManager;84=DescribeAttackShape;88=SetupModelAnimation,stage_contact_override;alert_config;custom_attack_shape;custom_param_block,CCmdActionManager_001GUNDAM_004ZEONG0_001_HandFly,0xD8F283FB
10040103,CUnitTaskAutomata_001GUNDAM_004ZEONG0_001_HandPunch,automata,CUnitTaskAutomataAnchorThrow,0x1413E99A0,0x3540,79=FillParamBlock;81=CreateCmdActionManager;88=SetupModelAnimation;89=OnInitHookA,stage_contact_override;alert_config;custom_attack_shape;custom_param_block,CCmdActionManager_001GUNDAM_004ZEONG0_001_HandPunch,0xD32D39ED;0xD8F283FB;0xEDD1C108
10040101,CUnitTaskAutomata_001GUNDAM_004ZEONG0_001_HeadBeam,automata,CUnitTaskAutomataFunnelShotImmediate,0x1413E9FF0,0x3540,79=FillParamBlock;81=CreateCmdActionManager;89=OnInitHookA,alert_config;custom_attack_shape;custom_param_block,CCmdActionManager_001GUNDAM_004ZEONG0_001_HeadBeam,0xD32D39ED;0xD8F283FB;0xEDD1C108
10050106,CUnitTaskAutomata_001GUNDAM_005GYAN00_001_AdzamBeamBody,automata,CUnitTaskAutomataSummonRushShot,0x1413EAFC0,0x3550,79=FillParamBlock;81=CreateCmdActionManager;88=SetupModelAnimation,stage_contact_override;alert_config;custom_attack_shape;custom_param_block,CCmdActionManager_001GUNDAM_005GYAN00_001_AdzamBeamBody,0xA25B8B11
10050104,CUnitTaskAutomata_001GUNDAM_005GYAN00_001_AdzamBody,automata,CUnitTaskAutomataSummonRush,0x1413EA968,0x3540,79=FillParamBlock;81=CreateCmdActionManager;88=SetupModelAnimation,stage_contact_override;alert_config;custom_attack_shape;custom_param_block,CCmdActionManager_001GUNDAM_005GYAN00_001_AdzamBody,
10050105,CUnitTaskAutomata_001GUNDAM_005GYAN00_001_AdzamLeader,automata,CUnitTaskAutomataThrow,0x1413EAC98,0x3530,79=FillParamBlock;81=CreateCmdActionManager;88=SetupModelAnimation,alert_config;custom_attack_shape;custom_param_block,CCmdActionManager_001GUNDAM_005GYAN00_001_AdzamLeader;CCmdActionManager_Throw,
10050101,CUnitTaskAutomata_001GUNDAM_005GYAN00_001_HydePump,automata,CUnitTaskAutomataThrow,0x1413EA318,0x3530,81=CreateCmdActionManager,alert_config;custom_attack_shape;custom_param_block,CCmdActionManager_001GUNDAM_005GYAN00_001_HydePump;CCmdActionManager_Throw,
10050102,CUnitTaskAutomata_001GUNDAM_005GYAN00_001_SuibakuMissile,automata,CUnitTaskAutomataThrow,0x1413EA640,0x3530,79=FillParamBlock;81=CreateCmdActionManager;89=OnInitHookA,alert_config;custom_attack_shape;custom_param_block,CCmdActionManager_001GUNDAM_005GYAN00_001_SuibakuMissile;CCmdActionManager_Throw,
10060105,CUnitTaskAutomata_001GUNDAM_006GMECHA_001_AssistHissatsuGFighter,automata,CUnitTaskAutomataSummon,0x1413EB2F0,0x3540,79=FillParamBlock;81=CreateCmdActionManager;88=SetupModelAnimation;91=FillParamSubBlock,stage_contact_override;alert_config;custom_attack_shape;custom_param_block,CCmdActionManager_001GUNDAM_006GMECHA_001_AssistHissatsuGFighter;CCmdActionManager_Summon,
10060104,CUnitTaskAutomata_001GUNDAM_006GMECHA_001_BullPurge,automata,CUnitTaskAutomataRadiconParentActor,0x1413EB620,0x3530,81=CreateCmdActionManager;88=SetupModelAnimation,,CCmdActionManager_001GUNDAM_006GMECHA_001_BullPurge,
10060101,CUnitTaskAutomata_001GUNDAM_006GMECHA_001_GFighterAParts,automata,CUnitTaskAutomata_000COMMON_000COMMON_001_PurgeFly,0x1413EB948,0x3530,79=FillParamBlock;88=SetupModelAnimation,custom_attack_shape;custom_param_block,CCmdActionManager_FreeFly,
10060102,CUnitTaskAutomata_001GUNDAM_006GMECHA_001_GFighterBParts,automata,CUnitTaskAutomata_000COMMON_000COMMON_001_PurgeFly,0x1413EBC70,0x3530,79=FillParamBlock,custom_attack_shape;custom_param_block,CCmdActionManager_FreeFly,
10060103,CUnitTaskAutomata_001GUNDAM_006GMECHA_001_MaPurge,automata,CUnitTaskAutomataRadiconParentActor,0x1413EBF98,0x3530,79=FillParamBlock;81=CreateCmdActionManager;88=SetupModelAnimation,,CCmdActionManager_001GUNDAM_006GMECHA_001_MaPurge,
10060106,CUnitTaskAutomata_001GUNDAM_006GMECHA_001_ThrowShield,automata,CUnitTaskAutomataThrow,0x1413EC2C0,0x3530,79=FillParamBlock;91=FillParamSubBlock,alert_config;custom_attack_shape;custom_param_block,CCmdActionManager_Throw,
10070102,CUnitTaskAutomata_001GUNDAM_007ZAKU2J_001_ThrowRockLarge,automata,CUnitTaskAutomataThrow,0x1413EC910,0x3530,71=OnHitCountExhausted;72=PostUpdateEffects;73=OnStageContact;76=ArchetypeEventHook;81=CreateCmdActionManager;86=DescribeBarrier;88=SetupModelAnimation,barrier;hit_count_exhausted_override;stage_contact_override;alert_config;custom_attack_shape;custom_param_block,CCmdActionManager_001GUNDAM_007ZAKU2J_001_ThrowRockLarge;CCmdActionManager_Throw,0x4C55EA3D;0xDCEAF7AC
10070103,CUnitTaskAutomata_001GUNDAM_007ZAKU2J_001_ThrowRockLargeMortar,automata,CUnitTaskAutomataThrowMortar,0x1413ECC38,0x3530,71=OnHitCountExhausted;72=PostUpdateEffects;73=OnStageContact;76=ArchetypeEventHook;81=CreateCmdActionManager;86=DescribeBarrier;88=SetupModelAnimation,barrier;hit_count_exhausted_override;stage_contact_override;alert_config;custom_attack_shape;custom_param_block;init_data_modifier,CCmdActionManager_001GUNDAM_007ZAKU2J_001_ThrowRockLargeMortar,0x8DA251CA;0xFAA5615C
10070101,CUnitTaskAutomata_001GUNDAM_007ZAKU2J_001_ThrowRockSmall,automata,CUnitTaskAutomataThrowMortar,0x1413EC5E8,0x3530,71=OnHitCountExhausted;72=PostUpdateEffects;73=OnStageContact;76=ArchetypeEventHook,hit_count_exhausted_override;stage_contact_override;alert_config;custom_attack_shape;custom_param_block;init_data_modifier,CCmdActionManager_Throw;CCmdActionManager_ThrowMortar,0xFAA5615C
10080102,CUnitTaskAutomata_001GUNDAM_008CHARZK_001_StickerExplosion,automata,CUnitTaskAutomataSticker,0x1413ED288,0x3540,79=FillParamBlock;81=CreateCmdActionManager,custom_attack_shape;custom_param_block,CCmdActionManager_001GUNDAM_008CHARZK_001_StickerExplosion,
10080101,CUnitTaskAutomata_001GUNDAM_008CHARZK_001_ThrowHeathawk,automata,CUnitTaskAutomataThrow,0x1413ECF60,0x3530,79=FillParamBlock;81=CreateCmdActionManager,alert_config;custom_attack_shape;custom_param_block,CCmdActionManager_001GUNDAM_008CHARZK_001_ThrowHeathawk;CCmdActionManager_Throw,
10080104,CUnitTaskAutomata_001GUNDAM_008GUNDAM_001_TankThrow,automata,CUnitTaskAutomataThrowMortar,0x1413ED8E8,0x3530,79=FillParamBlock,alert_config;custom_attack_shape;custom_param_block;init_data_modifier,CCmdActionManager_Throw;CCmdActionManager_ThrowMortar,
10080103,CUnitTaskAutomata_001GUNDAM_008GUNDAM_001_ThrowMeteo,automata,CUnitTaskAutomataThrow,0x1413ED5C0,0x3530,79=FillParamBlock;81=CreateCmdActionManager,barrier;alert_config;custom_attack_shape;custom_param_block,CCmdActionManager_001GUNDAM_008CHARZK_001_ThrowMeteo;CCmdActionManager_Throw,
10100101,CUnitTaskAutomata_001GUNDAM_010HMZK2M_001_AssistZaku,automata,CUnitTaskAutomataSummonRushShot,0x1413EDC10,0x3550,79=FillParamBlock;81=CreateCmdActionManager,stage_contact_override;alert_config;custom_attack_shape;custom_param_block,CCmdActionManager_001GUNDAM_010HMZK2M_001_AssistZaku,
10150103,CUnitTaskAutomata_001GUNDAM_015GCANON_001_ThrowGrenade,automata,CUnitTaskAutomataThrowMortar,0x1413EE590,0x3530,81=CreateCmdActionManager,alert_config;custom_attack_shape;custom_param_block;init_data_modifier,CCmdActionManager_Throw;CCmdActionManager_ThrowMortar,
10150102,CUnitTaskAutomata_001GUNDAM_015GCANON_001_ThrowRockLarge,automata,CUnitTaskAutomataThrow,0x1413EE268,0x3530,71=OnHitCountExhausted;72=PostUpdateEffects;73=OnStageContact;76=ArchetypeEventHook;79=FillParamBlock;81=CreateCmdActionManager;86=DescribeBarrier,barrier;hit_count_exhausted_override;stage_contact_override;alert_config;custom_attack_shape;custom_param_block,CCmdActionManager_001GUNDAM_015GCANON_001_ThrowRockLarge;CCmdActionManager_Throw,
10150101,CUnitTaskAutomata_001GUNDAM_015GCANON_001_ThrowRockSmall,automata,CUnitTaskAutomataThrow,0x1413EDF40,0x3530,71=OnHitCountExhausted;72=PostUpdateEffects;73=OnStageContact;76=ArchetypeEventHook;81=CreateCmdActionManager;86=DescribeBarrier,barrier;hit_count_exhausted_override;stage_contact_override;alert_config;custom_attack_shape;custom_param_block,CCmdActionManager_001GUNDAM_015GCANON_001_ThrowRockSmall;CCmdActionManager_Throw,0xDCEAF7AC
10160101,CUnitTaskAutomata_001GUNDAM_016GNTANK_001_ThrowCoreFighter,automata,CUnitTaskAutomata_000COMMON_000COMMON_001_ThrowMissile,0x1413EE8B8,0x3530,79=FillParamBlock;81=CreateCmdActionManager,alert_config;custom_attack_shape;custom_param_block,CCmdActionManager_001GUNDAM_016GNTANK_001_ThrowCoreFighter;CCmdActionManager_Throw,
10170102,CUnitTaskAutomata_001GUNDAM_017DOM000_001_AssistDomGrap,automata,CUnitTaskAutomataSummonRushAttackNormal,0x1413EF238,0x3540,79=FillParamBlock;81=CreateCmdActionManager;83=SetupModel;84=DescribeAttackShape;88=SetupModelAnimation,hit_count_exhausted_override;stage_contact_override;custom_model_setup;alert_config;custom_attack_shape;custom_param_block,CCmdActionManager_001GUNDAM_017DOM000_001_AssistDomGrap,0x319126CE;0x36FCE2D7;0x41FBD241;0x46961658;0xA12E3B5F;0xA8987774;0xDF9F47E2
10170105,CUnitTaskAutomata_001GUNDAM_017DOM000_001_AssistDomHissatsu,automata,CUnitTaskAutomataSummonRushShot,0x1413EEF08,0x3550,79=FillParamBlock;81=CreateCmdActionManager;88=SetupModelAnimation,hit_count_exhausted_override;stage_contact_override;custom_model_setup;alert_config;custom_attack_shape;custom_param_block,CCmdActionManager_001GUNDAM_017DOM000_001_AssistDomHissatsu,0x36FCE2D7;0x41FBD241;0xA8987774
10170104,CUnitTaskAutomata_001GUNDAM_017DOM000_001_AssistDomShot,automata,CUnitTaskAutomataSummonRushShot,0x1413EF568,0x3550,79=FillParamBlock,hit_count_exhausted_override;stage_contact_override;custom_model_setup;alert_config;custom_attack_shape;custom_param_block,CCmdActionManager_SummonRushShot,0x36FCE2D7;0x41FBD241;0xA8987774
10170103,CUnitTaskAutomata_001GUNDAM_017DOM000_001_AssistDomShotSlide,automata,CUnitTaskAutomataSummonSlide,0x1413EF898,0x3540,79=FillParamBlock;81=CreateCmdActionManager,hit_count_exhausted_override;stage_contact_override;custom_model_setup;alert_config;custom_attack_shape;custom_param_block,CCmdActionManager_001GUNDAM_017DOM000_001_AssistDomShotSlide,0x36FCE2D7;0x41FBD241
10170106,CUnitTaskAutomata_001GUNDAM_017DOM000_001_AssistDomTsukimatoiShot,automata,CUnitTaskAutomataSummonTukimatoiAndActionSimple,0x1413EFBC8,0x3540,79=FillParamBlock;81=CreateCmdActionManager,hit_count_exhausted_override;stage_contact_override;custom_model_setup;alert_config;custom_attack_shape;custom_param_block,CCmdActionManager_001GUNDAM_017DOM000_001_AssistDomTsukimatoiShot,0x36FCE2D7;0x41FBD241
10170108,CUnitTaskAutomata_001GUNDAM_017DOM000_001_AssistDomWinloseLeft,automata,CUnitTaskAutomataPutObj,0x1413EFEF8,0x3530,81=CreateCmdActionManager;90=SetupModelSubObject,custom_model_setup;custom_attack_shape;custom_param_block,CCmdActionManager_001GUNDAM_017DOM000_001_AssistDomWinloseLeft,
10170109,CUnitTaskAutomata_001GUNDAM_017DOM000_001_AssistDomWinloseRight,automata,CUnitTaskAutomataPutObj,0x1413F0220,0x3530,90=SetupModelSubObject,custom_model_setup;custom_attack_shape;custom_param_block,CCmdActionManager_PutObj,
10170101,CUnitTaskAutomata_001GUNDAM_017DOM000_001_ThrowBazooka,automata,CUnitTaskAutomataThrow,0x1413EEBE0,0x3530,,alert_config;custom_attack_shape;custom_param_block,CCmdActionManager_Throw,
20010101,CUnitTaskAutomata_002ZGUNDM_001ZGUNDM_001_BeamConfuse,automata,CUnitTaskAutomataDetonator,0x1413F0548,0x3530,2=OnInit;74=OnHitConsumed;79=FillParamBlock;81=CreateCmdActionManager;86=DescribeBarrier;89=OnInitHookA,barrier;hit_consumed_hook;alert_config;custom_attack_shape;custom_param_block,CCmdActionManager_002ZGUNDM_001ZGUNDM_001_BeamConfuse,0xAB606D9E;0xD8F283FB
20010102,CUnitTaskAutomata_002ZGUNDM_001ZGUNDM_001_ThrowRifleSaber,automata,CUnitTaskAutomata_000COMMON_000COMMON_001_ThrowSaber,0x1413F0870,0x3530,83=SetupModel,custom_model_setup;alert_config;custom_attack_shape;custom_param_block,CCmdActionManager_000COMMON_000COMMON_001_ThrowSaber;CCmdActionManager_Throw,
20020102,CUnitTaskAutomata_002ZGUNDM_002HYAKUS_001_Dodai,automata,CUnitTaskAutomataThrow,0x1413F0EC8,0x3530,79=FillParamBlock;81=CreateCmdActionManager,alert_config;custom_attack_shape;custom_param_block,CCmdActionManager_002ZGUNDM_002HYAKSK_001_Dodai;CCmdActionManager_Throw,
20020103,CUnitTaskAutomata_002ZGUNDM_002HYAKUS_001_Mega,automata,CUnitTaskAutomataRadiconParentActor,0x1413F11F0,0x3530,79=FillParamBlock;81=CreateCmdActionManager;84=DescribeAttackShape;88=SetupModelAnimation,alert_config;custom_attack_shape,CCmdActionManager_002ZGUNDM_002HYAKSK_001_Mega,
20020101,CUnitTaskAutomata_002ZGUNDM_002HYAKUS_001_Methuss,automata,CUnitTaskAutomataSummon,0x1413F0B98,0x3540,79=FillParamBlock;81=CreateCmdActionManager,stage_contact_override;alert_config;custom_attack_shape;custom_param_block,CCmdActionManager_002ZGUNDM_002HYAKSK_001_Methuss;CCmdActionManager_Summon,
20040102,CUnitTaskAutomata_002ZGUNDM_004THEO00_001_AssistBolinoakSammahn,automata,CUnitTaskAutomataSummonDefence,0x14163CCE0,0x3540,0=Destructor;79=FillParamBlock;81=CreateCmdActionManager,barrier;stage_contact_override;alert_config;custom_attack_shape;custom_param_block,CCmdActionManager_002ZGUNDM_004THEO00_001_AssistBolinoakSammahn,
20040103,CUnitTaskAutomata_002ZGUNDM_004THEO00_001_AssistPalaceAthene,automata,CUnitTaskAutomataSummonRush,0x14163C890,0x3540,0=Destructor;79=FillParamBlock;81=CreateCmdActionManager;84=DescribeAttackShape;89=OnInitHookA,stage_contact_override;alert_config;custom_attack_shape;custom_param_block,CCmdActionManager_002ZGUNDM_004THEO00_001_AssistPalaceAthene,0x14AB0070;0x3B52DAAB;0x4C55EA3D;0x63AC30E6;0x8DA251CA;0xABEDC73A;0xD8F283FB;0xDCEAF7AC;0xFAA5615C
20050103,CUnitTaskAutomata_002ZGUNDM_005GUNMK2_001_GDefenserBody,automata,CUnitTaskAutomataThrow,0x1413F1B68,0x3530,79=FillParamBlock;81=CreateCmdActionManager;90=SetupModelSubObject,alert_config;custom_attack_shape;custom_param_block,CCmdActionManager_002ZGUNDM_005GUNMK2_001_GDefenserBody;CCmdActionManager_Throw,0x41FBD241;0x4C55EA3D
20050102,CUnitTaskAutomata_002ZGUNDM_005GUNMK2_001_GDefenserKatu,automata,CUnitTaskAutomataThrow,0x1413F1840,0x3530,79=FillParamBlock;81=CreateCmdActionManager,alert_config;custom_attack_shape;custom_param_block,CCmdActionManager_002ZGUNDM_005GUNMK2_001_GDefenserKatu;CCmdActionManager_Throw,
20050101,CUnitTaskAutomata_002ZGUNDM_005GUNMK2_001_ThrowKatu,automata,CUnitTaskAutomataThrow,0x1413F1518,0x3530,79=FillParamBlock;81=CreateCmdActionManager,alert_config;custom_attack_shape;custom_param_block,CCmdActionManager_002ZGUNDM_005GUNMK2_001_ThrowKatu;CCmdActionManager_Throw,
20060101,CUnitTaskAutomata_002ZGUNDM_006HAMBRB_001_AssistHambrabi,automata,CUnitTaskAutomata_002ZGUNDM_006HAMBRB_001_AssistHambrabiAbstract,0x1413F1E90,0x3550,2=OnInit;79=FillParamBlock;81=CreateCmdActionManager;88=SetupModelAnimation,stage_contact_override;alert_config;custom_attack_shape;custom_param_block,CCmdActionManager_002ZGUNDM_006HAMBRB_001_AssistHambrabi,0x3C3F1EB2;0x4C55EA3D;0xABEDC73A;0xDCEAF7AC
20060103,CUnitTaskAutomata_002ZGUNDM_006HAMBRB_001_UmihebiExplosion,automata,CUnitTaskAutomataSticker,0x1413F21C0,0x3540,74=OnHitConsumed;79=FillParamBlock;81=CreateCmdActionManager,hit_consumed_hook;custom_attack_shape;custom_param_block,CCmdActionManager_002ZGUNDM_006HAMBRB_001_UmihebiExplosion,
20060102,CUnitTaskAutomata_002ZGUNDM_006HAMBRB_001_UmihebiModoki,automata,CUnitTaskAutomataThrow,0x1413F24F8,0x3530,73=OnStageContact;79=FillParamBlock;81=CreateCmdActionManager;84=DescribeAttackShape;91=FillParamSubBlock,stage_contact_override;alert_config;custom_attack_shape;custom_param_block,CCmdActionManager_002ZGUNDM_006HAMBRB_001_UmihebiModoki;CCmdActionManager_Throw,0x4C55EA3D
20110101,CUnitTaskAutomata_002ZGUNDM_011RKDIAS_001_MochiLauncher,automata,CUnitTaskAutomataThrow,0x1413F2820,0x3530,73=OnStageContact;79=FillParamBlock;81=CreateCmdActionManager;91=FillParamSubBlock,stage_contact_override;alert_config;custom_attack_shape;custom_param_block,CCmdActionManager_002ZGUNDM_011RKDIAS_001_MochiLauncher;CCmdActionManager_Throw,0x4C55EA3D;0x8DA251CA;0xABEDC73A;0xDCEAF7AC
20130101,CUnitTaskAutomata_002ZGUNDM_013MARASI_001_AssistMarasai,automata,CUnitTaskAutomataSummonTukimatoiAndActionSimple,0x1413F2B48,0x3540,81=CreateCmdActionManager,stage_contact_override;alert_config;custom_attack_shape;custom_param_block,CCmdActionManager_002ZGUNDM_013MARASI_001_AssistMarasai,
20140103,CUnitTaskAutomata_002ZGUNDM_014GABTLY_001_AssistGabthley,automata,CUnitTaskAutomataSummonRushAttackNormal,0x1413F31B0,0x3540,79=FillParamBlock;83=SetupModel;88=SetupModelAnimation;89=OnInitHookA,stage_contact_override;custom_model_setup;alert_config;custom_attack_shape;custom_param_block,CCmdActionManager_SummonRushAttackNormal,
20140102,CUnitTaskAutomata_002ZGUNDM_014GABTLY_001_ExplosionSaber,automata,CUnitTaskAutomataSticker,0x1413F2E78,0x3540,81=CreateCmdActionManager;89=OnInitHookA,custom_attack_shape;custom_param_block,CCmdActionManager_002ZGUNDM_014GABTLY_001_ExplosionSaber,0xD8F283FB
20180101,CUnitTaskAutomata_002ZGUNDM_018DIJEH0_001_BeamRifleThrow,automata,CUnitTaskAutomataThrowStopRotateOnStick,0x1413F34E0,0x3530,79=FillParamBlock;81=CreateCmdActionManager;84=DescribeAttackShape;91=FillParamSubBlock,alert_config;custom_attack_shape;custom_param_block,CCmdActionManager_002ZGUNDM_018DIJEH0_001_BeamRifleThrow,0x14AB0070;0x63AC30E6;0x8DA251CA;0xFAA5615C
20180102,CUnitTaskAutomata_002ZGUNDM_018DIJEH0_001_Dodai,automata,CUnitTaskAutomataThrow,0x1413F3808,0x3530,79=FillParamBlock;81=CreateCmdActionManager,alert_config;custom_attack_shape;custom_param_block,CCmdActionManager_002ZGUNDM_018DIJEH0_001_Dodai;CCmdActionManager_Throw,
30020104,CUnitTaskAutomata_003ZZGNDM_002QUBMK2_001_AssistBawoo,automata,CUnitTaskAutomataSummonDefence,0x1413F4E20,0x3540,79=FillParamBlock;81=CreateCmdActionManager,barrier;stage_contact_override;alert_config;custom_attack_shape;custom_param_block,CCmdActionManager_003ZZGNDM_002QUBMK2_001_AssistBawoo,
30020108,CUnitTaskAutomata_003ZZGNDM_002QUBMK2_001_AssistBawooTokimatoiShot,automata,CUnitTaskAutomataSummonTukimatoi,0x1413F5478,0x3540,79=FillParamBlock;81=CreateCmdActionManager;86=DescribeBarrier;88=SetupModelAnimation;90=SetupModelSubObject,barrier;stage_contact_override;alert_config;custom_attack_shape;custom_param_block,CCmdActionManager_003ZZGNDM_002QUBMK2_001_AssistBawooTokimatoiShot,0x13C6C469
30020101,CUnitTaskAutomata_003ZZGNDM_002QUBMK2_001_FunnelControl,automata,CUnitTaskAutomataFunnelMawarikomi,0x1413F4180,0x3560,81=CreateCmdActionManager,alert_config;custom_attack_shape;custom_param_block,CCmdActionManager_003ZZGNDM_002QUBMK2_001_FunnelControl,0xFDC8A545
30020105,CUnitTaskAutomata_003ZZGNDM_002QUBMK2_001_FunnelFly,automata,CUnitTaskAutomata_003ZZGNDM_002QUBMK2_001_FunnelPutAbstract,0x1413F3B30,0x3540,79=FillParamBlock;81=CreateCmdActionManager,alert_config;custom_attack_shape;custom_param_block,CCmdActionManager_003ZZGNDM_002QUBMK2_001_FunnelPutAbstract,0xDCEAF7AC
30020110,CUnitTaskAutomata_003ZZGNDM_002QUBMK2_001_FunnelFlyShot,automata,CUnitTaskAutomataFunnelFlyScatter,0x1413F57A8,0x3540,81=CreateCmdActionManager,alert_config;custom_attack_shape;custom_param_block,CCmdActionManager_003ZZGNDM_002QUBMK2_001_FunnelFlyShot,
30020106,CUnitTaskAutomata_003ZZGNDM_002QUBMK2_001_FunnelShot,automata,CUnitTaskAutomata_003ZZGNDM_002QUBMK2_001_FunnelPutAbstract,0x1413F3E58,0x3540,79=FillParamBlock;81=CreateCmdActionManager,alert_config;custom_attack_shape;custom_param_block,CCmdActionManager_003ZZGNDM_002QUBMK2_001_FunnelShot,0xDCEAF7AC
30020102,CUnitTaskAutomata_003ZZGNDM_002QUBMK2_001_FunnelYokoretsuDynamic,automata,CUnitTaskAutomataFunnelShotStayShift,0x1413F44A8,0x3530,81=CreateCmdActionManager;88=SetupModelAnimation,alert_config;custom_attack_shape;custom_param_block,CCmdActionManager_003ZZGNDM_002QUBMK2_001_FunnelYokoretsuDynamic,
30020107,CUnitTaskAutomata_003ZZGNDM_002QUBMK2_001_HissatsuAutoFunnel,automata,CUnitTaskAutomataFunnelSwarm,0x1413F5150,0x3560,81=CreateCmdActionManager;88=SetupModelAnimation,alert_config;custom_attack_shape;custom_param_block,CCmdActionManager_003ZZGNDM_002QUBMK2_001_HissatsuAutoFunnel,0xDCEAF7AC
30020103,CUnitTaskAutomata_003ZZGNDM_002QUBMK2_001_HissatsuFunnel,automata,CUnitTaskAutomataFunnelSwarm,0x1413F4AF8,0x3560,81=CreateCmdActionManager;88=SetupModelAnimation,alert_config;custom_attack_shape;custom_param_block,CCmdActionManager_003ZZGNDM_002QUBMK2_001_HissatsuFunnel,0xDCEAF7AC
30020109,CUnitTaskAutomata_003ZZGNDM_002QUBMK2_001_ResidingObjectQubeleyFunnel,automata,CUnitTaskAutomataResident,0x1413F5AD0,0x3540,2=OnInit;81=CreateCmdActionManager,custom_attack_shape;custom_param_block,CCmdActionManager_003ZZGNDM_002QUBMK2_001_ResidingObjectQubeleyFunnel,
30030109,CUnitTaskAutomata_003ZZGNDM_003QUBELY_001_AssistHammahamma,automata,CUnitTaskAutomataSummonDefence,0x1413F7410,0x3540,71=OnHitCountExhausted;79=FillParamBlock;81=CreateCmdActionManager;88=SetupModelAnimation,barrier;hit_count_exhausted_override;stage_contact_override;alert_config;custom_attack_shape;custom_param_block,CCmdActionManager_003ZZGNDM_003QUBELY_001_AssistHammahamma,
30030110,CUnitTaskAutomata_003ZZGNDM_003QUBELY_001_AssistRjarja,automata,CUnitTaskAutomataSummonTukimatoi,0x1413F7740,0x3540,79=FillParamBlock;81=CreateCmdActionManager;84=DescribeAttackShape;87=ConfigureAlert;91=FillParamSubBlock,stage_contact_override;alert_config;custom_attack_shape;custom_param_block,CCmdActionManager_003ZZGNDM_003QUBELY_001_AssistRjarja,
30030101,CUnitTaskAutomata_003ZZGNDM_003QUBELY_001_FunnelFly,automata,CUnitTaskAutomata_003ZZGNDM_003QUBELY_001_FunnelPutAbstract,0x1413F5DF8,0x3540,79=FillParamBlock;81=CreateCmdActionManager,alert_config;custom_attack_shape;custom_param_block,CCmdActionManager_003ZZGNDM_003QUBELY_001_FunnelPutAbstract,0xABEDC73A
30030107,CUnitTaskAutomata_003ZZGNDM_003QUBELY_001_FunnelLaser,automata,CUnitTaskAutomataFunnelShotStayShift,0x1413F70E8,0x3530,81=CreateCmdActionManager,alert_config;custom_attack_shape;custom_param_block,CCmdActionManager_003ZZGNDM_003QUBELY_001_FunnelLaser,
30030108,CUnitTaskAutomata_003ZZGNDM_003QUBELY_001_FunnelNet,automata,CUnitTaskAutomataFunnelShotStayShift,0x1413F6DC0,0x3530,81=CreateCmdActionManager,alert_config;custom_attack_shape;custom_param_block,CCmdActionManager_003ZZGNDM_003QUBELY_001_FunnelNet,
30030103,CUnitTaskAutomata_003ZZGNDM_003QUBELY_001_FunnelPodlaunch,automata,CUnitTaskAutomataFunnelMawarikomi,0x1413F6770,0x3540,79=FillParamBlock;81=CreateCmdActionManager,alert_config;custom_attack_shape;custom_param_block,CCmdActionManager_003ZZGNDM_003QUBELY_001_FunnelPodlaunch,0xDCEAF7AC
30030102,CUnitTaskAutomata_003ZZGNDM_003QUBELY_001_FunnelStay,automata,CUnitTaskAutomata_003ZZGNDM_003QUBELY_001_FunnelPutAbstract,0x1413F6120,0x3540,79=FillParamBlock;81=CreateCmdActionManager,alert_config;custom_attack_shape;custom_param_block,CCmdActionManager_003ZZGNDM_003QUBELY_001_FunnelStay,0xA25B8B11
30030104,CUnitTaskAutomata_003ZZGNDM_003QUBELY_001_HissatsuFunnel,automata,CUnitTaskAutomataFunnelSwarm,0x1413F6A98,0x3560,79=FillParamBlock;81=CreateCmdActionManager,alert_config;custom_attack_shape;custom_param_block,CCmdActionManager_003ZZGNDM_003QUBELY_001_HissatsuFunnel,0xDCEAF7AC
30030105,CUnitTaskAutomata_003ZZGNDM_003QUBELY_001_ResidingObjectQubeleyFunnel,automata,CUnitTaskAutomataResident,0x1413F6448,0x3540,81=CreateCmdActionManager,custom_attack_shape;custom_param_block,CCmdActionManager_003ZZGNDM_003QUBELY_001_ResidingObjectQubeleyFunnel,
30030111,CUnitTaskAutomata_003ZZGNDM_003QUBELY_001_Winlose,automata,CUnitTaskAutomataPutObj,0x1413F7A70,0x3530,79=FillParamBlock;81=CreateCmdActionManager;88=SetupModelAnimation,custom_attack_shape;custom_param_block,CCmdActionManager_003ZZGNDM_003QUBELY_001_Winlose,
30040101,CUnitTaskAutomata_003ZZGNDM_004ZAK3CM_001_HydePump,automata,CUnitTaskAutomataThrow,0x1413F7D98,0x3530,81=CreateCmdActionManager,alert_config;custom_attack_shape;custom_param_block,CCmdActionManager_003ZZGNDM_004ZAK3CM_001_HydePump;CCmdActionManager_Throw,
30050106,CUnitTaskAutomata_003ZZGNDM_005ACGYHM_001_AssistAcgAir,automata,CUnitTaskAutomataSummonRush,0x1413F93C8,0x3540,81=CreateCmdActionManager,stage_contact_override;alert_config;custom_attack_shape;custom_param_block,CCmdActionManager_003ZZGNDM_005ACGYHM_001_AssistAcgAir,
30050105,CUnitTaskAutomata_003ZZGNDM_005ACGYHM_001_AssistAcgGround,automata,CUnitTaskAutomataSummon,0x1413F96F8,0x3540,2=OnInit;81=CreateCmdActionManager,stage_contact_override;alert_config;custom_attack_shape;custom_param_block,CCmdActionManager_003ZZGNDM_005ACGYHM_001_AssistAcgGround;CCmdActionManager_Summon,
30050104,CUnitTaskAutomata_003ZZGNDM_005ACGYHM_001_AssistAgguyGround,automata,CUnitTaskAutomataSummonRushGround,0x1413F9A28,0x3540,21=PreInit;79=FillParamBlock;81=CreateCmdActionManager;84=DescribeAttackShape,stage_contact_override;alert_config;custom_attack_shape;custom_param_block,CCmdActionManager_003ZZGNDM_005ACGYHM_001_AssistAgguyGround,0x41FBD241;0x4B382E24
30050103,CUnitTaskAutomata_003ZZGNDM_005ACGYHM_001_AssistJuagg,automata,CUnitTaskAutomataSummonRushShot,0x1413F9D58,0x3550,81=CreateCmdActionManager;86=DescribeBarrier,barrier;stage_contact_override;alert_config;custom_attack_shape;custom_param_block,CCmdActionManager_003ZZGNDM_005ACGYHM_001_AssistJuagg,0xA25B8B11
30060101,CUnitTaskAutomata_003ZZGNDM_006ZGNDRU_001_ShotWireAnchor,automata,CUnitTaskAutomataAnchorReturn,0x1413FA088,0x3550,79=FillParamBlock;81=CreateCmdActionManager;89=OnInitHookA,stage_contact_override;custom_attack_shape;custom_param_block,CCmdActionManager_003ZZGNDM_006ZGNDRU_001_ShotWireAnchor,0xD32D39ED;0xEDD1C108
30120106,CUnitTaskAutomata_003ZZGNDM_012ZZNRML_001_AssistCoreBase,automata,CUnitTaskAutomataSummonTukimatoiAndActionSimple,0x1413F9098,0x3540,79=FillParamBlock;81=CreateCmdActionManager,stage_contact_override;alert_config;custom_attack_shape;custom_param_block,CCmdActionManager_003ZZGNDM_012ZZNRML_001_AssistCoreBase,
30120105,CUnitTaskAutomata_003ZZGNDM_012ZZNRML_001_AssistCoreTop,automata,CUnitTaskAutomataSummonTukimatoiAndActionSimple,0x1413F8D68,0x3540,79=FillParamBlock;81=CreateCmdActionManager,stage_contact_override;alert_config;custom_attack_shape;custom_param_block,CCmdActionManager_003ZZGNDM_012ZZNRML_001_AssistCoreTop,
30120101,CUnitTaskAutomata_003ZZGNDM_012ZZNRML_001_AssistNeoCoreFighter,automata,CUnitTaskAutomataSummonTukimatoiAndActionSimple,0x1413F8A38,0x3540,79=FillParamBlock;81=CreateCmdActionManager,stage_contact_override;alert_config;custom_attack_shape;custom_param_block,CCmdActionManager_003ZZGNDM_012ZZNRML_001_AssistNeoCoreFighter,
30120102,CUnitTaskAutomata_003ZZGNDM_012ZZNRML_001_BunriBottom,automata,CUnitTaskAutomataAttach,0x1413F80C0,0x3530,79=FillParamBlock;81=CreateCmdActionManager;88=SetupModelAnimation;89=OnInitHookA;90=SetupModelSubObject;91=FillParamSubBlock,custom_attack_shape;custom_param_block,CCmdActionManager_003ZZGNDM_012ZZNRML_001_BunriBottom,0x41FBD241;0x46961658;0xD32D39ED;0xD8F283FB;0xEDD1C108
30120104,CUnitTaskAutomata_003ZZGNDM_012ZZNRML_001_HissatsuParts_Bottom,automata,CUnitTaskAutomata_003ZZGNDM_012ZZNRML_001_HissatsuPartsAbstract,0x1413F8710,0x3530,79=FillParamBlock;88=SetupModelAnimation,custom_attack_shape;custom_param_block,CCmdActionManager_003ZZGNDM_012ZZNRML_001_HissatsuPartsAbstract,0x36FCE2D7;0x41FBD241
30120103,CUnitTaskAutomata_003ZZGNDM_012ZZNRML_001_HissatsuParts_Top,automata,CUnitTaskAutomata_003ZZGNDM_012ZZNRML_001_HissatsuPartsAbstract,0x1413F83E8,0x3530,79=FillParamBlock,custom_attack_shape;custom_param_block,CCmdActionManager_003ZZGNDM_012ZZNRML_001_HissatsuPartsAbstract,0x36FCE2D7;0x41FBD241
30130101,CUnitTaskAutomata_003ZZGNDM_013QUB2BL_001_DodaiAttack,automata,CUnitTaskAutomataThrow,0x1413FA3B0,0x3530,79=FillParamBlock,alert_config;custom_attack_shape;custom_param_block,CCmdActionManager_Throw,
30130109,CUnitTaskAutomata_003ZZGNDM_013QUB2BL_001_FunnelFlyShot,automata,CUnitTaskAutomataFunnelMawarikomi,0x1413FB9C8,0x3540,79=FillParamBlock;81=CreateCmdActionManager,alert_config;custom_attack_shape;custom_param_block,CCmdActionManager_003ZZGNDM_013QUB2BL_001_FunnelFlyShot,
30130110,CUnitTaskAutomata_003ZZGNDM_013QUB2BL_001_FunnelFlyShotUnizon,automata,CUnitTaskAutomataFunnelMawarikomiMultipleShot,0x1413FBCF0,0x3550,79=FillParamBlock;81=CreateCmdActionManager,alert_config;custom_attack_shape;custom_param_block,CCmdActionManager_003ZZGNDM_013QUB2BL_001_FunnelFlyShotUnizon,
30130103,CUnitTaskAutomata_003ZZGNDM_013QUB2BL_001_FunnelShot,automata,CUnitTaskAutomataFunnelShotStayShift,0x1413FA6D8,0x3530,79=FillParamBlock;81=CreateCmdActionManager,alert_config;custom_attack_shape;custom_param_block,CCmdActionManager_003ZZGNDM_013QUB2BL_001_FunnelShot,
30130106,CUnitTaskAutomata_003ZZGNDM_013QUB2BL_001_FunnelShotDoubleMove,automata,CUnitTaskAutomataFunnelShiftPos,0x1413FAA00,0x3530,81=CreateCmdActionManager,alert_config;custom_attack_shape;custom_param_block,CCmdActionManager_003ZZGNDM_013QUB2BL_001_FunnelShotDoubleMove,
30130107,CUnitTaskAutomata_003ZZGNDM_013QUB2BL_001_FunnelShotDoubleStay,automata,CUnitTaskAutomataFunnelShiftPos,0x1413FAD28,0x3530,81=CreateCmdActionManager,alert_config;custom_attack_shape;custom_param_block,CCmdActionManager_003ZZGNDM_013QUB2BL_001_FunnelShotDoubleStay,
30130105,CUnitTaskAutomata_003ZZGNDM_013QUB2BL_001_FunnelShotUnizonHissatsu,automata,CUnitTaskAutomataFunnelShiftPos,0x1413FB050,0x3530,79=FillParamBlock;81=CreateCmdActionManager,alert_config;custom_attack_shape;custom_param_block,CCmdActionManager_003ZZGNDM_013QUB2BL_001_FunnelShotUnizonHissatsu,
30130104,CUnitTaskAutomata_003ZZGNDM_013QUB2BL_001_FunnelShotUnizonNormal,automata,CUnitTaskAutomataFunnelShiftPos,0x1413FB378,0x3530,81=CreateCmdActionManager,alert_config;custom_attack_shape;custom_param_block,CCmdActionManager_003ZZGNDM_013QUB2BL_001_FunnelShotUnizonNormal,
30130108,CUnitTaskAutomata_003ZZGNDM_013QUB2BL_001_WinloseFunnel,automata,CUnitTaskAutomataFunnelTukimatoi_ShotOrder,0x1413FB6A0,0x3540,79=FillParamBlock;81=CreateCmdActionManager;84=DescribeAttackShape,custom_attack_shape;custom_param_block,CCmdActionManager_003ZZGNDM_013QUB2BL_001_WinloseFunnel,0xDCEAF7AC
30150101,CUnitTaskAutomata_003ZZGNDM_015DVNWLF_001_BeamHandFlySworldSticker,automata,CUnitTaskAutomataFunnelFlySword,0x1413FC018,0x3540,73=OnStageContact;79=FillParamBlock;81=CreateCmdActionManager;84=DescribeAttackShape;88=SetupModelAnimation;91=FillParamSubBlock,stage_contact_override;alert_config;custom_attack_shape;custom_param_block,CCmdActionManager_003ZZGNDM_015DVNWLF_001_BeamHandFlySworldSticker,0x8DA251CA
30150104,CUnitTaskAutomata_003ZZGNDM_015DVNWLF_001_ExplosionSaber,automata,CUnitTaskAutomataSticker,0x1413FC348,0x3540,81=CreateCmdActionManager;89=OnInitHookA,custom_attack_shape;custom_param_block,CCmdActionManager_003ZZGNDM_015DVNWLF_001_ExplosionSaber,0xD8F283FB
30150105,CUnitTaskAutomata_003ZZGNDM_015DVNWLF_001_HissatsuSpaceWolfCorps,automata,CUnitTaskAutomataSummonRushShot,0x1413FC680,0x3550,79=FillParamBlock;81=CreateCmdActionManager;88=SetupModelAnimation,stage_contact_override;alert_config;custom_attack_shape;custom_param_block,CCmdActionManager_003ZZGNDM_015DVNWLF_001_HissatsuSpaceWolfCorps,0x36FCE2D7;0x41FBD241;0x46961658;0xA5364F08;0xA8987774;0xDF9F47E2
30150102,CUnitTaskAutomata_003ZZGNDM_015DVNWLF_001_IncomFly,automata,CUnitTaskAutomataFunnelMawarikomi,0x1413FCCE8,0x3550,18=CollisionResolve;79=FillParamBlock;81=CreateCmdActionManager;89=OnInitHookA;100;101,alert_config;custom_attack_shape;custom_param_block,CCmdActionManager_003ZZGNDM_015DVNWLF_001_IncomFly,0xD32D39ED;0xD8F283FB;0xEDD1C108
30150103,CUnitTaskAutomata_003ZZGNDM_015DVNWLF_001_IncomRelay,automata,CUnitTaskAutomataRelay,0x1413FD020,0x3530,79=FillParamBlock;81=CreateCmdActionManager;100,custom_attack_shape,CCmdActionManager_003ZZGNDM_015DVNWLF_001_IncomRelay,
30150106,CUnitTaskAutomata_003ZZGNDM_015DVNWLF_001_SwDvnWlfWire,automata,CUnitTaskAutomataThrow,0x1413FC9B0,0x3540,12=Update;79=FillParamBlock;81=CreateCmdActionManager;91=FillParamSubBlock;100;101,alert_config;custom_attack_shape;custom_param_block,CCmdActionManager_003ZZGNDM_015DVNWLF_001_SwDvnWlfWire;CCmdActionManager_Throw,0x14AB0070;0x63AC30E6;0x8DA251CA;0xABEDC73A;0xFAA5615C;0xFDC8A545
30150107,CUnitTaskAutomata_003ZZGNDM_015DVNWLF_001_WireExplosion,automata,CUnitTaskAutomataSticker,0x1413FD350,0x3540,81=CreateCmdActionManager;91=FillParamSubBlock,custom_attack_shape;custom_param_block,CCmdActionManager_003ZZGNDM_015DVNWLF_001_WireExplosion,
40010102,CUnitTaskAutomata_004GUNF91_001GUNF91_001_ThrowShield,automata,CUnitTaskAutomataThrow,0x1413FD688,0x3530,79=FillParamBlock;86=DescribeBarrier;89=OnInitHookA,barrier;alert_config;custom_attack_shape;custom_param_block,CCmdActionManager_Throw,0x36FCE2D7;0x41FBD241;0x4C55EA3D;0xD8F283FB
40020105,CUnitTaskAutomata_004GUNF91_002BRGGRS_001_Bagu,automata,CUnitTaskAutomataSummonRush,0x1413FE988,0x3540,71=OnHitCountExhausted;72=PostUpdateEffects;79=FillParamBlock;81=CreateCmdActionManager;83=SetupModel;84=DescribeAttackShape,hit_count_exhausted_override;stage_contact_override;custom_model_setup;alert_config;custom_attack_shape;custom_param_block,CCmdActionManager_004GUNF91_002BRGGRS_001_Bagu,0x3C3F1EB2;0x4B382E24;0x89BE0F56;0xA25B8B11;0xD55CBB87;0xD8F283FB
40020103,CUnitTaskAutomata_004GUNF91_002BRGGRS_001_DenanzonHissatsu,automata,CUnitTaskAutomataSummonRush,0x1413FE328,0x3550,76=ArchetypeEventHook;79=FillParamBlock;81=CreateCmdActionManager;83=SetupModel;84=DescribeAttackShape,stage_contact_override;custom_model_setup;alert_config;custom_attack_shape;custom_param_block,CCmdActionManager_004GUNF91_002BRGGRS_001_DenanzonHissatsu,0x319126CE;0xA12E3B5F;0xA8987774
40020106,CUnitTaskAutomata_004GUNF91_002BRGGRS_001_DenanzonMachinegun,automata,CUnitTaskAutomataSummonRushShot,0x1413FECB8,0x3550,79=FillParamBlock;81=CreateCmdActionManager,stage_contact_override;custom_model_setup;alert_config;custom_attack_shape;custom_param_block,CCmdActionManager_004GUNF91_002BRGGRS_001_DenanzonMachinegun,
40020104,CUnitTaskAutomata_004GUNF91_002BRGGRS_001_DenanzonShot,automata,CUnitTaskAutomataSummonRushShot,0x1413FE658,0x3550,79=FillParamBlock;81=CreateCmdActionManager,stage_contact_override;custom_model_setup;alert_config;custom_attack_shape;custom_param_block,CCmdActionManager_004GUNF91_002BRGGRS_001_DenanzonShot,
40020102,CUnitTaskAutomata_004GUNF91_002BRGGRS_001_Shelfnozzle,automata,CUnitTaskAutomataThrowMortar,0x1413FDCD8,0x3530,79=FillParamBlock;81=CreateCmdActionManager,alert_config;custom_attack_shape;custom_param_block;init_data_modifier,CCmdActionManager_Throw;CCmdActionManager_ThrowMortar,
40020107,CUnitTaskAutomata_004GUNF91_002BRGGRS_001_ShelfnozzleStraight,automata,CUnitTaskAutomataThrow,0x1413FE000,0x3530,79=FillParamBlock;81=CreateCmdActionManager,alert_config;custom_attack_shape;custom_param_block,CCmdActionManager_Throw,
40020101,CUnitTaskAutomata_004GUNF91_002BRGGRS_001_Shotlancer,automata,CUnitTaskAutomataThrowStopRotateOnStick,0x1413FD9B0,0x3530,79=FillParamBlock;81=CreateCmdActionManager,alert_config;custom_attack_shape;custom_param_block,CCmdActionManager_004GUNF91_002BRGGRS_001_Shotlancer,
50010101,CUnitTaskAutomata_005VGUNDM_001V2GNDM_001_MgShield,automata,CUnitTaskAutomataRadiconParentActor,0x1413FEFE8,0x3530,79=FillParamBlock;81=CreateCmdActionManager;86=DescribeBarrier;88=SetupModelAnimation;89=OnInitHookA,barrier;alert_config;custom_attack_shape,CCmdActionManager_005VGUNDM_001V2GNDM_001_MgShield,0xA5364F08;0xD8F283FB
50010102,CUnitTaskAutomata_005VGUNDM_001V2GNDM_001_ThrowKirai,automata,CUnitTaskAutomataThrow,0x1413FF310,0x3530,79=FillParamBlock;86=DescribeBarrier;87=ConfigureAlert,barrier;alert_config;custom_attack_shape;custom_param_block,CCmdActionManager_Throw,0x4C55EA3D
50020102,CUnitTaskAutomata_005VGUNDM_002GUNEZ0_001_AssistGunezMatedefence,automata,CUnitTaskAutomataSummonDefenceFormationFriend,0x1413FF9A0,0x3580,0=Destructor;2=OnInit;69=PreCreateManagerHook;79=FillParamBlock;81=CreateCmdActionManager;82=CreateInitDataModifier;107,barrier;stage_contact_override;custom_model_setup;alert_config;custom_attack_shape;custom_param_block;init_data_modifier,CCmdActionManager_005VGUNDM_002GUNEZ0_001_AssistGunezMatedefence;CCmdActionManager_005VGUNDM_002GUNEZ0_001_AssistGunezSelfdefence,0xDCEAF7AC
50020103,CUnitTaskAutomata_005VGUNDM_002GUNEZ0_001_AssistGunezRush,automata,CUnitTaskAutomataSummonRush,0x141641970,0x3550,0=Destructor;12=Update;69=PreCreateManagerHook;71=OnHitCountExhausted;79=FillParamBlock;81=CreateCmdActionManager,hit_count_exhausted_override;stage_contact_override;custom_model_setup;alert_config;custom_attack_shape;custom_param_block,CCmdActionManager_005VGUNDM_002GUNEZ0_001_AssistGunezRush,0x06E90346
50020101,CUnitTaskAutomata_005VGUNDM_002GUNEZ0_001_AssistGunezSelfdefence,automata,CUnitTaskAutomataSummonDefenceFormation,0x1413FF638,0x3570,71=OnHitCountExhausted;79=FillParamBlock;81=CreateCmdActionManager,barrier;hit_count_exhausted_override;stage_contact_override;custom_model_setup;alert_config;custom_attack_shape;custom_param_block;init_data_modifier,CCmdActionManager_005VGUNDM_002GUNEZ0_001_AssistGunezSelfdefence,
,CUnitTaskAutomata_005VGUNDM_002GUNEZ0_001_AssistGunezShot,automata,CUnitTaskAutomataSummonRushShot,0x141641DC0,,0=Destructor;84=DescribeAttackShape,stage_contact_override;alert_config;custom_attack_shape;custom_param_block,CCmdActionManager_SummonRushShot,
50020105,CUnitTaskAutomata_005VGUNDM_002GUNEZ0_001_AssistGunezShotMissile,automata,CUnitTaskAutomata_005VGUNDM_002GUNEZ0_001_AssistGunezShot,0x141400038,0x3550,0=Destructor;79=FillParamBlock;81=CreateCmdActionManager,stage_contact_override;alert_config;custom_attack_shape;custom_param_block,CCmdActionManager_005VGUNDM_002GUNEZ0_001_AssistGunezShotMissile,
50020104,CUnitTaskAutomata_005VGUNDM_002GUNEZ0_001_AssistGunezShotRifle,automata,CUnitTaskAutomata_005VGUNDM_002GUNEZ0_001_AssistGunezShot,0x1413FFD08,0x3560,0=Destructor;79=FillParamBlock;81=CreateCmdActionManager;83=SetupModel,stage_contact_override;custom_model_setup;alert_config;custom_attack_shape;custom_param_block,CCmdActionManager_005VGUNDM_002GUNEZ0_001_AssistGunezShotRifle,
50020108,CUnitTaskAutomata_005VGUNDM_002GUNEZ0_001_AssistHexaShot,automata,CUnitTaskAutomataSummonTukimatoiAndActionSimple,0x1414009C8,0x3540,79=FillParamBlock;81=CreateCmdActionManager,stage_contact_override;alert_config;custom_attack_shape;custom_param_block,CCmdActionManager_005VGUNDM_002GUNEZ0_001_AssistHexaShot,
50020107,CUnitTaskAutomata_005VGUNDM_002GUNEZ0_001_AssistSpGrap,automata,CUnitTaskAutomataSummonRush,0x141400698,0x3540,79=FillParamBlock;81=CreateCmdActionManager,stage_contact_override;custom_model_setup;alert_config;custom_attack_shape;custom_param_block,CCmdActionManager_005VGUNDM_002GUNEZ0_001_AssistSpGrap,
50020106,CUnitTaskAutomata_005VGUNDM_002GUNEZ0_001_AssistSpShot,automata,CUnitTaskAutomataSummonRushShot,0x141400368,0x3550,79=FillParamBlock;81=CreateCmdActionManager;83=SetupModel,stage_contact_override;custom_model_setup;alert_config;custom_attack_shape;custom_param_block,CCmdActionManager_005VGUNDM_002GUNEZ0_001_AssistSpShot,
50030102,CUnitTaskAutomata_005VGUNDM_003GOTRTN_001_ConnectLazer,automata,CUnitTaskAutomataStickerConnectLazer,0x141401020,0x3580,79=FillParamBlock,custom_attack_shape;custom_param_block,CCmdActionManager_StickerConnectLazer,
50030101,CUnitTaskAutomata_005VGUNDM_003GOTRTN_001_V2Shield,automata,CUnitTaskAutomataFunnelShiftPos,0x141400CF8,0x3530,2=OnInit;79=FillParamBlock;81=CreateCmdActionManager;88=SetupModelAnimation,alert_config;custom_attack_shape;custom_param_block,CCmdActionManager_005VGUNDM_003GOTRTN_001_V2Shield,
50040104,CUnitTaskAutomata_005VGUNDM_004VGUNDM_001_PororiOverHangPack,automata,CUnitTaskAutomataFreeFall,0x141402990,0x3530,90=SetupModelSubObject,custom_attack_shape;custom_param_block,CCmdActionManager_FreeFall,0x46961658
50040101,CUnitTaskAutomata_005VGUNDM_004VGUNDM_001_ShootParts,automata,CUnitTaskAutomataThrow,0x141402338,0x3530,2=OnInit;79=FillParamBlock;81=CreateCmdActionManager;86=DescribeBarrier;88=SetupModelAnimation;89=OnInitHookA,barrier;alert_config;custom_attack_shape;custom_param_block,CCmdActionManager_Throw,0x13C6C469;0x14AB0070;0x36FCE2D7;0x41FBD241;0x46961658;0x4C55EA3D;0x63AC30E6;0x64C1F4FF;0x8ACF95D3;0x8DA251CA;0xA8987774;0xABEDC73A;0xD8F283FB;0xDCEAF7AC;0xDF9F47E2;0xFAA5615C;0xFDC8A545
50040102,CUnitTaskAutomata_005VGUNDM_004VGUNDM_001_SubstituteGunEz,automata,CUnitTaskAutomataSummonDefenceFormation,0x141402CB8,0x3570,79=FillParamBlock;81=CreateCmdActionManager;104,barrier;stage_contact_override;alert_config;custom_attack_shape;custom_param_block;init_data_modifier,CCmdActionManager_Summon;CCmdActionManager_SummonDefenceFormation,
50040105,CUnitTaskAutomata_005VGUNDM_004VGUNDM_001_ThrowSaberRolling,automata,CUnitTaskAutomata_000COMMON_000COMMON_001_ThrowSaberRolling,0x141403020,0x3530,79=FillParamBlock,alert_config;custom_attack_shape;custom_param_block,CCmdActionManager_000COMMON_000COMMON_001_ThrowSaberRolling,
50040103,CUnitTaskAutomata_005VGUNDM_004VGUNDM_001_TukimatoiParts,automata,CUnitTaskAutomataSummonTukimatoiAndActionSimple,0x141402660,0x3540,79=FillParamBlock;81=CreateCmdActionManager,stage_contact_override;alert_config;custom_attack_shape;custom_param_block,CCmdActionManager_005VGUNDM_004VGUNDM_001_TukimatoiParts,0x14AB0070
50120104,CUnitTaskAutomata_005VGUNDM_012RIGCNT_001_ShotClawFlyRush,automata,CUnitTaskAutomataFunnelFlySword,0x141401688,0x3550,79=FillParamBlock;81=CreateCmdActionManager;89=OnInitHookA,alert_config;custom_attack_shape;custom_param_block,CCmdActionManager_005VGUNDM_012RIGCNT_001_ShotClawFlyRush,0x36FCE2D7;0x41FBD241;0xD8F283FB
50120101,CUnitTaskAutomata_005VGUNDM_012RIGCNT_001_ShotClawTsukimatoiSelf,automata,CUnitTaskAutomataFunnelTukimatoi_ShotOrder,0x141401360,0x3540,79=FillParamBlock;81=CreateCmdActionManager,custom_attack_shape;custom_param_block;spawn_orders_override,CCmdActionManager_005VGUNDM_012RIGCNT_001_ShotClawTsukimatoiSelf,0xD32D39ED;0xEDD1C108
50120102,CUnitTaskAutomata_005VGUNDM_012RIGCNT_001_SpShotClawRush,automata,CUnitTaskAutomataFunnelFlySwordPenetrate,0x1414019B8,0x3540,76=ArchetypeEventHook;79=FillParamBlock;81=CreateCmdActionManager;84=DescribeAttackShape,hit_count_exhausted_override;alert_config;custom_attack_shape;custom_param_block;spawn_orders_override,CCmdActionManager_005VGUNDM_012RIGCNT_001_SpShotClawRush,0x3B52DAAB;0x4C55EA3D;0xD32D39ED;0xEDD1C108
50120103,CUnitTaskAutomata_005VGUNDM_012RIGCNT_001_SpShotClawShot,automata,CUnitTaskAutomataFunnelMawarikomi,0x141401CE0,0x3540,79=FillParamBlock;81=CreateCmdActionManager,alert_config;custom_attack_shape;custom_param_block,CCmdActionManager_005VGUNDM_012RIGCNT_001_SpShotClawShot,0x36FCE2D7;0x41FBD241
50130101,CUnitTaskAutomata_005VGUNDM_013GEDLAV_001_AnchorThrowTaiya,automata,CUnitTaskAutomataAnchorThrow,0x141643168,0x3540,0=Destructor;73=OnStageContact;79=FillParamBlock;81=CreateCmdActionManager,stage_contact_override;alert_config;custom_attack_shape;custom_param_block,CCmdActionManager_005VGUNDM_013GEDLAV_001_AnchorThrowTaiya,
50130103,CUnitTaskAutomata_005VGUNDM_013GEDLAV_001_TaiyaPorori,automata,CUnitTaskAutomata_000COMMON_000COMMON_001_FreeFall,0x141402010,0x3530,88=SetupModelAnimation,custom_attack_shape;custom_param_block,CCmdActionManager_FreeFall,
50130102,CUnitTaskAutomata_005VGUNDM_013GEDLAV_001_TaiyaThrow,automata,CUnitTaskAutomataThrow,0x141642D10,0x3530,0=Destructor;79=FillParamBlock;81=CreateCmdActionManager;91=FillParamSubBlock,alert_config;custom_attack_shape;custom_param_block,CCmdActionManager_005VGUNDM_013GEDLAV_001_TaiyaThrow;CCmdActionManager_Throw,
70010106,CUnitTaskAutomata_007GUNDMX_001GNDMDX_001_AssistGFalconRushShot,automata,CUnitTaskAutomataFunnel,0x141404320,0x3530,79=FillParamBlock;81=CreateCmdActionManager;83=SetupModel;88=SetupModelAnimation,custom_model_setup;alert_config;custom_attack_shape;custom_param_block,CCmdActionManager_007GUNDMX_001GNDMDX_001_AssistGFalconRushShot,
70010105,CUnitTaskAutomata_007GUNDMX_001GNDMDX_001_AssistGbit,automata,CUnitTaskAutomataSummonTukimatoiAndActionSimple,0x141403FF0,0x3540,79=FillParamBlock;81=CreateCmdActionManager;88=SetupModelAnimation,stage_contact_override;alert_config;custom_attack_shape;custom_param_block,CCmdActionManager_007GUNDMX_001GNDMDX_001_AssistGbit,0x41FBD241
70010104,CUnitTaskAutomata_007GUNDMX_001GNDMDX_001_AssistGbitSatellite,automata,CUnitTaskAutomataSummonRushShot,0x141403CC0,0x3550,79=FillParamBlock;81=CreateCmdActionManager;88=SetupModelAnimation,stage_contact_override;alert_config;custom_attack_shape;custom_param_block,CCmdActionManager_007GUNDMX_001GNDMDX_001_AssistGbitSatellite,
70010101,CUnitTaskAutomata_007GUNDMX_001GNDMDX_001_BeamJavelin,automata,CUnitTaskAutomataThrowMortar,0x141403348,0x3530,79=FillParamBlock;81=CreateCmdActionManager;89=OnInitHookA;91=FillParamSubBlock,alert_config;custom_attack_shape;custom_param_block;init_data_modifier,CCmdActionManager_007GUNDMX_001GNDMDX_001_BeamJavelin,
70010102,CUnitTaskAutomata_007GUNDMX_001GNDMDX_001_GFalconAParts,automata,CUnitTaskAutomata_000COMMON_000COMMON_001_PurgeFly,0x141403670,0x3530,79=FillParamBlock;81=CreateCmdActionManager,custom_attack_shape;custom_param_block,CCmdActionManager_007GUNDMX_001GNDMDX_001_GFalconAParts,
70010103,CUnitTaskAutomata_007GUNDMX_001GNDMDX_001_GFalconBParts,automata,CUnitTaskAutomata_000COMMON_000COMMON_001_PurgeFly,0x141403998,0x3530,79=FillParamBlock,custom_attack_shape;custom_param_block,CCmdActionManager_FreeFly,
70020101,CUnitTaskAutomata_007GUNDMX_002GNVSCB_001_AutomataAshtaron,automata,CUnitTaskAutomataSummonRushShot,0x141404648,0x3550,71=OnHitCountExhausted;79=FillParamBlock;81=CreateCmdActionManager;84=DescribeAttackShape;88=SetupModelAnimation;91=FillParamSubBlock,hit_count_exhausted_override;stage_contact_override;alert_config;custom_attack_shape;custom_param_block,CCmdActionManager_007GUNDMX_002GNVSCB_001_AutomataAshtaron,0xA25B8B11
70030105,CUnitTaskAutomata_007GUNDMX_003GUNXDV_001_AssistGbitSatelliteNeet,automata,CUnitTaskAutomataSummonRushShot,0x141404978,0x3560,12=Update;78=CreateParamBlock;79=FillParamBlock;81=CreateCmdActionManager;88=SetupModelAnimation,stage_contact_override;alert_config;custom_attack_shape;custom_param_block,CCmdActionManager_007GUNDMX_003GUNXDV_001_AssistGbitSatelliteNeet,
70030103,CUnitTaskAutomata_007GUNDMX_003GUNXDV_001_AssistGbitSatelliteNeetEx,automata,CUnitTaskAutomataSummonRushShot,0x141404CA8,0x3550,78=CreateParamBlock;79=FillParamBlock;88=SetupModelAnimation,stage_contact_override;alert_config;custom_attack_shape;custom_param_block,CCmdActionManager_SummonRushShot,
70030104,CUnitTaskAutomata_007GUNDMX_003GUNXDV_001_AssistGbitWinlose,automata,CUnitTaskAutomataPutObj,0x141404FD8,0x3530,0=Destructor;78=CreateParamBlock;79=FillParamBlock;88=SetupModelAnimation;90=SetupModelSubObject,custom_attack_shape;custom_param_block,CCmdActionManager_PutObj,
70040107,CUnitTaskAutomata_007GUNDMX_004GUNDMX_001_AssistAirMasterRush,automata,CUnitTaskAutomataSummonRushShot,0x141406530,0x3550,81=CreateCmdActionManager,stage_contact_override;alert_config;custom_attack_shape;custom_param_block,CCmdActionManager_007GUNDMX_004GUNDMX_001_AssistAirMasterRush,
70040109,CUnitTaskAutomata_007GUNDMX_004GUNDMX_001_AssistAirMasterShot,automata,CUnitTaskAutomataSummonRushShot,0x141406EC8,0x3550,81=CreateCmdActionManager;89=OnInitHookA,stage_contact_override;alert_config;custom_attack_shape;custom_param_block,CCmdActionManager_007GUNDMX_004GUNDMX_001_AssistAirMasterShot,0xA8987774;0xABEDC73A
70040101,CUnitTaskAutomata_007GUNDMX_004GUNDMX_001_AssistGbitSatelliteGaro,automata,CUnitTaskAutomata_007GUNDMX_003GUNXDV_001_AssistGbitSatelliteNeet,0x141405300,0x3560,79=FillParamBlock,stage_contact_override;alert_config;custom_attack_shape;custom_param_block,CCmdActionManager_007GUNDMX_003GUNXDV_001_AssistGbitSatelliteNeet,
70040102,CUnitTaskAutomata_007GUNDMX_004GUNDMX_001_AssistGbitSatelliteGaroEx,automata,CUnitTaskAutomata_007GUNDMX_003GUNXDV_001_AssistGbitSatelliteNeetEx,0x141405630,0x3550,79=FillParamBlock,stage_contact_override;alert_config;custom_attack_shape;custom_param_block,CCmdActionManager_SummonRushShot,
70040103,CUnitTaskAutomata_007GUNDMX_004GUNDMX_001_AssistGbitWinlose,automata,CUnitTaskAutomata_007GUNDMX_003GUNXDV_001_AssistGbitWinlose,0x141405960,0x3530,79=FillParamBlock,custom_attack_shape;custom_param_block,CCmdActionManager_PutObj,
70040105,CUnitTaskAutomata_007GUNDMX_004GUNDMX_001_AssistLeopardRush,automata,CUnitTaskAutomataSummonRushGround,0x141406200,0x3540,21=PreInit;81=CreateCmdActionManager;88=SetupModelAnimation,stage_contact_override;alert_config;custom_attack_shape;custom_param_block,CCmdActionManager_007GUNDMX_004GUNDMX_001_AssistLeopardRush,
70040110,CUnitTaskAutomata_007GUNDMX_004GUNDMX_001_AssistLeopardRushCombo,automata,CUnitTaskAutomataSummonGrap,0x141406860,0x3550,81=CreateCmdActionManager;84=DescribeAttackShape,stage_contact_override;alert_config;custom_attack_shape;custom_param_block,CCmdActionManager_007GUNDMX_004GUNDMX_001_AssistLeopardRushCombo,0x14AB0070;0x3B52DAAB;0x3C3F1EB2;0x4B382E24;0x4C55EA3D;0x63AC30E6;0x89BE0F56;0x8DA251CA;0xA25B8B11;0xABEDC73A;0xD55CBB87;0xDCEAF7AC;0xFAA5615C
70040108,CUnitTaskAutomata_007GUNDMX_004GUNDMX_001_AssistLeopardShot,automata,CUnitTaskAutomataSummonRushShot,0x141406B98,0x3550,81=CreateCmdActionManager;88=SetupModelAnimation,stage_contact_override;alert_config;custom_attack_shape;custom_param_block,CCmdActionManager_007GUNDMX_004GUNDMX_001_AssistLeopardShot,
70040104,CUnitTaskAutomata_007GUNDMX_004GUNDMX_001_Microwave,automata,CUnitTaskAutomataSummonRushShot,0x141405C88,0x3560,12=Update;79=FillParamBlock;81=CreateCmdActionManager,stage_contact_override;alert_config;custom_attack_shape;custom_param_block,CCmdActionManager_007GUNDMX_004GUNDMX_001_Microwave,
70040106,CUnitTaskAutomata_007GUNDMX_004GUNDMX_001_Microwave_Laser,automata,CUnitTaskActorProjBulletLaser,0x141405FB8,0x34B0,50,,,
70040207,CUnitTaskAutomata_007GUNDMX_004GUNDMX_002_AssistAirMasterRush,automata,CUnitTaskAutomataSummonRushShot,0x141407EB0,0x3550,81=CreateCmdActionManager,stage_contact_override;alert_config;custom_attack_shape;custom_param_block,CCmdActionManager_007GUNDMX_004GUNDMX_002_AssistAirMasterRush,
70040209,CUnitTaskAutomata_007GUNDMX_004GUNDMX_002_AssistAirMasterShot,automata,CUnitTaskAutomataSummonRushShot,0x141408848,0x3550,81=CreateCmdActionManager;89=OnInitHookA,stage_contact_override;alert_config;custom_attack_shape;custom_param_block,CCmdActionManager_007GUNDMX_004GUNDMX_002_AssistAirMasterShot,0xA8987774;0xABEDC73A
70040201,CUnitTaskAutomata_007GUNDMX_004GUNDMX_002_AssistGbitSatelliteGaro,automata,CUnitTaskAutomata_007GUNDMX_003GUNXDV_001_AssistGbitSatelliteNeet,0x1414071F8,0x3560,79=FillParamBlock,stage_contact_override;alert_config;custom_attack_shape;custom_param_block,CCmdActionManager_007GUNDMX_003GUNXDV_001_AssistGbitSatelliteNeet,
70040202,CUnitTaskAutomata_007GUNDMX_004GUNDMX_002_AssistGbitSatelliteGaroEx,automata,CUnitTaskAutomata_007GUNDMX_003GUNXDV_001_AssistGbitSatelliteNeetEx,0x141407528,0x3550,79=FillParamBlock,stage_contact_override;alert_config;custom_attack_shape;custom_param_block,CCmdActionManager_SummonRushShot,
70040203,CUnitTaskAutomata_007GUNDMX_004GUNDMX_002_AssistGbitWinlose,automata,CUnitTaskAutomata_007GUNDMX_003GUNXDV_001_AssistGbitWinlose,0x141407858,0x3530,79=FillParamBlock,custom_attack_shape;custom_param_block,CCmdActionManager_PutObj,
70040205,CUnitTaskAutomata_007GUNDMX_004GUNDMX_002_AssistLeopardRush,automata,CUnitTaskAutomataSummonRushGround,0x141407B80,0x3540,21=PreInit;81=CreateCmdActionManager;88=SetupModelAnimation,stage_contact_override;alert_config;custom_attack_shape;custom_param_block,CCmdActionManager_007GUNDMX_004GUNDMX_002_AssistLeopardRush,
70040210,CUnitTaskAutomata_007GUNDMX_004GUNDMX_002_AssistLeopardRushCombo,automata,CUnitTaskAutomataSummonGrap,0x1414081E0,0x3550,81=CreateCmdActionManager;84=DescribeAttackShape,stage_contact_override;alert_config;custom_attack_shape;custom_param_block,CCmdActionManager_007GUNDMX_004GUNDMX_002_AssistLeopardRushCombo,0x14AB0070;0x3B52DAAB;0x3C3F1EB2;0x4B382E24;0x4C55EA3D;0x63AC30E6;0x89BE0F56;0x8DA251CA;0xA25B8B11;0xABEDC73A;0xD55CBB87;0xDCEAF7AC;0xFAA5615C
70040208,CUnitTaskAutomata_007GUNDMX_004GUNDMX_002_AssistLeopardShot,automata,CUnitTaskAutomataSummonRushShot,0x141408518,0x3550,81=CreateCmdActionManager;88=SetupModelAnimation,stage_contact_override;alert_config;custom_attack_shape;custom_param_block,CCmdActionManager_007GUNDMX_004GUNDMX_002_AssistLeopardShot,
70060104,CUnitTaskAutomata_007GUNDMX_006BERTIG_001_AssistJuraguGround,automata,CUnitTaskAutomataSummonRushGround,0x1414091C8,0x3540,2=OnInit;21=PreInit;79=FillParamBlock;81=CreateCmdActionManager;84=DescribeAttackShape;100,stage_contact_override;alert_config;custom_attack_shape;custom_param_block,CCmdActionManager_007GUNDMX_006BERTIG_001_AssistJuraguGround,0x05D5D30D;0x13C6C469;0x14AB0070;0x4B382E24;0x63AC30E6;0x64C1F4FF;0x8ACF95D3;0x8DA251CA;0xAB606D9E;0xF47EE96E;0xFDC8A545
70060102,CUnitTaskAutomata_007GUNDMX_006BERTIG_001_FunnelFly,automata,CUnitTaskAutomataFunnelMawarikomi,0x141408B78,0x3540,79=FillParamBlock;81=CreateCmdActionManager,alert_config;custom_attack_shape;custom_param_block,CCmdActionManager_007GUNDMX_006BERTIG_001_FunnelFly,
70060106,CUnitTaskAutomata_007GUNDMX_006BERTIG_001_FunnelFlyShot,automata,CUnitTaskAutomataFunnelMawarikomi,0x141409B50,0x3540,79=FillParamBlock;81=CreateCmdActionManager,alert_config;custom_attack_shape;custom_param_block,CCmdActionManager_007GUNDMX_006BERTIG_001_FunnelFlyShot,0xDCEAF7AC
70060105,CUnitTaskAutomata_007GUNDMX_006BERTIG_001_FunnelNet,automata,CUnitTaskAutomataFunnelShotStayShift,0x141409820,0x3530,79=FillParamBlock;81=CreateCmdActionManager,alert_config;custom_attack_shape;custom_param_block,CCmdActionManager_007GUNDMX_006BERTIG_001_FunnelNet,
70060101,CUnitTaskAutomata_007GUNDMX_006BERTIG_001_FunnelShot,automata,CUnitTaskAutomataFunnelTukimatoi_ShotOrder,0x141408EA0,0x3540,12=Update;79=FillParamBlock;81=CreateCmdActionManager,custom_attack_shape;custom_param_block,CCmdActionManager_007GUNDMX_006BERTIG_001_FunnelShot,
70060103,CUnitTaskAutomata_007GUNDMX_006BERTIG_001_WinJuragu,automata,CUnitTaskAutomataPutObj,0x1414094F8,0x3530,79=FillParamBlock;81=CreateCmdActionManager;90=SetupModelSubObject,custom_attack_shape;custom_param_block,CCmdActionManager_007GUNDMX_006BERTIG_001_WinJuragu,0x41FBD241
80010105,CUnitTaskAutomata_008GNDAM08_001GNDEZ8_001_HissatuThrowSaberRolling,automata,CUnitTaskAutomata_000COMMON_000COMMON_001_ThrowSaberRolling,0x14140AB30,0x3530,79=FillParamBlock,alert_config;custom_attack_shape;custom_param_block,CCmdActionManager_000COMMON_000COMMON_001_ThrowSaberRolling,
80010101,CUnitTaskAutomata_008GNDM08_001GNDEZ8_001_AssistGmhead,automata,CUnitTaskAutomataSummonRushShot,0x141409E78,0x3550,81=CreateCmdActionManager,stage_contact_override;alert_config;custom_attack_shape;custom_param_block,CCmdActionManager_008GNDM08_001GNDEZ8_001_AssistGmhead,
80010102,CUnitTaskAutomata_008GNDM08_001GNDEZ8_001_AssistGngrnd,automata,CUnitTaskAutomataSummonRushShot,0x14140A1A8,0x3550,81=CreateCmdActionManager,stage_contact_override;alert_config;custom_attack_shape;custom_param_block,CCmdActionManager_008GNDM08_001GNDEZ8_001_AssistGngrnd,
80010103,CUnitTaskAutomata_008GNDM08_001GNDEZ8_001_AssistHoverTrack,automata,CUnitTaskAutomataSummonRushGround,0x14140A4D8,0x3550,69=PreCreateManagerHook;78=CreateParamBlock;79=FillParamBlock;81=CreateCmdActionManager,stage_contact_override;alert_config;custom_attack_shape;custom_param_block,CCmdActionManager_008GNDM08_001GNDEZ8_001_AssistHoverTrack,
80010104,CUnitTaskAutomata_008GNDM08_001GNDEZ8_001_Webnet,automata,CUnitTaskAutomataThrow,0x14140A808,0x3530,79=FillParamBlock;81=CreateCmdActionManager,alert_config;custom_attack_shape;custom_param_block,CCmdActionManager_008GNDM08_001GNDEZ8_001_Webnet;CCmdActionManager_Throw,
80020106,CUnitTaskAutomata_008GNDM08_002GOUFCS_001_CrackerThrow,automata,CUnitTaskAutomataThrowMortar,0x14140BE38,0x3530,79=FillParamBlock,alert_config;custom_attack_shape;custom_param_block;init_data_modifier,CCmdActionManager_Throw;CCmdActionManager_ThrowMortar,
80020101,CUnitTaskAutomata_008GNDM08_002GOUFCS_001_Heatrod,automata,CUnitTaskAutomataAnchor,0x14140AE58,0x3540,79=FillParamBlock;81=CreateCmdActionManager;88=SetupModelAnimation,stage_contact_override;custom_attack_shape;custom_param_block,CCmdActionManager_008GNDM08_002GOUFCS_001_Heatrod,
80020104,CUnitTaskAutomata_008GNDM08_002GOUFCS_001_JetcoreBooster,automata,CUnitTaskAutomataSummon,0x14140B4A8,0x3560,12=Update;74=OnHitConsumed;79=FillParamBlock;81=CreateCmdActionManager,hit_consumed_hook;stage_contact_override;alert_config;custom_attack_shape;custom_param_block,CCmdActionManager_008GNDM08_002GOUFCS_001_JetcoreBooster;CCmdActionManager_Summon,
80020103,CUnitTaskAutomata_008GNDM08_002GOUFCS_001_PororiRoad,automata,CUnitTaskAutomataFreeFall_Interaction,0x14140BB10,0x3530,79=FillParamBlock;86=DescribeBarrier,barrier;hit_count_exhausted_override;stage_contact_override;alert_config;custom_attack_shape;custom_param_block,CCmdActionManager_FreeFall_Interaction,0x05D5D30D
80020105,CUnitTaskAutomata_008GNDM08_002GOUFCS_001_ThrowJetcore,automata,CUnitTaskAutomataThrow,0x14140B7E8,0x3530,,alert_config;custom_attack_shape;custom_param_block,CCmdActionManager_Throw,
80020102,CUnitTaskAutomata_008GNDM08_002GOUFCS_001_ThrowRoad,automata,CUnitTaskAutomataThrowMortar,0x14140B180,0x3530,76=ArchetypeEventHook;79=FillParamBlock;84=DescribeAttackShape;86=DescribeBarrier,barrier;hit_count_exhausted_override;stage_contact_override;alert_config;custom_attack_shape;custom_param_block;init_data_modifier,CCmdActionManager_Throw;CCmdActionManager_ThrowMortar,0x05D5D30D
100010101,CUnitTaskAutomata_010TURNAG_001TRUNAG_001_NuclearMissile,automata,CUnitTaskAutomataThrowMortar,0x14140C488,0x3530,,alert_config;custom_attack_shape;custom_param_block;init_data_modifier,CCmdActionManager_Throw;CCmdActionManager_ThrowMortar,
100010103,CUnitTaskAutomata_010TURNAG_001TURNAG_001_HammerShot,automata,CUnitTaskAutomataRadiconParentActor,0x14140C7B0,0x3530,79=FillParamBlock;81=CreateCmdActionManager;100,custom_attack_shape,CCmdActionManager_010TURNAG_001TURNAG_001_HammerShot,
100010102,CUnitTaskAutomata_010TURNAG_001TURNAG_001_ResidingHammer,automata,CUnitTaskAutomataResident,0x14140C160,0x3540,2=OnInit;12=Update;32;79=FillParamBlock;81=CreateCmdActionManager,custom_attack_shape,CCmdActionManager_010TURNAG_001TURNAG_001_ResidingHammer,
100020102,CUnitTaskAutomata_010TURNAG_002TURNX0_001_FunnelBloodySiegeArm,automata,CUnitTaskAutomata_010TURNAG_002TURNX0_001_FunnelBase,0x14140CE08,0x3540,79=FillParamBlock;81=CreateCmdActionManager;91=FillParamSubBlock,custom_attack_shape;custom_param_block,CCmdActionManager_010TURNAG_002TURNX0_001_FunnelBloodySiegeArm,0xD8F283FB
100020101,CUnitTaskAutomata_010TURNAG_002TURNX0_001_FunnelBloodySiegeMune,automata,CUnitTaskAutomata_010TURNAG_002TURNX0_001_FunnelBase,0x14140CAE0,0x3540,73=OnStageContact;79=FillParamBlock;81=CreateCmdActionManager;84=DescribeAttackShape;88=SetupModelAnimation;91=FillParamSubBlock,stage_contact_override;custom_attack_shape;custom_param_block,CCmdActionManager_010TURNAG_002TURNX0_001_FunnelBloodySiegeMune,
100020103,CUnitTaskAutomata_010TURNAG_002TURNX0_001_FunnelFly,automata,CUnitTaskAutomata_010TURNAG_002TURNX0_001_FunnelBase,0x14140D130,0x3540,81=CreateCmdActionManager,alert_config;custom_attack_shape;custom_param_block,CCmdActionManager_010TURNAG_002TURNX0_001_FunnelFly,
100020104,CUnitTaskAutomata_010TURNAG_002TURNX0_001_FunnelPunch,automata,CUnitTaskAutomata_010TURNAG_002TURNX0_001_FunnelBase,0x14140D458,0x3540,73=OnStageContact;76=ArchetypeEventHook;81=CreateCmdActionManager;89=OnInitHookA,stage_contact_override;alert_config;custom_attack_shape;custom_param_block,CCmdActionManager_010TURNAG_002TURNX0_001_FunnelPunch,0xD8F283FB
100020105,CUnitTaskAutomata_010TURNAG_002TURNX0_001_FunnelShot,automata,CUnitTaskAutomata_010TURNAG_002TURNX0_001_FunnelShotBase,0x14140D780,0x3540,78=CreateParamBlock;79=FillParamBlock;81=CreateCmdActionManager,custom_attack_shape;custom_param_block,CCmdActionManager_010TURNAG_002TURNX0_001_FunnelShot,
100020107,CUnitTaskAutomata_010TURNAG_002TURNX0_001_FunnelShotMahiroo,automata,CUnitTaskAutomata_010TURNAG_002TURNX0_001_FunnelBase,0x14140DDD0,0x3540,79=FillParamBlock;81=CreateCmdActionManager,alert_config;custom_attack_shape;custom_param_block,CCmdActionManager_010TURNAG_002TURNX0_001_FunnelShotMahiroo,
100020108,CUnitTaskAutomata_010TURNAG_002TURNX0_001_Mahiroo,automata,CUnitTaskAutomataSummon,0x14140E0F8,0x3550,11=PreUpdate;74=OnHitConsumed;79=FillParamBlock;81=CreateCmdActionManager;84=DescribeAttackShape,hit_consumed_hook;stage_contact_override;alert_config;custom_attack_shape;custom_param_block,CCmdActionManager_010TURNAG_002TURNX0_001_Mahiroo;CCmdActionManager_Summon,
100020106,CUnitTaskAutomata_010TURNAG_002TURNX0_001_WireClaw,automata,CUnitTaskAutomataAnchor,0x14140DAA8,0x3540,79=FillParamBlock,stage_contact_override;custom_attack_shape;custom_param_block,CCmdActionManager_Anchor,
100030105,CUnitTaskAutomata_010TURNAG_003GDSUMO_001_AssistSilversumoLaser,automata,CUnitTaskAutomataSummonRushShot,0x14140EDA8,0x3550,79=FillParamBlock;81=CreateCmdActionManager,stage_contact_override;alert_config;custom_attack_shape;custom_param_block,CCmdActionManager_010TURNAG_003GDSUMO_001_AssistSilversumoLaser,0x41FBD241
100030104,CUnitTaskAutomata_010TURNAG_003GDSUMO_001_AssistSilversumoNagiharai,automata,CUnitTaskAutomataSummonRushShot,0x14140EA78,0x3550,79=FillParamBlock;81=CreateCmdActionManager,stage_contact_override;alert_config;custom_attack_shape;custom_param_block,CCmdActionManager_010TURNAG_003GDSUMO_001_AssistSilversumoNagiharai,0x41FBD241
100030106,CUnitTaskAutomata_010TURNAG_003GDSUMO_001_AssistSumoRushUniverse,automata,CUnitTaskAutomataSummonRushAttackTaiatari,0x14140F0D8,0x3540,78=CreateParamBlock;79=FillParamBlock;81=CreateCmdActionManager;84=DescribeAttackShape;86=DescribeBarrier,barrier;stage_contact_override;alert_config;custom_attack_shape;custom_param_block,CCmdActionManager_010TURNAG_003GDSUMO_001_AssistSumoRushUniverse,0x36FCE2D7;0x41FBD241;0x46961658;0xA8987774;0xDF9F47E2
100030103,CUnitTaskAutomata_010TURNAG_003GDSUMO_001_HissatsuSumo,automata,CUnitTaskAutomataFunnelMawarikomi,0x14140E750,0x3540,79=FillParamBlock;81=CreateCmdActionManager;88=SetupModelAnimation;90=SetupModelSubObject,alert_config;custom_attack_shape;custom_param_block,CCmdActionManager_010TURNAG_003GDSUMO_001_HissatsuSumo,
100030107,CUnitTaskAutomata_010TURNAG_003GDSUMO_001_SkirtPorori,automata,CUnitTaskAutomataFreeFall_Interaction,0x14140F408,0x3530,84=DescribeAttackShape,alert_config;custom_attack_shape;custom_param_block,CCmdActionManager_FreeFall_Interaction,0x14AB0070;0x8DA251CA;0xABEDC73A;0xFAA5615C
100030101,CUnitTaskAutomata_010TURNAG_003GDSUMO_001_SkirtThrow,automata,CUnitTaskAutomataThrow,0x14140E428,0x3530,79=FillParamBlock;81=CreateCmdActionManager;89=OnInitHookA,alert_config;custom_attack_shape;custom_param_block,CCmdActionManager_Throw,0x4C55EA3D;0xD8F283FB
100040101,CUnitTaskAutomata_010TURNAG_004KAPOOL_001_HammerShot,automata,CUnitTaskAutomataAnchorThrow,0x14140F730,0x3540,79=FillParamBlock;81=CreateCmdActionManager;84=DescribeAttackShape,stage_contact_override;alert_config;custom_attack_shape;custom_param_block,CCmdActionManager_010TURNAG_004KAPOOL_001_HammerShot,0x3B52DAAB;0xA25B8B11;0xD55CBB87
100050103,CUnitTaskAutomata_010TURNAG_005CRNKPL_001_StickerDash,automata,CUnitTaskAutomataStickerLaunchBone,0x1414100A8,0x3540,79=FillParamBlock;81=CreateCmdActionManager,hit_count_exhausted_override;custom_attack_shape;custom_param_block,CCmdActionManager_010TURNAG_005CRNKPL_001_StickerDash,
100050106,CUnitTaskAutomata_010TURNAG_005CRNKPL_001_StickerHissatsu,automata,CUnitTaskAutomataStickerLaunchBone,0x141410718,0x3540,81=CreateCmdActionManager,hit_count_exhausted_override;custom_attack_shape;custom_param_block,CCmdActionManager_010TURNAG_005CRNKPL_001_StickerHissatsu,
100050105,CUnitTaskAutomata_010TURNAG_005CRNKPL_001_StickerHumituke,automata,CUnitTaskAutomataStickerLaunchBone,0x1414103E0,0x35A0,0=Destructor;12=Update;81=CreateCmdActionManager;88=SetupModelAnimation,hit_count_exhausted_override;custom_attack_shape;custom_param_block,CCmdActionManager_010TURNAG_005CRNKPL_001_StickerHumituke,0x36FCE2D7
100050102,CUnitTaskAutomata_010TURNAG_005CRNKPL_001_ThrowMiashei,automata,CUnitTaskAutomataThrowMortar,0x14140FA58,0x3530,79=FillParamBlock;81=CreateCmdActionManager;84=DescribeAttackShape;89=OnInitHookA;90=SetupModelSubObject;91=FillParamSubBlock,alert_config;custom_attack_shape;custom_param_block;init_data_modifier,CCmdActionManager_010TURNAG_005CRNKPL_001_ThrowMiashei,0x36FCE2D7;0xD8F283FB
100050104,CUnitTaskAutomata_010TURNAG_005CRNKPL_001_ThrowRocketpunch,automata,CUnitTaskAutomataThrow,0x14140FD80,0x3530,81=CreateCmdActionManager;88=SetupModelAnimation,alert_config;custom_attack_shape;custom_param_block,CCmdActionManager_Throw,0x4C55EA3D
100050107,CUnitTaskAutomata_010TURNAG_005CRNKPL_001_Winlose,automata,CUnitTaskAutomataPutObj,0x141410A50,0x3530,79=FillParamBlock;88=SetupModelAnimation;90=SetupModelSubObject,custom_attack_shape;custom_param_block,CCmdActionManager_PutObj,0x36FCE2D7;0x41FBD241;0xABEDC73A;0xDCEAF7AC
120020103,CUnitTaskAutomata_012POCKET_002ZAK2FZ_001_AssistLinebombContainer,automata,CUnitTaskAutomataSummonRush,0x1414113A0,0x3540,79=FillParamBlock;81=CreateCmdActionManager,stage_contact_override;alert_config;custom_attack_shape;custom_param_block,CCmdActionManager_012POCKET_002ZAK2FZ_001_AssistLinebombContainer,
120020101,CUnitTaskAutomata_012POCKET_002ZAK2FZ_001_GrenadeThrow,automata,CUnitTaskAutomataRadicon,0x141410D78,0x3550,0=Destructor;12=Update;72;79;81;84;88,,CCmdActionManager_012POCKET_002ZAK2FZ_001_GrenadeThrow,0x41435BE6;0xAB606D9E
120020104,CUnitTaskAutomata_012POCKET_002ZAK2FZ_001_LineBombThrow,automata,CUnitTaskAutomataThrowMortar,0x1414116D0,0x3530,79=FillParamBlock;81=CreateCmdActionManager,alert_config;custom_attack_shape;custom_param_block;init_data_modifier,CCmdActionManager_012POCKET_002ZAK2FZ_001_LineBombThrow,
120020102,CUnitTaskAutomata_012POCKET_002ZAK2FZ_001_Santa,automata,CUnitTaskAutomataThrow,0x141411078,0x3530,79=FillParamBlock;81=CreateCmdActionManager;84=DescribeAttackShape;86=DescribeBarrier;88=SetupModelAnimation;89=OnInitHookA,barrier;alert_config;custom_attack_shape;custom_param_block,CCmdActionManager_012POCKET_002ZAK2FZ_001_Santa;CCmdActionManager_Throw,0xA5364F08;0xFAA5615C
120040101,CUnitTaskAutomata_012POCKET_004KAMPFR_001_ChainMine,automata,CUnitTaskAutomataSticker,0x1414119F8,0x3540,79=FillParamBlock;81=CreateCmdActionManager;88=SetupModelAnimation;91=FillParamSubBlock,custom_attack_shape;custom_param_block,CCmdActionManager_012POCKET_004KAMPFR_001_ChainMine,
120040103,CUnitTaskAutomata_012POCKET_004KAMPFR_001_PororiChainmine,automata,CUnitTaskAutomataFreeFall,0x141411D30,0x3530,88=SetupModelAnimation;90=SetupModelSubObject,custom_attack_shape;custom_param_block,CCmdActionManager_FreeFall,
120040102,CUnitTaskAutomata_012POCKET_004KAMPFR_001_PororiStrumfaust,automata,CUnitTaskAutomataFreeFall,0x141412058,0x3530,88=SetupModelAnimation,custom_attack_shape;custom_param_block,CCmdActionManager_FreeFall,
130010101,CUnitTaskAutomata_013GNDMSM_001GP01FB_001_BParts,automata,CUnitTaskAutomataRadiconParentActor,0x141412380,0x3530,79=FillParamBlock;81=CreateCmdActionManager;90=SetupModelSubObject,custom_attack_shape,CCmdActionManager_013GNDMSM_001GP01FB_001_BParts,0x41FBD241
130010102,CUnitTaskAutomata_013GNDMSM_001GP01FB_001_Bpartsbomb,automata,CUnitTaskAutomataRadiconParentActor,0x1414126A8,0x3530,74=OnHitConsumed;79=FillParamBlock;81=CreateCmdActionManager;90=SetupModelSubObject,hit_consumed_hook;custom_attack_shape,CCmdActionManager_013GNDMSM_001GP01FB_001_Bpartsbomb,0x41FBD241
130030104,CUnitTaskAutomata_013GNDMSM_003GRBRTT_001_AssistGelgoogmGrap,automata,CUnitTaskAutomataSummonRushAttackNormal,0x141412CF8,0x3540,79=FillParamBlock;81=CreateCmdActionManager,stage_contact_override;alert_config;custom_attack_shape;custom_param_block,CCmdActionManager_013GNDMSM_003GRBRTT_001_AssistGelgoogmGrap,0x36FCE2D7;0x41FBD241;0x63AC30E6;0xA8987774;0xDF9F47E2;0xFDC8A545
130030103,CUnitTaskAutomata_013GNDMSM_003GRBRTT_001_AssistGelgoogmShot,automata,CUnitTaskAutomataSummonRushShot,0x141413028,0x3550,79=FillParamBlock;81=CreateCmdActionManager,stage_contact_override;alert_config;custom_attack_shape;custom_param_block,CCmdActionManager_013GNDMSM_003GRBRTT_001_AssistGelgoogmShot,0x41FBD241
130030101,CUnitTaskAutomata_013GNDMSM_003GRBRTT_001_HissatsuGelgoogm,automata,CUnitTaskAutomataFunnelFlySword,0x1414129D0,0x3540,79=FillParamBlock;81=CreateCmdActionManager;84=DescribeAttackShape;88=SetupModelAnimation,alert_config;custom_attack_shape;custom_param_block,CCmdActionManager_013GNDMSM_003GRBRTT_001_HissatsuGelgoogm,0xDCEAF7AC
130030102,CUnitTaskAutomata_013GNDMSM_003GRBRTT_001_ThrowSaber,automata,CUnitTaskAutomata_000COMMON_000COMMON_001_ThrowSaber,0x141413358,0x3530,79=FillParamBlock;89=OnInitHookA;91=FillParamSubBlock,alert_config;custom_attack_shape;custom_param_block,CCmdActionManager_000COMMON_000COMMON_001_ThrowSaber;CCmdActionManager_Throw,0x64C1F4FF
130040104,CUnitTaskAutomata_013GNDMSM_004GNGP03_001_AssistContainerL,automata,CUnitTaskAutomataSummonRushShot,0x141414008,0x3550,81=CreateCmdActionManager,stage_contact_override;alert_config;custom_attack_shape;custom_param_block,CCmdActionManager_013GNDMSM_004GNGP03_001_AssistContainerL,
130040105,CUnitTaskAutomata_013GNDMSM_004GNGP03_001_AssistContainerR,automata,CUnitTaskAutomataSummonRushShot,0x141414338,0x3550,81=CreateCmdActionManager,stage_contact_override;alert_config;custom_attack_shape;custom_param_block,CCmdActionManager_013GNDMSM_004GNGP03_001_AssistContainerR,
130040103,CUnitTaskAutomata_013GNDMSM_004GNGP03_001_BakuhuuExploder,automata,CUnitTaskAutomataRadiconParentActor,0x141413CE0,0x3540,2=OnInit;58=BuildHitInfo;79=FillParamBlock;81=CreateCmdActionManager,custom_attack_shape,CCmdActionManager_013GNDMSM_004GNGP03_001_BakuhuuExploder,
130040106,CUnitTaskAutomata_013GNDMSM_004GNGP03_001_FreeFallFuta,automata,CUnitTaskAutomataFreeFall,0x141414668,0x3530,79=FillParamBlock,custom_attack_shape;custom_param_block,CCmdActionManager_FreeFall,
130040101,CUnitTaskAutomata_013GNDMSM_004GNGP03_001_StickerBakudousakuRoot,automata,CUnitTaskAutomataSticker,0x141413680,0x3540,79=FillParamBlock,custom_attack_shape;custom_param_block,CCmdActionManager_Sticker,
130040102,CUnitTaskAutomata_013GNDMSM_004GNGP03_001_ThrowBakudousakuHead,automata,CUnitTaskAutomataThrow,0x1414139B8,0x3530,79=FillParamBlock;81=CreateCmdActionManager,alert_config;custom_attack_shape;custom_param_block,CCmdActionManager_013GNDMSM_004GNGP03_001_ThrowBakudousakuHead;CCmdActionManager_Throw,
130040107,CUnitTaskAutomata_013GNDMSM_004GNGP03_001_ThrowCluster,automata,CUnitTaskAutomataThrow,0x141414990,0x3530,79=FillParamBlock;81=CreateCmdActionManager;89=OnInitHookA,alert_config;custom_attack_shape;custom_param_block,CCmdActionManager_013GNDMSM_004GNGP03_001_ThrowCluster;CCmdActionManager_Throw,0x319126CE;0xA12E3B5F;0xD8F283FB
130040109,CUnitTaskAutomata_013GNDMSM_004GNGP03_001_ThrowMicroSet,automata,CUnitTaskAutomataThrow,0x141414FE0,0x3530,79=FillParamBlock;81=CreateCmdActionManager;88=SetupModelAnimation;100;101,alert_config;custom_attack_shape;custom_param_block,CCmdActionManager_013GNDMSM_004GNGP03_001_ThrowMicroSet;CCmdActionManager_Throw,
130040108,CUnitTaskAutomata_013GNDMSM_004GNGP03_001_ThrowMissile,automata,CUnitTaskAutomataThrow,0x141414CB8,0x3530,79=FillParamBlock;84=DescribeAttackShape,alert_config;custom_attack_shape;custom_param_block,CCmdActionManager_Throw,
130040110,CUnitTaskAutomata_013GNDMSM_004GNGP03_001_ThrowOrchis,automata,CUnitTaskAutomataThrow,0x141415318,0x3530,79=FillParamBlock;81=CreateCmdActionManager;89=OnInitHookA,alert_config;custom_attack_shape;custom_param_block,CCmdActionManager_013GNDMSM_004GNGP03_001_ThrowOrchis;CCmdActionManager_Throw,0xD8F283FB
140010102,CUnitTaskAutomata_014GNDM00_001GNEXIA_001_GnBlade,automata,CUnitTaskAutomataBoomerang,0x141647A58,0x3540,79=FillParamBlock;89=OnInitHookA,stage_contact_override;alert_config;custom_attack_shape;custom_param_block,CCmdActionManager_Boomerang,0xD8F283FB;0xDF9F47E2
140010101,CUnitTaskAutomata_014GNDM00_001GNEXIA_001_GnDagger,automata,CUnitTaskAutomataThrow,0x141415648,0x3530,81=CreateCmdActionManager;89=OnInitHookA,alert_config;custom_attack_shape;custom_param_block,CCmdActionManager_014GNDM00_001GNEXIA_001_GnDagger;CCmdActionManager_Throw,0xD8F283FB
140010105,CUnitTaskAutomata_014GNDM00_001GNEXIA_001_PurgeGnArmor,automata,CUnitTaskAutomataThrow,0x141415FD0,0x3530,79=FillParamBlock;81=CreateCmdActionManager;84=DescribeAttackShape,alert_config;custom_attack_shape;custom_param_block,CCmdActionManager_014GNDM00_001GNEXIA_001_PurgeGnArmor;CCmdActionManager_Throw,
140010104,CUnitTaskAutomata_014GNDM00_001GNEXIA_001_StickerGnArmor,automata,CUnitTaskAutomataSticker,0x141415C98,0x3540,79=FillParamBlock;81=CreateCmdActionManager;91=FillParamSubBlock,custom_attack_shape;custom_param_block,CCmdActionManager_014GNDM00_001GNEXIA_001_StickerGnArmor,
140010103,CUnitTaskAutomata_014GNDM00_001GNEXIA_001_ThrowGnShortBlade,automata,CUnitTaskAutomataThrow,0x141415970,0x3530,79=FillParamBlock;81=CreateCmdActionManager;84=DescribeAttackShape,alert_config;custom_attack_shape;custom_param_block,CCmdActionManager_014GNDM00_001GNEXIA_001_ThrowGnShortBlade;CCmdActionManager_Throw,
140020102,CUnitTaskAutomata_014GNDM00_002OOGNDM_001_GNDagger,automata,CUnitTaskAutomataThrow,0x1414162F8,0x3530,81=CreateCmdActionManager;89=OnInitHookA,alert_config;custom_attack_shape;custom_param_block,CCmdActionManager_014GNDM00_002OOGNDM_001_GNDagger;CCmdActionManager_Throw,0x36FCE2D7;0x41FBD241;0xA8987774;0xD8F283FB
140020103,CUnitTaskAutomata_014GNDM00_002OOGNDM_001_GNSword,automata,CUnitTaskAutomataThrow,0x141416620,0x3530,76=ArchetypeEventHook;79=FillParamBlock,alert_config;custom_attack_shape;custom_param_block,CCmdActionManager_Throw,
140020104,CUnitTaskAutomata_014GNDM00_002OOGNDM_001_ThrowBlade,automata,CUnitTaskAutomataThrowBlade,0x141416948,0x3550,81=CreateCmdActionManager,alert_config;custom_attack_shape;custom_param_block,CCmdActionManager_014GNDM00_002OOGNDM_001_ThrowBlade;CCmdActionManager_Throw,
140030101,CUnitTaskAutomata_014GNDM00_003SUSANO_001_BeamChakram,automata,CUnitTaskAutomataThrow,0x141416C70,0x3530,79=FillParamBlock;89=OnInitHookA,alert_config;custom_attack_shape;custom_param_block,CCmdActionManager_Throw,0xD8F283FB
140030102,CUnitTaskAutomata_014GNDM00_003SUSANO_001_Tripunisher,automata,CUnitTaskAutomataThrow,0x141416F98,0x3530,79=FillParamBlock,alert_config;custom_attack_shape;custom_param_block,CCmdActionManager_Throw,
140040106,CUnitTaskAutomata_014GNDM00_004CHERDM_001_FunnelAssault,automata,CUnitTaskAutomataFunnelMawarikomi_ShotOrder,0x1414182A8,0x3540,79=FillParamBlock;81=CreateCmdActionManager,alert_config;custom_attack_shape;custom_param_block,CCmdActionManager_014GNDM00_004CHERDM_001_FunnelAssault,0xD32D39ED;0xEDD1C108
140040109,CUnitTaskAutomata_014GNDM00_004CHERDM_001_FunnelAttachAssault,automata,CUnitTaskAutomataAttachToRadicon,0x141418C20,0x3530,79=FillParamBlock;81=CreateCmdActionManager;100;101,custom_attack_shape;custom_param_block,CCmdActionManager_014GNDM00_004CHERDM_001_FunnelAttachAssault,0xD32D39ED;0xEDD1C108
140040101,CUnitTaskAutomata_014GNDM00_004CHERDM_001_FunnelFly,automata,CUnitTaskAutomataFunnelMawarikomi,0x1414172C0,0x3540,79=FillParamBlock;81=CreateCmdActionManager,alert_config;custom_attack_shape;custom_param_block,CCmdActionManager_014GNDM00_004CHERDM_001_FunnelFly,0xD8F283FB
140040104,CUnitTaskAutomata_014GNDM00_004CHERDM_001_FunnelMateDefense,automata,CUnitTaskAutomata_014GNDM00_004CHERDM_001_FunnelCommonDefense,0x141417910,0x3560,81=CreateCmdActionManager,custom_attack_shape;custom_param_block,CCmdActionManager_014GNDM00_004CHERDM_001_FunnelMateDefense,
140040103,CUnitTaskAutomata_014GNDM00_004CHERDM_001_FunnelSelfDefense,automata,CUnitTaskAutomata_014GNDM00_004CHERDM_001_FunnelCommonDefense,0x141417C48,0x3560,81=CreateCmdActionManager,custom_attack_shape;custom_param_block,CCmdActionManager_014GNDM00_004CHERDM_001_FunnelSelfDefense,
140040102,CUnitTaskAutomata_014GNDM00_004CHERDM_001_FunnelShot,automata,CUnitTaskAutomataFunnelMawarikomi_ShotOrder,0x1414175E8,0x3540,79=FillParamBlock;81=CreateCmdActionManager,alert_config;custom_attack_shape;custom_param_block,CCmdActionManager_014GNDM00_004CHERDM_001_FunnelShot,0xD8F283FB
140040108,CUnitTaskAutomata_014GNDM00_004CHERDM_001_FunnelTsukimatoiAssault,automata,CUnitTaskAutomataFunnelTukimatoi_ShotOrder,0x1414188F8,0x3540,79=FillParamBlock;81=CreateCmdActionManager;84=DescribeAttackShape,custom_attack_shape;custom_param_block,CCmdActionManager_014GNDM00_004CHERDM_001_FunnelTsukimatoiAssault,0xD8F283FB
140040107,CUnitTaskAutomata_014GNDM00_004CHERDM_001_Missile,automata,CUnitTaskAutomataThrow,0x1414185D0,0x3530,79=FillParamBlock;81=CreateCmdActionManager,alert_config;custom_attack_shape;custom_param_block,CCmdActionManager_014GNDM00_004CHERDM_001_Missile;CCmdActionManager_Throw,
140040105,CUnitTaskAutomata_014GNDM00_004CHERDM_001_WinLose,automata,CUnitTaskAutomataPutObj,0x141417F80,0x3530,79=FillParamBlock,custom_attack_shape;custom_param_block,CCmdActionManager_PutObj,0xD8F283FB
140050102,CUnitTaskAutomata_014GNDM00_005ARCHEG_001_FangEnemy,automata,CUnitTaskAutomataFunnelMawarikomi,0x141418F58,0x3540,79=FillParamBlock;81=CreateCmdActionManager,alert_config;custom_attack_shape;custom_param_block,CCmdActionManager_014GNDM00_005ARCHEG_001_FangEnemy,0x63AC30E6;0xFDC8A545
140050101,CUnitTaskAutomata_014GNDM00_005ARCHEG_001_FangFront,automata,CUnitTaskAutomataFunnelShotStayShift,0x141419280,0x3530,79=FillParamBlock;81=CreateCmdActionManager,alert_config;custom_attack_shape;custom_param_block,CCmdActionManager_014GNDM00_005ARCHEG_001_FangFront,0xDCEAF7AC
140050107,CUnitTaskAutomata_014GNDM00_005ARCHEG_001_FangRush,automata,CUnitTaskAutomataFunnelFlySwordPenetrate,0x141419F30,0x3540,79=FillParamBlock;81=CreateCmdActionManager;84=DescribeAttackShape;91=FillParamSubBlock,alert_config;custom_attack_shape;custom_param_block,CCmdActionManager_014GNDM00_005ARCHEG_001_FangRush,0x13C6C469;0x63AC30E6;0x8ACF95D3;0xD32D39ED;0xEDD1C108;0xFDC8A545
140050103,CUnitTaskAutomata_014GNDM00_005ARCHEG_001_FangSword,automata,CUnitTaskAutomataFunnelFlySword,0x1414195A8,0x3540,79=FillParamBlock;81=CreateCmdActionManager;91=FillParamSubBlock,alert_config;custom_attack_shape;custom_param_block,CCmdActionManager_014GNDM00_005ARCHEG_001_FangSword,0x63AC30E6
140050106,CUnitTaskAutomata_014GNDM00_005ARCHEG_001_FungSwordShot,automata,CUnitTaskAutomataFunnelFlySword,0x141419C00,0x3540,79=FillParamBlock;81=CreateCmdActionManager;89=OnInitHookA,alert_config;custom_attack_shape;custom_param_block,CCmdActionManager_014GNDM00_005ARCHEG_001_FungSwordShot,0xD8F283FB
140050105,CUnitTaskAutomata_014GNDM00_005ARCHEG_001_WinLosePod,automata,CUnitTaskAutomataThrow,0x1414198D8,0x3530,88=SetupModelAnimation;89=OnInitHookA,alert_config;custom_attack_shape;custom_param_block,CCmdActionManager_Throw,0xD8F283FB
140060101,CUnitTaskAutomata_014GNDM00_006DYNAMS_001_Battery,automata,CUnitTaskAutomataSummon,0x14141A258,0x3540,79=FillParamBlock;81=CreateCmdActionManager,stage_contact_override;alert_config;custom_attack_shape;custom_param_block,CCmdActionManager_014GNDM00_006DYNAMS_001_Battery;CCmdActionManager_Summon,
140060103,CUnitTaskAutomata_014GNDM00_006DYNAMS_001_GuidedMissile1st,automata,CUnitTaskAutomataThrow,0x14141A8B0,0x3540,70=StoreSpawnArgument;81=CreateCmdActionManager,alert_config;custom_attack_shape;custom_param_block,CCmdActionManager_014GNDM00_006DYNAMS_001_GuidedMissile1st;CCmdActionManager_Throw,
140060104,CUnitTaskAutomata_014GNDM00_006DYNAMS_001_GuidedMissile2nd,automata,CUnitTaskAutomataThrow,0x14141ABD8,0x3530,81=CreateCmdActionManager,alert_config;custom_attack_shape;custom_param_block,CCmdActionManager_014GNDM00_006DYNAMS_001_GuidedMissile2nd;CCmdActionManager_Throw,
140060102,CUnitTaskAutomata_014GNDM00_006DYNAMS_001_Missile,automata,CUnitTaskAutomataThrow,0x14141A588,0x3530,81=CreateCmdActionManager,alert_config;custom_attack_shape;custom_param_block,CCmdActionManager_014GNDM00_006DYNAMS_001_Missile;CCmdActionManager_Throw,
140070103,CUnitTaskAutomata_014GNDM00_007REBONS_001_AssistGaga,automata,CUnitTaskAutomataSummonGrap,0x14141B8B0,0x3540,79=FillParamBlock;81=CreateCmdActionManager;84=DescribeAttackShape,stage_contact_override;alert_config;custom_attack_shape;custom_param_block,CCmdActionManager_014GNDM00_007REBONS_001_AssistGaga,
140070104,CUnitTaskAutomata_014GNDM00_007REBONS_001_EggnerWhip,automata,CUnitTaskAutomataAnchorReturn,0x14141B568,0x3550,12=Update;79=FillParamBlock;81=CreateCmdActionManager;100;101;102;103,stage_contact_override;custom_attack_shape;custom_param_block,CCmdActionManager_014GNDM00_007REBONS_001_EggnerWhip,0xD32D39ED;0xEDD1C108
140070102,CUnitTaskAutomata_014GNDM00_007REBONS_001_FinFangSmall,automata,CUnitTaskAutomataFunnelFlySword,0x14141B228,0x3550,79=FillParamBlock;81=CreateCmdActionManager;91=FillParamSubBlock;97=GetSpawnOrderId;98=GetSpawnOrderArg,alert_config;custom_attack_shape;custom_param_block;spawn_orders_override,CCmdActionManager_014GNDM00_007REBONS_001_FinFangSmall,0xD32D39ED;0xDCEAF7AC;0xEDD1C108
140070101,CUnitTaskAutomata_014GNDM00_007REBONS_001_FinFang_Large,automata,CUnitTaskAutomataFunnelMawarikomi,0x14141AF00,0x3550,81=CreateCmdActionManager;97=GetSpawnOrderId;98=GetSpawnOrderArg,alert_config;custom_attack_shape;custom_param_block;spawn_orders_override,CCmdActionManager_014GNDM00_007REBONS_001_FinFang_Large,0xD32D39ED;0xEDD1C108
140070105,CUnitTaskAutomata_014GNDM00_007REBONS_001_SpwnerAssistGaga,automata,CUnitTaskAutomataRadiconParentActor,0x14141BBE8,0x3530,79=FillParamBlock;81=CreateCmdActionManager;84=DescribeAttackShape,custom_attack_shape,CCmdActionManager_014GNDM00_007REBONS_001_SpwnerAssistGaga,
140080104,CUnitTaskAutomata_014GNDM00_008THDREI_001_AssistThroneEineLaser,automata,CUnitTaskAutomataSummonRushShot,0x14141C578,0x3550,79=FillParamBlock;81=CreateCmdActionManager;86=DescribeBarrier;88=SetupModelAnimation,barrier;stage_contact_override;alert_config;custom_attack_shape;custom_param_block,CCmdActionManager_014GNDM00_008THDREI_001_AssistThroneEineLaser,0x41FBD241
140080103,CUnitTaskAutomata_014GNDM00_008THDREI_001_AssistThroneEineShot,automata,CUnitTaskAutomataSummonRushShot,0x14141C248,0x3550,79=FillParamBlock;81=CreateCmdActionManager;86=DescribeBarrier;88=SetupModelAnimation,barrier;stage_contact_override;alert_config;custom_attack_shape;custom_param_block,CCmdActionManager_014GNDM00_008THDREI_001_AssistThroneEineShot,0x41FBD241;0xA8987774
140080105,CUnitTaskAutomata_014GNDM00_008THDREI_001_AssistThroneTweiRush,automata,CUnitTaskAutomataSummonGrap,0x14141C8A8,0x3540,12=Update;79=FillParamBlock;81=CreateCmdActionManager;84=DescribeAttackShape;86=DescribeBarrier;89=OnInitHookA,barrier;stage_contact_override;alert_config;custom_attack_shape;custom_param_block,CCmdActionManager_014GNDM00_008THDREI_001_AssistThroneTweiRush,0x41FBD241;0x89BE0F56;0xA8987774;0xD8F283FB
140080106,CUnitTaskAutomata_014GNDM00_008THDREI_001_AssistThroneTweiShot,automata,CUnitTaskAutomataSummonRushShot,0x14141CBE0,0x3550,81=CreateCmdActionManager;86=DescribeBarrier;88=SetupModelAnimation,barrier;stage_contact_override;alert_config;custom_attack_shape;custom_param_block,CCmdActionManager_014GNDM00_008THDREI_001_AssistThroneTweiShot,
140080108,CUnitTaskAutomata_014GNDM00_008THDREI_001_AssistThroneTweiShotPowerUp,automata,CUnitTaskAutomata_014GNDM00_008THDREI_001_AssistThroneTweiShot,0x14141D240,0x3550,81=CreateCmdActionManager,barrier;stage_contact_override;alert_config;custom_attack_shape;custom_param_block,CCmdActionManager_014GNDM00_008THDREI_001_AssistThroneTweiShotPowerUp,
140080102,CUnitTaskAutomata_014GNDM00_008THDREI_001_NotifyStealth,automata,CUnitTaskAutomataSticker,0x14141BF10,0x3540,81=CreateCmdActionManager,custom_attack_shape;custom_param_block;init_data_modifier,CCmdActionManager_014GNDM00_008THDREI_001_NotifyStealth,
140080107,CUnitTaskAutomata_014GNDM00_008THDREI_001_TweiFang,automata,CUnitTaskAutomataFunnelFlySword,0x14141CF10,0x3540,79=FillParamBlock;81=CreateCmdActionManager;89=OnInitHookA;91=FillParamSubBlock,alert_config;custom_attack_shape;custom_param_block,CCmdActionManager_014GNDM00_008THDREI_001_TweiFang,0xD8F283FB;0xDCEAF7AC
140090106,CUnitTaskAutomata_014GNDM00_009ARIOSG_001_GNArcherBeamShot,automata,CUnitTaskAutomataSummonRushShot,0x14141E230,0x3550,81=CreateCmdActionManager,stage_contact_override;alert_config;custom_attack_shape;custom_param_block,CCmdActionManager_014GNDM00_009ARIOSG_001_GNArcherBeamShot,
140090107,CUnitTaskAutomata_014GNDM00_009ARIOSG_001_GNArcherComboBeam,automata,CUnitTaskAutomataSummonRushShot,0x14141E560,0x3550,81=CreateCmdActionManager,stage_contact_override;alert_config;custom_attack_shape;custom_param_block,CCmdActionManager_014GNDM00_009ARIOSG_001_GNArcherComboBeam,
140090110,CUnitTaskAutomata_014GNDM00_009ARIOSG_001_GNArcherComboHissatsu,automata,CUnitTaskAutomataSummonRushShot,0x14141EEF0,0x3550,79=FillParamBlock;81=CreateCmdActionManager;84=DescribeAttackShape;88=SetupModelAnimation,stage_contact_override;alert_config;custom_attack_shape;custom_param_block,CCmdActionManager_014GNDM00_009ARIOSG_001_GNArcherComboHissatsu,
140090108,CUnitTaskAutomata_014GNDM00_009ARIOSG_001_GNArcherComboRoundLeft,automata,CUnitTaskAutomataSummon,0x14141E890,0x3540,81=CreateCmdActionManager,stage_contact_override;alert_config;custom_attack_shape;custom_param_block,CCmdActionManager_014GNDM00_009ARIOSG_001_GNArcherComboRoundLeft;CCmdActionManager_Summon,
140090109,CUnitTaskAutomata_014GNDM00_009ARIOSG_001_GNArcherComboRoundRight,automata,CUnitTaskAutomataSummon,0x14141EBC0,0x3540,81=CreateCmdActionManager,stage_contact_override;alert_config;custom_attack_shape;custom_param_block,CCmdActionManager_014GNDM00_009ARIOSG_001_GNArcherComboRoundRight;CCmdActionManager_Summon,
140090104,CUnitTaskAutomata_014GNDM00_009ARIOSG_001_GNArcherTransformToMA,automata,CUnitTaskAutomataSummon,0x14141DBD0,0x3540,79=FillParamBlock;81=CreateCmdActionManager,stage_contact_override;alert_config;custom_attack_shape;custom_param_block,CCmdActionManager_014GNDM00_009ARIOSG_001_GNArcherTransformToMA;CCmdActionManager_Summon,
140090105,CUnitTaskAutomata_014GNDM00_009ARIOSG_001_GNArcherTransformToMS,automata,CUnitTaskAutomataSummon,0x14141DF00,0x3540,79=FillParamBlock;81=CreateCmdActionManager,stage_contact_override;alert_config;custom_attack_shape;custom_param_block,CCmdActionManager_014GNDM00_009ARIOSG_001_GNArcherTransformToMS;CCmdActionManager_Summon,
140090101,CUnitTaskAutomata_014GNDM00_009ARIOSG_001_GNArcherTsukimatoi,automata,CUnitTaskAutomataSummonTukimatoi,0x14141D570,0x3540,79=FillParamBlock;81=CreateCmdActionManager,stage_contact_override;alert_config;custom_attack_shape;custom_param_block,CCmdActionManager_014GNDM00_009ARIOSG_001_GNArcherTsukimatoi,
140090102,CUnitTaskAutomata_014GNDM00_009ARIOSG_001_GNArcherTsukimatoiRecall,automata,CUnitTaskAutomataSummonTukimatoi,0x14141D8A0,0x3540,79=FillParamBlock;81=CreateCmdActionManager,stage_contact_override;alert_config;custom_attack_shape;custom_param_block,CCmdActionManager_014GNDM00_009ARIOSG_001_GNArcherTsukimatoiRecall,
140090112,CUnitTaskAutomata_014GNDM00_009ARIOSG_001_GNArcherWinloseAwake,automata,CUnitTaskAutomataPutObj,0x14141F548,0x3530,81=CreateCmdActionManager;88=SetupModelAnimation,custom_attack_shape;custom_param_block,CCmdActionManager_014GNDM00_009ARIOSG_001_GNArcherWinloseAwake,
140090111,CUnitTaskAutomata_014GNDM00_009ARIOSG_001_GNArcherWinloseNormal,automata,CUnitTaskAutomataPutObj,0x14141F220,0x3530,81=CreateCmdActionManager;88=SetupModelAnimation,custom_attack_shape;custom_param_block,CCmdActionManager_014GNDM00_009ARIOSG_001_GNArcherWinloseNormal,
140110102,CUnitTaskAutomata_014GNDM00_011AVAEXA_001_HissatuThrowDagger,automata,CUnitTaskAutomata_000COMMON_000COMMON_001_ThrowSaberRolling,0x14141FB98,0x3530,79=FillParamBlock,alert_config;custom_attack_shape;custom_param_block,CCmdActionManager_000COMMON_000COMMON_001_ThrowSaberRolling,
140110103,CUnitTaskAutomata_014GNDM00_011AVAEXA_001_ThrowBeamSaber,automata,CUnitTaskAutomata_000COMMON_000COMMON_001_ThrowSaber,0x14141FEC0,0x3530,79=FillParamBlock,alert_config;custom_attack_shape;custom_param_block,CCmdActionManager_000COMMON_000COMMON_001_ThrowSaber;CCmdActionManager_Throw,
140110101,CUnitTaskAutomata_014GNDM00_011AVAEXA_001_ThrowDagger,automata,CUnitTaskAutomata_000COMMON_000COMMON_001_ThrowSaberRollingStickToStage,0x14141F870,0x3530,,alert_config;custom_attack_shape;custom_param_block,CCmdActionManager_000COMMON_000COMMON_001_ThrowSaberRolling,
140120102,CUnitTaskAutomata_014GNDM00_012OOG7SG_001_Anchor,automata,CUnitTaskAutomataAnchorReturn,0x141420510,0x3540,79=FillParamBlock;81=CreateCmdActionManager,stage_contact_override;custom_attack_shape;custom_param_block,CCmdActionManager_014GNDM00_012OOG7SG_001_Anchor,
140120111,CUnitTaskAutomata_014GNDM00_012OOG7SG_001_AssistDynamesRush,automata,CUnitTaskAutomataSummonRushAttackNormal,0x1414221A0,0x3540,81=CreateCmdActionManager;88=SetupModelAnimation;89=OnInitHookA,stage_contact_override;alert_config;custom_attack_shape;custom_param_block,CCmdActionManager_014GNDM00_012OOG7SG_001_AssistDynamesRush,
140120108,CUnitTaskAutomata_014GNDM00_012OOG7SG_001_AssistDynamesShotMissile,automata,CUnitTaskAutomataSummonRushShot,0x141421818,0x3550,81=CreateCmdActionManager,stage_contact_override;alert_config;custom_attack_shape;custom_param_block,CCmdActionManager_014GNDM00_012OOG7SG_001_AssistDynamesShotMissile,
140120110,CUnitTaskAutomata_014GNDM00_012OOG7SG_001_AssistDynamesShotMissile_6_3,automata,CUnitTaskAutomata_014GNDM00_012OOG7SG_001_AssistDynamesShotMissile,0x141421E70,0x3550,81=CreateCmdActionManager,stage_contact_override;alert_config;custom_attack_shape;custom_param_block,CCmdActionManager_014GNDM00_012OOG7SG_001_AssistDynamesShotMissile_6_3,
140120107,CUnitTaskAutomata_014GNDM00_012OOG7SG_001_AssistDynamesShotRifle,automata,CUnitTaskAutomataSummonRushShot,0x1414214E8,0x3550,81=CreateCmdActionManager,stage_contact_override;alert_config;custom_attack_shape;custom_param_block,CCmdActionManager_SummonRushShot,
140120101,CUnitTaskAutomata_014GNDM00_012OOG7SG_001_BusterDocking,automata,CUnitTaskAutomataAttachAbstract,0x1414201E8,0x3530,79=FillParamBlock;81=CreateCmdActionManager;97=GetSpawnOrderId;98=GetSpawnOrderArg,custom_attack_shape;custom_param_block;spawn_orders_override,CCmdActionManager_014GNDM00_012OOG7SG_001_BusterDocking,
140120106,CUnitTaskAutomata_014GNDM00_012OOG7SG_001_SpawnerRedlockBullet,automata,CUnitTaskAutomataStickerLaunchBone,0x1414211B0,0x3540,2=OnInit;79=FillParamBlock;81=CreateCmdActionManager,custom_attack_shape;custom_param_block,CCmdActionManager_014GNDM00_012OOG7SG_001_SpawnerRedlockBullet,
140120109,CUnitTaskAutomata_014GNDM00_012OOG7SG_001_ThrowDynamesMissile,automata,CUnitTaskAutomataThrow,0x141421B48,0x3530,81=CreateCmdActionManager,alert_config;custom_attack_shape;custom_param_block,CCmdActionManager_014GNDM00_012OOG7SG_001_ThrowDynamesMissile;CCmdActionManager_Throw,
140120105,CUnitTaskAutomata_014GNDM00_012OOG7SG_001_ThrowGNDagger,automata,CUnitTaskAutomataThrow,0x141420E88,0x3530,74=OnHitConsumed;81=CreateCmdActionManager,hit_consumed_hook;alert_config;custom_attack_shape;custom_param_block,CCmdActionManager_014GNDM00_012OOG7SG_001_ThrowGNDagger;CCmdActionManager_Throw,0x41435BE6
140120103,CUnitTaskAutomata_014GNDM00_012OOG7SG_001_ThrowGNQatar,automata,CUnitTaskAutomataThrow,0x141420838,0x3530,79=FillParamBlock;81=CreateCmdActionManager;91=FillParamSubBlock,alert_config;custom_attack_shape;custom_param_block,CCmdActionManager_014GNDM00_012OOG7SG_001_ThrowGNQatar;CCmdActionManager_Throw,0x4C55EA3D
140120104,CUnitTaskAutomata_014GNDM00_012OOG7SG_001_ThrowGNQatarTwin,automata,CUnitTaskAutomataThrow,0x141420B60,0x3530,79=FillParamBlock;81=CreateCmdActionManager,alert_config;custom_attack_shape;custom_param_block,CCmdActionManager_014GNDM00_012OOG7SG_001_ThrowGNQatarTwin;CCmdActionManager_Throw,
140120202,CUnitTaskAutomata_014GNDM00_012OOG7SG_002_Anchor,automata,CUnitTaskAutomataAnchorReturn,0x1414227F8,0x3540,79=FillParamBlock;81=CreateCmdActionManager,stage_contact_override;custom_attack_shape;custom_param_block,CCmdActionManager_014GNDM00_012OOG7SG_002_Anchor,
140120207,CUnitTaskAutomata_014GNDM00_012OOG7SG_002_AssistDynamesRush,automata,CUnitTaskAutomataSummonRushAttackNormal,0x1414237D8,0x3540,81=CreateCmdActionManager;88=SetupModelAnimation;89=OnInitHookA,stage_contact_override;alert_config;custom_attack_shape;custom_param_block,CCmdActionManager_014GNDM00_012OOG7SG_002_AssistDynamesRush,
140120204,CUnitTaskAutomata_014GNDM00_012OOG7SG_002_AssistDynamesShotMissile,automata,CUnitTaskAutomataSummonRushShot,0x141422E50,0x3550,81=CreateCmdActionManager,stage_contact_override;alert_config;custom_attack_shape;custom_param_block,CCmdActionManager_014GNDM00_012OOG7SG_002_AssistDynamesShotMissile,
140120206,CUnitTaskAutomata_014GNDM00_012OOG7SG_002_AssistDynamesShotMissile_6_3,automata,CUnitTaskAutomata_014GNDM00_012OOG7SG_002_AssistDynamesShotMissile,0x1414234A8,0x3550,81=CreateCmdActionManager,stage_contact_override;alert_config;custom_attack_shape;custom_param_block,CCmdActionManager_014GNDM00_012OOG7SG_002_AssistDynamesShotMissile_6_3,
140120203,CUnitTaskAutomata_014GNDM00_012OOG7SG_002_AssistDynamesShotRifle,automata,CUnitTaskAutomataSummonRushShot,0x141422B20,0x3550,81=CreateCmdActionManager,stage_contact_override;alert_config;custom_attack_shape;custom_param_block,CCmdActionManager_SummonRushShot,
140120201,CUnitTaskAutomata_014GNDM00_012OOG7SG_002_BusterDocking,automata,CUnitTaskAutomataAttachAbstract,0x1414224D0,0x3530,79=FillParamBlock;81=CreateCmdActionManager;97=GetSpawnOrderId;98=GetSpawnOrderArg,custom_attack_shape;custom_param_block;spawn_orders_override,CCmdActionManager_014GNDM00_012OOG7SG_002_BusterDocking,
140120205,CUnitTaskAutomata_014GNDM00_012OOG7SG_002_ThrowDynamesMissile,automata,CUnitTaskAutomataThrow,0x141423180,0x3530,81=CreateCmdActionManager,alert_config;custom_attack_shape;custom_param_block,CCmdActionManager_014GNDM00_012OOG7SG_002_ThrowDynamesMissile;CCmdActionManager_Throw,
140120208,CUnitTaskAutomata_014GNDM00_012OOG7SG_002_ThrowGNDagger,automata,CUnitTaskAutomataThrow,0x141423B08,0x3530,74=OnHitConsumed;81=CreateCmdActionManager,hit_consumed_hook;alert_config;custom_attack_shape;custom_param_block,CCmdActionManager_014GNDM00_012OOG7SG_002_ThrowGNDagger;CCmdActionManager_Throw,0x41435BE6
140140108,CUnitTaskAutomata_014GNDM00_014TITAOZ_001_AssistTierenNormalCapture,automata,CUnitTaskAutomataSummonRushAttackNormal,0x141423E30,0x3540,79=FillParamBlock;81=CreateCmdActionManager;91=FillParamSubBlock,stage_contact_override;alert_config;custom_attack_shape;custom_param_block,CCmdActionManager_014GNDM00_014TITAOZ_001_AssistTierenNormalCapture,0x36FCE2D7;0x41FBD241;0xA8987774;0xDF9F47E2
140140107,CUnitTaskAutomata_014GNDM00_014TITAOZ_001_AssistTierenNormalRush,automata,CUnitTaskAutomataSummonRushAttackNormal,0x141424160,0x3540,79=FillParamBlock,stage_contact_override;alert_config;custom_attack_shape;custom_param_block,CCmdActionManager_SummonRushAttackNormal,0x36FCE2D7;0x41FBD241;0x63AC30E6;0x8ACF95D3;0xA8987774;0xD8F283FB;0xDF9F47E2;0xFDC8A545
140140109,CUnitTaskAutomata_014GNDM00_014TITAOZ_001_AssistTierenNormalShotCannon,automata,CUnitTaskAutomataSummonRushShot,0x141424490,0x3550,79=FillParamBlock;86=DescribeBarrier,barrier;stage_contact_override;alert_config;custom_attack_shape;custom_param_block,CCmdActionManager_SummonRushShot,0x36FCE2D7;0x41FBD241;0xA25B8B11;0xA8987774
140140110,CUnitTaskAutomata_014GNDM00_014TITAOZ_001_AssistTierenNormalShotCarbonNet,automata,CUnitTaskAutomataSummonRushShot,0x1414247C0,0x3550,79=FillParamBlock;88=SetupModelAnimation,stage_contact_override;alert_config;custom_attack_shape;custom_param_block,CCmdActionManager_SummonRushShot,0x36FCE2D7;0x41FBD241;0xA8987774
140140104,CUnitTaskAutomata_014GNDM00_014TITAOZ_001_AssistTierenSmirnovCapture,automata,CUnitTaskAutomataSummonRushAttackNormal,0x141424AF0,0x3540,79=FillParamBlock;81=CreateCmdActionManager;88=SetupModelAnimation;91=FillParamSubBlock,stage_contact_override;alert_config;custom_attack_shape;custom_param_block,CCmdActionManager_014GNDM00_014TITAOZ_001_AssistTierenSmirnovCapture,0x36FCE2D7;0x41FBD241;0xA8987774;0xDF9F47E2
140140105,CUnitTaskAutomata_014GNDM00_014TITAOZ_001_AssistTierenSmirnovHissatsu,automata,CUnitTaskAutomataStickerLaunchBone,0x141424E20,0x3540,79=FillParamBlock;81=CreateCmdActionManager;88=SetupModelAnimation;90=SetupModelSubObject,custom_attack_shape;custom_param_block,CCmdActionManager_014GNDM00_014TITAOZ_001_AssistTierenSmirnovHissatsu,0x41FBD241
140140103,CUnitTaskAutomata_014GNDM00_014TITAOZ_001_AssistTierenSmirnovRush,automata,CUnitTaskAutomataSummonRushAttackNormal,0x141425158,0x3540,79=FillParamBlock;81=CreateCmdActionManager,stage_contact_override;alert_config;custom_attack_shape;custom_param_block,CCmdActionManager_014GNDM00_014TITAOZ_001_AssistTierenSmirnovRush,0x36FCE2D7;0x41FBD241;0xA8987774;0xD8F283FB;0xDF9F47E2
140140101,CUnitTaskAutomata_014GNDM00_014TITAOZ_001_AssistTierenSmirnovTsukimatoi,automata,CUnitTaskAutomataSummonTukimatoiAndAction,0x141425488,0x3540,79=FillParamBlock;81=CreateCmdActionManager,stage_contact_override;alert_config;custom_attack_shape;custom_param_block,CCmdActionManager_014GNDM00_014TITAOZ_001_AssistTierenSmirnovTsukimatoi,0x36FCE2D7;0x41FBD241
140140102,CUnitTaskAutomata_014GNDM00_014TITAOZ_001_AssistTierenSmirnovTsukimatoiRefollow,automata,CUnitTaskAutomata_014GNDM00_014TITAOZ_001_AssistTierenSmirnovTsukimatoi,0x1414257B8,0x3540,79=FillParamBlock,stage_contact_override;alert_config;custom_attack_shape;custom_param_block,CCmdActionManager_014GNDM00_014TITAOZ_001_AssistTierenSmirnovTsukimatoi,
140140106,CUnitTaskAutomata_014GNDM00_014TITAOZ_001_AssistTierenSmirnovWinlose,automata,CUnitTaskAutomataPutObj,0x141425AE8,0x3530,79=FillParamBlock;88=SetupModelAnimation;90=SetupModelSubObject,custom_attack_shape;custom_param_block,CCmdActionManager_PutObj,0x36FCE2D7;0x41FBD241;0xA8987774;0xABEDC73A;0xDCEAF7AC
140140111,CUnitTaskAutomata_014GNDM00_014TITAOZ_001_CarbonNet,automata,CUnitTaskAutomataThrow,0x141425E10,0x3540,2=OnInit;79=FillParamBlock;81=CreateCmdActionManager;88=SetupModelAnimation;90=SetupModelSubObject;91=FillParamSubBlock,alert_config;custom_attack_shape;custom_param_block,CCmdActionManager_014GNDM00_014TITAOZ_001_CarbonNet;CCmdActionManager_Throw,0x41FBD241
140160101,CUnitTaskAutomata_014GNDM00_016JAGDAC_001_FungSword,automata,CUnitTaskAutomataFunnelFlySword,0x141426138,0x3540,79=FillParamBlock;81=CreateCmdActionManager;89=OnInitHookA,alert_config;custom_attack_shape;custom_param_block,CCmdActionManager_014GNDM00_016JAGDAC_001_FungSword,0xD8F283FB
140160102,CUnitTaskAutomata_014GNDM00_016JAGDAC_001_NotifyStealth,automata,CUnitTaskAutomataSticker,0x141426468,0x3540,79=FillParamBlock;81=CreateCmdActionManager;89=OnInitHookA,custom_attack_shape;custom_param_block;init_data_modifier,CCmdActionManager_014GNDM00_016JAGDAC_001_NotifyStealth,0x36FCE2D7;0xA8987774;0xD8F283FB
140170102,CUnitTaskAutomata_014GNDM00_017KYRIOS_001_GnShieldClaw,automata,CUnitTaskAutomataAnchorReturn,0x1414267A0,0x3540,12=Update;79=FillParamBlock;81=CreateCmdActionManager;88=SetupModelAnimation;92=ConfigureStageCollider,stage_contact_override;custom_attack_shape;custom_param_block,CCmdActionManager_014GNDM00_017KYRIOS_001_GnShieldClaw,
140170103,CUnitTaskAutomata_014GNDM00_017KYRIOS_001_TailunitPorori,automata,CUnitTaskAutomataFreeFall_Interaction,0x141426AC8,0x3530,84=DescribeAttackShape,alert_config;custom_attack_shape;custom_param_block,CCmdActionManager_FreeFall_Interaction,0x14AB0070;0x8DA251CA;0xABEDC73A;0xFAA5615C
140190102,CUnitTaskAutomata_014GNDM00_019THEINS_001_TukimatoiThdrei,automata,CUnitTaskAutomata_014GNDM00_019THEINS_001_TukimatoiTheinsCommon,0x141426DF0,0x3540,79=FillParamBlock,stage_contact_override;alert_config;custom_attack_shape;custom_param_block,CCmdActionManager_014GNDM00_019THEINS_001_TukimatoiTheinsCommon,
140190101,CUnitTaskAutomata_014GNDM00_019THEINS_001_TukimatoiThzwei,automata,CUnitTaskAutomata_014GNDM00_019THEINS_001_TukimatoiTheinsCommon,0x141427120,0x3540,79=FillParamBlock,stage_contact_override;alert_config;custom_attack_shape;custom_param_block,CCmdActionManager_014GNDM00_019THEINS_001_TukimatoiTheinsCommon,
140200101,CUnitTaskAutomata_014GNDM00_020THZWEI_001_FangThzwei,automata,CUnitTaskAutomataFunnelFlySword,0x141427450,0x3540,79=FillParamBlock;81=CreateCmdActionManager;84=DescribeAttackShape;91=FillParamSubBlock,alert_config;custom_attack_shape;custom_param_block,CCmdActionManager_014GNDM00_020THZWEI_001_FangThzwei,0x13C6C469;0x46961658;0x8ACF95D3;0x8DA251CA;0xA8987774;0xD32D39ED;0xEDD1C108
140200102,CUnitTaskAutomata_014GNDM00_020THZWEI_001_FangThzweiSword,automata,CUnitTaskAutomataFunnelFlySword,0x141427778,0x3540,79=FillParamBlock;81=CreateCmdActionManager;84=DescribeAttackShape;91=FillParamSubBlock,alert_config;custom_attack_shape;custom_param_block,CCmdActionManager_014GNDM00_020THZWEI_001_FangThzweiSword,0x46961658;0x8ACF95D3;0xA8987774;0xD32D39ED;0xEDD1C108;0xFDC8A545
140250101,CUnitTaskAutomata_014GNDM00_025GARAZO_001_AssistGaga,automata,CUnitTaskAutomataSummonGrap,0x141427AA0,0x3540,79=FillParamBlock;81=CreateCmdActionManager;84=DescribeAttackShape,stage_contact_override;alert_config;custom_attack_shape;custom_param_block,CCmdActionManager_014GNDM00_025GARAZO_001_AssistGaga,
140250102,CUnitTaskAutomata_014GNDM00_025GARAZO_001_LosePod,automata,CUnitTaskAutomataThrow,0x141427DD8,0x3530,79=FillParamBlock;81=CreateCmdActionManager;90=SetupModelSubObject,alert_config;custom_attack_shape;custom_param_block,CCmdActionManager_014GNDM00_025GARAZO_001_LosePod;CCmdActionManager_Throw,
140260106,CUnitTaskAutomata_014GNDM00_026AHEADS_001_ExShotAssistGnArcher,automata,CUnitTaskAutomataSummonRushShotMachinegun,0x1414290E0,0x3550,79=FillParamBlock;81=CreateCmdActionManager;88=SetupModelAnimation,stage_contact_override;alert_config;custom_attack_shape;custom_param_block,CCmdActionManager_014GNDM00_026AHEADS_001_ExShotAssistGnArcher,
140260103,CUnitTaskAutomata_014GNDM00_026AHEADS_001_ExShotAssistGnx,automata,CUnitTaskAutomataSummonRushShotMachinegun,0x141428A80,0x3550,12=Update;79=FillParamBlock;81=CreateCmdActionManager;88=SetupModelAnimation,stage_contact_override;alert_config;custom_attack_shape;custom_param_block,CCmdActionManager_014GNDM00_026AHEADS_001_ExShotAssistGnx,0xDCEAF7AC
140260104,CUnitTaskAutomata_014GNDM00_026AHEADS_001_GrapAssistGnx,automata,CUnitTaskAutomataSummonRushAttackNormal,0x141428750,0x3540,79=FillParamBlock;81=CreateCmdActionManager;84=DescribeAttackShape;89=OnInitHookA,stage_contact_override;alert_config;custom_attack_shape;custom_param_block,CCmdActionManager_014GNDM00_026AHEADS_001_GrapAssistGnx,0x36FCE2D7;0x3C3F1EB2;0x41FBD241;0x4B382E24;0x63AC30E6;0xA25B8B11;0xA8987774;0xD55CBB87;0xD8F283FB;0xFDC8A545
140260102,CUnitTaskAutomata_014GNDM00_026AHEADS_001_Panel,automata,CUnitTaskAutomataThrow,0x141428100,0x3670,0=Destructor;2=OnInit;21=PreInit;72=PostUpdateEffects;79=FillParamBlock;81=CreateCmdActionManager;84=DescribeAttackShape;88=SetupModelAnimation;89=OnInitHookA,alert_config;custom_attack_shape;custom_param_block,CCmdActionManager_014GNDM00_026AHEADS_001_Panel;CCmdActionManager_Throw,0xABEDC73A;0xDCEAF7AC;0xF647567F
140260101,CUnitTaskAutomata_014GNDM00_026AHEADS_001_PanelFall,automata,CUnitTaskAutomataThrow,0x141428428,0x3530,2=OnInit;79=FillParamBlock;81=CreateCmdActionManager,alert_config;custom_attack_shape;custom_param_block,CCmdActionManager_014GNDM00_026AHEADS_001_PanelFall;CCmdActionManager_Throw,
140260105,CUnitTaskAutomata_014GNDM00_026AHEADS_001_RushAssistGnx,automata,CUnitTaskAutomataSummonRushAttackNormal,0x141428DB0,0x3540,79=FillParamBlock;81=CreateCmdActionManager;84=DescribeAttackShape;89=OnInitHookA,stage_contact_override;alert_config;custom_attack_shape;custom_param_block,CCmdActionManager_014GNDM00_026AHEADS_001_RushAssistGnx,0x36FCE2D7;0x3B52DAAB;0x3C3F1EB2;0x41FBD241;0x4B382E24;0x4C55EA3D;0x63AC30E6;0x89BE0F56;0xA25B8B11;0xA8987774;0xABEDC73A;0xD55CBB87;0xD8F283FB;0xDCEAF7AC;0xFDC8A545
150010101,CUnitTaskAutomata_015GNDMUC_001UNIGUN_001_BeamSaber,automata,CUnitTaskAutomataThrow,0x141429410,0x3530,79=FillParamBlock,alert_config;custom_attack_shape;custom_param_block,CCmdActionManager_Throw,
150010102,CUnitTaskAutomata_015GNDMUC_001UNIGUN_001_ShieldFunnel,automata,CUnitTaskAutomataFunnelFlySword,0x141429738,0x3540,79=FillParamBlock;81=CreateCmdActionManager;88=SetupModelAnimation;91=FillParamSubBlock,alert_config;custom_attack_shape;custom_param_block,CCmdActionManager_015GNDMUC_001UNIGUN_001_ShieldFunnel,0xABEDC73A;0xDCEAF7AC;0xFAA5615C
150010103,CUnitTaskAutomata_015GNDMUC_001UNIGUN_001_ShieldThrow,automata,CUnitTaskAutomataDetonator,0x141429A60,0x3530,79=FillParamBlock;81=CreateCmdActionManager;84=DescribeAttackShape;88=SetupModelAnimation,hit_consumed_hook;alert_config;custom_attack_shape;custom_param_block,CCmdActionManager_015GNDMUC_001UNIGUN_001_ShieldThrow,
150020103,CUnitTaskAutomata_015GNDMUC_002KSHATR_001_FunnelFlyNormal,automata,CUnitTaskAutomata_015GNDMUC_002KSHATR_001_FunnelFlyBase,0x14142A3D8,0x3540,81=CreateCmdActionManager,alert_config;custom_attack_shape;custom_param_block,CCmdActionManager_015GNDMUC_002KSHATR_001_FunnelFlyNormal,
150020104,CUnitTaskAutomata_015GNDMUC_002KSHATR_001_FunnelFlySetPoint,automata,CUnitTaskAutomata_015GNDMUC_002KSHATR_001_FunnelFlyBase,0x14142A700,0x3550,81=CreateCmdActionManager,alert_config;custom_attack_shape;custom_param_block,CCmdActionManager_015GNDMUC_002KSHATR_001_FunnelFlySetPoint,0x14AB0070;0x8DA251CA
150020101,CUnitTaskAutomata_015GNDMUC_002KSHATR_001_FunnelNet,automata,CUnitTaskAutomataFunnelShotStayShift,0x141429D88,0x3530,81=CreateCmdActionManager,alert_config;custom_attack_shape;custom_param_block,CCmdActionManager_015GNDMUC_002KSHATR_001_FunnelNet,
150020102,CUnitTaskAutomata_015GNDMUC_002KSHATR_001_FunnelNetCeiling,automata,CUnitTaskAutomataFunnelShotStayShift,0x14142A0B0,0x3530,81=CreateCmdActionManager,alert_config;custom_attack_shape;custom_param_block,CCmdActionManager_015GNDMUC_002KSHATR_001_FunnelNetBase,
150020105,CUnitTaskAutomata_015GNDMUC_002KSHATR_001_FunnelShot,automata,CUnitTaskAutomataFunnelMawarikomi,0x14142AA28,0x3540,79=FillParamBlock;81=CreateCmdActionManager,alert_config;custom_attack_shape;custom_param_block,CCmdActionManager_015GNDMUC_002KSHATR_001_FunnelShot,
150020106,CUnitTaskAutomata_015GNDMUC_002KSHATR_001_FunnelTukimatoiShot,automata,CUnitTaskAutomataFunnelMawarikomi,0x14142AD50,0x3540,79=FillParamBlock;81=CreateCmdActionManager,alert_config;custom_attack_shape;custom_param_block,CCmdActionManager_015GNDMUC_002KSHATR_001_FunnelTukimatoiShot,
150030101,CUnitTaskAutomata_015GNDMUC_003SINANJ_001_Meteo,automata,CUnitTaskAutomataThrow,0x14164DF28,0x3540,0=Destructor;66=UpdateAliveCheck;79=FillParamBlock;81=CreateCmdActionManager;86=DescribeBarrier,barrier;hit_count_exhausted_override;stage_contact_override;alert_config;custom_attack_shape;custom_param_block,CCmdActionManager_015GNDMUC_003SINANJ_001_Meteo,0x4C55EA3D
150030103,CUnitTaskAutomata_015GNDMUC_003SINANJ_001_MeteoHissatsu,automata,CUnitTaskAutomataThrow,0x14142B3A0,0x3530,79=FillParamBlock;81=CreateCmdActionManager;84=DescribeAttackShape,hit_count_exhausted_override;stage_contact_override;alert_config;custom_attack_shape;custom_param_block,CCmdActionManager_015GNDMUC_003SINANJ_001_MeteoHissatsu,0xAB606D9E
150030102,CUnitTaskAutomata_015GNDMUC_003SINANJ_001_MeteoWall,automata,CUnitTaskAutomataThrow,0x14142B078,0x3530,79=FillParamBlock;81=CreateCmdActionManager;87=ConfigureAlert,alert_config;custom_attack_shape;custom_param_block,CCmdActionManager_015GNDMUC_003SINANJ_001_MeteoWall,
150060107,CUnitTaskAutomata_015GNDMUC_006ROZENZ_001_AssistGearaZulu,automata,CUnitTaskAutomataSummonTukimatoiAndActionSimple,0x14142C370,0x3540,79=FillParamBlock;81=CreateCmdActionManager,stage_contact_override;alert_config;custom_attack_shape;custom_param_block,CCmdActionManager_015GNDMUC_006ROZENZ_001_AssistGearaZulu,
150060108,CUnitTaskAutomata_015GNDMUC_006ROZENZ_001_DynamicAir,automata,CUnitTaskAutomataPutObj,0x14142C6A0,0x3530,,custom_attack_shape;custom_param_block,CCmdActionManager_PutObj,
150060105,CUnitTaskAutomata_015GNDMUC_006ROZENZ_001_IncomAnchor,automata,CUnitTaskAutomataAnchorReturn,0x14142BD20,0x3540,79=FillParamBlock;81=CreateCmdActionManager,stage_contact_override;custom_attack_shape;custom_param_block,CCmdActionManager_015GNDMUC_006ROZENZ_001_IncomAnchor,
150060101,CUnitTaskAutomata_015GNDMUC_006ROZENZ_001_IncomFly,automata,CUnitTaskAutomataFunnelMawarikomi,0x14142C048,0x3550,79=FillParamBlock;81=CreateCmdActionManager,alert_config;custom_attack_shape;custom_param_block,CCmdActionManager_015GNDMUC_006ROZENZ_001_IncomFly,0xD8F283FB
150060106,CUnitTaskAutomata_015GNDMUC_006ROZENZ_001_IncomRelay,automata,CUnitTaskAutomataRelay,0x14142B9F0,0x3530,79=FillParamBlock;81=CreateCmdActionManager;100,custom_attack_shape,CCmdActionManager_015GNDMUC_006ROZENZ_001_IncomRelay,
150060104,CUnitTaskAutomata_015GNDMUC_006ROZENZ_001_IncomShot,automata,CUnitTaskAutomata_015GNDMUC_006ROZENZ_001_IncomShotBase,0x14142B6C8,0x3540,79=FillParamBlock;81=CreateCmdActionManager,custom_attack_shape;custom_param_block,CCmdActionManager_015GNDMUC_006ROZENZ_001_IncomShot,0xD8F283FB
150060103,CUnitTaskAutomata_015GNDMUC_006ROZENZ_001_PsycoJammer,automata,CUnitTaskAutomataFunnelMawarikomi,0x14142C9C8,0x3540,81=CreateCmdActionManager,alert_config;custom_attack_shape;custom_param_block,CCmdActionManager_015GNDMUC_006ROZENZ_001_PsycoJammer,
150060102,CUnitTaskAutomata_015GNDMUC_006ROZENZ_001_PsycoJammerCore,automata,CUnitTaskAutomataFunnelMawarikomi,0x14142CCF0,0x3830,0=Destructor;79=FillParamBlock;81=CreateCmdActionManager,alert_config;custom_attack_shape;custom_param_block,CCmdActionManager_015GNDMUC_006ROZENZ_001_PsycoJammerCore,
150080113,CUnitTaskAutomata_015GNDMUC_008FAUNIG_001_AssistHissatsuNorn,automata,CUnitTaskAutomataStickerLaunchBone,0x14142FA08,0x3540,2=OnInit;79=FillParamBlock;81=CreateCmdActionManager;88=SetupModelAnimation;89=OnInitHookA;91=FillParamSubBlock,custom_attack_shape;custom_param_block,CCmdActionManager_015GNDMUC_008FAUNIG_001_AssistHissatsuNorn,0xD8F283FB
150080115,CUnitTaskAutomata_015GNDMUC_008FAUNIG_001_AssistNornShot,automata,CUnitTaskAutomataSummonRushShot,0x14142FD40,0x3550,2=OnInit;79=FillParamBlock;81=CreateCmdActionManager;88=SetupModelAnimation,stage_contact_override;alert_config;custom_attack_shape;custom_param_block,CCmdActionManager_015GNDMUC_008FAUNIG_001_AssistNornShot,0xD8F283FB
150080101,CUnitTaskAutomata_015GNDMUC_008FAUNIG_001_DetonatorBooster,automata,CUnitTaskAutomataDetonator,0x14164ED98,0x3530,0=Destructor;79=FillParamBlock;81=CreateCmdActionManager;89=OnInitHookA,hit_consumed_hook;alert_config;custom_attack_shape;custom_param_block,CCmdActionManager_015GNDMUC_008FAUNIG_001_DetonatorBooster,0xD8F283FB
150080104,CUnitTaskAutomata_015GNDMUC_008FAUNIG_001_FunnelAttachChange,automata,CUnitTaskAutomataAttach,0x14142D350,0x3530,2=OnInit;79=FillParamBlock;81=CreateCmdActionManager;91=FillParamSubBlock;100,custom_attack_shape;custom_param_block,CCmdActionManager_015GNDMUC_008FAUNIG_001_FunnelAttachChange,0xD32D39ED;0xEDD1C108
150080107,CUnitTaskAutomata_015GNDMUC_008FAUNIG_001_FunnelFly,automata,CUnitTaskAutomataFunnelMawarikomi,0x14142D9B8,0x3540,79=FillParamBlock;81=CreateCmdActionManager;88=SetupModelAnimation,alert_config;custom_attack_shape;custom_param_block,CCmdActionManager_015GNDMUC_008FAUNIG_001_FunnelFly,0x8DA251CA;0xFAA5615C
150080109,CUnitTaskAutomata_015GNDMUC_008FAUNIG_001_FunnelFlySword,automata,CUnitTaskAutomataFunnelFlySwordPenetrate,0x14142E018,0x3540,79=FillParamBlock;81=CreateCmdActionManager;88=SetupModelAnimation,alert_config;custom_attack_shape;custom_param_block,CCmdActionManager_015GNDMUC_008FAUNIG_001_FunnelFlySword,0xABEDC73A;0xDCEAF7AC
150080108,CUnitTaskAutomata_015GNDMUC_008FAUNIG_001_FunnelFly_Double,automata,CUnitTaskAutomataFunnelMawarikomiMultipleShot,0x14142DCE8,0x3550,79=FillParamBlock;81=CreateCmdActionManager,alert_config;custom_attack_shape;custom_param_block,CCmdActionManager_015GNDMUC_008FAUNIG_001_FunnelFly_Double,
150080102,CUnitTaskAutomata_015GNDMUC_008FAUNIG_001_FunnelModel,automata,CUnitTaskAutomataResidentUnizonFloating,0x14142D688,0x3530,2=OnInit;12=Update;78=CreateParamBlock;79=FillParamBlock;81=CreateCmdActionManager;84=DescribeAttackShape;88=SetupModelAnimation;92=ConfigureStageCollider,custom_attack_shape;custom_param_block,CCmdActionManager_015GNDMUC_008FAUNIG_001_FunnelModel,0xD8F283FB
150080103,CUnitTaskAutomata_015GNDMUC_008FAUNIG_001_FunnelNotify,automata,CUnitTaskAutomataRadiconParentActor,0x14142D018,0x3530,79=FillParamBlock;81=CreateCmdActionManager;100,custom_attack_shape,CCmdActionManager_015GNDMUC_008FAUNIG_001_FunnelNotify,
,CUnitTaskAutomata_015GNDMUC_008FAUNIG_001_FunnelSankaiBase,automata,CUnitTaskAutomataFunnelSwarm,0x14142E670,,79=FillParamBlock;81=CreateCmdActionManager;100;101;102;103,alert_config;custom_attack_shape;custom_param_block,CCmdActionManager_015GNDMUC_008FAUNIG_001_FunnelSankaiBase,0x8DA251CA;0xABEDC73A;0xDCEAF7AC;0xFAA5615C
150080105,CUnitTaskAutomata_015GNDMUC_008FAUNIG_001_FunnelSankaiSelf,automata,CUnitTaskAutomata_015GNDMUC_008FAUNIG_001_FunnelSankaiBase,0x14142E9B8,0x3560,79=FillParamBlock;81=CreateCmdActionManager,alert_config;custom_attack_shape;custom_param_block,CCmdActionManager_015GNDMUC_008FAUNIG_001_FunnelSankaiSelf,
150080106,CUnitTaskAutomata_015GNDMUC_008FAUNIG_001_FunnelSankaiTarget,automata,CUnitTaskAutomata_015GNDMUC_008FAUNIG_001_FunnelSankaiBase,0x14142ED00,0x3560,79=FillParamBlock,alert_config;custom_attack_shape;custom_param_block,CCmdActionManager_015GNDMUC_008FAUNIG_001_FunnelSankaiBase,
,CUnitTaskAutomata_015GNDMUC_008FAUNIG_001_StickerFunnel_Base,automata,CUnitTaskAutomataStickerLaunchBone,0x14164FBE0,,0=Destructor;2=OnInit;79=FillParamBlock,custom_attack_shape;custom_param_block,,0xD8F283FB
150080110,CUnitTaskAutomata_015GNDMUC_008FAUNIG_001_StickerFunnel_Close,automata,CUnitTaskAutomata_015GNDMUC_008FAUNIG_001_StickerFunnel_Base,0x14142F048,0x3540,81=CreateCmdActionManager,custom_attack_shape;custom_param_block,CCmdActionManager_015GNDMUC_008FAUNIG_001_StickerFunnel_Close,
150080112,CUnitTaskAutomata_015GNDMUC_008FAUNIG_001_StickerFunnel_OpenGreen,automata,CUnitTaskAutomata_015GNDMUC_008FAUNIG_001_StickerFunnel_Base,0x14142F6C8,0x3540,79=FillParamBlock;81=CreateCmdActionManager;88=SetupModelAnimation,custom_attack_shape;custom_param_block,CCmdActionManager_015GNDMUC_008FAUNIG_001_StickerFunnel_OpenGreen,
150080111,CUnitTaskAutomata_015GNDMUC_008FAUNIG_001_StickerFunnel_OpenRed,automata,CUnitTaskAutomata_015GNDMUC_008FAUNIG_001_StickerFunnel_Base,0x14142F388,0x3540,2=OnInit;81=CreateCmdActionManager;88=SetupModelAnimation,custom_attack_shape;custom_param_block,CCmdActionManager_015GNDMUC_008FAUNIG_001_StickerFunnel_OpenRed,
150080114,CUnitTaskAutomata_015GNDMUC_008FAUNIG_001_ThrowFunnelDead,automata,CUnitTaskAutomataThrow,0x14142E348,0x3530,79=FillParamBlock;81=CreateCmdActionManager,alert_config;custom_attack_shape;custom_param_block,CCmdActionManager_015GNDMUC_008FAUNIG_001_ThrowFunnelDead;CCmdActionManager_Throw,
150090105,CUnitTaskAutomata_015GNDMUC_009BANORN_001_RblDivContainer,automata,CUnitTaskAutomataThrow,0x1414309E8,0x3530,81=CreateCmdActionManager,alert_config;custom_attack_shape;custom_param_block,CCmdActionManager_015GNDMUC_009BANORN_001_RblDivContainer;CCmdActionManager_Throw,
150090104,CUnitTaskAutomata_015GNDMUC_009BANORN_001_RblHydeContainer,automata,CUnitTaskAutomataThrow,0x1414306C0,0x3530,81=CreateCmdActionManager,alert_config;custom_attack_shape;custom_param_block,CCmdActionManager_015GNDMUC_009BANORN_001_RblHydeContainer;CCmdActionManager_Throw,
150090102,CUnitTaskAutomata_015GNDMUC_009BANORN_001_RblHydepump,automata,CUnitTaskAutomataThrow,0x141430398,0x3530,81=CreateCmdActionManager,alert_config;custom_attack_shape;custom_param_block,CCmdActionManager_015GNDMUC_009BANORN_001_RblHydepump;CCmdActionManager_Throw,
150090101,CUnitTaskAutomata_015GNDMUC_009BANORN_001_RblMissile,automata,CUnitTaskAutomataThrow,0x141430070,0x3530,81=CreateCmdActionManager,alert_config;custom_attack_shape;custom_param_block,CCmdActionManager_015GNDMUC_009BANORN_001_RblMissile;CCmdActionManager_Throw,
150090106,CUnitTaskAutomata_015GNDMUC_009BANORN_PsychoFieldEffect,automata,CUnitTaskAutomataRadiconParentActor,0x141430D10,0x3540,81=CreateCmdActionManager,custom_attack_shape,CCmdActionManager_015GNDMUC_009BANORN_PsychoFieldEffect,
160030101,CUnitTaskAutomata_016GUNDMW_003TALGS3_001_AssistTaurus,automata,CUnitTaskAutomataSummonTukimatoiAndActionSimple,0x141431040,0x3540,81=CreateCmdActionManager;88=SetupModelAnimation,stage_contact_override;alert_config;custom_attack_shape;custom_param_block,CCmdActionManager_016GUNDMW_003TALGS3_001_AssistTaurus,
160030103,CUnitTaskAutomata_016GUNDMW_003TALGS3_001_AssistTaurusGrap,automata,CUnitTaskAutomataSummonGrap,0x141431698,0x3540,79=FillParamBlock;81=CreateCmdActionManager;89=OnInitHookA,stage_contact_override;alert_config;custom_attack_shape;custom_param_block,CCmdActionManager_016GUNDMW_003TALGS3_001_AssistTaurusGrap,
160030102,CUnitTaskAutomata_016GUNDMW_003TALGS3_001_Winlose,automata,CUnitTaskAutomataPutObj,0x141431370,0x3530,79=FillParamBlock;81=CreateCmdActionManager,custom_attack_shape;custom_param_block,CCmdActionManager_016GUNDMW_003TALGS3_001_Winlose,
160040101,CUnitTaskAutomata_016GUNDMW_004DTHELL_001_KamaThrow,automata,CUnitTaskAutomataThrow,0x1414319D0,0x3530,79=FillParamBlock;81=CreateCmdActionManager;84=DescribeAttackShape;89=OnInitHookA;91=FillParamSubBlock,alert_config;custom_attack_shape;custom_param_block,CCmdActionManager_016GUNDMW_004DTHELL_001_KamaThrow;CCmdActionManager_Throw,0x36FCE2D7;0x41FBD241;0xA8987774;0xD8F283FB;0xDF9F47E2;0xFAA5615C
160040102,CUnitTaskAutomata_016GUNDMW_004DTHELL_001_TauruswRensha,automata,CUnitTaskAutomataSummonRushShot,0x141431CF8,0x3550,79=FillParamBlock;81=CreateCmdActionManager,stage_contact_override;alert_config;custom_attack_shape;custom_param_block,CCmdActionManager_016GUNDMW_004DTHELL_001_TauruswRensha,
170010101,CUnitTaskAutomata_017GYAKCH_001NEWGUN_001_Funnel,automata,CUnitTaskAutomataFunnelMawarikomi,0x141432028,0x3550,2=OnInit;79=FillParamBlock;81=CreateCmdActionManager,alert_config;custom_attack_shape;custom_param_block,CCmdActionManager_017GYAKCH_001NEWGUN_001_Funnel,0xD32D39ED;0xEDD1C108
170010102,CUnitTaskAutomata_017GYAKCH_001NEWGUN_001_FunnelIfiTop,automata,CUnitTaskAutomataFunnelFlyStickOnMySelf,0x141432350,0x3530,2=OnInit;79=FillParamBlock;81=CreateCmdActionManager;91=FillParamSubBlock,custom_attack_shape;custom_param_block,CCmdActionManager_017GYAKCH_001NEWGUN_001_FunnelIfiTop,0xD32D39ED;0xDCEAF7AC;0xEDD1C108
170010105,CUnitTaskAutomata_017GYAKCH_001NEWGUN_001_FunnelStayShot,automata,CUnitTaskAutomataFunnelTukimatoi_ShotOrder,0x1414329A0,0x3540,79=FillParamBlock;81=CreateCmdActionManager,custom_attack_shape;custom_param_block,CCmdActionManager_017GYAKCH_001NEWGUN_001_FunnelStayShot,
170010103,CUnitTaskAutomata_017GYAKCH_001NEWGUN_001_HissatsuFunnel,automata,CUnitTaskAutomataFunnelSwarm,0x141650E30,0x3560,79=FillParamBlock;81=CreateCmdActionManager,alert_config;custom_attack_shape;custom_param_block,CCmdActionManager_017GYAKCH_001NEWGUN_001_HissatsuFunnel,0xDCEAF7AC
170010104,CUnitTaskAutomata_017GYAKCH_001NEWGUN_001_PurgeFunnel,automata,CUnitTaskAutomataRadiconParentActor,0x141432678,0x3530,79=FillParamBlock;81=CreateCmdActionManager;88=SetupModelAnimation,custom_attack_shape,CCmdActionManager_017GYAKCH_001NEWGUN_001_PurgeFunnel,
170020103,CUnitTaskAutomata_017GYAKCH_002SAZABI_001_FunnelFly,automata,CUnitTaskAutomataFunnelMawarikomi,0x141432FF0,0x3540,79=FillParamBlock;81=CreateCmdActionManager,alert_config;custom_attack_shape;custom_param_block,CCmdActionManager_017GYAKCH_002SAZABI_001_FunnelFly,0xD32D39ED;0xEDD1C108
170020104,CUnitTaskAutomata_017GYAKCH_002SAZABI_001_FunnelSwarm,automata,CUnitTaskAutomataFunnelSwarm,0x141433318,0x3560,79=FillParamBlock;81=CreateCmdActionManager,alert_config;custom_attack_shape;custom_param_block,CCmdActionManager_017GYAKCH_002SAZABI_001_FunnelSwarm,0xEDD1C108
170020102,CUnitTaskAutomata_017GYAKCH_002SAZABI_001_ThrowHissatsuAxis,automata,CUnitTaskAutomataThrow,0x141432CC8,0x36F0,0=Destructor;2=OnInit;12=Update;49;58=BuildHitInfo;79=FillParamBlock;81=CreateCmdActionManager;84=DescribeAttackShape;86=DescribeBarrier;88=SetupModelAnimation;89=OnInitHookA,barrier;alert_config;custom_attack_shape;custom_param_block,CCmdActionManager_017GYAKCH_002SAZABI_001_ThrowHissatsuAxis;CCmdActionManager_Throw,
170030103,CUnitTaskAutomata_017GYAKCH_003REGZ00_001_BwsPorori,automata,CUnitTaskAutomataFreeFall_Interaction,0x141433968,0x3530,81=CreateCmdActionManager,alert_config;custom_attack_shape;custom_param_block,CCmdActionManager_017GYAKCH_003REGZ00_001_BwsPorori,
170030101,CUnitTaskAutomata_017GYAKCH_003REGZ00_001_BwsThrow,automata,CUnitTaskAutomataThrow,0x141433640,0x3530,79=FillParamBlock;81=CreateCmdActionManager;84=DescribeAttackShape;89=OnInitHookA,alert_config;custom_attack_shape;custom_param_block,CCmdActionManager_Throw,0x4C55EA3D;0xABEDC73A;0xD8F283FB;0xDCEAF7AC;0xFAA5615C
170030105,CUnitTaskAutomata_017GYAKCH_003REGZ00_001_Spawner_ThrowPsychoframe,automata,CUnitTaskAutomataRadiconParentActor,0x141433FB8,0x3530,79=FillParamBlock;81=CreateCmdActionManager,,CCmdActionManager_017GYAKCH_003REGZ00_001_Spawner_ThrowPsychoframe,
170030104,CUnitTaskAutomata_017GYAKCH_003REGZ00_001_ThrowPsychoframe,automata,CUnitTaskAutomataThrow,0x141433C90,0x3530,79=FillParamBlock;81=CreateCmdActionManager;86=DescribeBarrier,barrier;alert_config;custom_attack_shape;custom_param_block,CCmdActionManager_017GYAKCH_003REGZ00_001_ThrowPsychoframe;CCmdActionManager_Throw,0x4C55EA3D
170040101,CUnitTaskAutomata_017GYAKCH_004JGDOGA_001_FunnelFly,automata,CUnitTaskAutomataFunnelMawarikomi,0x1414342E0,0x3540,79=FillParamBlock;81=CreateCmdActionManager,alert_config;custom_attack_shape;custom_param_block,CCmdActionManager_017GYAKCH_004JGDOGA_001_FunnelFly,0xD32D39ED;0xEDD1C108
170040105,CUnitTaskAutomata_017GYAKCH_004JGDOGA_001_FunnelShotMissile,automata,CUnitTaskAutomataFunnel,0x141434C60,0x3530,79=FillParamBlock;81=CreateCmdActionManager;84=DescribeAttackShape,alert_config;custom_attack_shape;custom_param_block,CCmdActionManager_017GYAKCH_004JGDOGA_001_FunnelShotMissile,0xD32D39ED;0xEDD1C108
170040102,CUnitTaskAutomata_017GYAKCH_004JGDOGA_001_GearadogaHissatsu,automata,CUnitTaskAutomataSummonRushShot,0x141434608,0x3550,79=FillParamBlock;81=CreateCmdActionManager;88=SetupModelAnimation,stage_contact_override;alert_config;custom_attack_shape;custom_param_block,CCmdActionManager_017GYAKCH_004JGDOGA_001_GearadogaHissatsu,0x36FCE2D7;0x41FBD241;0x46961658;0xA5364F08;0xA8987774;0xDF9F47E2
170040103,CUnitTaskAutomata_017GYAKCH_004JGDOGA_001_GearadogaWire,automata,CUnitTaskAutomataThrow,0x141434938,0x3530,79=FillParamBlock;81=CreateCmdActionManager;91=FillParamSubBlock,alert_config;custom_attack_shape;custom_param_block,CCmdActionManager_017GYAKCH_004JGDOGA_001_GearadogaWire;CCmdActionManager_Throw,
170040104,CUnitTaskAutomata_017GYAKCH_004JGDOGA_001_NuclearMissile,automata,CUnitTaskAutomataThrow,0x141434F88,0x3530,79=FillParamBlock;81=CreateCmdActionManager,alert_config;custom_attack_shape;custom_param_block,CCmdActionManager_017GYAKCH_004JGDOGA_001_NuclearMissile;CCmdActionManager_Throw,
170060102,CUnitTaskAutomata_017GYAKCH_006NEWHWS_001_AttachChangeKickBackSaber,automata,CUnitTaskAutomataAttach,0x1414355E8,0x3530,79=FillParamBlock;81=CreateCmdActionManager;88=SetupModelAnimation;91=FillParamSubBlock,custom_attack_shape;custom_param_block,CCmdActionManager_017GYAKCH_006NEWHWS_001_AttachChangeKickBackSaber,0x13C6C469;0x8ACF95D3;0xFDC8A545
170060101,CUnitTaskAutomata_017GYAKCH_006NEWHWS_001_AttachChangeSaber,automata,CUnitTaskAutomataSticker,0x1414352B0,0x3540,79=FillParamBlock;81=CreateCmdActionManager;89=OnInitHookA;91=FillParamSubBlock,custom_attack_shape;custom_param_block,CCmdActionManager_017GYAKCH_006NEWHWS_001_AttachChangeSaber,0x3B52DAAB;0x3C3F1EB2;0x4B382E24;0xA25B8B11;0xA5364F08;0xD55CBB87;0xD8F283FB
170060103,CUnitTaskAutomata_017GYAKCH_006NEWHWS_001_Funnel,automata,CUnitTaskAutomataFunnelMawarikomi,0x141435910,0x3540,79=FillParamBlock;81=CreateCmdActionManager,alert_config;custom_attack_shape;custom_param_block,CCmdActionManager_017GYAKCH_006NEWHWS_001_Funnel,
170060105,CUnitTaskAutomata_017GYAKCH_006NEWHWS_001_FunnelAttachChangeWeapon,automata,CUnitTaskAutomataAttachReturn,0x141436288,0x3540,79=FillParamBlock;81=CreateCmdActionManager;88=SetupModelAnimation;91=FillParamSubBlock,custom_attack_shape;custom_param_block,CCmdActionManager_017GYAKCH_006NEWHWS_001_FunnelAttachChangeWeapon,0xD32D39ED;0xDCEAF7AC
170060104,CUnitTaskAutomata_017GYAKCH_006NEWHWS_001_FunnelStayShot,automata,CUnitTaskAutomataFunnelShotStayShift,0x141435C38,0x3530,79=FillParamBlock;81=CreateCmdActionManager,alert_config;custom_attack_shape;custom_param_block,CCmdActionManager_017GYAKCH_006NEWHWS_001_FunnelStayShot,
170060106,CUnitTaskAutomata_017GYAKCH_006NEWHWS_001_MbShieldDocking,automata,CUnitTaskAutomataAttachAbstract,0x141435F60,0x3530,79=FillParamBlock;81=CreateCmdActionManager,custom_attack_shape;custom_param_block,CCmdActionManager_017GYAKCH_006NEWHWS_001_MbShieldDocking,0xD32D39ED;0xEDD1C108
170060107,CUnitTaskAutomata_017GYAKCH_006NEWHWS_001_MbShieldPorori,automata,CUnitTaskAutomataFreeFall,0x1414365B0,0x3530,,custom_attack_shape;custom_param_block,CCmdActionManager_FreeFall,
170070103,CUnitTaskAutomata_017GYAKCH_007NGLRFF_001_DummyBalloon,automata,CUnitTaskAutomataThrow,0x141436F28,0x3530,79=FillParamBlock;81=CreateCmdActionManager;84=DescribeAttackShape;86=DescribeBarrier;88=SetupModelAnimation,barrier;alert_config;custom_attack_shape;custom_param_block,CCmdActionManager_017GYAKCH_007NGLRFF_001_DummyBalloon;CCmdActionManager_Throw,0x4C55EA3D;0x8DA251CA;0xFAA5615C
170070102,CUnitTaskAutomata_017GYAKCH_007NGLRFF_001_FunnelBoomerang,automata,CUnitTaskAutomataBoomerang,0x141436C00,0x3560,2=OnInit;59=CreateMotionComponents;72=PostUpdateEffects;79=FillParamBlock;81=CreateCmdActionManager;84=DescribeAttackShape;89=OnInitHookA;90=SetupModelSubObject,stage_contact_override;alert_config;custom_attack_shape;custom_param_block,CCmdActionManager_017GYAKCH_007NGLRFF_001_FunnelBoomerang,0x13C6C469;0x14AB0070;0x63AC30E6;0x64C1F4FF;0x8379D9F8;0x8ACF95D3;0x8DA251CA;0xABEDC73A;0xD188329F;0xF47EE96E;0xFAA5615C;0xFDC8A545
170070101,CUnitTaskAutomata_017GYAKCH_007NGLRFF_001_FunnelShot,automata,CUnitTaskAutomataFunnelShotStayShift,0x1414368D8,0x3540,2=OnInit;59=CreateMotionComponents;79=FillParamBlock;81=CreateCmdActionManager;88=SetupModelAnimation;89=OnInitHookA;90=SetupModelSubObject,alert_config;custom_attack_shape;custom_param_block,CCmdActionManager_017GYAKCH_007NGLRFF_001_FunnelShot,0x319126CE;0x46961658;0xDF9F47E2
180010105,CUnitTaskAutomata_018GGUNDM_001GODGND_001_AssistHuunsaikiKijouRush,automata,CUnitTaskAutomata_AssistHuunsaikiAbstract,0x141438550,0x3540,79=FillParamBlock;81=CreateCmdActionManager;90=SetupModelSubObject,stage_contact_override;alert_config;custom_attack_shape;custom_param_block,CCmdActionManager_018GGUNDM_001GODGND_001_AssistHuunsaikiRushKijou,
180010104,CUnitTaskAutomata_018GGUNDM_001GODGND_001_AssistHuunsaikiRush,automata,CUnitTaskAutomata_AssistHuunsaikiAbstract,0x141438220,0x3540,,stage_contact_override;alert_config;custom_attack_shape;custom_param_block,CCmdActionManager_AssistHuunsaikiAbstract,
180010106,CUnitTaskAutomata_018GGUNDM_001GODGND_001_GodShadow,automata,CUnitTaskAutomataRadiconParentActor,0x141437250,0x3530,81=CreateCmdActionManager,barrier;custom_attack_shape,CCmdActionManager_018GGUNDM_001GODGND_001_GodShadow,
180010101,CUnitTaskAutomata_018GGUNDM_001GODGND_001_GodSlash,automata,CUnitTaskAutomataThrowBlade,0x141437578,0x3560,79=FillParamBlock;81=CreateCmdActionManager;88=SetupModelAnimation,alert_config;custom_attack_shape;custom_param_block,CCmdActionManager_018GGUNDM_001GODGND_001_GodSlash;CCmdActionManager_Throw,0x63AC30E6
180010102,CUnitTaskAutomata_018GGUNDM_001GODGND_001_KingOfHeart,automata,CUnitTaskAutomataThrow,0x1414378A0,0x3530,81=CreateCmdActionManager,alert_config;custom_attack_shape;custom_param_block,CCmdActionManager_018GGUNDM_001GODGND_001_KingOfHeart;CCmdActionManager_Throw,
180010103,CUnitTaskAutomata_018GGUNDM_001GODGND_001_Tenkyouken,automata,CUnitTaskAutomataThrow,0x141437BC8,0x3530,81=CreateCmdActionManager,alert_config;custom_attack_shape;custom_param_block,CCmdActionManager_018GGUNDM_001GODGND_001_Tenkyouken;CCmdActionManager_Throw,
180010107,CUnitTaskAutomata_018GGUNDM_001GODGND_001_XShockWave,automata,CUnitTaskAutomataThrowBlade,0x141438880,0x3550,79=FillParamBlock;81=CreateCmdActionManager,stage_contact_override;alert_config;custom_attack_shape;custom_param_block,CCmdActionManager_018GGUNDM_001GODGND_001_XShockWave;CCmdActionManager_Throw,0x63AC30E6;0xFDC8A545
180020104,CUnitTaskAutomata_018GGUNDM_002DRAGON_001_DragonClaw,automata,CUnitTaskAutomataRadiconParentActor,0x141438BA8,0x3530,0=Destructor;73=OnStageContact;79=FillParamBlock;81=CreateCmdActionManager,stage_contact_override;alert_config;custom_attack_shape,CCmdActionManager_018GGUNDM_002DRAGON_001_DragonClaw,0x8DA251CA
180020105,CUnitTaskAutomata_018GGUNDM_002DRAGON_001_DragonclawAnchor,automata,CUnitTaskAutomataAnchor,0x141438ED0,0x3540,79=FillParamBlock,stage_contact_override;custom_attack_shape;custom_param_block,CCmdActionManager_Anchor,
180020108,CUnitTaskAutomata_018GGUNDM_002DRAGON_001_DragonclawAnchorMakituki,automata,CUnitTaskAutomataAnchor,0x141439B70,0x3550,2=OnInit;79=FillParamBlock;81=CreateCmdActionManager;84=DescribeAttackShape,stage_contact_override;custom_attack_shape;custom_param_block,CCmdActionManager_018GGUNDM_002DRAGON_001_DragonclawAnchorMakituki,0x3C3F1EB2;0x4B382E24;0xD55CBB87
180020109,CUnitTaskAutomata_018GGUNDM_002DRAGON_001_DragonclawAnchorStick,automata,CUnitTaskAutomataSticker,0x141439E98,0x3540,12=Update;79=FillParamBlock;81=CreateCmdActionManager;84=DescribeAttackShape;88=SetupModelAnimation;91=FillParamSubBlock,custom_attack_shape;custom_param_block,CCmdActionManager_018GGUNDM_002DRAGON_001_DragonclawAnchorStick,0x3C3F1EB2;0x4B382E24;0xA5364F08
180020101,CUnitTaskAutomata_018GGUNDM_002DRAGON_001_FeilongFlag,automata,CUnitTaskAutomataRadiconParentActor,0x1414391F8,0x3540,2=OnInit;73=OnStageContact;76=ArchetypeEventHook;79=FillParamBlock;81=CreateCmdActionManager;84=DescribeAttackShape;88=SetupModelAnimation;89=OnInitHookA;91=FillParamSubBlock,stage_contact_override;alert_config;custom_attack_shape,CCmdActionManager_018GGUNDM_002DRAGON_001_FeilongFlag,0x89BE0F56;0xAB606D9E;0xD8F283FB
180020107,CUnitTaskAutomata_018GGUNDM_002DRAGON_001_FeilongFlagCenter,automata,CUnitTaskAutomataRadiconParentActor,0x141439520,0x3530,74=OnHitConsumed;79=FillParamBlock;81=CreateCmdActionManager;84=DescribeAttackShape,hit_consumed_hook;custom_attack_shape,CCmdActionManager_018GGUNDM_002DRAGON_001_FeilongFlagCenter,
180020102,CUnitTaskAutomata_018GGUNDM_002DRAGON_001_JuzetsuzinFlag,automata,CUnitTaskAutomata_018GGUNDM_002DRAGON_001_FeilongFlag,0x141439848,0x3540,79=FillParamBlock;81=CreateCmdActionManager,stage_contact_override;alert_config;custom_attack_shape,CCmdActionManager_018GGUNDM_002DRAGON_001_JuzetsuzinFlag,
180030104,CUnitTaskAutomata_018GGUNDM_003MASTER_001_AssistHeavensswordGrap,automata,CUnitTaskAutomataSummonGrap,0x14143A1D0,0x3540,79=FillParamBlock;81=CreateCmdActionManager;84=DescribeAttackShape,stage_contact_override;alert_config;custom_attack_shape;custom_param_block,CCmdActionManager_018GGUNDM_003MASTER_001_AssistHeavensswordGrap,0x36FCE2D7;0x3B52DAAB;0x3C3F1EB2;0x41FBD241;0x4B382E24;0x4C55EA3D;0xA25B8B11;0xA8987774;0xABEDC73A;0xD55CBB87;0xDCEAF7AC
180030105,CUnitTaskAutomata_018GGUNDM_003MASTER_001_AssistHuunsaikiRush,automata,CUnitTaskAutomata_AssistHuunsaikiAbstract,0x141437EF0,0x3540,,stage_contact_override;alert_config;custom_attack_shape;custom_param_block,CCmdActionManager_AssistHuunsaikiAbstract,
180030102,CUnitTaskAutomata_018GGUNDM_003MASTER_001_ChokyuHaouDeneidanDomon,automata,CUnitTaskAutomataRadiconParentActor,0x14143A508,0x3530,2=OnInit;79=FillParamBlock;81=CreateCmdActionManager;84=DescribeAttackShape;88=SetupModelAnimation,alert_config;custom_attack_shape,CCmdActionManager_018GGUNDM_003MASTER_001_ChokyuHaouDeneidanDomon,0x36FCE2D7
180030103,CUnitTaskAutomata_018GGUNDM_003MASTER_001_MasterClothMakitsuki,automata,CUnitTaskAutomataSticker,0x14143A830,0x3540,81=CreateCmdActionManager;88=SetupModelAnimation,custom_attack_shape;custom_param_block,CCmdActionManager_018GGUNDM_003MASTER_001_MasterClothMakitsuki,
180030101,CUnitTaskAutomata_018GGUNDM_003MASTER_001_SmallMaster,automata,CUnitTaskAutomataFunnelFlySword,0x14143AB68,0x3540,79=FillParamBlock;81=CreateCmdActionManager;88=SetupModelAnimation,alert_config;custom_param_block,CCmdActionManager_018GGUNDM_003MASTER_001_SmallMaster,0x36FCE2D7;0x41FBD241;0xDCEAF7AC
180040102,CUnitTaskAutomata_018GGUNDM_004SPIEGL_001_AtemiTeppan,automata,CUnitTaskAutomataRadiconParentActor,0x14143AE90,0x3530,2=OnInit;81=CreateCmdActionManager;89=OnInitHookA,custom_attack_shape,CCmdActionManager_018GGUNDM_004SPIEGL_001_AtemiTeppan,0xD8F283FB
180040104,CUnitTaskAutomata_018GGUNDM_004SPIEGL_001_Bunsin,automata,CUnitTaskAutomataSummonRush,0x14143B4E0,0x3540,79=FillParamBlock;81=CreateCmdActionManager;84=DescribeAttackShape,stage_contact_override;alert_config;custom_attack_shape;custom_param_block,CCmdActionManager_018GGUNDM_004SPIEGL_001_Bunsin,0x41FBD241
180040105,CUnitTaskAutomata_018GGUNDM_004SPIEGL_001_BunsinHissatsu,automata,CUnitTaskAutomataSummonRush,0x14143B810,0x3540,79=FillParamBlock;81=CreateCmdActionManager;88=SetupModelAnimation,stage_contact_override;custom_model_setup;alert_config;custom_attack_shape;custom_param_block,CCmdActionManager_018GGUNDM_004SPIEGL_001_BunsinHissatsu,0x3C3F1EB2;0x41FBD241
180040107,CUnitTaskAutomata_018GGUNDM_004SPIEGL_001_BunsinRush,automata,CUnitTaskAutomataSummonRushAttackNormal,0x14143BE68,0x3540,79=FillParamBlock;81=CreateCmdActionManager;84=DescribeAttackShape;88=SetupModelAnimation,stage_contact_override;alert_config;custom_attack_shape;custom_param_block,CCmdActionManager_018GGUNDM_004SPIEGL_001_BunsinRush,0x36FCE2D7;0x41FBD241;0x63AC30E6;0x8ACF95D3;0xFDC8A545
180040103,CUnitTaskAutomata_018GGUNDM_004SPIEGL_001_IronNet,automata,CUnitTaskAutomataThrow,0x14143B1B8,0x3530,81=CreateCmdActionManager;88=SetupModelAnimation,alert_config;custom_attack_shape;custom_param_block,CCmdActionManager_018GGUNDM_004SPIEGL_001_IronNet;CCmdActionManager_Throw,
180040106,CUnitTaskAutomata_018GGUNDM_004SPIEGL_001_PutObj_Bunsin,automata,CUnitTaskAutomataPutObj,0x14143BB40,0x3530,79=FillParamBlock;81=CreateCmdActionManager;88=SetupModelAnimation;90=SetupModelSubObject,custom_attack_shape;custom_param_block,CCmdActionManager_018GGUNDM_004SPIEGL_001_PutObj_Bunsin,0x41FBD241
180050102,CUnitTaskAutomata_018GGUNDM_005NOBELG_001_RibbonHobaku,automata,CUnitTaskAutomataSticker,0x14143C4C0,0x3540,79=FillParamBlock;81=CreateCmdActionManager,custom_attack_shape;custom_param_block,CCmdActionManager_018GGUNDM_005NOBELG_001_RibbonHobaku,
180050101,CUnitTaskAutomata_018GGUNDM_005NOBELG_001_ThrowHulahoop,automata,CUnitTaskAutomataThrowBlade,0x14143C198,0x3550,79=FillParamBlock;81=CreateCmdActionManager;88=SetupModelAnimation,alert_config;custom_attack_shape;custom_param_block,CCmdActionManager_018GGUNDM_005NOBELG_001_ThrowHulahoop;CCmdActionManager_Throw,0x3B52DAAB
180060101,CUnitTaskAutomata_018GGUNDM_006SHINIG_001_AssistKowloonGundamCloth,automata,CUnitTaskAutomataSummonRushAttackNormal,0x14143C7F8,0x3890,0=Destructor;2=OnInit;11=PreUpdate;21=PreInit;79=FillParamBlock;81=CreateCmdActionManager;88=SetupModelAnimation,stage_contact_override;alert_config;custom_attack_shape;custom_param_block,CCmdActionManager_018GGUNDM_006SHINIG_001_AssistKowloonGundamCloth,0x13C6C469;0x36FCE2D7;0x41FBD241;0x8ACF95D3;0xFDC8A545
180060102,CUnitTaskAutomata_018GGUNDM_006SHINIG_001_AssistKowloonGundamDeneidan,automata,CUnitTaskAutomataSummonRush,0x14143CB28,0x3540,2=OnInit;73=OnStageContact;79=FillParamBlock;81=CreateCmdActionManager;84=DescribeAttackShape;86=DescribeBarrier;88=SetupModelAnimation,barrier;stage_contact_override;alert_config;custom_attack_shape;custom_param_block,CCmdActionManager_018GGUNDM_006SHINIG_001_AssistKowloonGundamDeneidan,0x13C6C469;0x41435BE6
180060103,CUnitTaskAutomata_018GGUNDM_006SHINIG_001_DeneidanBlastNotifier,automata,CUnitTaskAutomataSticker,0x14143CE58,0x3540,79=FillParamBlock;81=CreateCmdActionManager;91=FillParamSubBlock,custom_attack_shape;custom_param_block,CCmdActionManager_018GGUNDM_006SHINIG_001_DeneidanBlastNotifier,
180060104,CUnitTaskAutomata_018GGUNDM_006SHINIG_001_ThrowSmokeGrenade,automata,CUnitTaskAutomataThrowMortar,0x14143D190,0x3530,79=FillParamBlock;81=CreateCmdActionManager;91=FillParamSubBlock,alert_config;custom_attack_shape;custom_param_block;init_data_modifier,CCmdActionManager_018GGUNDM_006SHINIG_001_ThrowSmokeGrenade,
180070101,CUnitTaskAutomata_018GGUNDM_007RISING_001_GodFinger,automata,CUnitTaskAutomataSummonRush,0x14143D4B8,0x3540,79=FillParamBlock;81=CreateCmdActionManager;84=DescribeAttackShape;88=SetupModelAnimation;89=OnInitHookA;91=FillParamSubBlock,stage_contact_override;alert_config;custom_attack_shape;custom_param_block,CCmdActionManager_018GGUNDM_007RISING_001_GodFinger,0x3C3F1EB2;0x4B382E24;0xA25B8B11;0xD55CBB87
180070102,CUnitTaskAutomata_018GGUNDM_007RISING_001_GodTyphoon,automata,CUnitTaskAutomataSummonRushAttackNormal,0x14143D7E8,0x3540,79=FillParamBlock;81=CreateCmdActionManager;84=DescribeAttackShape;86=DescribeBarrier;88=SetupModelAnimation;89=OnInitHookA,barrier;stage_contact_override;alert_config;custom_attack_shape;custom_param_block,CCmdActionManager_018GGUNDM_007RISING_001_GodTyphoon,0x63AC30E6;0xFDC8A545
180070103,CUnitTaskAutomata_018GGUNDM_007RISING_001_ShoulderPurge,automata,CUnitTaskAutomataFreeFall,0x14143DB18,0x3530,88=SetupModelAnimation,custom_attack_shape;custom_param_block,CCmdActionManager_FreeFall,0x46961658
180070104,CUnitTaskAutomata_018GGUNDM_007RISING_001_Winlose,automata,CUnitTaskAutomata_000COMMON_000COMMON_001_PutObj,0x14143DE40,0x3530,88=SetupModelAnimation,custom_attack_shape;custom_param_block,CCmdActionManager_PutObj,
180080102,CUnitTaskAutomata_018GGUNDM_008MAXTER_001_ArmorPorori,automata,CUnitTaskAutomata_000COMMON_000COMMON_001_FreeFall,0x14143E498,0x3540,2=OnInit;12=Update,custom_attack_shape;custom_param_block,CCmdActionManager_FreeFall,0x63AC30E6
180080101,CUnitTaskAutomata_018GGUNDM_008MAXTER_001_CyclonePunch,automata,CUnitTaskAutomataThrowPillarLaunchJointYAxis,0x14143E168,0x35C0,79=FillParamBlock;81=CreateCmdActionManager,alert_config;custom_attack_shape;custom_param_block,CCmdActionManager_Throw;CCmdActionManager_ThrowPillar,
180080103,CUnitTaskAutomata_018GGUNDM_008MAXTER_001_ThrowSurfBoard,automata,CUnitTaskAutomata_000COMMON_000COMMON_001_ThrowSaber,0x14143E7C0,0x3540,12=Update;79=FillParamBlock;81=CreateCmdActionManager;91=FillParamSubBlock,alert_config;custom_attack_shape;custom_param_block,CCmdActionManager_018GGUNDM_008MAXTER_001_ThrowSurfBoard,0x64C1F4FF
200010104,CUnitTaskAutomata_020GNSEED_001STRIKE_001_AssistSkygrasperAlRushShot,automata,CUnitTaskAutomataSummonRushShot,0x14143F468,0x3550,81=CreateCmdActionManager;88=SetupModelAnimation,stage_contact_override;alert_config;custom_attack_shape;custom_param_block,CCmdActionManager_020GNSEED_001STRIKE_001_AssistSkygrasperAlRushShot,0x3B52DAAB;0xA25B8B11
200010103,CUnitTaskAutomata_020GNSEED_001STRIKE_001_AssistSkygrasperLaRushShot,automata,CUnitTaskAutomataSummonRushShot,0x14143F138,0x3550,81=CreateCmdActionManager,stage_contact_override;alert_config;custom_attack_shape;custom_param_block,CCmdActionManager_020GNSEED_001STRIKE_001_AssistSkygrasperLaRushShot,
200010105,CUnitTaskAutomata_020GNSEED_001STRIKE_001_AssistSkygrasperSwRush,automata,CUnitTaskAutomataSummonRush,0x14143F798,0x3540,79=FillParamBlock;81=CreateCmdActionManager;84=DescribeAttackShape;88=SetupModelAnimation;89=OnInitHookA,stage_contact_override;alert_config;custom_attack_shape;custom_param_block,CCmdActionManager_020GNSEED_001STRIKE_001_AssistSkygrasperSwRush,0x3B52DAAB;0x3C3F1EB2;0x4B382E24;0x4C55EA3D;0x89BE0F56;0xA25B8B11;0xABEDC73A;0xD55CBB87;0xDCEAF7AC
200010101,CUnitTaskAutomata_020GNSEED_001STRIKE_001_BeemBoomerang,automata,CUnitTaskAutomataBoomerang,0x14143EAE8,0x3540,89=OnInitHookA,stage_contact_override;alert_config;custom_attack_shape;custom_param_block,CCmdActionManager_Boomerang,0xA8987774;0xD8F283FB;0xDF9F47E2
200010102,CUnitTaskAutomata_020GNSEED_001STRIKE_001_RocketAnchor,automata,CUnitTaskAutomataAnchorReturn,0x14143EE10,0x3540,79=FillParamBlock;81=CreateCmdActionManager;88=SetupModelAnimation;89=OnInitHookA,stage_contact_override;custom_attack_shape;custom_param_block,CCmdActionManager_020GNSEED_001STRIKE_001_RocketAnchor,0x319126CE;0x36FCE2D7;0x41FBD241;0x46961658;0xA8987774;0xD32D39ED;0xD8F283FB;0xDF9F47E2;0xEDD1C108
200020102,CUnitTaskAutomata_020GNSEED_002FOBIDN_001_AssistCalamity,automata,CUnitTaskAutomataSummonRushShot,0x14143FDF8,0x3550,81=CreateCmdActionManager;88=SetupModelAnimation,stage_contact_override;alert_config;custom_attack_shape;custom_param_block,CCmdActionManager_020GNSEED_002FOBIDN_001_AssistCalamity,
200020101,CUnitTaskAutomata_020GNSEED_002FOBIDN_001_AssistCalamityLaser,automata,CUnitTaskAutomataSummonRushShot,0x14143FAC8,0x3550,79=FillParamBlock;81=CreateCmdActionManager;88=SetupModelAnimation,stage_contact_override;alert_config;custom_attack_shape;custom_param_block,CCmdActionManager_020GNSEED_002FOBIDN_001_AssistCalamityLaser,0x3B52DAAB;0xA25B8B11
200020104,CUnitTaskAutomata_020GNSEED_002FOBIDN_001_AssistRaider,automata,CUnitTaskAutomataSummon,0x141440458,0x3540,81=CreateCmdActionManager;84=DescribeAttackShape;86=DescribeBarrier;89=OnInitHookA,barrier;stage_contact_override;alert_config;custom_attack_shape;custom_param_block,CCmdActionManager_020GNSEED_002FOBIDN_001_AssistRaider;CCmdActionManager_Summon,0x05D5D30D;0x3B52DAAB;0x3C3F1EB2;0x4B382E24;0xA25B8B11;0xD55CBB87;0xD8F283FB;0xDCEAF7AC
200020106,CUnitTaskAutomata_020GNSEED_002FOBIDN_001_AssistRaiderCalamity,automata,CUnitTaskAutomataSummonRush,0x141440AB0,0x3540,79=FillParamBlock;81=CreateCmdActionManager,hit_consumed_hook;stage_contact_override;alert_config;custom_attack_shape;custom_param_block,CCmdActionManager_020GNSEED_002FOBIDN_001_AssistRaiderCalamity,
200020103,CUnitTaskAutomata_020GNSEED_002FOBIDN_001_AssistRaiderMA,automata,CUnitTaskAutomataSummonRushShotMachinegun,0x141440128,0x3550,12=Update;79=FillParamBlock;81=CreateCmdActionManager;88=SetupModelAnimation,stage_contact_override;alert_config;custom_attack_shape;custom_param_block,CCmdActionManager_020GNSEED_002FOBIDN_001_AssistRaiderMA,
200020107,CUnitTaskAutomata_020GNSEED_002FOBIDN_001_ReflectBeam,automata,CUnitTaskAutomataThrow,0x141440DE0,0x3530,81=CreateCmdActionManager,alert_config;custom_attack_shape;custom_param_block,CCmdActionManager_020GNSEED_002FOBIDN_001_ReflectBeam;CCmdActionManager_Throw,
200020105,CUnitTaskAutomata_020GNSEED_002FOBIDN_001_Winlose,automata,CUnitTaskAutomataPutObj,0x141440788,0x3530,79=FillParamBlock;81=CreateCmdActionManager;88=SetupModelAnimation,custom_attack_shape;custom_param_block,CCmdActionManager_020GNSEED_002FOBIDN_001_Winlose,
200030101,CUnitTaskAutomata_020GNSEED_003PRVDNC_001_FunnelBeamCurtain,automata,CUnitTaskAutomataFunnelMawarikomi,0x141441108,0x3540,79=FillParamBlock;81=CreateCmdActionManager,alert_config;custom_attack_shape;custom_param_block,CCmdActionManager_020GNSEED_003PRVDNC_001_FunnelBeamCurtain,0xD8F283FB
200030108,CUnitTaskAutomata_020GNSEED_003PRVDNC_001_FunnelBeamCurtainRensha,automata,CUnitTaskAutomataFunnelMawarikomiMultipleShot,0x141442A48,0x3550,79=FillParamBlock;81=CreateCmdActionManager,alert_config;custom_attack_shape;custom_param_block,CCmdActionManager_020GNSEED_003PRVDNC_001_FunnelBeamCurtainRensha,0xD8F283FB
200030103,CUnitTaskAutomata_020GNSEED_003PRVDNC_001_FunnelLargeStay,automata,CUnitTaskAutomataFunnelTukimatoi_ShotOrder,0x141441430,0x3550,81=CreateCmdActionManager,custom_attack_shape;custom_param_block,CCmdActionManager_020GNSEED_003PRVDNC_001_FunnelLargeStay,
200030104,CUnitTaskAutomata_020GNSEED_003PRVDNC_001_FunnelSmallFly,automata,CUnitTaskAutomataFunnelMawarikomi,0x141441758,0x3540,79=FillParamBlock;81=CreateCmdActionManager,custom_model_id;alert_config;custom_attack_shape;custom_param_block,CCmdActionManager_020GNSEED_003PRVDNC_001_FunnelSmallFly,
200030109,CUnitTaskAutomata_020GNSEED_003PRVDNC_001_FunnelSmallFlyShot,automata,CUnitTaskAutomata_020GNSEED_003PRVDNC_001_FunnelSmallFly,0x141441A80,0x3540,79=FillParamBlock,custom_model_id;alert_config;custom_attack_shape;custom_param_block,CCmdActionManager_020GNSEED_003PRVDNC_001_FunnelSmallFly,
200030102,CUnitTaskAutomata_020GNSEED_003PRVDNC_001_FunnelSmallStay,automata,CUnitTaskAutomataFunnelShotStayShift,0x141441DA8,0x3530,79=FillParamBlock;81=CreateCmdActionManager,custom_model_id;alert_config;custom_attack_shape;custom_param_block,CCmdActionManager_020GNSEED_003PRVDNC_001_FunnelSmallStay,
200030107,CUnitTaskAutomata_020GNSEED_003PRVDNC_001_FunnelSmallStayShot,automata,CUnitTaskAutomataFunnelMawarikomi_ShotOrder,0x1414420D0,0x3550,79=FillParamBlock;81=CreateCmdActionManager,custom_model_id;alert_config;custom_attack_shape;custom_param_block,CCmdActionManager_020GNSEED_003PRVDNC_001_FunnelSmallStayShot,
200030110,CUnitTaskAutomata_020GNSEED_003PRVDNC_001_GenesisLaser,automata,CUnitTaskAutomataSummonRushShot,0x141443098,0x3550,81=CreateCmdActionManager,stage_contact_override;alert_config;custom_attack_shape;custom_param_block,CCmdActionManager_020GNSEED_003PRVDNC_001_GenesisLaser,
200030111,CUnitTaskAutomata_020GNSEED_003PRVDNC_001_HissatsuFunnelLargeSpear,automata,CUnitTaskAutomataFunnelMawarikomi,0x141442D70,0x3540,81=CreateCmdActionManager,alert_config;custom_attack_shape;custom_param_block,CCmdActionManager_020GNSEED_003PRVDNC_001_HissatsuFunnelLargeSpear,
200030105,CUnitTaskAutomata_020GNSEED_003PRVDNC_001_HissatsuFunnelSpear,automata,CUnitTaskAutomataFunnelMawarikomi,0x1414423F8,0x3540,64=GetHitgroupId;81=CreateCmdActionManager,custom_model_id;alert_config;custom_attack_shape;custom_param_block,CCmdActionManager_020GNSEED_003PRVDNC_001_HissatsuFunnelSpear,
200030106,CUnitTaskAutomata_020GNSEED_003PRVDNC_001_HissatsuFunnelSwarm,automata,CUnitTaskAutomataFunnelSwarm,0x141442720,0x3560,79=FillParamBlock;81=CreateCmdActionManager,alert_config;custom_attack_shape;custom_param_block,CCmdActionManager_020GNSEED_003PRVDNC_001_HissatsuFunnelSwarm,0xD8F283FB
200040101,CUnitTaskAutomata_020GNSEED_004LAGOWE_001_AssistBucueAir,automata,CUnitTaskAutomataSummonRush,0x1414433C8,0x3540,79=FillParamBlock;81=CreateCmdActionManager,stage_contact_override;alert_config;custom_attack_shape;custom_param_block,CCmdActionManager_020GNSEED_004LAGOWE_001_AssistBucueAir,
200040102,CUnitTaskAutomata_020GNSEED_004LAGOWE_001_AssistBucueGround,automata,CUnitTaskAutomataSummonRushGround,0x1414436F8,0x3540,2=OnInit;21=PreInit;79=FillParamBlock;81=CreateCmdActionManager;100,stage_contact_override;alert_config;custom_attack_shape;custom_param_block,CCmdActionManager_020GNSEED_004LAGOWE_001_AssistBucueGround,
200040103,CUnitTaskAutomata_020GNSEED_004LAGOWE_001_AssistBucueMissilePod,automata,CUnitTaskAutomataSummonRushShot,0x141443A28,0x3550,79=FillParamBlock;81=CreateCmdActionManager;88=SetupModelAnimation,stage_contact_override;alert_config;custom_attack_shape;custom_param_block,CCmdActionManager_020GNSEED_004LAGOWE_001_AssistBucueMissilePod,0x36FCE2D7;0xA8987774;0xDF9F47E2
200040104,CUnitTaskAutomata_020GNSEED_004LAGOWE_001_AssistBucueWinlose,automata,CUnitTaskAutomataPutObj,0x141443D58,0x3530,2=OnInit;81=CreateCmdActionManager;88=SetupModelAnimation,custom_attack_shape;custom_param_block,CCmdActionManager_020GNSEED_004LAGOWE_001_AssistBucueWinlose,0x36FCE2D7
200060101,CUnitTaskAutomata_020GNSEED_006DUELAS_001_AssistBusterGundam,automata,CUnitTaskAutomataSummonTukimatoi,0x141444080,0x3540,79=FillParamBlock;81=CreateCmdActionManager;88=SetupModelAnimation,stage_contact_override;alert_config;custom_attack_shape;custom_param_block,CCmdActionManager_020GNSEED_006DUELAS_001_AssistBusterGundam,
200090101,CUnitTaskAutomata_020GNSEED_009BLITZG_001_Anchor,automata,CUnitTaskAutomataAnchorReturn,0x1414443B0,0x3540,79=FillParamBlock;81=CreateCmdActionManager;88=SetupModelAnimation;89=OnInitHookA,stage_contact_override;custom_attack_shape;custom_param_block,CCmdActionManager_020GNSEED_009BLITZG_001_Anchor,0xD32D39ED;0xD8F283FB;0xEDD1C108
200090104,CUnitTaskAutomata_020GNSEED_009BLITZG_001_GurRelease,automata,CUnitTaskAutomataThrow,0x141444A00,0x3530,81=CreateCmdActionManager,stage_contact_override;alert_config;custom_attack_shape;custom_param_block,CCmdActionManager_020GNSEED_009BLITZG_001_GurRelease;CCmdActionManager_Throw,
200090103,CUnitTaskAutomata_020GNSEED_009BLITZG_001_GurRush,automata,CUnitTaskAutomataSummonRush,0x141444D28,0x3550,79=FillParamBlock;81=CreateCmdActionManager,stage_contact_override;alert_config;custom_attack_shape;custom_param_block,CCmdActionManager_020GNSEED_009BLITZG_001_GurRush,0x3C3F1EB2
200090102,CUnitTaskAutomata_020GNSEED_009BLITZG_001_ThrowLancerDart,automata,CUnitTaskAutomata_020GNSEED_009BLITZG_001_ThrowLancerDartAbstract,0x1414446D8,0x3530,81=CreateCmdActionManager;88=SetupModelAnimation,alert_config;custom_attack_shape;custom_param_block,CCmdActionManager_020GNSEED_009BLITZG_001_ThrowLancerDart,
200100101,CUnitTaskAutomata_020GNSEED_010RAIDER_001_HammerShot,automata,CUnitTaskAutomataThrow,0x141445058,0x3530,81=CreateCmdActionManager,alert_config;custom_attack_shape;custom_param_block,CCmdActionManager_020GNSEED_010RAIDER_001_HammerShot;CCmdActionManager_Throw,
200100102,CUnitTaskAutomata_020GNSEED_010RAIDER_001_NuclearMissile,automata,CUnitTaskAutomataThrow,0x141445380,0x3530,81=CreateCmdActionManager,alert_config;custom_attack_shape;custom_param_block,CCmdActionManager_020GNSEED_010RAIDER_001_NuclearMissile;CCmdActionManager_Throw,
200110101,CUnitTaskAutomata_020GNSEED_011BUSTER_001_GunLauncherHESH,automata,CUnitTaskAutomataThrow,0x1414456A8,0x3530,79=FillParamBlock;81=CreateCmdActionManager,alert_config;custom_attack_shape;custom_param_block,CCmdActionManager_020GNSEED_011BUSTER_001_GunLauncherHESH;CCmdActionManager_Throw,
200110102,CUnitTaskAutomata_020GNSEED_011BUSTER_001_GunLauncherHESHMine,automata,CUnitTaskAutomataThrow,0x1414459D0,0x3530,81=CreateCmdActionManager,alert_config;custom_attack_shape;custom_param_block,CCmdActionManager_020GNSEED_011BUSTER_001_GunLauncherHESHMine;CCmdActionManager_Throw,
200110104,CUnitTaskAutomata_020GNSEED_011BUSTER_001_GurRelease,automata,CUnitTaskAutomataThrow,0x141446028,0x3530,81=CreateCmdActionManager,stage_contact_override;alert_config;custom_attack_shape;custom_param_block,CCmdActionManager_020GNSEED_011BUSTER_001_GurRelease;CCmdActionManager_Throw,
200110103,CUnitTaskAutomata_020GNSEED_011BUSTER_001_GurRush,automata,CUnitTaskAutomataSummonRush,0x141445CF8,0x3550,79=FillParamBlock;81=CreateCmdActionManager,stage_contact_override;alert_config;custom_attack_shape;custom_param_block,CCmdActionManager_020GNSEED_011BUSTER_001_GurRush,0x3C3F1EB2
200120101,CUnitTaskAutomata_020GNSEED_012AEGIS0_001_ThrowShield,automata,CUnitTaskAutomata_000COMMON_000COMMON_001_ThrowSaberRolling,0x141446350,0x3530,86=DescribeBarrier,barrier;alert_config;custom_attack_shape;custom_param_block,CCmdActionManager_000COMMON_000COMMON_001_ThrowSaberRolling,
200130101,CUnitTaskAutomata_020GNSEED_013JUSTIC_001_BeamBoomerang,automata,CUnitTaskAutomataBoomerang,0x141446678,0x3540,79=FillParamBlock;81=CreateCmdActionManager,stage_contact_override;alert_config;custom_attack_shape;custom_param_block,CCmdActionManager_020GNSEED_013JUSTIC_001_BeamBoomerang,0xABEDC73A
200130102,CUnitTaskAutomata_020GNSEED_013JUSTIC_001_Lifter,automata,CUnitTaskAutomata_020GNSEED_013JUSTIC_001_AirplaneAbstract,0x1414469A0,0x3530,12=Update;79=FillParamBlock;81=CreateCmdActionManager;84=DescribeAttackShape,stage_contact_override;alert_config;custom_attack_shape,CCmdActionManager_020GNSEED_013JUSTIC_001_Lifter,0xEDD1C108
200140103,CUnitTaskAutomata_020GNSEED_014CALAMT_001_AssistForbiddenRushAttack,automata,CUnitTaskAutomataSummonGrap,0x141447320,0x3550,79=FillParamBlock;81=CreateCmdActionManager;84=DescribeAttackShape,stage_contact_override;alert_config;custom_attack_shape;custom_param_block,CCmdActionManager_020GNSEED_014CALAMT_001_AssistForbiddenRushAttack,0x14AB0070;0x3B52DAAB;0x3C3F1EB2;0x4B382E24;0x4C55EA3D;0x63AC30E6;0x8DA251CA;0xA25B8B11;0xABEDC73A;0xD55CBB87;0xDCEAF7AC;0xFAA5615C
200140104,CUnitTaskAutomata_020GNSEED_014CALAMT_001_AssistForbiddenShot,automata,CUnitTaskAutomataSummonRushShot,0x141447658,0x3550,79=FillParamBlock;81=CreateCmdActionManager;88=SetupModelAnimation,stage_contact_override;alert_config;custom_attack_shape;custom_param_block,CCmdActionManager_020GNSEED_014CALAMT_001_AssistForbiddenShot,0x3B52DAAB;0x4C55EA3D;0xA25B8B11
200140102,CUnitTaskAutomata_020GNSEED_014CALAMT_001_AssistGinnShootDown,automata,CUnitTaskAutomataSummonRush,0x141446FF0,0x3540,79=FillParamBlock;81=CreateCmdActionManager,stage_contact_override;alert_config;custom_attack_shape;custom_param_block,CCmdActionManager_020GNSEED_014CALAMT_001_AssistGinnShootDown,
200140105,CUnitTaskAutomata_020GNSEED_014CALAMT_001_SpAssistForbiddenRushAttack,automata,CUnitTaskAutomataSummonGrap,0x141447988,0x3550,76=ArchetypeEventHook;79=FillParamBlock;81=CreateCmdActionManager;84=DescribeAttackShape;88=SetupModelAnimation,stage_contact_override;alert_config;custom_attack_shape;custom_param_block,CCmdActionManager_020GNSEED_014CALAMT_001_SpAssistForbiddenRushAttack,0x14AB0070;0x3B52DAAB;0x3C3F1EB2;0x4B382E24;0x4C55EA3D;0x63AC30E6;0x8DA251CA;0xA25B8B11;0xABEDC73A;0xD55CBB87;0xDCEAF7AC;0xFAA5615C
200140106,CUnitTaskAutomata_020GNSEED_014CALAMT_001_SpAssistRaiderRushAttack,automata,CUnitTaskAutomataSummonGrap,0x141447CC0,0x3550,79=FillParamBlock;81=CreateCmdActionManager;84=DescribeAttackShape;88=SetupModelAnimation,stage_contact_override;alert_config;custom_attack_shape;custom_param_block,CCmdActionManager_020GNSEED_014CALAMT_001_SpAssistRaiderRushAttack,0x14AB0070;0x3B52DAAB;0x3C3F1EB2;0x4B382E24;0x4C55EA3D;0x63AC30E6;0x8DA251CA;0xA25B8B11;0xABEDC73A;0xD55CBB87;0xDCEAF7AC;0xFAA5615C
200140101,CUnitTaskAutomata_020GNSEED_014CALAMT_001_ThrowRaider,automata,CUnitTaskAutomataThrow,0x141446CC8,0x3530,2=OnInit;72=PostUpdateEffects;73=OnStageContact;76=ArchetypeEventHook;79=FillParamBlock;81=CreateCmdActionManager;84=DescribeAttackShape;90=SetupModelSubObject,stage_contact_override;alert_config;custom_attack_shape;custom_param_block,CCmdActionManager_020GNSEED_014CALAMT_001_ThrowRaider;CCmdActionManager_Throw,0x41FBD241;0x4C55EA3D;0xDCEAF7AC
200140107,CUnitTaskAutomata_020GNSEED_014CALAMT_001_Winlose,automata,CUnitTaskAutomataPutObj,0x141447FF8,0x3530,79=FillParamBlock;81=CreateCmdActionManager;88=SetupModelAnimation,custom_attack_shape;custom_param_block,CCmdActionManager_020GNSEED_014CALAMT_001_Winlose,0x36FCE2D7;0xDCEAF7AC
210010101,CUnitTaskAutomata_021DESTNY_001STRKFR_001_FunnelFly,automata,CUnitTaskAutomataFunnelMawarikomi,0x141448320,0x3540,79=FillParamBlock;81=CreateCmdActionManager,alert_config;custom_attack_shape;custom_param_block,CCmdActionManager_021DESTNY_001STRKFR_001_FunnelFly,0xD32D39ED;0xEDD1C108
210010102,CUnitTaskAutomata_021DESTNY_001STRKFR_001_FunnelShot,automata,CUnitTaskAutomataFunnelMawarikomi_ShotOrder,0x141448648,0x3550,81=CreateCmdActionManager,custom_attack_shape;custom_param_block,CCmdActionManager_021DESTNY_001STRKFR_001_FunnelShot,
210010103,CUnitTaskAutomata_021DESTNY_001STRKFR_001_FunnelWinlose,automata,CUnitTaskAutomataFunnelFlySword,0x141448970,0x3540,2=OnInit;79=FillParamBlock;81=CreateCmdActionManager,alert_config;custom_attack_shape;custom_param_block,CCmdActionManager_021DESTNY_001STRKFR_001_FunnelWinlose,0xD32D39ED;0xEDD1C108
210020102,CUnitTaskAutomata_021DESTNY_002INJUST_001_GrappleStinger,automata,CUnitTaskAutomataAnchorReturn,0x141448FC0,0x3540,81=CreateCmdActionManager;88=SetupModelAnimation,stage_contact_override;custom_attack_shape;custom_param_block,CCmdActionManager_021DESTNY_002INJUST_001_GrappleStinger,
210020103,CUnitTaskAutomata_021DESTNY_002INJUST_001_Lifter,automata,CUnitTaskAutomata_021DESTNY_002INJUST_001_AirplaneAbstract,0x1414492E8,0x3530,79=FillParamBlock;81=CreateCmdActionManager;88=SetupModelAnimation,stage_contact_override;alert_config;custom_attack_shape,CCmdActionManager_021DESTNY_002INJUST_001_Lifter,
210020101,CUnitTaskAutomata_021DESTNY_002INJUST_001_ShiningEdge,automata,CUnitTaskAutomataBoomerang,0x141448C98,0x3540,81=CreateCmdActionManager,stage_contact_override;alert_config;custom_attack_shape;custom_param_block,CCmdActionManager_021DESTNY_002INJUST_001_ShiningEdge,
210030101,CUnitTaskAutomata_021DESTNY_003DESTNY_001_BeamBoomerang,automata,CUnitTaskAutomataBoomerang,0x141449610,0x3540,81=CreateCmdActionManager;89=OnInitHookA,stage_contact_override;alert_config;custom_attack_shape;custom_param_block,CCmdActionManager_021DESTNY_003DESTNY_001_BeamBoomerang,0xD8F283FB
210040104,CUnitTaskAutomata_021DESTNY_004GNZKWR_001_AssistForceImpulse,automata,CUnitTaskAutomataSummonRush,0x141449938,0x3550,74=OnHitConsumed;79=FillParamBlock;81=CreateCmdActionManager;84=DescribeAttackShape,hit_consumed_hook;stage_contact_override;alert_config;custom_attack_shape;custom_param_block,CCmdActionManager_021DESTNY_004GNZKWR_001_AssistForceImpulse,0x41435BE6
210040101,CUnitTaskAutomata_021DESTNY_004GNZKWR_001_ThrowGrenade,automata,CUnitTaskAutomataThrowMortar,0x141449C68,0x3530,81=CreateCmdActionManager,alert_config;custom_attack_shape;custom_param_block;init_data_modifier,CCmdActionManager_021DESTNY_004GNZKWR_001_ThrowGrenade,
210040102,CUnitTaskAutomata_021DESTNY_004GNZKWR_001_ThrowTomahawk,automata,CUnitTaskAutomataThrowStopRotateOnStick,0x141449F90,0x3530,89=OnInitHookA,alert_config;custom_attack_shape;custom_param_block,CCmdActionManager_Throw;CCmdActionManager_ThrowStopRotateOnStick,0xD8F283FB
210050106,CUnitTaskAutomata_021DESTNY_005IMPULS_001_AssistHissatsuSFlyer,automata,CUnitTaskAutomataSummonRushShot,0x14144AF58,0x3550,79=FillParamBlock;81=CreateCmdActionManager;88=SetupModelAnimation,stage_contact_override;alert_config;custom_attack_shape;custom_param_block,CCmdActionManager_021DESTNY_005IMPULS_001_AssistHissatsuSFlyer,
210050102,CUnitTaskAutomata_021DESTNY_005IMPULS_001_DefiantJaberinThrow,automata,CUnitTaskAutomataThrow,0x14144A5E0,0x3530,79=FillParamBlock;81=CreateCmdActionManager,alert_config;custom_attack_shape;custom_param_block,CCmdActionManager_021DESTNY_005IMPULS_001_DefiantJaberinThrow;CCmdActionManager_Throw,
210050109,CUnitTaskAutomata_021DESTNY_005IMPULS_001_HissatsuFailPororiExcalibur,automata,CUnitTaskAutomataFreeFall_Interaction,0x14144BC10,0x3530,79=FillParamBlock,alert_config;custom_attack_shape;custom_param_block,CCmdActionManager_FreeFall_Interaction,
210050104,CUnitTaskAutomata_021DESTNY_005IMPULS_001_HissatsuFlashEdgeThrow,automata,CUnitTaskAutomataThrow,0x14144B288,0x3530,89=OnInitHookA,alert_config;custom_attack_shape;custom_param_block,CCmdActionManager_Throw,0xD8F283FB
210050105,CUnitTaskAutomata_021DESTNY_005IMPULS_001_HissatsuJaberinThrow,automata,CUnitTaskAutomataThrow,0x14144B5B0,0x3530,,alert_config;custom_attack_shape;custom_param_block,CCmdActionManager_Throw,
210050103,CUnitTaskAutomata_021DESTNY_005IMPULS_001_HissatsuShieldThrow,automata,CUnitTaskAutomataThrow,0x14144AC30,0x3530,79=FillParamBlock,alert_config;custom_attack_shape;custom_param_block,CCmdActionManager_Throw,
210050107,CUnitTaskAutomata_021DESTNY_005IMPULS_001_PororiExcalibur,automata,CUnitTaskAutomataFreeFall_Interaction,0x141658038,0x3530,0=Destructor;79=FillParamBlock;81=CreateCmdActionManager,alert_config;custom_attack_shape;custom_param_block,CCmdActionManager_021DESTNY_005IMPULS_001_PororiExcalibur,
210050110,CUnitTaskAutomata_021DESTNY_005IMPULS_001_PororiSilhouette,automata,CUnitTaskAutomataFreeFall,0x14144A908,0x3540,79=FillParamBlock;88=SetupModelAnimation,custom_attack_shape;custom_param_block,CCmdActionManager_FreeFall,0x63AC30E6;0xFDC8A545
210050108,CUnitTaskAutomata_021DESTNY_005IMPULS_001_SasariExcalibur,automata,CUnitTaskAutomataSticker,0x14144B8D8,0x3540,81=CreateCmdActionManager;89=OnInitHookA,custom_attack_shape;custom_param_block,CCmdActionManager_021DESTNY_005IMPULS_001_SasariExcalibur,0xD8F283FB
210050101,CUnitTaskAutomata_021DESTNY_005IMPULS_001_ShieldReflect,automata,CUnitTaskAutomataThrow,0x14144A2B8,0x3540,75=OnBarrierInteraction;81=CreateCmdActionManager;86=DescribeBarrier,barrier;barrier_interaction;alert_config;custom_attack_shape;custom_param_block,CCmdActionManager_021DESTNY_005IMPULS_001_ShieldReflect;CCmdActionManager_Throw,0xAB606D9E
210050111,CUnitTaskAutomata_021DESTNY_005IMPULS_001_ThrowDagger,automata,CUnitTaskAutomataThrowMortar,0x14144BF38,0x3530,81=CreateCmdActionManager;90=SetupModelSubObject,alert_config;custom_attack_shape;custom_param_block;init_data_modifier,CCmdActionManager_021DESTNY_005IMPULS_001_ThrowDagger,
210060101,CUnitTaskAutomata_021DESTNY_006GAIAGN_001_Meteo,automata,CUnitTaskAutomataThrow,0x14144C260,0x3530,81=CreateCmdActionManager;86=DescribeBarrier;88=SetupModelAnimation,barrier;alert_config;custom_attack_shape;custom_param_block,CCmdActionManager_021DESTNY_006GAIAGN_001_Meteo;CCmdActionManager_Throw,
210070101,CUnitTaskAutomata_021DESTNY_007LEGEND_001_FunnelFly,automata,CUnitTaskAutomataFunnelMawarikomi,0x14144C588,0x3540,79=FillParamBlock;81=CreateCmdActionManager,alert_config;custom_attack_shape;custom_param_block;spawn_orders_override,CCmdActionManager_021DESTNY_007LEGEND_001_FunnelFly,
210070102,CUnitTaskAutomata_021DESTNY_007LEGEND_001_FunnelSword,automata,CUnitTaskAutomataFunnelFlySword,0x14144C8B8,0x3540,79=FillParamBlock;81=CreateCmdActionManager;98=GetSpawnOrderArg,alert_config;custom_attack_shape;custom_param_block;spawn_orders_override,CCmdActionManager_021DESTNY_007LEGEND_001_FunnelSword,0xD32D39ED
210070103,CUnitTaskAutomata_021DESTNY_007LEGEND_001_FunnelTukimatoi,automata,CUnitTaskAutomataFunnelTukimatoi_ShotOrder,0x14144CBE8,0x3540,81=CreateCmdActionManager,custom_attack_shape;custom_param_block;spawn_orders_override,CCmdActionManager_021DESTNY_007LEGEND_001_FunnelTukimatoi,
210070104,CUnitTaskAutomata_021DESTNY_007LEGEND_001_FunnelTukimatoiWinlose,automata,CUnitTaskAutomataFunnelTukimatoi_ShotOrder,0x14144CF10,0x3540,81=CreateCmdActionManager,custom_attack_shape;custom_param_block,CCmdActionManager_021DESTNY_007LEGEND_001_FunnelTukimatoiWinlose,
210080103,CUnitTaskAutomata_021DESTNY_008IMP2LU_001_AssistDestny,automata,CUnitTaskAutomataSummonRush,0x14144D890,0x3550,74=OnHitConsumed;79=FillParamBlock;81=CreateCmdActionManager;84=DescribeAttackShape;89=OnInitHookA,hit_consumed_hook;stage_contact_override;alert_config;custom_attack_shape;custom_param_block,CCmdActionManager_021DESTNY_008IMP2LU_001_AssistDestny,0xD8F283FB
210080106,CUnitTaskAutomata_021DESTNY_008IMP2LU_001_BalkanExplosion,automata,CUnitTaskAutomataSticker,0x14144E210,0x3540,79=FillParamBlock;81=CreateCmdActionManager,custom_attack_shape;custom_param_block,CCmdActionManager_021DESTNY_008IMP2LU_001_BalkanExplosion,
210080105,CUnitTaskAutomata_021DESTNY_008IMP2LU_001_PororiBlastSilhouette,automata,CUnitTaskAutomataFreeFall,0x14144DEE8,0x3530,79=FillParamBlock;81=CreateCmdActionManager,custom_attack_shape;custom_param_block,CCmdActionManager_021DESTNY_008IMP2LU_001_PororiBlastSilhouette,
210080101,CUnitTaskAutomata_021DESTNY_008IMP2LU_001_PororiExcalibur,automata,CUnitTaskAutomataFreeFall_Interaction,0x14144D238,0x3530,79=FillParamBlock;81=CreateCmdActionManager,alert_config;custom_attack_shape;custom_param_block,CCmdActionManager_021DESTNY_008IMP2LU_001_PororiExcalibur,
210080104,CUnitTaskAutomata_021DESTNY_008IMP2LU_001_PororiForceSilhouette,automata,CUnitTaskAutomataFreeFall,0x14144DBC0,0x3530,81=CreateCmdActionManager,custom_attack_shape;custom_param_block,CCmdActionManager_021DESTNY_008IMP2LU_001_PororiForceSilhouette,
210080102,CUnitTaskAutomata_021DESTNY_008IMP2LU_001_PororiSwordSilhouette,automata,CUnitTaskAutomataFreeFall,0x14144D568,0x3530,79=FillParamBlock;81=CreateCmdActionManager;88=SetupModelAnimation,custom_attack_shape;custom_param_block,CCmdActionManager_021DESTNY_008IMP2LU_001_PororiSwordSilhouette,0x63AC30E6;0xFDC8A545
210090107,CUnitTaskAutomata_021DESTNY_009INJ2LA_001_AssistFunnelFly,automata,CUnitTaskAutomataFunnelMawarikomi,0x14144F860,0x3540,79=FillParamBlock;81=CreateCmdActionManager,alert_config;custom_attack_shape;custom_param_block,CCmdActionManager_021DESTNY_009INJ2LA_001_AssistFunnelFly,
210090106,CUnitTaskAutomata_021DESTNY_009INJ2LA_001_AssistStrkfrDragoon,automata,CUnitTaskAutomataSummonRushShot,0x14144F530,0x3560,79=FillParamBlock;81=CreateCmdActionManager,stage_contact_override;alert_config;custom_attack_shape;custom_param_block,CCmdActionManager_021DESTNY_009INJ2LA_001_AssistStrkfrDragoon,
210090105,CUnitTaskAutomata_021DESTNY_009INJ2LA_001_AssistStrkfrFullBurst,automata,CUnitTaskAutomataSummonRushShot,0x14144F200,0x3560,81=CreateCmdActionManager,stage_contact_override;alert_config;custom_attack_shape;custom_param_block,CCmdActionManager_021DESTNY_009INJ2LA_001_AssistStrkfrFullBurst,
210090109,CUnitTaskAutomata_021DESTNY_009INJ2LA_001_AssistStrkfrLose,automata,CUnitTaskAutomataPutObj,0x14144FEB0,0x3530,81=CreateCmdActionManager;88=SetupModelAnimation,custom_attack_shape;custom_param_block,CCmdActionManager_021DESTNY_009INJ2LA_001_AssistStrkfrLose,
210090104,CUnitTaskAutomata_021DESTNY_009INJ2LA_001_AssistStrkfrShot,automata,CUnitTaskAutomataSummonRushShot,0x14144EED0,0x3560,81=CreateCmdActionManager,stage_contact_override;alert_config;custom_attack_shape;custom_param_block,CCmdActionManager_021DESTNY_009INJ2LA_001_AssistStrkfrShot,
210090102,CUnitTaskAutomata_021DESTNY_009INJ2LA_001_AssistStrkfrTsukimatoi,automata,CUnitTaskAutomataSummonTukimatoi,0x14144E870,0x3540,79=FillParamBlock;81=CreateCmdActionManager,stage_contact_override;alert_config;custom_attack_shape;custom_param_block,CCmdActionManager_021DESTNY_009INJ2LA_001_AssistStrkfrTsukimatoi,
210090103,CUnitTaskAutomata_021DESTNY_009INJ2LA_001_AssistStrkfrTsukimatoiRefollow,automata,CUnitTaskAutomata_021DESTNY_009INJ2LA_001_AssistStrkfrTsukimatoi,0x14144EBA0,0x3550,2=OnInit;12=Update;79=FillParamBlock;81=CreateCmdActionManager;88=SetupModelAnimation,stage_contact_override;alert_config;custom_attack_shape;custom_param_block,CCmdActionManager_021DESTNY_009INJ2LA_001_AssistStrkfrTsukimatoiRefollow,
210090108,CUnitTaskAutomata_021DESTNY_009INJ2LA_001_AssistStrkfrWin,automata,CUnitTaskAutomataPutObj,0x14144FB88,0x3530,88=SetupModelAnimation;89=OnInitHookA,custom_attack_shape;custom_param_block,CCmdActionManager_PutObj,0xD8F283FB
210090101,CUnitTaskAutomata_021DESTNY_009INJ2LA_001_Lifter,automata,CUnitTaskAutomata_021DESTNY_009INJ2LA_001_AirplaneAbstract,0x14144E548,0x3530,79=FillParamBlock;81=CreateCmdActionManager;88=SetupModelAnimation,stage_contact_override;alert_config;custom_attack_shape,CCmdActionManager_021DESTNY_009INJ2LA_001_Lifter,
210110102,CUnitTaskAutomata_021DESTNY_011GFIGNT_001_AssistSaviourRush,automata,CUnitTaskAutomataSummonRushAttackNormal,0x141659D28,0x3540,0=Destructor;79=FillParamBlock;88=SetupModelAnimation;89=OnInitHookA,stage_contact_override;alert_config;custom_attack_shape;custom_param_block,CCmdActionManager_SummonRushAttackNormal,
210110101,CUnitTaskAutomata_021DESTNY_011GFIGNT_001_AssistSaviourShot,automata,CUnitTaskAutomataSummonRushShot,0x141659918,0x3550,0=Destructor;79=FillParamBlock;81=CreateCmdActionManager;88=SetupModelAnimation,stage_contact_override;alert_config;custom_attack_shape;custom_param_block,CCmdActionManager_021DESTNY_011GFIGNT_001_AssistSaviourShot,
210110103,CUnitTaskAutomata_021DESTNY_011GFIGNT_001_StickerHeatRodMakituki,automata,CUnitTaskAutomata_021DESTNY_011GFIGNT_001_StickerHeatRodMakitukiAbstract,0x1414501D8,0x3540,,custom_attack_shape;custom_param_block,CCmdActionManager_021DESTNY_011GFIGNT_001_StickerHeatRodMakitukiAbstract,
210110104,CUnitTaskAutomata_021DESTNY_011GFIGNT_001_StickerHeatRodMakitukiHissatsu,automata,CUnitTaskAutomata_021DESTNY_011GFIGNT_001_StickerHeatRodMakitukiAbstract,0x141450510,0x3540,,custom_attack_shape;custom_param_block,CCmdActionManager_021DESTNY_011GFIGNT_001_StickerHeatRodMakitukiAbstract,
210120104,CUnitTaskAutomata_021DESTNY_012STROUG_001_AssistMurasame,automata,CUnitTaskAutomataSummonTukimatoiAndActionSimple,0x1414511D8,0x3540,79=FillParamBlock;81=CreateCmdActionManager,stage_contact_override;alert_config;custom_attack_shape;custom_param_block,CCmdActionManager_021DESTNY_012STROUG_001_AssistMurasame,0x41FBD241
210120105,CUnitTaskAutomata_021DESTNY_012STROUG_001_AssistMurasameMa,automata,CUnitTaskAutomataSummonRushShot,0x141451508,0x3550,79=FillParamBlock,stage_contact_override;alert_config;custom_attack_shape;custom_param_block,CCmdActionManager_SummonRushShot,
210120106,CUnitTaskAutomata_021DESTNY_012STROUG_001_AssistMurasameSelfdefence,automata,CUnitTaskAutomataSummonDefenceFormation,0x141451838,0x3570,71=OnHitCountExhausted;79=FillParamBlock;104,barrier;hit_count_exhausted_override;stage_contact_override;alert_config;custom_attack_shape;custom_param_block;init_data_modifier,CCmdActionManager_Summon;CCmdActionManager_SummonDefenceFormation,0x41FBD241
210120107,CUnitTaskAutomata_021DESTNY_012STROUG_001_AssistMurasameWinlose,automata,CUnitTaskAutomataPutObj,0x141451BA0,0x3530,2=OnInit;81=CreateCmdActionManager;88=SetupModelAnimation;90=SetupModelSubObject,custom_attack_shape;custom_param_block,CCmdActionManager_021DESTNY_012STROUG_001_AssistMurasameWinlose,0x41FBD241;0xDCEAF7AC
210120101,CUnitTaskAutomata_021DESTNY_012STROUG_001_AssistOotori,automata,CUnitTaskAutomataSummonRush,0x141450848,0x3540,2=OnInit;79=FillParamBlock;81=CreateCmdActionManager;84=DescribeAttackShape;88=SetupModelAnimation,stage_contact_override;alert_config;custom_attack_shape;custom_param_block,CCmdActionManager_021DESTNY_012STROUG_001_AssistOotori,
210120103,CUnitTaskAutomata_021DESTNY_012STROUG_001_StickerArmorSchneider,automata,CUnitTaskAutomataSticker,0x141450B78,0x3540,,custom_attack_shape;custom_param_block,CCmdActionManager_Sticker,
210120102,CUnitTaskAutomata_021DESTNY_012STROUG_001_ThrowTaikantou,automata,CUnitTaskAutomataThrow,0x141450EB0,0x3530,79=FillParamBlock;81=CreateCmdActionManager;89=OnInitHookA,alert_config;custom_attack_shape;custom_param_block,CCmdActionManager_021DESTNY_012STROUG_001_ThrowTaikantou;CCmdActionManager_Throw,0x4C55EA3D;0xD8F283FB
210130101,CUnitTaskAutomata_021DESTNY_013DES2HE_001_BeamBoomerang,automata,CUnitTaskAutomataBoomerang,0x141451EC8,0x3540,81=CreateCmdActionManager;89=OnInitHookA,stage_contact_override;alert_config;custom_attack_shape;custom_param_block,CCmdActionManager_021DESTNY_013DES2HE_001_BeamBoomerang,0x319126CE;0x46961658;0xA8987774;0xD8F283FB;0xDF9F47E2
210130102,CUnitTaskAutomata_021DESTNY_013DES2HE_001_ThrowSaber,automata,CUnitTaskAutomata_000COMMON_000COMMON_001_ThrowSaber,0x1414521F0,0x3530,88=SetupModelAnimation,alert_config;custom_attack_shape;custom_param_block,CCmdActionManager_000COMMON_000COMMON_001_ThrowSaber;CCmdActionManager_Throw,
210150109,CUnitTaskAutomata_021DESTNY_015AKATKI_001_BackpackShot,automata,CUnitTaskAutomataFunnel,0x141453E68,0x3530,79=FillParamBlock;81=CreateCmdActionManager;88=SetupModelAnimation;90=SetupModelSubObject,alert_config;custom_attack_shape;custom_param_block,CCmdActionManager_021DESTNY_015AKATKI_001_BackpackShot,
210150107,CUnitTaskAutomata_021DESTNY_015AKATKI_001_FunnelBarrierMatedefense,automata,CUnitTaskAutomataFunnelDefence,0x141453810,0x3540,81=CreateCmdActionManager,custom_attack_shape;custom_param_block;spawn_orders_override,CCmdActionManager_021DESTNY_015AKATKI_001_FunnelBarrierAbstract;CCmdActionManager_021DESTNY_015AKATKI_001_FunnelBarrierMatedefense,0xDCEAF7AC
210150106,CUnitTaskAutomata_021DESTNY_015AKATKI_001_FunnelBarrierSelfdefense,automata,CUnitTaskAutomataFunnelDefence,0x1414534E0,0x3540,81=CreateCmdActionManager,custom_attack_shape;custom_param_block;spawn_orders_override,CCmdActionManager_021DESTNY_015AKATKI_001_FunnelBarrierAbstract;CCmdActionManager_021DESTNY_015AKATKI_001_FunnelBarrierSelfdefense,0xDCEAF7AC
210150102,CUnitTaskAutomata_021DESTNY_015AKATKI_001_FunnelFly,automata,CUnitTaskAutomata_021DESTNY_015AKATKI_001_FunnelFlyAbstract,0x141452840,0x3540,79=FillParamBlock;81=CreateCmdActionManager,alert_config;custom_attack_shape;custom_param_block;spawn_orders_override,CCmdActionManager_021DESTNY_015AKATKI_001_FunnelFlyAbstract,
210150103,CUnitTaskAutomata_021DESTNY_015AKATKI_001_FunnelFlyHissatsu,automata,CUnitTaskAutomata_021DESTNY_015AKATKI_001_FunnelFlyAbstract,0x141452B68,0x3540,79=FillParamBlock;81=CreateCmdActionManager,alert_config;custom_attack_shape;custom_param_block,CCmdActionManager_021DESTNY_015AKATKI_001_FunnelFlyHissatsu,0xD32D39ED;0xEDD1C108
210150104,CUnitTaskAutomata_021DESTNY_015AKATKI_001_FunnelShotFullburst,automata,CUnitTaskAutomataFunnelShotStayShift,0x141452E90,0x3530,79=FillParamBlock;81=CreateCmdActionManager,alert_config;custom_attack_shape;custom_param_block;spawn_orders_override,CCmdActionManager_021DESTNY_015AKATKI_001_FunnelShotFullburst,0xD32D39ED;0xEDD1C108
210150105,CUnitTaskAutomata_021DESTNY_015AKATKI_001_FunnelStay,automata,CUnitTaskAutomataFunnelShotStayShift,0x1414531B8,0x3530,79=FillParamBlock;81=CreateCmdActionManager,alert_config;custom_attack_shape;custom_param_block;spawn_orders_override,CCmdActionManager_021DESTNY_015AKATKI_001_FunnelStay,0xD32D39ED;0xEDD1C108
210150108,CUnitTaskAutomata_021DESTNY_015AKATKI_001_ShiranuiPorori,automata,CUnitTaskAutomataFreeFall,0x141453B40,0x3530,88=SetupModelAnimation,custom_attack_shape;custom_param_block,CCmdActionManager_FreeFall,
210150101,CUnitTaskAutomata_021DESTNY_015AKATKI_001_ThrowBeamrifleSaber,automata,CUnitTaskAutomata_000COMMON_000COMMON_001_ThrowSaber,0x141452518,0x3530,81=CreateCmdActionManager;91=FillParamSubBlock,alert_config;custom_attack_shape;custom_param_block,CCmdActionManager_021DESTNY_015AKATKI_001_ThrowBeamrifleSaber,
220010103,CUnitTaskAutomata_022ASTRAY_001ASTRED_001_PlateThrow,automata,CUnitTaskAutomataThrowMortar,0x1414547E8,0x3530,79=FillParamBlock;86=DescribeBarrier;88=SetupModelAnimation,barrier;alert_config;custom_attack_shape;custom_param_block;init_data_modifier,CCmdActionManager_Throw;CCmdActionManager_ThrowMortar,0xAB606D9E
220010104,CUnitTaskAutomata_022ASTRAY_001ASTRED_001_PororiSword150Canon,automata,CUnitTaskAutomataFreeFall,0x141454B10,0x3530,88=SetupModelAnimation,custom_attack_shape;custom_param_block,CCmdActionManager_FreeFall,
220010101,CUnitTaskAutomata_022ASTRAY_001ASTRED_001_SwordThrow,automata,CUnitTaskAutomataThrowMortar,0x141454190,0x3530,81=CreateCmdActionManager,alert_config;custom_attack_shape;custom_param_block;init_data_modifier,CCmdActionManager_022ASTRAY_001ASTRED_001_SwordThrow,
220010102,CUnitTaskAutomata_022ASTRAY_001ASTRED_001_SwordThrow150,automata,CUnitTaskAutomataThrowMortar,0x1414544B8,0x35B0,72=PostUpdateEffects;79=FillParamBlock;81=CreateCmdActionManager;91=FillParamSubBlock;100,alert_config;custom_attack_shape;custom_param_block;init_data_modifier,CCmdActionManager_022ASTRAY_001ASTRED_001_SwordThrow150,0x14AB0070;0x63AC30E6;0x8ACF95D3;0x8DA251CA;0xFAA5615C;0xFDC8A545
220020104,CUnitTaskAutomata_022ASTRAY_002ASTBSL_001_ArmorSchneiderThrow,automata,CUnitTaskAutomataThrow,0x141454E38,0x3530,79=FillParamBlock;81=CreateCmdActionManager,alert_config;custom_attack_shape;custom_param_block,CCmdActionManager_022ASTRAY_002ASTBSL_001_ArmorSchneiderThrow;CCmdActionManager_Throw,
220020105,CUnitTaskAutomata_022ASTRAY_002ASTBSL_001_TArmsThrowHissatsu,automata,CUnitTaskAutomataBoomerang,0x141455AF0,0x3540,73=OnStageContact;79=FillParamBlock;81=CreateCmdActionManager,stage_contact_override;alert_config;custom_attack_shape;custom_param_block,CCmdActionManager_022ASTRAY_002ASTBSL_001_TArmsThrowHissatsu,
220020102,CUnitTaskAutomata_022ASTRAY_002ASTBSL_001_TacticalArmsCounter,automata,CUnitTaskAutomataSummonGrap,0x141455160,0x3540,79=FillParamBlock;81=CreateCmdActionManager;84=DescribeAttackShape;102,stage_contact_override;alert_config;custom_attack_shape;custom_param_block,CCmdActionManager_022ASTRAY_002ASTBSL_001_TacticalArmsCounter,
220020103,CUnitTaskAutomata_022ASTRAY_002ASTBSL_001_TacticalArmsDocking,automata,CUnitTaskAutomataAttachAbstract,0x1414554A0,0x3530,79=FillParamBlock;81=CreateCmdActionManager;90=SetupModelSubObject,custom_attack_shape;custom_param_block,CCmdActionManager_022ASTRAY_002ASTBSL_001_TacticalArmsDocking,
220020101,CUnitTaskAutomata_022ASTRAY_002ASTBSL_001_TacticalArmsThrow,automata,CUnitTaskAutomataBoomerang,0x1414557C8,0x3540,79=FillParamBlock;81=CreateCmdActionManager,stage_contact_override;alert_config;custom_attack_shape;custom_param_block,CCmdActionManager_022ASTRAY_002ASTBSL_001_TacticalArmsThrow,
220030101,CUnitTaskAutomata_022ASTRAY_003ASTGAT_001_LancerDart,automata,CUnitTaskAutomataThrow,0x141455E18,0x3530,81=CreateCmdActionManager,alert_config;custom_attack_shape;custom_param_block,CCmdActionManager_022ASTRAY_003ASTGAT_001_LancerDart;CCmdActionManager_Throw,
220030102,CUnitTaskAutomata_022ASTRAY_003ASTGAT_001_LancerDartHissatsu,automata,CUnitTaskAutomataThrow,0x141456140,0x3530,73=OnStageContact;79=FillParamBlock;81=CreateCmdActionManager;91=FillParamSubBlock,stage_contact_override;alert_config;custom_attack_shape;custom_param_block,CCmdActionManager_022ASTRAY_003ASTGAT_001_LancerDartHissatsu;CCmdActionManager_Throw,
220030104,CUnitTaskAutomata_022ASTRAY_003ASTGAT_001_Maganoshirahoko,automata,CUnitTaskAutomataThrowReturn,0x141456468,0x3530,81=CreateCmdActionManager,alert_config;custom_attack_shape;custom_param_block,CCmdActionManager_022ASTRAY_003ASTGAT_001_Maganoshirahoko,
220030103,CUnitTaskAutomata_022ASTRAY_003ASTGAT_001_StickerHissatsuLancer,automata,CUnitTaskAutomataSticker,0x141456790,0x3540,88=SetupModelAnimation;91=FillParamSubBlock,custom_attack_shape;custom_param_block,CCmdActionManager_Sticker,0xD55CBB87
220040104,CUnitTaskAutomata_022ASTRAY_004DREDNT_001_DragoonEndaction,automata,CUnitTaskAutomataAttachAbstract,0x141457448,0x3530,79=FillParamBlock;88=SetupModelAnimation,custom_attack_shape;custom_param_block;spawn_orders_override,CCmdActionManager_AttachAbstract,0xA36593AD;0xD32D39ED
220040105,CUnitTaskAutomata_022ASTRAY_004DREDNT_001_DragoonFlyShot,automata,CUnitTaskAutomataFunnelMawarikomi,0x141457770,0x3540,79=FillParamBlock;81=CreateCmdActionManager;89=OnInitHookA,alert_config;custom_attack_shape;custom_param_block;spawn_orders_override,CCmdActionManager_022ASTRAY_004DREDNT_001_DragoonFlyShot,
220040103,CUnitTaskAutomata_022ASTRAY_004DREDNT_001_DragoonShot,automata,CUnitTaskAutomataFunnelShotStayShift,0x141457120,0x3530,2=OnInit;79=FillParamBlock;81=CreateCmdActionManager;89=OnInitHookA,alert_config;custom_attack_shape;custom_param_block;spawn_orders_override,CCmdActionManager_022ASTRAY_004DREDNT_001_DragoonShot,0xD8F283FB
220040102,CUnitTaskAutomata_022ASTRAY_004DREDNT_001_PristisPurged,automata,CUnitTaskAutomataSummonSlide,0x141456DF0,0x3540,79=FillParamBlock;81=CreateCmdActionManager,stage_contact_override;alert_config;custom_attack_shape;custom_param_block;spawn_orders_override,CCmdActionManager_022ASTRAY_004DREDNT_001_PristisPurged,
220040106,CUnitTaskAutomata_022ASTRAY_004DREDNT_001_PristisSword,automata,CUnitTaskAutomataFunnelFlySword,0x141457A98,0x3550,79=FillParamBlock;81=CreateCmdActionManager;89=OnInitHookA,alert_config;custom_attack_shape;custom_param_block;spawn_orders_override,CCmdActionManager_022ASTRAY_004DREDNT_001_PristisSword,0xD8F283FB
220040101,CUnitTaskAutomata_022ASTRAY_004DREDNT_001_PristisTsukimatoiSelf,automata,CUnitTaskAutomataFunnelTukimatoi_ShotOrder,0x141456AC8,0x3550,79=FillParamBlock;81=CreateCmdActionManager;88=SetupModelAnimation;96=GetSpawnOrderCount,custom_attack_shape;custom_param_block;spawn_orders_override,CCmdActionManager_022ASTRAY_004DREDNT_001_PristisTsukimatoiSelf,0xD8F283FB
220050102,CUnitTaskAutomata_022ASTRAY_005HYPERI_001_FunnelArmureShieldWinLose,automata,CUnitTaskAutomata_022ASTRAY_005HYPERI_001_FunnelCommonDefense,0x1414580F8,0x3560,79=FillParamBlock,custom_attack_shape;custom_param_block;spawn_orders_override,CCmdActionManager_022ASTRAY_005HYPERI_001_FunnelCommonDefense,
220050101,CUnitTaskAutomata_022ASTRAY_005HYPERI_001_FunnelCommonDefense,automata,CUnitTaskAutomataFunnelDefenceFormation,0x141457DC0,0x3560,79=FillParamBlock;81=CreateCmdActionManager;88=SetupModelAnimation;89=OnInitHookA;91=FillParamSubBlock;97=GetSpawnOrderId;98=GetSpawnOrderArg,custom_attack_shape;custom_param_block;spawn_orders_override,CCmdActionManager_022ASTRAY_005HYPERI_001_FunnelCommonDefense,0xD32D39ED;0xD8F283FB
220060103,CUnitTaskAutomata_022ASTRAY_006ASTRKI_001_IkutatiField,automata,CUnitTaskAutomataRadiconParentActor,0x141458DC0,0x3540,12=Update;73=OnStageContact;79=FillParamBlock;81=CreateCmdActionManager;84=DescribeAttackShape,stage_contact_override;custom_attack_shape,CCmdActionManager_022ASTRAY_006ASTRKI_001_IkutatiField,
220060104,CUnitTaskAutomata_022ASTRAY_006ASTRKI_001_IkutatiNotify,automata,CUnitTaskAutomataSticker,0x1414590F0,0x3540,79=FillParamBlock;81=CreateCmdActionManager;89=OnInitHookA;91=FillParamSubBlock,custom_attack_shape;custom_param_block,CCmdActionManager_022ASTRAY_006ASTRKI_001_IkutatiNotify,0xD8F283FB
220060101,CUnitTaskAutomata_022ASTRAY_006ASTRKI_001_SwordThrowNormal,automata,CUnitTaskAutomata_022ASTRAY_006ASTRKI_001_SwordThrow,0x141458430,0x3530,91=FillParamSubBlock,alert_config;custom_attack_shape;custom_param_block;init_data_modifier,CCmdActionManager_022ASTRAY_006ASTRKI_001_SwordThrow,
220060108,CUnitTaskAutomata_022ASTRAY_006ASTRKI_001_SwordThrowSlow,automata,CUnitTaskAutomata_022ASTRAY_006ASTRKI_001_SwordThrow,0x141458760,0x3530,91=FillParamSubBlock,alert_config;custom_attack_shape;custom_param_block;init_data_modifier,CCmdActionManager_022ASTRAY_006ASTRKI_001_SwordThrow,
220060107,CUnitTaskAutomata_022ASTRAY_006ASTRKI_001_TaDockingFromArrow,automata,CUnitTaskAutomata_022ASTRAY_006ASTRKI_001_TaDocking,0x141459A78,0x3530,79=FillParamBlock,custom_attack_shape;custom_param_block;spawn_orders_override,CCmdActionManager_022ASTRAY_006ASTRKI_001_TaDocking,
220060105,CUnitTaskAutomata_022ASTRAY_006ASTRKI_001_TaDockingFromSword,automata,CUnitTaskAutomata_022ASTRAY_006ASTRKI_001_TaDocking,0x141459428,0x3530,79=FillParamBlock,custom_attack_shape;custom_param_block;spawn_orders_override,CCmdActionManager_022ASTRAY_006ASTRKI_001_TaDocking,
220060106,CUnitTaskAutomata_022ASTRAY_006ASTRKI_001_TaDockingFromWork,automata,CUnitTaskAutomata_022ASTRAY_006ASTRKI_001_TaDocking,0x141459750,0x3530,79=FillParamBlock,custom_attack_shape;custom_param_block;spawn_orders_override,CCmdActionManager_022ASTRAY_006ASTRKI_001_TaDocking,
220060102,CUnitTaskAutomata_022ASTRAY_006ASTRKI_001_ThrowRoundSword,automata,CUnitTaskAutomataThrowStopRotateOnStick,0x141458A90,0x3530,79=FillParamBlock;81=CreateCmdActionManager;86=DescribeBarrier;91=FillParamSubBlock,barrier;alert_config;custom_attack_shape;custom_param_block,CCmdActionManager_022ASTRAY_006ASTRKI_001_ThrowRoundSword,0x05D5D30D;0x67921CDD
220080101,CUnitTaskAutomata_022ASTRAY_008ASTRDR_001_BackpackPorori,automata,CUnitTaskAutomataFreeFall,0x141459DA0,0x3530,88=SetupModelAnimation,custom_attack_shape;custom_param_block,CCmdActionManager_FreeFall,
220080102,CUnitTaskAutomata_022ASTRAY_008ASTRDR_001_CaladPorori,automata,CUnitTaskAutomataFreeFall_Interaction,0x14145A0C8,0x3530,2=OnInit;79=FillParamBlock;84=DescribeAttackShape;89=OnInitHookA,alert_config;custom_attack_shape;custom_param_block,CCmdActionManager_FreeFall_Interaction,0x4C55EA3D;0xABEDC73A;0xD8F283FB;0xDCEAF7AC
220080104,CUnitTaskAutomata_022ASTRAY_008ASTRDR_001_SwordThrow,automata,CUnitTaskAutomataThrowMortar,0x14145A728,0x3530,81=CreateCmdActionManager,alert_config;custom_attack_shape;custom_param_block;init_data_modifier,CCmdActionManager_022ASTRAY_008ASTRDR_001_SwordThrow,
220080103,CUnitTaskAutomata_022ASTRAY_008ASTRDR_001_ThrowNageageCalad,automata,CUnitTaskAutomataThrow,0x14145A3F8,0x3530,79=FillParamBlock;81=CreateCmdActionManager;88=SetupModelAnimation,custom_attack_shape;custom_param_block,CCmdActionManager_022ASTRAY_008ASTRDR_001_ThrowNageageCalad;CCmdActionManager_Throw,
220090101,CUnitTaskAutomata_022ASTRAY_009ASTGAM_001_LancerDart,automata,CUnitTaskAutomataThrow,0x14145AA50,0x3530,81=CreateCmdActionManager;88=SetupModelAnimation,alert_config;custom_attack_shape;custom_param_block,CCmdActionManager_022ASTRAY_009ASTGAM_001_LancerDart;CCmdActionManager_Throw,
220090102,CUnitTaskAutomata_022ASTRAY_009ASTGAM_001_Maganoshirahoko,automata,CUnitTaskAutomataThrowReturn,0x14145AD78,0x3530,81=CreateCmdActionManager,alert_config;custom_attack_shape;custom_param_block,CCmdActionManager_022ASTRAY_009ASTGAM_001_Maganoshirahoko,
220090103,CUnitTaskAutomata_022ASTRAY_009ASTGAM_001_OtukisentanThrow,automata,CUnitTaskAutomataAnchorReturn,0x14145B0A0,0x3540,79=FillParamBlock;81=CreateCmdActionManager;88=SetupModelAnimation;89=OnInitHookA;97=GetSpawnOrderId;98=GetSpawnOrderArg,stage_contact_override;custom_attack_shape;custom_param_block;spawn_orders_override,CCmdActionManager_022ASTRAY_009ASTGAM_001_OtukisentanThrow,0xD32D39ED;0xD8F283FB;0xEDD1C108
220100108,CUnitTaskAutomata_022ASTRAY_010ASTBFD_001_BCannonDragoonRefractor,automata,CUnitTaskAutomata_022ASTRAY_010ASTBFD_001_BCannonDragoonShot,0x14145B6F0,0x3530,79=FillParamBlock;81=CreateCmdActionManager,alert_config;custom_attack_shape;custom_param_block,CCmdActionManager_022ASTRAY_010ASTBFD_001_BCannonDragoonRefractor,
220100105,CUnitTaskAutomata_022ASTRAY_010ASTBFD_001_BCannonDragoonShot,automata,CUnitTaskAutomataFunnelShotStayShift,0x14145B3C8,0x3530,79=FillParamBlock;81=CreateCmdActionManager,alert_config;custom_attack_shape;custom_param_block,CCmdActionManager_022ASTRAY_010ASTBFD_001_BCannonDragoonShot,0xD32D39ED;0xEDD1C108
220100104,CUnitTaskAutomata_022ASTRAY_010ASTBFD_001_DragoonAttach,automata,CUnitTaskAutomataAttachAbstract,0x14145BA18,0x3540,79=FillParamBlock;81=CreateCmdActionManager,custom_attack_shape;custom_param_block;spawn_orders_override,CCmdActionManager_022ASTRAY_010ASTBFD_001_DragoonAttach,0xD32D39ED;0xEDD1C108
220100111,CUnitTaskAutomata_022ASTRAY_010ASTBFD_001_DragoonAttachToSword,automata,CUnitTaskAutomataAttachAbstract,0x14145D360,0x3540,79=FillParamBlock;81=CreateCmdActionManager,custom_attack_shape;custom_param_block;spawn_orders_override,CCmdActionManager_022ASTRAY_010ASTBFD_001_DragoonAttachToSword,0xD32D39ED;0xEDD1C108
220100103,CUnitTaskAutomata_022ASTRAY_010ASTBFD_001_SensorDragoonTsukimatoi,automata,CUnitTaskAutomataFunnelTukimatoi,0x14145BD48,0x3540,79=FillParamBlock;81=CreateCmdActionManager,custom_attack_shape;custom_param_block,CCmdActionManager_022ASTRAY_010ASTBFD_001_SensorDragoonTsukimatoi,0xD32D39ED;0xEDD1C108
220100101,CUnitTaskAutomata_022ASTRAY_010ASTBFD_001_StealthDragoonFlySword,automata,CUnitTaskAutomataFunnelFlySwordPenetrate,0x14145C070,0x3540,79=FillParamBlock;81=CreateCmdActionManager,alert_config;custom_attack_shape;custom_param_block,CCmdActionManager_022ASTRAY_010ASTBFD_001_StealthDragoonFlySword,0xD32D39ED;0xEDD1C108
220100109,CUnitTaskAutomata_022ASTRAY_010ASTBFD_001_StealthDragoonRefractorAttachReturn,automata,CUnitTaskAutomataAttachToRadiconReturn,0x14145C398,0x3530,79=FillParamBlock;81=CreateCmdActionManager,custom_attack_shape;custom_param_block,CCmdActionManager_022ASTRAY_010ASTBFD_001_StealthDragoonRefractorAttachReturn,0xD32D39ED;0xEDD1C108
220100102,CUnitTaskAutomata_022ASTRAY_010ASTBFD_001_StrikerPackPorori,automata,CUnitTaskAutomataFreeFall,0x14145C6C0,0x3530,88=SetupModelAnimation,custom_attack_shape;custom_param_block,CCmdActionManager_FreeFall,
220100110,CUnitTaskAutomata_022ASTRAY_010ASTBFD_001_SwordDragoonThrowHissatsu,automata,CUnitTaskAutomataThrow,0x14145D038,0x3530,79=FillParamBlock;81=CreateCmdActionManager,alert_config;custom_attack_shape;custom_param_block,CCmdActionManager_022ASTRAY_010ASTBFD_001_SwordDragoonThrowHissatsu;CCmdActionManager_Throw,0x67921CDD
220100106,CUnitTaskAutomata_022ASTRAY_010ASTBFD_001_SwordDragoonThrowReturn,automata,CUnitTaskAutomataThrowReturn,0x14145C9E8,0x3540,2=OnInit;79=FillParamBlock;81=CreateCmdActionManager;88=SetupModelAnimation;91=FillParamSubBlock;97=GetSpawnOrderId;98=GetSpawnOrderArg,alert_config;custom_attack_shape;custom_param_block;spawn_orders_override,CCmdActionManager_022ASTRAY_010ASTBFD_001_SwordDragoonThrowReturn,0x36FCE2D7;0x41FBD241
220100107,CUnitTaskAutomata_022ASTRAY_010ASTBFD_001_TransparentRefractor,automata,CUnitTaskAutomataFunnelShotStayShift,0x14145CD10,0x3540,2=OnInit;75=OnBarrierInteraction;79=FillParamBlock;81=CreateCmdActionManager;86=DescribeBarrier;88=SetupModelAnimation,barrier;barrier_interaction;alert_config;custom_attack_shape;custom_param_block,CCmdActionManager_022ASTRAY_010ASTBFD_001_TransparentRefractor,0x14AB0070;0x8DA251CA;0xABEDC73A;0xDCEAF7AC;0xFAA5615C
230010104,CUnitTaskAutomata_023CROSGN_001CROSX1_001_PororiMantle,automata,CUnitTaskAutomataFreeFall,0x14145E008,0x3540,2=OnInit;90=SetupModelSubObject,custom_attack_shape;custom_param_block,CCmdActionManager_FreeFall,
230010102,CUnitTaskAutomata_023CROSGN_001CROSX1_001_ShieldSpinThrow,automata,CUnitTaskAutomata_023CROSGN_001CROSX1_001_ShieldThrow,0x14145D9B8,0x3530,73=OnStageContact;79=FillParamBlock;81=CreateCmdActionManager;88=SetupModelAnimation;89=OnInitHookA,barrier;stage_contact_override;alert_config;custom_attack_shape;custom_param_block,CCmdActionManager_023CROSGN_001CROSX1_001_ShieldSpinThrow;CCmdActionManager_Throw,0x13C6C469;0x14AB0070;0x319126CE;0x46961658;0x63AC30E6;0x64C1F4FF;0x8ACF95D3;0xD8F283FB;0xDF9F47E2;0xFDC8A545
230010101,CUnitTaskAutomata_023CROSGN_001CROSX1_001_ShieldThrow,automata,CUnitTaskAutomataThrow,0x14145D690,0x3530,79=FillParamBlock;81=CreateCmdActionManager;86=DescribeBarrier;87=ConfigureAlert,barrier;stage_contact_override;alert_config;custom_attack_shape;custom_param_block,CCmdActionManager_Throw,0x4C55EA3D;0xDCEAF7AC
230010105,CUnitTaskAutomata_023CROSGN_001CROSX1_001_ThrowMissile,automata,CUnitTaskAutomata_000COMMON_000COMMON_001_ThrowMissile,0x14145E330,0x3530,88=SetupModelAnimation,alert_config;custom_attack_shape;custom_param_block,CCmdActionManager_Throw,0x64C1F4FF
230010103,CUnitTaskAutomata_023CROSGN_001CROSX1_001_ZamberThrowStick,automata,CUnitTaskAutomataThrow,0x14145DCE0,0x3530,81=CreateCmdActionManager;89=OnInitHookA;91=FillParamSubBlock,alert_config;custom_attack_shape;custom_param_block,CCmdActionManager_023CROSGN_001CROSX1_001_ZamberThrowStick;CCmdActionManager_Throw,0xABEDC73A;0xD8F283FB;0xDCEAF7AC
230020102,CUnitTaskAutomata_023CROSGN_002CROSFC_001_ScissorAnchor,automata,CUnitTaskAutomataAnchorReturn,0x14145E980,0x3540,79=FillParamBlock;81=CreateCmdActionManager;88=SetupModelAnimation,stage_contact_override;custom_attack_shape;custom_param_block,CCmdActionManager_023CROSGN_002CROSFC_001_ScissorAnchor,
230020101,CUnitTaskAutomata_023CROSGN_002CROSFC_001_SummonVigna2,automata,CUnitTaskAutomataThrow,0x14145E658,0x3530,79=FillParamBlock;81=CreateCmdActionManager;84=DescribeAttackShape;88=SetupModelAnimation;89=OnInitHookA,alert_config;custom_attack_shape;custom_param_block,CCmdActionManager_023CROSGN_002CROSFC_001_SummonVigna2;CCmdActionManager_Throw,0x41FBD241;0xD8F283FB
230030101,CUnitTaskAutomata_023CROSGN_003CROSX2_001_Anchor,automata,CUnitTaskAutomataAnchorReturn,0x14145ECA8,0x3540,79=FillParamBlock;81=CreateCmdActionManager;88=SetupModelAnimation,stage_contact_override;custom_attack_shape;custom_param_block,CCmdActionManager_023CROSGN_003CROSX2_001_Anchor,0x319126CE;0x36FCE2D7;0x3B52DAAB;0x41FBD241;0x46961658;0xA12E3B5F;0xA25B8B11;0xA8987774;0xD55CBB87;0xD6290BC9;0xDF9F47E2
230030104,CUnitTaskAutomata_023CROSGN_003CROSX2_001_AssistBatalla,automata,CUnitTaskAutomataSummonRushAttackNormal,0x14145F620,0x3540,79=FillParamBlock;81=CreateCmdActionManager;91=FillParamSubBlock,stage_contact_override;alert_config;custom_attack_shape;custom_param_block,CCmdActionManager_023CROSGN_003CROSX2_001_AssistBatalla,0x36FCE2D7;0x41FBD241;0x63AC30E6;0xA8987774;0xDF9F47E2;0xFDC8A545
230030102,CUnitTaskAutomata_023CROSGN_003CROSX2_001_HissatsuThrowLance,automata,CUnitTaskAutomataThrow,0x14145EFD0,0x3530,79=FillParamBlock;81=CreateCmdActionManager;84=DescribeAttackShape;91=FillParamSubBlock,alert_config;custom_attack_shape;custom_param_block,CCmdActionManager_023CROSGN_003CROSX2_001_HissatsuThrowLance;CCmdActionManager_Throw,0x4C55EA3D;0xABEDC73A;0xDCEAF7AC
230030103,CUnitTaskAutomata_023CROSGN_003CROSX2_001_PororiMantle,automata,CUnitTaskAutomataFreeFall,0x14145F2F8,0x3540,2=OnInit;90=SetupModelSubObject,custom_attack_shape;custom_param_block,CCmdActionManager_FreeFall,
230040101,CUnitTaskAutomata_023CROSGN_004CROSX3_001_ThrowMaruta,automata,CUnitTaskAutomata_000COMMON_000COMMON_001_ThrowMissile,0x14145F950,0x3530,79=FillParamBlock,alert_config;custom_attack_shape;custom_param_block,CCmdActionManager_Throw,
230040103,CUnitTaskAutomata_023CROSGN_004CROSX3_001_ThrowMarutaMortar,automata,CUnitTaskAutomataThrowMortar,0x14145FFA0,0x3530,,alert_config;custom_attack_shape;custom_param_block;init_data_modifier,CCmdActionManager_Throw;CCmdActionManager_ThrowMortar,
230040102,CUnitTaskAutomata_023CROSGN_004CROSX3_001_ThrowMissile,automata,CUnitTaskAutomata_000COMMON_000COMMON_001_ThrowMissile,0x14145FC78,0x3530,88=SetupModelAnimation,alert_config;custom_attack_shape;custom_param_block,CCmdActionManager_Throw,0x64C1F4FF
230050101,CUnitTaskAutomata_023CROSGN_005PHANTM_001_ThrowFlameSword,automata,CUnitTaskAutomata_000COMMON_000COMMON_001_ThrowSaber,0x1414602C8,0x3530,79=FillParamBlock;92=ConfigureStageCollider,alert_config;custom_attack_shape;custom_param_block,CCmdActionManager_000COMMON_000COMMON_001_ThrowSaber;CCmdActionManager_Throw,
230090101,CUnitTaskAutomata_023CROSGN_009VIGNA2_001_ThrowBeamSaw,automata,CUnitTaskAutomata_000COMMON_000COMMON_001_ThrowSaberRolling,0x1414605F0,0x3530,81=CreateCmdActionManager,alert_config;custom_attack_shape;custom_param_block,CCmdActionManager_023CROSGN_009VIGNA2_001_ThrowBeamSaw,
240010103,CUnitTaskAutomata_024BLUEDE_001BLDES1_001_GmThrow,automata,CUnitTaskAutomataThrow,0x141460918,0x3530,79=FillParamBlock;81=CreateCmdActionManager,alert_config;custom_attack_shape;custom_param_block,CCmdActionManager_024BLUEDE_001BLDES1_001_GmThrow;CCmdActionManager_Throw,
240010102,CUnitTaskAutomata_024BLUEDE_001BLDES1_001_HaseiMissle,automata,CUnitTaskAutomataThrow,0x141460C40,0x3530,,alert_config;custom_attack_shape;custom_param_block,CCmdActionManager_Throw,
240010101,CUnitTaskAutomata_024BLUEDE_001BLDES1_001_WiredMissle,automata,CUnitTaskAutomataThrow,0x141460F68,0x3530,81=CreateCmdActionManager;87=ConfigureAlert,alert_config;custom_attack_shape;custom_param_block,CCmdActionManager_024BLUEDE_001BLDES1_001_WiredMissle;CCmdActionManager_Throw,
250010101,CUnitTaskAutomata_025GIGLOO_001ZUDAH0_001_AssistZudahRensha,automata,CUnitTaskAutomataSummonTukimatoiAndActionSimple,0x141461290,0x3540,79=FillParamBlock;81=CreateCmdActionManager;83=SetupModel;88=SetupModelAnimation;89=OnInitHookA,stage_contact_override;custom_model_setup;alert_config;custom_attack_shape;custom_param_block,CCmdActionManager_025GIGLOO_001ZUDAH0_001_AssistZudahRensha,
260010101,CUnitTaskAutomata_026GNBELT_001HINGND_001_FinFunnelFly,automata,CUnitTaskAutomataFunnelMawarikomi,0x1414615C0,0x3540,81=CreateCmdActionManager,alert_config;custom_attack_shape;custom_param_block,CCmdActionManager_026GNBELT_001HINGND_001_FinFunnelFly,
260010105,CUnitTaskAutomata_026GNBELT_001HINGND_001_FinFunnelFlyRensha,automata,CUnitTaskAutomataFunnelMawarikomiMultipleShot,0x1414618E8,0x3550,81=CreateCmdActionManager,alert_config;custom_attack_shape;custom_param_block,CCmdActionManager_026GNBELT_001HINGND_001_FinFunnelFlyRensha,
260010103,CUnitTaskAutomata_026GNBELT_001HINGND_001_FinFunnelIFieldBarrier,automata,CUnitTaskAutomataFunnelFlyStickOnMySelf,0x141461C10,0x3530,79=FillParamBlock;81=CreateCmdActionManager;91=FillParamSubBlock,custom_attack_shape;custom_param_block,CCmdActionManager_026GNBELT_001HINGND_001_FinFunnelIFieldBarrier,0xDCEAF7AC
260010104,CUnitTaskAutomata_026GNBELT_001HINGND_001_FinFunnelTsukimatoiCounter,automata,CUnitTaskAutomataFunnelTukimatoi,0x141461F38,0x3540,79=FillParamBlock;81=CreateCmdActionManager,custom_attack_shape;custom_param_block,CCmdActionManager_026GNBELT_001HINGND_001_FinFunnelTsukimatoiCounter,
260010106,CUnitTaskAutomata_026GNBELT_001HINGND_001_FinFunnelTsukimatoiRensha,automata,CUnitTaskAutomataFunnelTukimatoi_ShotOrder,0x141462260,0x3550,81=CreateCmdActionManager,custom_attack_shape;custom_param_block,CCmdActionManager_026GNBELT_001HINGND_001_FinFunnelTsukimatoiRensha,
260010102,CUnitTaskAutomata_026GNBELT_001HINGND_001_FinFunnelTsukimatoiShot,automata,CUnitTaskAutomataFunnelTukimatoi_ShotOrder,0x141462588,0x3540,81=CreateCmdActionManager,custom_attack_shape;custom_param_block,CCmdActionManager_026GNBELT_001HINGND_001_FinFunnelTsukimatoiShot,
260020106,CUnitTaskAutomata_026GNBELT_002NITNGL_001_AssistFunnelFly,automata,CUnitTaskAutomataFunnelMawarikomi,0x141463880,0x3540,79=FillParamBlock;81=CreateCmdActionManager,alert_config;custom_attack_shape;custom_param_block,CCmdActionManager_026GNBELT_002NITNGL_001_AssistFunnelFly,
260020105,CUnitTaskAutomata_026GNBELT_002NITNGL_001_AssistPsycoDoga,automata,CUnitTaskAutomataSummonTukimatoiAndActionSimple,0x141463550,0x3550,12=Update;79=FillParamBlock;81=CreateCmdActionManager;88=SetupModelAnimation,stage_contact_override;alert_config;custom_attack_shape;custom_param_block,CCmdActionManager_026GNBELT_002NITNGL_001_AssistPsycoDoga,
260020101,CUnitTaskAutomata_026GNBELT_002NITNGL_001_FunnelFly,automata,CUnitTaskAutomataFunnelMawarikomi,0x1414628B0,0x3540,79=FillParamBlock;81=CreateCmdActionManager,alert_config;custom_attack_shape;custom_param_block,CCmdActionManager_026GNBELT_002NITNGL_001_FunnelFly,0x36FCE2D7;0xA8987774
260020102,CUnitTaskAutomata_026GNBELT_002NITNGL_001_FunnelShot,automata,CUnitTaskAutomataFunnelShotStayShift,0x141462BD8,0x3530,79=FillParamBlock;81=CreateCmdActionManager,alert_config;custom_attack_shape;custom_param_block,CCmdActionManager_026GNBELT_002NITNGL_001_FunnelShot,0x36FCE2D7;0x41FBD241;0xA8987774;0xDCEAF7AC
260020103,CUnitTaskAutomata_026GNBELT_002NITNGL_001_FunnelShotHissatsu,automata,CUnitTaskAutomata_026GNBELT_002NITNGL_001_FunnelShot,0x141462F00,0x3530,79=FillParamBlock;81=CreateCmdActionManager,alert_config;custom_attack_shape;custom_param_block,CCmdActionManager_026GNBELT_002NITNGL_001_FunnelShotHissatsu,
260020104,CUnitTaskAutomata_026GNBELT_002NITNGL_001_FunnelSwarm,automata,CUnitTaskAutomataFunnelSwarm,0x141463228,0x3560,79=FillParamBlock;81=CreateCmdActionManager,alert_config;custom_attack_shape;custom_param_block,CCmdActionManager_026GNBELT_002NITNGL_001_FunnelSwarm,0x13C6C469;0x36FCE2D7;0x41FBD241;0x64C1F4FF;0x8ACF95D3;0xA8987774;0xDF9F47E2
270010101,CUnitTaskAutomata_027GN00AW_001QUANTA_001_NormalGNSwordBitAttach,automata,CUnitTaskAutomataAttachAbstract,0x141463BA8,0x3540,12=Update;79=FillParamBlock;81=CreateCmdActionManager,custom_attack_shape;custom_param_block;spawn_orders_override,CCmdActionManager_027GN00AW_001QUANTA_001_NormalGNSwordBitAttach,
270010109,CUnitTaskAutomata_027GN00AW_001QUANTA_001_NormalGNSwordBitAttachWinLose,automata,CUnitTaskAutomata_027GN00AW_001QUANTA_001_NormalGNSwordBitAttach,0x141463ED8,0x3540,,custom_attack_shape;custom_param_block;spawn_orders_override,CCmdActionManager_027GN00AW_001QUANTA_001_NormalGNSwordBitAttach,
270010110,CUnitTaskAutomata_027GN00AW_001QUANTA_001_NormalGNSwordBitFly,automata,CUnitTaskAutomataFunnelFlySwordPenetrate,0x141465830,0x3550,79=FillParamBlock;81=CreateCmdActionManager;91=FillParamSubBlock;97=GetSpawnOrderId;98=GetSpawnOrderArg,alert_config;custom_attack_shape;custom_param_block;spawn_orders_override,CCmdActionManager_027GN00AW_001QUANTA_001_NormalGNSwordBitFly,0x36FCE2D7;0x41FBD241;0xD32D39ED;0xEDD1C108
270010102,CUnitTaskAutomata_027GN00AW_001QUANTA_001_NormalGNSwordBitFlySword,automata,CUnitTaskAutomataFunnelFlySword,0x141464208,0x3540,2=OnInit;79=FillParamBlock;81=CreateCmdActionManager;88=SetupModelAnimation;91=FillParamSubBlock,alert_config;custom_attack_shape;custom_param_block;spawn_orders_override,CCmdActionManager_027GN00AW_001QUANTA_001_NormalGNSwordBitFlySword,0xD8F283FB
270010103,CUnitTaskAutomata_027GN00AW_001QUANTA_001_NormalGNSwordBitShield,automata,CUnitTaskAutomataFunnelDefenceFormation,0x141464530,0x36E0,2=OnInit;21=PreInit;79=FillParamBlock;81=CreateCmdActionManager;97=GetSpawnOrderId;98=GetSpawnOrderArg,custom_attack_shape;custom_param_block;spawn_orders_override,CCmdActionManager_027GN00AW_001QUANTA_001_NormalGNSwordBitShield,0x13C6C469;0xD32D39ED;0xEDD1C108
270010105,CUnitTaskAutomata_027GN00AW_001QUANTA_001_QuantumGNSwordBitAttachDefense,automata,CUnitTaskAutomata_027GN00AW_001QUANTA_001_QuantumGNSwordBitAttachAbstract,0x141464B90,0x3530,79=FillParamBlock,custom_attack_shape;custom_param_block,CCmdActionManager_027GN00AW_001QUANTA_001_QuantumGNSwordBitAttach,
270010104,CUnitTaskAutomata_027GN00AW_001QUANTA_001_QuantumGNSwordBitAttachReturn,automata,CUnitTaskAutomata_027GN00AW_001QUANTA_001_QuantumGNSwordBitAttachAbstract,0x141464868,0x3530,79=FillParamBlock,custom_attack_shape;custom_param_block,CCmdActionManager_027GN00AW_001QUANTA_001_QuantumGNSwordBitAttach,
270010106,CUnitTaskAutomata_027GN00AW_001QUANTA_001_QuantumGNSwordBitFlySwordNormal,automata,CUnitTaskAutomata_027GN00AW_001QUANTA_001_QuantumGNSwordBitFlySwordBase,0x141464EB8,0x3550,81=CreateCmdActionManager,alert_config;custom_attack_shape;custom_param_block,CCmdActionManager_027GN00AW_001QUANTA_001_QuantumGNSwordBitFlySwordNormal,
270010107,CUnitTaskAutomata_027GN00AW_001QUANTA_001_QuantumGNSwordBitFlySwordPunch,automata,CUnitTaskAutomata_027GN00AW_001QUANTA_001_QuantumGNSwordBitFlySwordBase,0x1414651E0,0x3550,73=OnStageContact;76=ArchetypeEventHook;81=CreateCmdActionManager,stage_contact_override;alert_config;custom_attack_shape;custom_param_block,CCmdActionManager_027GN00AW_001QUANTA_001_QuantumGNSwordBitFlySwordPunch,
270010108,CUnitTaskAutomata_027GN00AW_001QUANTA_001_QuantumGNSwordBitResident,automata,CUnitTaskAutomataResidentUnizon,0x141465508,0x3530,2=OnInit;12=Update;79=FillParamBlock;81=CreateCmdActionManager;88=SetupModelAnimation,custom_attack_shape;custom_param_block,CCmdActionManager_027GN00AW_001QUANTA_001_QuantumGNSwordBitResident,
270020101,CUnitTaskAutomata_027GN00AW_002RAPHEL_001_AssistSeravee2,automata,CUnitTaskAutomataSummonTukimatoi,0x14165F8F0,0x3540,0=Destructor;12=Update;73=OnStageContact;76=ArchetypeEventHook;79=FillParamBlock;81=CreateCmdActionManager;84=DescribeAttackShape;87=ConfigureAlert;91=FillParamSubBlock,stage_contact_override;alert_config;custom_attack_shape;custom_param_block,CCmdActionManager_027GN00AW_002RAPHEL_001_AssistSeravee2,
270020103,CUnitTaskAutomata_027GN00AW_002RAPHEL_001_ClawPunch,automata,CUnitTaskAutomataThrowReturn,0x14165FD08,0x3530,0=Destructor;2=OnInit;79=FillParamBlock;81=CreateCmdActionManager;91=FillParamSubBlock,alert_config;custom_attack_shape;custom_param_block,CCmdActionManager_027GN00AW_002RAPHEL_001_ClawPunch,
270020102,CUnitTaskAutomata_027GN00AW_002RAPHEL_001_FunnelFly,automata,CUnitTaskAutomataFunnelFlySword,0x141660108,0x3540,0=Destructor;79=FillParamBlock;81=CreateCmdActionManager,alert_config;custom_attack_shape;custom_param_block,CCmdActionManager_027GN00AW_002RAPHEL_001_FunnelFly,
270020104,CUnitTaskAutomata_027GN00AW_002RAPHEL_001_GNBazookaPorori,automata,CUnitTaskAutomata_000COMMON_000COMMON_001_FreeFall,0x141465B60,0x3530,,custom_attack_shape;custom_param_block,CCmdActionManager_FreeFall,
270030101,CUnitTaskAutomata_027GN00AW_003BRAVCT_001_AssistBraveRushShot,automata,CUnitTaskAutomataSummonRushShot,0x141468510,0x3550,79=FillParamBlock;81=CreateCmdActionManager;88=SetupModelAnimation,stage_contact_override;alert_config;custom_attack_shape;custom_param_block,CCmdActionManager_027GN00AW_003BRAVCT_001_AssistBraveRushShot,0x4C55EA3D;0xDCEAF7AC
270030102,CUnitTaskAutomata_027GN00AW_003BRAVCT_001_AttachChangeSaber,automata,CUnitTaskAutomataAttach,0x141468858,0x3530,79=FillParamBlock;81=CreateCmdActionManager;88=SetupModelAnimation;89=OnInitHookA;91=FillParamSubBlock,custom_attack_shape;custom_param_block,CCmdActionManager_027GN00AW_003BRAVCT_001_AttachChangeSaber,0xD8F283FB
270040105,CUnitTaskAutomata_027GN00AW_004QUNTFS_001_AttachChangeEnd,automata,CUnitTaskAutomataAttachAbstract,0x141468B80,0x3530,79=FillParamBlock;81=CreateCmdActionManager;98=GetSpawnOrderArg,custom_attack_shape;custom_param_block;spawn_orders_override,CCmdActionManager_027GN00AW_004QUNTFS_001_AttachChangeEnd,
270040101,CUnitTaskAutomata_027GN00AW_004QUNTFS_001_FunnelSheild,automata,CUnitTaskAutomataFunnelDefenceFormation,0x141468EB8,0x36E0,21=PreInit;79=FillParamBlock;81=CreateCmdActionManager;96=GetSpawnOrderCount;98=GetSpawnOrderArg,custom_attack_shape;custom_param_block;spawn_orders_override,CCmdActionManager_027GN00AW_004QUNTFS_001_FunnelSheild,0xD32D39ED
270040102,CUnitTaskAutomata_027GN00AW_004QUNTFS_001_ThrowGunBlade,automata,CUnitTaskAutomata_027GN00AW_004QUNTFS_001_ThrowAbstract,0x141469200,0x3530,91=FillParamSubBlock,alert_config;custom_attack_shape;custom_param_block,CCmdActionManager_027GN00AW_004QUNTFS_001_ThrowAbstract;CCmdActionManager_Throw,
270040103,CUnitTaskAutomata_027GN00AW_004QUNTFS_001_ThrowKatar,automata,CUnitTaskAutomata_027GN00AW_004QUNTFS_001_ThrowAbstract,0x141469528,0x3530,,alert_config;custom_attack_shape;custom_param_block,CCmdActionManager_027GN00AW_004QUNTFS_001_ThrowAbstract;CCmdActionManager_Throw,
270040104,CUnitTaskAutomata_027GN00AW_004QUNTFS_001_WideCutter,automata,CUnitTaskAutomataThrowBlade,0x141469850,0x3550,79=FillParamBlock;81=CreateCmdActionManager,alert_config;custom_attack_shape;custom_param_block,CCmdActionManager_027GN00AW_004QUNTFS_001_WideCutter;CCmdActionManager_Throw,
270050111,CUnitTaskAutomata_027GN00AW_005ZABNYA_001_AttachChangeDockingSummonWinlose,automata,CUnitTaskAutomataAttachAbstract,0x141467B88,0x3530,79=FillParamBlock,custom_attack_shape;custom_param_block;spawn_orders_override,CCmdActionManager_AttachAbstract,0xD32D39ED;0xEDD1C108
270050112,CUnitTaskAutomata_027GN00AW_005ZABNYA_001_AttachChangeDockingWinlose,automata,CUnitTaskAutomataAttachAbstract,0x141467EB0,0x3530,79=FillParamBlock;98=GetSpawnOrderArg;100;101,custom_attack_shape;custom_param_block;spawn_orders_override,CCmdActionManager_AttachAbstract,0xD32D39ED;0xEDD1C108
270050108,CUnitTaskAutomata_027GN00AW_005ZABNYA_001_AttachChangeDocking_Holster,automata,CUnitTaskAutomata_027GN00AW_005ZABNYA_001_AttachChangeDockingAbstract,0x1414671B0,0x3540,79=FillParamBlock;97=GetSpawnOrderId;98=GetSpawnOrderArg;100;101,custom_attack_shape;custom_param_block;spawn_orders_override,CCmdActionManager_027GN00AW_005ZABNYA_001_AttachChangeDockingAbstract,0xD32D39ED;0xEDD1C108
270050107,CUnitTaskAutomata_027GN00AW_005ZABNYA_001_AttachChangeDocking_Rifle,automata,CUnitTaskAutomata_027GN00AW_005ZABNYA_001_AttachChangeDockingAbstract,0x1414674E8,0x3540,79=FillParamBlock;98=GetSpawnOrderArg;100;101,custom_attack_shape;custom_param_block;spawn_orders_override,CCmdActionManager_027GN00AW_005ZABNYA_001_AttachChangeDockingAbstract,0xD32D39ED;0xEDD1C108
270050109,CUnitTaskAutomata_027GN00AW_005ZABNYA_001_AttachChangeEnd,automata,CUnitTaskAutomataAttachAbstract,0x141467820,0x3540,2=OnInit;79=FillParamBlock;81=CreateCmdActionManager;96=GetSpawnOrderCount;97=GetSpawnOrderId;98=GetSpawnOrderArg;100;101;102;103;104;105;106;107,custom_attack_shape;custom_param_block;spawn_orders_override,CCmdActionManager_027GN00AW_005ZABNYA_001_AttachChangeEnd,0xD32D39ED;0xD8F283FB;0xEDD1C108
270050106,CUnitTaskAutomata_027GN00AW_005ZABNYA_001_FunnelAttachChangeAutomata,automata,CUnitTaskAutomataAttachToRadicon,0x141466E78,0x3530,2=OnInit;79=FillParamBlock;81=CreateCmdActionManager;100;101,custom_attack_shape;custom_param_block,CCmdActionManager_AttachToRadicon,0xD32D39ED;0xEDD1C108;0xF647567F
270050104,CUnitTaskAutomata_027GN00AW_005ZABNYA_001_FunnelMateDefense,automata,CUnitTaskAutomata_027GN00AW_005ZABNYA_001_FunnelDefenseCommon,0x1414664D8,0x3560,81=CreateCmdActionManager,custom_attack_shape;custom_param_block;spawn_orders_override,CCmdActionManager_027GN00AW_005ZABNYA_001_FunnelMateDefense;CCmdActionManager_027GN00AW_005ZABNYA_001_FunneldefenseCommon,
270050103,CUnitTaskAutomata_027GN00AW_005ZABNYA_001_FunnelSelfdefense,automata,CUnitTaskAutomata_027GN00AW_005ZABNYA_001_FunnelDefenseCommon,0x141466810,0x3560,81=CreateCmdActionManager,custom_attack_shape;custom_param_block;spawn_orders_override,CCmdActionManager_027GN00AW_005ZABNYA_001_FunnelSelfdefense;CCmdActionManager_027GN00AW_005ZABNYA_001_FunneldefenseCommon,
270050102,CUnitTaskAutomata_027GN00AW_005ZABNYA_001_FunnelTukimatoi,automata,CUnitTaskAutomataFunnelTukimatoi_ShotOrder,0x1414661B0,0x3540,2=OnInit;79=FillParamBlock;81=CreateCmdActionManager,custom_attack_shape;custom_param_block,CCmdActionManager_027GN00AW_005ZABNYA_001_FunnelTukimatoi,
270050113,CUnitTaskAutomata_027GN00AW_005ZABNYA_001_FunnelTukimatoiWinlose,automata,CUnitTaskAutomataFunnelTukimatoi_ShotOrder,0x1414681E8,0x3540,12=Update;81=CreateCmdActionManager,custom_attack_shape;custom_param_block,CCmdActionManager_027GN00AW_005ZABNYA_001_FunnelTukimatoiWinlose,
270050101,CUnitTaskAutomata_027GN00AW_005ZABNYA_001_Funnel_Fly,automata,CUnitTaskAutomataFunnelMawarikomiMultipleShot,0x141465E88,0x3550,2=OnInit;79=FillParamBlock;81=CreateCmdActionManager,alert_config;custom_attack_shape;custom_param_block,CCmdActionManager_027GN00AW_005ZABNYA_001_Funnel_Fly,
270050105,CUnitTaskAutomata_027GN00AW_005ZABNYA_001_TransparentShooter,automata,CUnitTaskAutomataSummonRushShot,0x141466B48,0x3550,2=OnInit;79=FillParamBlock;81=CreateCmdActionManager;88=SetupModelAnimation,stage_contact_override;alert_config;custom_attack_shape;custom_param_block,CCmdActionManager_027GN00AW_005ZABNYA_001_TransparentShooter,
270060103,CUnitTaskAutomata_027GN00AW_006HARUTE_001_ContainerPurge,automata,CUnitTaskAutomataFreeFall_Interaction,0x14146B4E8,0x3530,79=FillParamBlock,alert_config;custom_attack_shape;custom_param_block,CCmdActionManager_FreeFall_Interaction,
270060102,CUnitTaskAutomata_027GN00AW_006HARUTE_001_DiscreteBaseGNMissile,automata,CUnitTaskAutomataThrow,0x14146AE98,0x3530,2=OnInit;79=FillParamBlock,alert_config;custom_attack_shape;custom_param_block,CCmdActionManager_Throw,
270060104,CUnitTaskAutomata_027GN00AW_006HARUTE_001_FunnelFlySword,automata,CUnitTaskAutomataFunnelFlySword,0x141469B78,0x3540,79=FillParamBlock;81=CreateCmdActionManager;88=SetupModelAnimation,alert_config;custom_attack_shape;custom_param_block,CCmdActionManager_027GN00AW_006HARUTE_001_FunnelFlySword,
270060105,CUnitTaskAutomata_027GN00AW_006HARUTE_001_FunnelFlySwordHissatsu_1,automata,CUnitTaskAutomataFunnelFlySword,0x141469EA0,0x3540,79=FillParamBlock;81=CreateCmdActionManager;88=SetupModelAnimation,alert_config;custom_attack_shape;custom_param_block,CCmdActionManager_027GN00AW_006HARUTE_001_FunnelFlySwordHissatsu_1,
270060106,CUnitTaskAutomata_027GN00AW_006HARUTE_001_FunnelFlySwordHissatsu_2,automata,CUnitTaskAutomataFunnelFlySword,0x14146A1C8,0x3540,79=FillParamBlock;81=CreateCmdActionManager;88=SetupModelAnimation,alert_config;custom_attack_shape;custom_param_block,CCmdActionManager_027GN00AW_006HARUTE_001_FunnelFlySwordHissatsu_2,
270060101,CUnitTaskAutomata_027GN00AW_006HARUTE_001_GNMissileVertical,automata,CUnitTaskAutomataThrow,0x14146B1C0,0x3530,79=FillParamBlock;81=CreateCmdActionManager;87=ConfigureAlert,alert_config;custom_attack_shape;custom_param_block,CCmdActionManager_027GN00AW_006HARUTE_001_GNMissileVertical;CCmdActionManager_Throw,
270060107,CUnitTaskAutomata_027GN00AW_006HARUTE_001_StickerScissorLaunch,automata,CUnitTaskAutomataStickerLaunchBone,0x14146A4F0,0x3540,79=FillParamBlock;81=CreateCmdActionManager;88=SetupModelAnimation,custom_attack_shape;custom_param_block,CCmdActionManager_027GN00AW_006HARUTE_001_StickerScissorLaunch,
270060108,CUnitTaskAutomata_027GN00AW_006HARUTE_001_StickerScissorWinNormal,automata,CUnitTaskAutomataStickerLaunchBone,0x14146A828,0x3540,81=CreateCmdActionManager,custom_attack_shape;custom_param_block,CCmdActionManager_027GN00AW_006HARUTE_001_StickerScissorLaunch,
270060109,CUnitTaskAutomata_027GN00AW_006HARUTE_001_StickerScissorWinTransam,automata,CUnitTaskAutomataStickerLaunchBone,0x14146AB60,0x3540,81=CreateCmdActionManager,custom_attack_shape;custom_param_block,CCmdActionManager_027GN00AW_006HARUTE_001_StickerScissorLaunch,
280020101,CUnitTaskAutomata_028GUNWTV_002EPYON0_001_AssistVirgo,automata,CUnitTaskAutomataSummonDefence,0x14146B810,0x3540,79=FillParamBlock;81=CreateCmdActionManager;88=SetupModelAnimation;89=OnInitHookA,barrier;stage_contact_override;alert_config;custom_attack_shape;custom_param_block,CCmdActionManager_028GUNWTV_002EPYON0_001_AssistVirgo,
280090101,CUnitTaskAutomata_028GUNWTV_009ALTRTV_001_BoomerangSpline,automata,CUnitTaskAutomataBoomerangSpline,0x14146BB40,0x3540,81=CreateCmdActionManager;84=DescribeAttackShape,stage_contact_override;alert_config;custom_attack_shape;custom_param_block,CCmdActionManager_028GUNWTV_009ALTRTV_001_BoomerangSpline,
280090102,CUnitTaskAutomata_028GUNWTV_009ALTRTV_001_BoomerangStraight,automata,CUnitTaskAutomataBoomerang,0x14146BE68,0x3540,81=CreateCmdActionManager;84=DescribeAttackShape;89=OnInitHookA,stage_contact_override;alert_config;custom_attack_shape;custom_param_block,CCmdActionManager_028GUNWTV_009ALTRTV_001_BoomerangStraight,0x46961658;0xA8987774;0xABEDC73A;0xD8F283FB;0xDF9F47E2;0xFAA5615C
280090104,CUnitTaskAutomata_028GUNWTV_009ALTRTV_001_HandAnchor,automata,CUnitTaskAutomataAnchor,0x14146C4B8,0x3540,79=FillParamBlock;84=DescribeAttackShape,stage_contact_override;custom_attack_shape;custom_param_block,CCmdActionManager_Anchor,
280090103,CUnitTaskAutomata_028GUNWTV_009ALTRTV_001_HandThrow,automata,CUnitTaskAutomataThrow,0x14146C190,0x3530,81=CreateCmdActionManager;84=DescribeAttackShape,alert_config;custom_attack_shape;custom_param_block,CCmdActionManager_028GUNWTV_009ALTRTV_001_HandThrow;CCmdActionManager_Throw,
280090105,CUnitTaskAutomata_028GUNWTV_009ALTRTV_001_HandThrowDouble,automata,CUnitTaskAutomataThrow,0x14146C7E0,0x3530,81=CreateCmdActionManager;84=DescribeAttackShape,alert_config;custom_attack_shape;custom_param_block,CCmdActionManager_028GUNWTV_009ALTRTV_001_HandThrowDouble;CCmdActionManager_Throw,
280090106,CUnitTaskAutomata_028GUNWTV_009ALTRTV_001_ShieldThrow,automata,CUnitTaskAutomataThrowStopRotateOnStick,0x14146CB08,0x3530,73=OnStageContact;79=FillParamBlock;86=DescribeBarrier,barrier;stage_contact_override;alert_config;custom_attack_shape;custom_param_block,CCmdActionManager_Throw;CCmdActionManager_ThrowStopRotateOnStick,
280100101,CUnitTaskAutomata_028GUNWTV_010SANDTV_001_HeatShotelThrow,automata,CUnitTaskAutomataThrow,0x14146CE30,0x3530,79=FillParamBlock;88=SetupModelAnimation;92=ConfigureStageCollider,alert_config;custom_attack_shape;custom_param_block,CCmdActionManager_Throw,0x3B52DAAB;0xA25B8B11;0xD55CBB87
280100102,CUnitTaskAutomata_028GUNWTV_010SANDTV_001_HeatShotelThrowAth,automata,CUnitTaskAutomataThrowStopRotateOnStick,0x1416620A0,0x3530,79=FillParamBlock;81=CreateCmdActionManager;88=SetupModelAnimation;91=FillParamSubBlock;92=ConfigureStageCollider,alert_config;custom_attack_shape;custom_param_block,CCmdActionManager_028GUNWTV_010SANDTV_001_HeatShotelThrowAth,0x3B52DAAB;0xA25B8B11;0xD55CBB87
280120101,CUnitTaskAutomata_028GUNWTV_012DHELTV_001_ThrowBusterShield,automata,CUnitTaskAutomataThrow,0x14146D158,0x3540,73=OnStageContact;76=ArchetypeEventHook;79=FillParamBlock;81=CreateCmdActionManager;84=DescribeAttackShape;88=SetupModelAnimation;89=OnInitHookA;91=FillParamSubBlock,stage_contact_override;alert_config;custom_attack_shape;custom_param_block,CCmdActionManager_028GUNWTV_012DHELTV_001_ThrowBusterShield;CCmdActionManager_Throw,0xD8F283FB
280120102,CUnitTaskAutomata_028GUNWTV_012DHELTV_001_ThrowScythe,automata,CUnitTaskAutomataThrow,0x14146D480,0x3530,79=FillParamBlock;81=CreateCmdActionManager;89=OnInitHookA;91=FillParamSubBlock,alert_config;custom_attack_shape;custom_param_block,CCmdActionManager_028GUNWTV_012DHELTV_001_ThrowScythe;CCmdActionManager_Throw,0xD8F283FB;0xFAA5615C
280120103,CUnitTaskAutomata_028GUNWTV_012DHELTV_001_ThrowScytheCharge,automata,CUnitTaskAutomata_000COMMON_000COMMON_001_ThrowSaberRolling,0x14146D7A8,0x3530,89=OnInitHookA,alert_config;custom_attack_shape;custom_param_block,CCmdActionManager_000COMMON_000COMMON_001_ThrowSaberRolling,0x14AB0070;0x319126CE;0x46961658;0x63AC30E6;0xD8F283FB;0xFDC8A545
280130104,CUnitTaskAutomata_028GUNWTV_013TALGS2_001_AssistWingGundamBird,automata,CUnitTaskAutomataSummonRushShot,0x14146E138,0x3550,81=CreateCmdActionManager;89=OnInitHookA,stage_contact_override;alert_config;custom_attack_shape;custom_param_block,CCmdActionManager_028GUNWTV_013TALGS2_001_AssistWingGundamBird,
280130105,CUnitTaskAutomata_028GUNWTV_013TALGS2_001_AssistWingGundamMS,automata,CUnitTaskAutomataSummonRushAttackNormal,0x141662708,0x3540,0=Destructor;79=FillParamBlock;89=OnInitHookA,stage_contact_override;alert_config;custom_attack_shape;custom_param_block,CCmdActionManager_SummonRushAttackNormal,
280130103,CUnitTaskAutomata_028GUNWTV_013TALGS2_001_LibraLazer,automata,CUnitTaskAutomataSummonRushShot,0x14146DE08,0x3550,79=FillParamBlock;81=CreateCmdActionManager,stage_contact_override;alert_config;custom_attack_shape;custom_param_block,CCmdActionManager_SummonRushShot,
280130101,CUnitTaskAutomata_028GUNWTV_013TALGS2_001_WingGundamHissatsu,automata,CUnitTaskAutomataStickerLaunchBone,0x14146DAD0,0x3550,74=OnHitConsumed;79=FillParamBlock;81=CreateCmdActionManager;84=DescribeAttackShape;88=SetupModelAnimation;89=OnInitHookA;91=FillParamSubBlock,hit_consumed_hook;hit_count_exhausted_override;custom_attack_shape;custom_param_block,CCmdActionManager_028GUNWTV_013TALGS2_001_WingGundamHissatsu,
280140102,CUnitTaskAutomata_028GUNWTV_014TALGES_001_PororiMissileLauncher,automata,CUnitTaskAutomataFreeFall,0x14146E790,0x3530,88=SetupModelAnimation,custom_attack_shape;custom_param_block,CCmdActionManager_FreeFall,
280140101,CUnitTaskAutomata_028GUNWTV_014TALGES_001_ThrowDobergun,automata,CUnitTaskAutomataThrow,0x14146E468,0x3530,79=FillParamBlock;84=DescribeAttackShape;89=OnInitHookA,alert_config;custom_attack_shape;custom_param_block,CCmdActionManager_Throw,0x14AB0070;0x36FCE2D7;0x41FBD241;0x4C55EA3D;0x67921CDD;0x8DA251CA;0xABEDC73A;0xD8F283FB;0xDCEAF7AC;0xFAA5615C
290010102,CUnitTaskAutomata_029SSTARG_001STNOIR_001_AnchorLauncher,automata,CUnitTaskAutomataAnchor,0x14146EAB8,0x3540,12=Update;79=FillParamBlock;81=CreateCmdActionManager;89=OnInitHookA,stage_contact_override;custom_attack_shape;custom_param_block,CCmdActionManager_029SSTARG_001STNOIR_001_AnchorLauncher,0xD32D39ED;0xD8F283FB;0xEDD1C108
290010101,CUnitTaskAutomata_029SSTARG_001STNOIR_001_AssistPole,automata,CUnitTaskAutomataSummon,0x14146EDE0,0x3550,74=OnHitConsumed;79=FillParamBlock;81=CreateCmdActionManager;88=SetupModelAnimation,hit_consumed_hook;hit_count_exhausted_override;stage_contact_override;alert_config;custom_attack_shape;custom_param_block,CCmdActionManager_029SSTARG_001STNOIR_001_AssistPole;CCmdActionManager_Summon,
290010104,CUnitTaskAutomata_029SSTARG_001STNOIR_001_ThrowFragarach,automata,CUnitTaskAutomataThrow,0x14146F118,0x3530,79=FillParamBlock;81=CreateCmdActionManager,alert_config;custom_attack_shape;custom_param_block,CCmdActionManager_029SSTARG_001STNOIR_001_ThrowFragarach;CCmdActionManager_Throw,
290010103,CUnitTaskAutomata_029SSTARG_001STNOIR_001_ThrowFragarachSP,automata,CUnitTaskAutomataThrow,0x14146F440,0x3530,79=FillParamBlock;81=CreateCmdActionManager,alert_config;custom_attack_shape;custom_param_block,CCmdActionManager_029SSTARG_001STNOIR_001_ThrowFragarachSP;CCmdActionManager_Throw,
290020101,CUnitTaskAutomata_029SSTARG_002STGAZR_001_FlashMine,automata,CUnitTaskAutomataThrow,0x141662F30,0x3530,0=Destructor;79=FillParamBlock;81=CreateCmdActionManager;89=OnInitHookA,alert_config;custom_attack_shape;custom_param_block,CCmdActionManager_029SSTARG_002STGAZR_001_FlashMine;CCmdActionManager_Throw,0xD8F283FB
,CUnitTaskAutomata_029SSTARG_002STGAZR_001_OrageBullet,automata,CUnitTaskAutomataRadiconParentActor,0x14146F768,,0=Destructor;79=FillParamBlock;81=CreateCmdActionManager;88=SetupModelAnimation,custom_attack_shape,CCmdActionManager_029SSTARG_002STGAZR_001_OrageBullet,
290020102,CUnitTaskAutomata_029SSTARG_002STGAZR_001_OrageBullet_Normal,automata,CUnitTaskAutomata_029SSTARG_002STGAZR_001_OrageBullet,0x14146FA98,0x3540,100,custom_attack_shape,CCmdActionManager_029SSTARG_002STGAZR_001_OrageBullet,
290020103,CUnitTaskAutomata_029SSTARG_002STGAZR_001_OrageBullet_Powerup,automata,CUnitTaskAutomata_029SSTARG_002STGAZR_001_OrageBullet,0x14146FDC8,0x3540,100,custom_attack_shape,CCmdActionManager_029SSTARG_002STGAZR_001_OrageBullet,
300010101,CUnitTaskAutomata_030GSENTI_001EXSGUN_001_IncomHead,automata,CUnitTaskAutomataFunnelMawarikomi,0x1414700F8,0x3540,79=FillParamBlock;81=CreateCmdActionManager,alert_config;custom_attack_shape;custom_param_block,CCmdActionManager_030GSENTI_001EXSGUN_001_IncomHead,0xEDD1C108
300010105,CUnitTaskAutomata_030GSENTI_001EXSGUN_001_IncomReflectorNotifierAcceptable,automata,CUnitTaskAutomata_030GSENTI_001EXSGUN_001_IncomReflectorNotifier,0x141470DA0,0x3530,79=FillParamBlock;81=CreateCmdActionManager,custom_attack_shape,CCmdActionManager_030GSENTI_001EXSGUN_001_IncomReflectorNotifier,
300010106,CUnitTaskAutomata_030GSENTI_001EXSGUN_001_IncomReflectorNotifierReturn,automata,CUnitTaskAutomata_030GSENTI_001EXSGUN_001_IncomReflectorNotifier,0x1414710C8,0x3530,79=FillParamBlock;81=CreateCmdActionManager,custom_attack_shape,CCmdActionManager_030GSENTI_001EXSGUN_001_IncomReflectorNotifier,
300010104,CUnitTaskAutomata_030GSENTI_001EXSGUN_001_IncomReflectorRelayBeam,automata,CUnitTaskAutomata_030GSENTI_001EXSGUN_001_IncomReflector,0x141470750,0x3560,81=CreateCmdActionManager,barrier;barrier_interaction;alert_config;custom_attack_shape;custom_param_block,CCmdActionManager_030GSENTI_001EXSGUN_IncomReflectorRelayBeam,
300010103,CUnitTaskAutomata_030GSENTI_001EXSGUN_001_IncomReflectorShot,automata,CUnitTaskAutomata_030GSENTI_001EXSGUN_001_IncomReflector,0x141470A78,0x3560,81=CreateCmdActionManager,barrier;barrier_interaction;alert_config;custom_attack_shape;custom_param_block,CCmdActionManager_030GSENTI_001EXSGUN_001_IncomReflectorShot,
300010102,CUnitTaskAutomata_030GSENTI_001EXSGUN_001_IncomRelayPoint,automata,CUnitTaskAutomataRelay,0x141470420,0x3530,79=FillParamBlock;81=CreateCmdActionManager;100,custom_attack_shape,CCmdActionManager_Relay,0xA5364F08
300010107,CUnitTaskAutomata_030GSENTI_001EXSGUN_001_PropellantTankFloatExplosion,automata,CUnitTaskAutomataDetonator,0x1414713F0,0x3530,79=FillParamBlock;81=CreateCmdActionManager;84=DescribeAttackShape,hit_consumed_hook;alert_config;custom_attack_shape;custom_param_block,CCmdActionManager_030GSENTI_001EXSGUN_001_PropellantTankFloatExplosion,0xFDC8A545
310010107,CUnitTaskAutomata_031GNHATH_001XIGNDM_001_AssistMesserGrap,automata,CUnitTaskAutomataSummonGrap,0x1414726F0,0x3540,81=CreateCmdActionManager,stage_contact_override;alert_config;custom_attack_shape;custom_param_block,CCmdActionManager_031GNHATH_001XIGNDM_001_AssistMesserGrap,
310010103,CUnitTaskAutomata_031GNHATH_001XIGNDM_001_AssistMesserRush,automata,CUnitTaskAutomataSummonRushAttackNormal,0x141471D68,0x3540,79=FillParamBlock,stage_contact_override;alert_config;custom_attack_shape;custom_param_block,CCmdActionManager_SummonRushAttackNormal,
310010106,CUnitTaskAutomata_031GNHATH_001XIGNDM_001_AssistMesserSaberRush,automata,CUnitTaskAutomataSummonRushAttackNormal,0x141472A28,0x3540,79=FillParamBlock;81=CreateCmdActionManager,stage_contact_override;alert_config;custom_attack_shape;custom_param_block,CCmdActionManager_031GNHATH_001XIGNDM_001_AssistMesserSaberRush,0x36FCE2D7;0x41FBD241;0x63AC30E6;0xA8987774;0xFDC8A545
310010104,CUnitTaskAutomata_031GNHATH_001XIGNDM_001_AssistMesserShot,automata,CUnitTaskAutomataSummonRushShot,0x141472098,0x3550,79=FillParamBlock,stage_contact_override;alert_config;custom_attack_shape;custom_param_block,CCmdActionManager_SummonRushShot,
310010101,CUnitTaskAutomata_031GNHATH_001XIGNDM_001_FunnelMissile,automata,CUnitTaskAutomataFunnelFlySword,0x141471718,0x3540,79=FillParamBlock;81=CreateCmdActionManager,alert_config;custom_attack_shape;custom_param_block,CCmdActionManager_031GNHATH_001XIGNDM_001_FunnelMissile,
310010105,CUnitTaskAutomata_031GNHATH_001XIGNDM_001_FunnelMissileShotAiming,automata,CUnitTaskAutomata_031GNHATH_001XIGNDM_001_FunnelMissileShotAbstract,0x1414723C8,0x3530,79=FillParamBlock;81=CreateCmdActionManager,alert_config;custom_attack_shape;custom_param_block,CCmdActionManager_031GNHATH_001XIGNDM_001_FunnelMissileShotAiming,0xDCEAF7AC
310010102,CUnitTaskAutomata_031GNHATH_001XIGNDM_001_FunnelMissileWinlose,automata,CUnitTaskAutomataPutObj,0x141471A40,0x3530,,custom_attack_shape;custom_param_block,CCmdActionManager_PutObj,
310010108,CUnitTaskAutomata_031GNHATH_001XIGNDM_001_ThrowBeamRifle,automata,CUnitTaskAutomataDetonator,0x141472D58,0x3530,79=FillParamBlock;81=CreateCmdActionManager,hit_consumed_hook;alert_config;custom_attack_shape;custom_param_block,CCmdActionManager_031GNHATH_001XIGNDM_001_ThrowBeamRifle,0xDCEAF7AC
310020101,CUnitTaskAutomata_031GNHATH_002PENELP_001_FunnelMissile,automata,CUnitTaskAutomataFunnelFlySword,0x141473080,0x3540,79=FillParamBlock;81=CreateCmdActionManager,alert_config;custom_attack_shape;custom_param_block,CCmdActionManager_031GNHATH_002PENELP_001_FunnelMissile,
310020103,CUnitTaskAutomata_031GNHATH_002PENELP_001_FunnelMissileShotAiming,automata,CUnitTaskAutomata_031GNHATH_002PENELP_001_FunnelMissileShotAbstract,0x1414736D0,0x3530,79=FillParamBlock;81=CreateCmdActionManager,alert_config;custom_attack_shape;custom_param_block,CCmdActionManager_031GNHATH_002PENELP_001_FunnelMissileShotAiming,0xDCEAF7AC
310020102,CUnitTaskAutomata_031GNHATH_002PENELP_001_FunnelMissileWinlose,automata,CUnitTaskAutomataPutObj,0x1414733A8,0x3530,,custom_attack_shape;custom_param_block,CCmdActionManager_PutObj,
330010102,CUnitTaskAutomata_033GNDAGE_001GNAGE1_001_ThrowLargeRock,automata,CUnitTaskAutomataThrow,0x141473D20,0x3530,71=OnHitCountExhausted;72=PostUpdateEffects;73=OnStageContact;76=ArchetypeEventHook;79=FillParamBlock;81=CreateCmdActionManager;86=DescribeBarrier,barrier;hit_count_exhausted_override;stage_contact_override;alert_config;custom_attack_shape;custom_param_block,CCmdActionManager_033GNDAGE_001GNAGE1_001_ThrowLargeRock;CCmdActionManager_Throw,
330010101,CUnitTaskAutomata_033GNDAGE_001GNAGE1_001_ThrowSmallRock,automata,CUnitTaskAutomataThrowMortar,0x1414739F8,0x3530,71=OnHitCountExhausted;72=PostUpdateEffects;73=OnStageContact;76=ArchetypeEventHook,hit_count_exhausted_override;stage_contact_override;alert_config;custom_attack_shape;custom_param_block;init_data_modifier,CCmdActionManager_Throw;CCmdActionManager_ThrowMortar,
330030101,CUnitTaskAutomata_033GNDAGE_003GNAGE3_001_ThrowBlade,automata,CUnitTaskAutomataThrowBlade,0x141474048,0x3550,81=CreateCmdActionManager;84=DescribeAttackShape;89=OnInitHookA,alert_config;custom_attack_shape;custom_param_block,CCmdActionManager_033GNDAGE_003GNAGE3_001_ThrowBlade;CCmdActionManager_Throw,0x36FCE2D7;0xAB606D9E;0xD8F283FB
330030103,CUnitTaskAutomata_033GNDAGE_003GNAGE3_001_ThrowBlastiaUnit,automata,CUnitTaskAutomataThrow,0x141474370,0x3530,79=FillParamBlock;89=OnInitHookA;90=SetupModelSubObject,alert_config;custom_attack_shape;custom_param_block,CCmdActionManager_Throw,0x41FBD241;0xD8F283FB
330030102,CUnitTaskAutomata_033GNDAGE_003GNAGE3_001_ThrowNet,automata,CUnitTaskAutomataThrow,0x141474698,0x3530,79=FillParamBlock;81=CreateCmdActionManager;84=DescribeAttackShape;88=SetupModelAnimation;91=FillParamSubBlock,alert_config;custom_attack_shape;custom_param_block,CCmdActionManager_033GNDAGE_003GNAGE3_001_ThrowNet;CCmdActionManager_Throw,0x4C55EA3D
330040109,CUnitTaskAutomata_033GNDAGE_004GAGEFX_001_FunnelAttachChangeAutomata,automata,CUnitTaskAutomataAttachToRadiconReturn,0x141476340,0x3530,2=OnInit;79=FillParamBlock;81=CreateCmdActionManager,custom_attack_shape;custom_param_block;spawn_orders_override,CCmdActionManager_AttachToRadiconReturn,0xA36593AD;0xD32D39ED;0xEDD1C108
330040108,CUnitTaskAutomata_033GNDAGE_004GAGEFX_001_FunnelAttachChangeWeaponDefenseformGurd,automata,CUnitTaskAutomata_033GNDAGE_004GAGEFX_001_FunnelAttachChangeWeaponAbstract,0x141476010,0x3530,79=FillParamBlock;91=FillParamSubBlock,custom_attack_shape;custom_param_block;spawn_orders_override,CCmdActionManager_AttachReturn,0xD32D39ED
330040107,CUnitTaskAutomata_033GNDAGE_004GAGEFX_001_FunnelAttachChangeWeaponDefenseformMayu,automata,CUnitTaskAutomata_033GNDAGE_004GAGEFX_001_FunnelAttachChangeWeaponAbstract,0x141475CE0,0x3530,79=FillParamBlock;81=CreateCmdActionManager;91=FillParamSubBlock,custom_attack_shape;custom_param_block;spawn_orders_override,CCmdActionManager_033GNDAGE_004GAGEFX_001_FunnelAttachChangeWeaponDefenseformMayu,0xD32D39ED;0xEDD1C108
330040103,CUnitTaskAutomata_033GNDAGE_004GAGEFX_001_FunnelFlySwordThrowFxBurst,automata,CUnitTaskAutomata_033GNDAGE_004GAGEFX_001_FunnelFlySwordThrowAbstract,0x141475010,0x3540,81=CreateCmdActionManager,alert_config;custom_attack_shape;custom_param_block,CCmdActionManager_033GNDAGE_004GAGEFX_001_FunnelFlySwordThrowFxBurst,
330040104,CUnitTaskAutomata_033GNDAGE_004GAGEFX_001_FunnelFlySwordThrowHissatsu,automata,CUnitTaskAutomata_033GNDAGE_004GAGEFX_001_FunnelFlySwordThrowAbstract,0x141475340,0x3540,81=CreateCmdActionManager;100,alert_config;custom_attack_shape;custom_param_block,CCmdActionManager_033GNDAGE_004GAGEFX_001_FunnelFlySwordThrowAbstract,
330040117,CUnitTaskAutomata_033GNDAGE_004GAGEFX_001_FunnelFlyswordBurst,automata,CUnitTaskAutomata_033GNDAGE_004GAGEFX_001_FunnelFlyswordAbstract,0x141477CD8,0x3540,79=FillParamBlock;81=CreateCmdActionManager;88=SetupModelAnimation,alert_config;custom_attack_shape;custom_param_block,CCmdActionManager_033GNDAGE_004GAGEFX_001_FunnelFlyswordBurst,
330040102,CUnitTaskAutomata_033GNDAGE_004GAGEFX_001_FunnelFlyswordHasei,automata,CUnitTaskAutomata_033GNDAGE_004GAGEFX_001_FunnelFlyswordAbstract,0x141474CE8,0x3540,79=FillParamBlock,alert_config;custom_attack_shape;custom_param_block;spawn_orders_override,CCmdActionManager_033GNDAGE_004GAGEFX_001_FunnelFlyswordAbstract,
330040101,CUnitTaskAutomata_033GNDAGE_004GAGEFX_001_FunnelFlyswordNormal,automata,CUnitTaskAutomata_033GNDAGE_004GAGEFX_001_FunnelFlyswordAbstract,0x1414749C0,0x3540,79=FillParamBlock;96=GetSpawnOrderCount,alert_config;custom_attack_shape;custom_param_block;spawn_orders_override,CCmdActionManager_033GNDAGE_004GAGEFX_001_FunnelFlyswordAbstract,
330040113,CUnitTaskAutomata_033GNDAGE_004GAGEFX_001_FunnelMateDefense,automata,CUnitTaskAutomata_033GNDAGE_004GAGEFX_001_FunnelCommonDefense,0x141477018,0x3560,81=CreateCmdActionManager,custom_attack_shape;custom_param_block,CCmdActionManager_033GNDAGE_004GAGEFX_001_FunnelCommonDefense;CCmdActionManager_033GNDAGE_004GAGEFX_001_FunnelMateDefense,
330040112,CUnitTaskAutomata_033GNDAGE_004GAGEFX_001_FunnelSelfDefense,automata,CUnitTaskAutomata_033GNDAGE_004GAGEFX_001_FunnelCommonDefense,0x141476CD8,0x3560,81=CreateCmdActionManager,custom_attack_shape;custom_param_block,CCmdActionManager_033GNDAGE_004GAGEFX_001_FunnelCommonDefense;CCmdActionManager_033GNDAGE_004GAGEFX_001_FunnelSelfDefense,
330040114,CUnitTaskAutomata_033GNDAGE_004GAGEFX_001_SpAssistAge1,automata,CUnitTaskAutomataSummonRushShot,0x141477358,0x3550,79=FillParamBlock;81=CreateCmdActionManager;88=SetupModelAnimation,stage_contact_override;alert_config;custom_attack_shape;custom_param_block,CCmdActionManager_033GNDAGE_004GAGEFX_001_SpAssistAge1,0x36FCE2D7;0x41FBD241;0xA8987774
330040115,CUnitTaskAutomata_033GNDAGE_004GAGEFX_001_SpPlasmaDiverMissile,automata,CUnitTaskAutomataThrow,0x141477688,0x3530,79=FillParamBlock;84=DescribeAttackShape,alert_config;custom_attack_shape;custom_param_block,CCmdActionManager_Throw,
330040105,CUnitTaskAutomata_033GNDAGE_004GAGEFX_001_StickerFunnelHissatsu,automata,CUnitTaskAutomata_033GNDAGE_004GAGEFX_001_StickerFunnelAbstract,0x141475670,0x3540,81=CreateCmdActionManager,custom_attack_shape;custom_param_block,CCmdActionManager_033GNDAGE_004GAGEFX_001_StickerFunnelHissatsu,
330040106,CUnitTaskAutomata_033GNDAGE_004GAGEFX_001_StickerFunnelWinLose,automata,CUnitTaskAutomata_033GNDAGE_004GAGEFX_001_StickerFunnelAbstract,0x1414759A8,0x3540,81=CreateCmdActionManager,custom_attack_shape;custom_param_block,CCmdActionManager_033GNDAGE_004GAGEFX_001_StickerFunnelAbstract,
330040116,CUnitTaskAutomata_033GNDAGE_004GAGEFX_001_ThrowDarkhoundMA,automata,CUnitTaskAutomataThrow,0x1414779B0,0x3530,2=OnInit;79=FillParamBlock;81=CreateCmdActionManager;84=DescribeAttackShape,alert_config;custom_attack_shape;custom_param_block,CCmdActionManager_033GNDAGE_004GAGEFX_001_ThrowDarkhoundMA;CCmdActionManager_Throw,0x4C55EA3D
330040110,CUnitTaskAutomata_033GNDAGE_004GAGEFX_001_TransparentSlasher01,automata,CUnitTaskAutomata_033GNDAGE_004GAGEFX_001_TransparentSlasherAbstract,0x141476668,0x3540,81=CreateCmdActionManager;84=DescribeAttackShape,stage_contact_override;alert_config;custom_attack_shape;custom_param_block,CCmdActionManager_033GNDAGE_004GAGEFX_001_TransparentSlasher01,
330040111,CUnitTaskAutomata_033GNDAGE_004GAGEFX_001_TransparentSlasher04,automata,CUnitTaskAutomata_033GNDAGE_004GAGEFX_001_TransparentSlasherAbstract,0x1414769A0,0x3540,81=CreateCmdActionManager;84=DescribeAttackShape,stage_contact_override;alert_config;custom_attack_shape;custom_param_block,CCmdActionManager_033GNDAGE_004GAGEFX_001_TransparentSlasher04,
330060104,CUnitTaskAutomata_033GNDAGE_006FARSIA_001_FunnelAttachChange2,automata,CUnitTaskAutomata_033GNDAGE_006FARSIA_001_FunnelAttachChange,0x141478978,0x3530,100;101,custom_attack_shape;custom_param_block,CCmdActionManager_033GNDAGE_006FARSIA_001_FunnelAttachChangeAutomata,
330060103,CUnitTaskAutomata_033GNDAGE_006FARSIA_001_FunnelAttachChange3,automata,CUnitTaskAutomata_033GNDAGE_006FARSIA_001_FunnelAttachChange,0x141478CB0,0x3530,100;101,custom_attack_shape;custom_param_block,CCmdActionManager_033GNDAGE_006FARSIA_001_FunnelAttachChangeAutomata,
330060102,CUnitTaskAutomata_033GNDAGE_006FARSIA_001_FunnelFly,automata,CUnitTaskAutomataFunnelMawarikomi,0x141478000,0x3540,79=FillParamBlock;81=CreateCmdActionManager,alert_config;custom_attack_shape;custom_param_block,CCmdActionManager_033GNDAGE_006FARSIA_001_FunnelFly,
330060115,CUnitTaskAutomata_033GNDAGE_006FARSIA_001_FunnelNet,automata,CUnitTaskAutomataFunnelShotStayShift,0x14147A9A8,0x3530,81=CreateCmdActionManager,alert_config;custom_attack_shape;custom_param_block,CCmdActionManager_033GNDAGE_006FARSIA_001_FunnelNet,
330060105,CUnitTaskAutomata_033GNDAGE_006FARSIA_001_FunnelReturn,automata,CUnitTaskAutomataRadiconParentActor,0x141478328,0x3530,79=FillParamBlock;81=CreateCmdActionManager;88=SetupModelAnimation,custom_attack_shape,CCmdActionManager_033GNDAGE_006FARSIA_001_FunnelReturn,
330060101,CUnitTaskAutomata_033GNDAGE_006FARSIA_001_FunnelShot,automata,CUnitTaskAutomataFunnelMawarikomi_ShotOrder,0x141478650,0x3540,79=FillParamBlock;81=CreateCmdActionManager,custom_attack_shape;custom_param_block,CCmdActionManager_033GNDAGE_006FARSIA_001_FunnelShot,
330060107,CUnitTaskAutomata_033GNDAGE_006FARSIA_001_TransparentShooter2,automata,CUnitTaskAutomata_033GNDAGE_006FARSIA_001_TransparentShooter,0x141478FE8,0x3550,102;104,stage_contact_override;alert_config;custom_attack_shape;custom_param_block,CCmdActionManager_033GNDAGE_006FARSIA_001_TransparentShooter,
330060106,CUnitTaskAutomata_033GNDAGE_006FARSIA_001_TransparentShooter3,automata,CUnitTaskAutomata_033GNDAGE_006FARSIA_001_TransparentShooter,0x141479338,0x3550,102;104,stage_contact_override;alert_config;custom_attack_shape;custom_param_block,CCmdActionManager_033GNDAGE_006FARSIA_001_TransparentShooter,
330060112,CUnitTaskAutomata_033GNDAGE_006FARSIA_001_ZedasHissatsuCombo,automata,CUnitTaskAutomataStickerLaunchBone,0x141479688,0x3540,79=FillParamBlock;81=CreateCmdActionManager;88=SetupModelAnimation;90=SetupModelSubObject,custom_attack_shape;custom_param_block,CCmdActionManager_033GNDAGE_006FARSIA_001_ZedasHissatsuCombo,
330060113,CUnitTaskAutomata_033GNDAGE_006FARSIA_001_ZedasHissatsuFinish,automata,CUnitTaskAutomataSummonRushAttackNormal,0x1414799C0,0x3540,79=FillParamBlock;81=CreateCmdActionManager;88=SetupModelAnimation;91=FillParamSubBlock,stage_contact_override;alert_config;custom_attack_shape;custom_param_block,CCmdActionManager_033GNDAGE_006FARSIA_001_ZedasHissatsuFinish,
330060111,CUnitTaskAutomata_033GNDAGE_006FARSIA_001_ZedasRush,automata,CUnitTaskAutomataSummonRushAttackNormal,0x141479CF0,0x3540,79=FillParamBlock;81=CreateCmdActionManager;88=SetupModelAnimation;89=OnInitHookA,stage_contact_override;alert_config;custom_attack_shape;custom_param_block,CCmdActionManager_033GNDAGE_006FARSIA_001_ZedasRush,0xD8F283FB
330060109,CUnitTaskAutomata_033GNDAGE_006FARSIA_001_ZedasTsukimatoi,automata,CUnitTaskAutomata_033GNDAGE_006FARSIA_001_ZedasTsukimatoiAbstract,0x14147A020,0x3540,79=FillParamBlock,stage_contact_override;alert_config;custom_attack_shape;custom_param_block,CCmdActionManager_033GNDAGE_006FARSIA_001_ZedasTsukimatoi,
330060110,CUnitTaskAutomata_033GNDAGE_006FARSIA_001_ZedasTsukimatoiRefollow,automata,CUnitTaskAutomata_033GNDAGE_006FARSIA_001_ZedasTsukimatoiAbstract,0x14147A350,0x3540,79=FillParamBlock,stage_contact_override;alert_config;custom_attack_shape;custom_param_block,CCmdActionManager_033GNDAGE_006FARSIA_001_ZedasTsukimatoi,
330060114,CUnitTaskAutomata_033GNDAGE_006FARSIA_001_ZedasWinlose,automata,CUnitTaskAutomataPutObj,0x14147A680,0x3530,79=FillParamBlock;81=CreateCmdActionManager;88=SetupModelAnimation;90=SetupModelSubObject,custom_attack_shape;custom_param_block,CCmdActionManager_033GNDAGE_006FARSIA_001_ZedasWinlose,
330070107,CUnitTaskAutomata_033GNDAGE_007LEGILS_001_AssistFunnelFly,automata,CUnitTaskAutomataFunnelMawarikomi,0x14147B978,0x3540,0=Destructor;79=FillParamBlock;81=CreateCmdActionManager,alert_config;custom_attack_shape;custom_param_block,CCmdActionManager_033GNDAGE_007LEGILS_001_AssistFunnelFly,0xDCEAF7AC
330070106,CUnitTaskAutomata_033GNDAGE_007LEGILS_001_AssistShotFunnel,automata,CUnitTaskAutomataSummonRushShot,0x1415E08E8,0x3550,0=Destructor;81=CreateCmdActionManager,stage_contact_override;alert_config;custom_attack_shape;custom_param_block,CCmdActionManager_033GNDAGE_007LEGILS_001_AssistShotFunnel,
330070105,CUnitTaskAutomata_033GNDAGE_007LEGILS_001_AssistShotLaser,automata,CUnitTaskAutomataSummonRushShot,0x1415E04A8,0x3550,0=Destructor;81=CreateCmdActionManager;88=SetupModelAnimation,stage_contact_override;alert_config;custom_attack_shape;custom_param_block,CCmdActionManager_033GNDAGE_007LEGILS_001_AssistShotLaser,
330070101,CUnitTaskAutomata_033GNDAGE_007LEGILS_001_FunnelFly,automata,CUnitTaskAutomata_033GNDAGE_007LEGILS_001_FunnelFlyAbstract,0x14147ACD8,0x3540,81=CreateCmdActionManager,alert_config;custom_attack_shape;custom_param_block,CCmdActionManager_033GNDAGE_007LEGILS_001_FunnelFly,
330070102,CUnitTaskAutomata_033GNDAGE_007LEGILS_001_FunnelFlyHasei,automata,CUnitTaskAutomata_033GNDAGE_007LEGILS_001_FunnelFlyAbstract,0x14147B000,0x3540,81=CreateCmdActionManager,alert_config;custom_attack_shape;custom_param_block,CCmdActionManager_033GNDAGE_007LEGILS_001_FunnelFlyHasei,
330070103,CUnitTaskAutomata_033GNDAGE_007LEGILS_001_FunnelShotAiming,automata,CUnitTaskAutomata_033GNDAGE_007LEGILS_001_FunnelShotAbstract,0x14147B328,0x3530,81=CreateCmdActionManager,alert_config;custom_attack_shape;custom_param_block,CCmdActionManager_033GNDAGE_007LEGILS_001_FunnelShotAiming,
330070104,CUnitTaskAutomata_033GNDAGE_007LEGILS_001_FunnelShotDirection,automata,CUnitTaskAutomata_033GNDAGE_007LEGILS_001_FunnelShotAbstract,0x14147B650,0x3540,69=PreCreateManagerHook;81=CreateCmdActionManager,alert_config;custom_attack_shape;custom_param_block,CCmdActionManager_033GNDAGE_007LEGILS_001_FunnelShotDirection,0xABEDC73A;0xFAA5615C
330070202,CUnitTaskAutomata_033GNDAGE_007LEGILS_002_AssistShotFunnel,automata,CUnitTaskAutomataSummonRushShot,0x1415E0E68,0x3550,0=Destructor;81=CreateCmdActionManager,stage_contact_override;alert_config;custom_attack_shape;custom_param_block,CCmdActionManager_033GNDAGE_007LEGILS_002_AssistShotFunnel,
330070201,CUnitTaskAutomata_033GNDAGE_007LEGILS_002_AssistShotLaser,automata,CUnitTaskAutomataSummonRushShot,0x1415E12A8,0x3550,0=Destructor;81=CreateCmdActionManager;88=SetupModelAnimation,stage_contact_override;alert_config;custom_attack_shape;custom_param_block,CCmdActionManager_033GNDAGE_007LEGILS_002_AssistShotLaser,
330080101,CUnitTaskAutomata_033GNDAGE_008DRKHND_001_Anchor,automata,CUnitTaskAutomataAnchorReturn,0x14147BCA0,0x3540,79=FillParamBlock;81=CreateCmdActionManager;89=OnInitHookA,stage_contact_override;custom_attack_shape;custom_param_block,CCmdActionManager_033GNDAGE_008DRKHND_001_Anchor,0x36FCE2D7;0x41FBD241;0xA8987774;0xDF9F47E2
330080104,CUnitTaskAutomata_033GNDAGE_008DRKHND_001_AssistShldlrRensha,automata,CUnitTaskAutomataSummonTukimatoiAndActionSimple,0x14147C618,0x3540,79=FillParamBlock;81=CreateCmdActionManager,stage_contact_override;alert_config;custom_attack_shape;custom_param_block,CCmdActionManager_033GNDAGE_008DRKHND_001_AssistShldlrRensha,
330080102,CUnitTaskAutomata_033GNDAGE_008DRKHND_001_DodslancerThrow,automata,CUnitTaskAutomataThrowMortar,0x14147BFC8,0x3530,79=FillParamBlock;81=CreateCmdActionManager;84=DescribeAttackShape;91=FillParamSubBlock,alert_config;custom_attack_shape;custom_param_block;init_data_modifier,CCmdActionManager_033GNDAGE_008DRKHND_001_DodslancerThrow,0xFAA5615C
330080103,CUnitTaskAutomata_033GNDAGE_008DRKHND_001_SaberBoomerang,automata,CUnitTaskAutomataBoomerang,0x14147C2F0,0x3540,81=CreateCmdActionManager;89=OnInitHookA,stage_contact_override;alert_config;custom_attack_shape;custom_param_block,CCmdActionManager_033GNDAGE_008DRKHND_001_SaberBoomerang,0x319126CE;0x46961658;0xA12E3B5F;0xA8987774;0xD6290BC9;0xD8F283FB;0xDF9F47E2
330100101,CUnitTaskAutomata_033GNDAGE_010AGEFLG_001_PdmPorori,automata,CUnitTaskAutomataFreeFall,0x14147C948,0x3530,81=CreateCmdActionManager;88=SetupModelAnimation,custom_attack_shape;custom_param_block,CCmdActionManager_FreeFall,
330110105,CUnitTaskAutomata_033GNDAGE_011FFRSIA_001_AssistTransparent,automata,CUnitTaskAutomataSummonRushShot,0x14147D928,0x3550,79=FillParamBlock;81=CreateCmdActionManager,stage_contact_override;alert_config;custom_attack_shape;custom_param_block,CCmdActionManager_033GNDAGE_011FFRSIA_001_AssistTransparent,
330110108,CUnitTaskAutomata_033GNDAGE_011FFRSIA_001_AssistTransparentRensha,automata,CUnitTaskAutomataSummonRushShot,0x14147DC58,0x3550,79=FillParamBlock;81=CreateCmdActionManager,stage_contact_override;alert_config;custom_attack_shape;custom_param_block,CCmdActionManager_033GNDAGE_011FFRSIA_001_AssistTransparentRensha,
330110104,CUnitTaskAutomata_033GNDAGE_011FFRSIA_001_FunnelAttachChangeShooter,automata,CUnitTaskAutomataAttachToRadicon,0x14147D5F0,0x3530,79=FillParamBlock;81=CreateCmdActionManager;100;101,custom_attack_shape;custom_param_block,CCmdActionManager_033GNDAGE_011FFRSIA_001_FunnelAttachChangeShooter,
330110102,CUnitTaskAutomata_033GNDAGE_011FFRSIA_001_FunnelFly,automata,CUnitTaskAutomataFunnelMawarikomi,0x14147CC70,0x3540,79=FillParamBlock;81=CreateCmdActionManager,alert_config;custom_attack_shape;custom_param_block,CCmdActionManager_033GNDAGE_011FFRSIA_001_FunnelFly,
330110103,CUnitTaskAutomata_033GNDAGE_011FFRSIA_001_FunnelNet,automata,CUnitTaskAutomataFunnelShotStayShift,0x14147D2C0,0x3530,2=OnInit;81=CreateCmdActionManager,alert_config;custom_attack_shape;custom_param_block,CCmdActionManager_033GNDAGE_011FFRSIA_001_FunnelNet,
330110101,CUnitTaskAutomata_033GNDAGE_011FFRSIA_001_FunnelShot,automata,CUnitTaskAutomataFunnelMawarikomi_ShotOrder,0x14147CF98,0x3540,79=FillParamBlock;81=CreateCmdActionManager,custom_attack_shape;custom_param_block,CCmdActionManager_033GNDAGE_011FFRSIA_001_FunnelShot,
340020101,CUnitTaskAutomata_034EXTGUN_000COMMON_001_DuggerBoomerangAbstract,automata,CUnitTaskAutomataBoomerang,0x1415E2380,0x3540,89=OnInitHookA,stage_contact_override;alert_config;custom_attack_shape;custom_param_block,CCmdActionManager_Boomerang,0x46961658;0xD8F283FB;0xDF9F47E2
340020102,CUnitTaskAutomata_034EXTGUN_000COMMON_001_FunnelHissatsuAbstract,automata,CUnitTaskAutomataFunnelShotImmediateShift,0x14147E900,0x3540,12=Update;79=FillParamBlock;81=CreateCmdActionManager;97=GetSpawnOrderId;98=GetSpawnOrderArg,alert_config;custom_attack_shape;custom_param_block;spawn_orders_override,CCmdActionManager_034EXTGUN_000COMMON_001_FunnelHissatsuAbstract,0x41FBD241;0xD8F283FB;0xEDD1C108
340010102,CUnitTaskAutomata_034EXTGUN_001EXECLI_001_ThrowBeamSaber,automata,CUnitTaskAutomata_000COMMON_000COMMON_001_ThrowSaber,0x14147E2B0,0x3530,,alert_config;custom_attack_shape;custom_param_block,CCmdActionManager_000COMMON_000COMMON_001_ThrowSaber;CCmdActionManager_Throw,
340010101,CUnitTaskAutomata_034EXTGUN_001EXECLI_001_ThrowCluster,automata,CUnitTaskAutomataThrow,0x14147DF88,0x3530,81=CreateCmdActionManager,alert_config;custom_attack_shape;custom_param_block,CCmdActionManager_034EXTGUN_001EXECLI_001_ThrowCluster;CCmdActionManager_Throw,
340010201,CUnitTaskAutomata_034EXTGUN_001EXECLI_002_ThrowCluster,automata,CUnitTaskAutomataThrow,0x14147E5D8,0x3530,81=CreateCmdActionManager,alert_config;custom_attack_shape;custom_param_block,CCmdActionManager_034EXTGUN_001EXECLI_002_ThrowCluster;CCmdActionManager_Throw,
340020103,CUnitTaskAutomata_034EXTGUN_002EXXENO_001_FlashMine,automata,CUnitTaskAutomataThrow,0x14147EC28,0x3530,79=FillParamBlock,alert_config;custom_attack_shape;custom_param_block,CCmdActionManager_Throw,
340020104,CUnitTaskAutomata_034EXTGUN_002EXXENO_001_FunnelGenkidama,automata,CUnitTaskAutomataFunnelTukimatoi,0x14147EF50,0x3540,79=FillParamBlock;81=CreateCmdActionManager;89=OnInitHookA,custom_attack_shape;custom_param_block,CCmdActionManager_034EXTGUN_002EXXENO_001_FunnelGenkidama,
340030110,CUnitTaskAutomata_034EXTGUN_003EXAIOS_001_AssistTransparentShooter,automata,CUnitTaskAutomataSummonRushShot,0x14147F278,0x3550,12=Update;79=FillParamBlock;81=CreateCmdActionManager;84=DescribeAttackShape;86=DescribeBarrier;88=SetupModelAnimation,barrier;stage_contact_override;alert_config;custom_attack_shape;custom_param_block,CCmdActionManager_034EXTGUN_003EXAIOS_001_AssistTransparentShooter,
340030111,CUnitTaskAutomata_034EXTGUN_003EXAIOS_001_AssistTransparentSlasher,automata,CUnitTaskAutomataSummonGrap,0x14147F5A8,0x3540,79=FillParamBlock;81=CreateCmdActionManager;84=DescribeAttackShape;88=SetupModelAnimation,stage_contact_override;alert_config;custom_attack_shape;custom_param_block,CCmdActionManager_034EXTGUN_003EXAIOS_001_AssistTransparentSlasher,
340030108,CUnitTaskAutomata_034EXTGUN_003EXAIOS_001_FunnelAttachChangeShooter,automata,CUnitTaskAutomataAttachToRadicon,0x14147F8E0,0x3530,79=FillParamBlock;81=CreateCmdActionManager;100;101,custom_attack_shape;custom_param_block,CCmdActionManager_034EXTGUN_003EXAIOS_001_FunnelAttachChangeShooter,0xD32D39ED;0xD8F283FB
340030109,CUnitTaskAutomata_034EXTGUN_003EXAIOS_001_FunnelAttachChangeSlasher,automata,CUnitTaskAutomataAttachToRadicon,0x14147FC18,0x3530,79=FillParamBlock;81=CreateCmdActionManager;100;101,custom_attack_shape;custom_param_block,CCmdActionManager_034EXTGUN_003EXAIOS_001_FunnelAttachChangeSlasher,0xD32D39ED;0xD8F283FB
340030107,CUnitTaskAutomata_034EXTGUN_003EXAIOS_001_FunnelAttachChangeWeapon,automata,CUnitTaskAutomataAttachReturn,0x14147FF50,0x3540,79=FillParamBlock;81=CreateCmdActionManager;91=FillParamSubBlock,custom_attack_shape;custom_param_block,CCmdActionManager_034EXTGUN_003EXAIOS_001_FunnelAttachChangeWeapon,0xD32D39ED
340030101,CUnitTaskAutomata_034EXTGUN_003EXAIOS_001_FunnelFly,automata,CUnitTaskAutomataFunnelMawarikomi,0x141480278,0x3540,79=FillParamBlock;81=CreateCmdActionManager,alert_config;custom_attack_shape;custom_param_block,CCmdActionManager_034EXTGUN_003EXAIOS_001_FunnelFly,
340030102,CUnitTaskAutomata_034EXTGUN_003EXAIOS_001_FunnelLaser,automata,CUnitTaskAutomataFunnelMawarikomi,0x1414805A0,0x3540,79=FillParamBlock;81=CreateCmdActionManager,alert_config;custom_attack_shape;custom_param_block,CCmdActionManager_034EXTGUN_003EXAIOS_001_FunnelLaser,
340030105,CUnitTaskAutomata_034EXTGUN_003EXAIOS_001_FunnelLaserNet,automata,CUnitTaskAutomataFunnelShotStayShift,0x1414808C8,0x3530,79=FillParamBlock;81=CreateCmdActionManager,alert_config;custom_attack_shape;custom_param_block,CCmdActionManager_034EXTGUN_003EXAIOS_001_FunnelLaserNet,
340030103,CUnitTaskAutomata_034EXTGUN_003EXAIOS_001_FunnelShot,automata,CUnitTaskAutomataFunnelTukimatoi_ShotOrder,0x141480BF8,0x3540,79=FillParamBlock;81=CreateCmdActionManager,custom_attack_shape;custom_param_block,CCmdActionManager_034EXTGUN_003EXAIOS_001_FunnelShot,
340030104,CUnitTaskAutomata_034EXTGUN_003EXAIOS_001_FunnelTeleport,automata,CUnitTaskAutomataFunnelMawarikomi,0x141480F20,0x3540,79=FillParamBlock;81=CreateCmdActionManager,alert_config;custom_attack_shape;custom_param_block,CCmdActionManager_034EXTGUN_003EXAIOS_001_FunnelTeleport,
340030112,CUnitTaskAutomata_034EXTGUN_003EXAIOS_001_ScaleController,automata,CUnitTaskAutomataRadiconParentActor,0x141481248,0x3530,81=CreateCmdActionManager;98=GetSpawnOrderArg,custom_attack_shape;spawn_orders_override,CCmdActionManager_034EXTGUN_003EXAIOS_001_ScaleController,0xD32D39ED
340030115,CUnitTaskAutomata_034EXTGUN_003EXAIOS_001_ScaleController_All,automata,CUnitTaskAutomataRadiconParentActor,0x141481580,0x3530,81=CreateCmdActionManager;96=GetSpawnOrderCount;98=GetSpawnOrderArg,custom_attack_shape;spawn_orders_override,CCmdActionManager_034EXTGUN_003EXAIOS_001_ScaleController_All,
340030114,CUnitTaskAutomata_034EXTGUN_003EXAIOS_001_ScaleController_Large,automata,CUnitTaskAutomataRadiconParentActor,0x1414818B8,0x3530,81=CreateCmdActionManager;98=GetSpawnOrderArg,custom_attack_shape;spawn_orders_override,CCmdActionManager_034EXTGUN_003EXAIOS_001_ScaleController_Large,
340030113,CUnitTaskAutomata_034EXTGUN_003EXAIOS_001_ScaleController_Small,automata,CUnitTaskAutomataRadiconParentActor,0x141481BF0,0x3530,81=CreateCmdActionManager;98=GetSpawnOrderArg,custom_attack_shape;spawn_orders_override,CCmdActionManager_034EXTGUN_003EXAIOS_001_ScaleController_Small,
340030118,CUnitTaskAutomata_034EXTGUN_003EXAIOS_001_SpFunnelLaser,automata,CUnitTaskAutomata_034EXTGUN_003EXAIOS_001_FunnelLaser,0x1414828A0,0x3540,81=CreateCmdActionManager,alert_config;custom_attack_shape;custom_param_block,CCmdActionManager_034EXTGUN_003EXAIOS_001_SpFunnelLaser,
340030117,CUnitTaskAutomata_034EXTGUN_003EXAIOS_001_SpFunnelTeleport,automata,CUnitTaskAutomata_034EXTGUN_003EXAIOS_001_FunnelTeleport,0x141482578,0x3540,81=CreateCmdActionManager;88=SetupModelAnimation,alert_config;custom_attack_shape;custom_param_block,CCmdActionManager_034EXTGUN_003EXAIOS_001_SpFunnelTeleport,
340030119,CUnitTaskAutomata_034EXTGUN_003EXAIOS_001_SpFunnelThrow,automata,CUnitTaskAutomata_000COMMON_000COMMON_001_ThrowSaberRolling,0x141482BC8,0x3530,2=OnInit;81=CreateCmdActionManager,alert_config;custom_attack_shape;custom_param_block,CCmdActionManager_034EXTGUN_003EXAIOS_001_SpFunnelThrow,
340030106,CUnitTaskAutomata_034EXTGUN_003EXAIOS_001_ThrowFunnel,automata,CUnitTaskAutomataThrow,0x141481F28,0x3530,2=OnInit;76=ArchetypeEventHook;79=FillParamBlock;81=CreateCmdActionManager;89=OnInitHookA,alert_config;custom_attack_shape;custom_param_block,CCmdActionManager_034EXTGUN_003EXAIOS_001_ThrowFunnel;CCmdActionManager_Throw,0xD8F283FB
340030116,CUnitTaskAutomata_034EXTGUN_003EXAIOS_001_Winlose_Funnel,automata,CUnitTaskAutomataFunnelTukimatoi_ShotOrder,0x141482250,0x3540,81=CreateCmdActionManager,custom_attack_shape;custom_param_block,CCmdActionManager_034EXTGUN_003EXAIOS_001_Winlose_Funnel,
340040112,CUnitTaskAutomata_034EXTGUN_004EXLEOS_001_AssistTransparentSlasher,automata,CUnitTaskAutomataSummonGrap,0x141484B78,0x3540,79=FillParamBlock;81=CreateCmdActionManager;84=DescribeAttackShape;88=SetupModelAnimation;89=OnInitHookA;102,stage_contact_override;alert_config;custom_attack_shape;custom_param_block,CCmdActionManager_034EXTGUN_004EXLEOS_001_AssistTransparentSlasher,
340040111,CUnitTaskAutomata_034EXTGUN_004EXLEOS_001_AttachDockingBBitReturnAbstract,automata,CUnitTaskAutomataAttachAbstract,0x141483218,0x3530,79=FillParamBlock;81=CreateCmdActionManager;98=GetSpawnOrderArg;101,custom_attack_shape;custom_param_block;spawn_orders_override,CCmdActionManager_034EXTGUN_004EXLEOS_001_AttachDockingBBitReturnTurnAbstract,0xD32D39ED
340040113,CUnitTaskAutomata_034EXTGUN_004EXLEOS_001_AttachDockingRifleSword,automata,CUnitTaskAutomataAttachAbstract,0x141485838,0x3530,79=FillParamBlock;81=CreateCmdActionManager;97=GetSpawnOrderId;98=GetSpawnOrderArg;100;101,custom_attack_shape;custom_param_block;spawn_orders_override,CCmdActionManager_034EXTGUN_004EXLEOS_001_AttachDockingRifleSword,0xD32D39ED
340040116,CUnitTaskAutomata_034EXTGUN_004EXLEOS_001_FreeFallRifleSword,automata,CUnitTaskAutomataFreeFall,0x141484EB8,0x3530,88=SetupModelAnimation,custom_attack_shape;custom_param_block,CCmdActionManager_FreeFall,
340040107,CUnitTaskAutomata_034EXTGUN_004EXLEOS_001_FunnelAttachChangePBitOnGuardAbstract,automata,CUnitTaskAutomata_034EXTGUN_004EXLEOS_001_FunnelAttachChangePBitAbstract,0x141485E98,0x3530,,custom_attack_shape;custom_param_block;spawn_orders_override,CCmdActionManager_034EXTGUN_004EXLEOS_001_FunnelAttachChangePBitAbstract,
340040106,CUnitTaskAutomata_034EXTGUN_004EXLEOS_001_FunnelAttachChangePBitOnShotAbstract,automata,CUnitTaskAutomata_034EXTGUN_004EXLEOS_001_FunnelAttachChangePBitAbstract,0x141485B70,0x3530,,custom_attack_shape;custom_param_block;spawn_orders_override,CCmdActionManager_034EXTGUN_004EXLEOS_001_FunnelAttachChangePBitAbstract,
340040104,CUnitTaskAutomata_034EXTGUN_004EXLEOS_001_FunnelAttachChangeRifleAgiosAbstract,automata,CUnitTaskAutomataAttachReturn,0x141484518,0x3530,79=FillParamBlock;81=CreateCmdActionManager;91=FillParamSubBlock,custom_attack_shape;custom_param_block,CCmdActionManager_034EXTGUN_004EXLEOS_001_FunnelAttachChangeRifleAgiosAbstract,0xD32D39ED
340040103,CUnitTaskAutomata_034EXTGUN_004EXLEOS_001_FunnelAttachChangeRifleBBitAbstract,automata,CUnitTaskAutomataAttachReturn,0x141484840,0x3530,79=FillParamBlock;81=CreateCmdActionManager;91=FillParamSubBlock;98=GetSpawnOrderArg;100;101,custom_attack_shape;custom_param_block;spawn_orders_override,CCmdActionManager_034EXTGUN_004EXLEOS_001_FunnelAttachChangeRifleBBitAbstract,0xD32D39ED;0xEDD1C108
340040101,CUnitTaskAutomata_034EXTGUN_004EXLEOS_001_FunnelFly,automata,CUnitTaskAutomataFunnelMawarikomi,0x141483878,0x3540,79=FillParamBlock;81=CreateCmdActionManager,alert_config;custom_attack_shape;custom_param_block,CCmdActionManager_034EXTGUN_004EXLEOS_001_FunnelFly,
340040115,CUnitTaskAutomata_034EXTGUN_004EXLEOS_001_FunnelHissatsuAgiosAbstract,automata,CUnitTaskAutomataFunnelFlySword,0x1414851E0,0x3540,81=CreateCmdActionManager,alert_config;custom_attack_shape;custom_param_block,CCmdActionManager_034EXTGUN_004EXLEOS_001_FunnelHissatsuAgiosAbstract,0xDCEAF7AC
340040114,CUnitTaskAutomata_034EXTGUN_004EXLEOS_001_FunnelHissatsuBBitAbstract,automata,CUnitTaskAutomataFunnelFlySword,0x141485510,0x3540,81=CreateCmdActionManager;96=GetSpawnOrderCount;97=GetSpawnOrderId,alert_config;custom_attack_shape;custom_param_block;spawn_orders_override,CCmdActionManager_034EXTGUN_004EXLEOS_001_FunnelHissatsuBBitAbstract,0xD32D39ED;0xDCEAF7AC
340040102,CUnitTaskAutomata_034EXTGUN_004EXLEOS_001_FunnelShot,automata,CUnitTaskAutomataFunnelTukimatoi_ShotOrder,0x141483550,0x3540,79=FillParamBlock;81=CreateCmdActionManager,custom_attack_shape;custom_param_block,CCmdActionManager_034EXTGUN_004EXLEOS_001_FunnelShot,
340040108,CUnitTaskAutomata_034EXTGUN_004EXLEOS_001_ScaleControllerAgiosAllAbstract,automata,CUnitTaskAutomataRadiconParentActor,0x141483EC8,0x3530,81=CreateCmdActionManager;96=GetSpawnOrderCount;97=GetSpawnOrderId;98=GetSpawnOrderArg,custom_attack_shape;spawn_orders_override,CCmdActionManager_034EXTGUN_004EXLEOS_001_ScaleControllerAgiosAllAbstract,0xEDD1C108
340040110,CUnitTaskAutomata_034EXTGUN_004EXLEOS_001_ScaleControllerAgiosOneAbstract,automata,CUnitTaskAutomataRadiconParentActor,0x141483BA0,0x3530,81=CreateCmdActionManager;98=GetSpawnOrderArg,custom_attack_shape;spawn_orders_override,CCmdActionManager_034EXTGUN_004EXLEOS_001_ScaleControllerAgiosOneAbstract,0xD32D39ED
340040109,CUnitTaskAutomata_034EXTGUN_004EXLEOS_001_ScaleControllerBBitAllAbstract,automata,CUnitTaskAutomataRadiconParentActor,0x1414841F0,0x3530,81=CreateCmdActionManager;98=GetSpawnOrderArg,custom_attack_shape;spawn_orders_override,CCmdActionManager_034EXTGUN_004EXLEOS_001_ScaleControllerBBitAllAbstract,
340040105,CUnitTaskAutomata_034EXTGUN_004EXLEOS_001_ThrowBBit,automata,CUnitTaskAutomataThrow,0x141482EF0,0x3530,76=ArchetypeEventHook;79=FillParamBlock;81=CreateCmdActionManager,alert_config;custom_attack_shape;custom_param_block,CCmdActionManager_034EXTGUN_004EXLEOS_001_ThrowBBit;CCmdActionManager_Throw,
340050106,CUnitTaskAutomata_034EXTGUN_005EXEXEL_001_AssistClusterMissile,automata,CUnitTaskAutomataSummon,0x1414871A8,0x3540,79=FillParamBlock;81=CreateCmdActionManager;89=OnInitHookA,stage_contact_override;alert_config;custom_attack_shape;custom_param_block,CCmdActionManager_034EXTGUN_005EXEXEL_001_AssistClusterMissile;CCmdActionManager_Summon,0x41FBD241;0xD8F283FB
340050102,CUnitTaskAutomata_034EXTGUN_005EXEXEL_001_IceBall,automata,CUnitTaskAutomataThrow,0x1414864E8,0x3530,81=CreateCmdActionManager,alert_config;custom_attack_shape;custom_param_block,CCmdActionManager_Throw,
340050105,CUnitTaskAutomata_034EXTGUN_005EXEXEL_001_ShieldBitMate,automata,CUnitTaskAutomata_034EXTGUN_005EXEXEL_001_ShieldBitCommon,0x141486810,0x3570,81=CreateCmdActionManager,custom_attack_shape;custom_param_block,CCmdActionManager_034EXTGUN_005EXEXEL_001_ShieldBitMate,
340050104,CUnitTaskAutomata_034EXTGUN_005EXEXEL_001_ShieldBitSelf,automata,CUnitTaskAutomata_034EXTGUN_005EXEXEL_001_ShieldBitCommon,0x141486B48,0x3570,81=CreateCmdActionManager,custom_attack_shape;custom_param_block,CCmdActionManager_034EXTGUN_005EXEXEL_001_ShieldBitSelf,
340050103,CUnitTaskAutomata_034EXTGUN_005EXEXEL_001_SphereBit,automata,CUnitTaskAutomataFunnelFlySword,0x141486E80,0x3540,79=FillParamBlock;81=CreateCmdActionManager;88=SetupModelAnimation,alert_config;custom_attack_shape;custom_param_block,CCmdActionManager_034EXTGUN_005EXEXEL_001_SphereBit,
340050101,CUnitTaskAutomata_034EXTGUN_005EXEXEL_001_ThrowBeamDagger,automata,CUnitTaskAutomataThrowStopRotateOnStick,0x1414861C0,0x3530,79=FillParamBlock;81=CreateCmdActionManager;89=OnInitHookA;91=FillParamSubBlock,alert_config;custom_attack_shape;custom_param_block,CCmdActionManager_034EXTGUN_005EXEXEL_001_ThrowBeamDagger,0x4C55EA3D;0xABEDC73A;0xD8F283FB;0xDCEAF7AC
420010111,CUnitTaskAutomata_042GRECON_001GSELF0_001_AssistHighTorquePack,automata,CUnitTaskAutomataSummonRush,0x141489160,0x3540,2=OnInit;79=FillParamBlock;81=CreateCmdActionManager;84=DescribeAttackShape,stage_contact_override;alert_config;custom_attack_shape;custom_param_block,CCmdActionManager_042GRECON_001GSELF0_001_AssistHighTorquePack,0x36FCE2D7;0x41FBD241;0x89BE0F56;0xA8987774
420010101,CUnitTaskAutomata_042GRECON_001GSELF0_001_BlastNotifier,automata,CUnitTaskAutomataSticker,0x1414874D8,0x3540,81=CreateCmdActionManager,custom_attack_shape;custom_param_block,CCmdActionManager_042GRECON_001GSELF0_001_BlastNotifier,
420010106,CUnitTaskAutomata_042GRECON_001GSELF0_001_PororiReflectorPackClose,automata,CUnitTaskAutomata_042GRECON_001GSELF0_001_PororiReflectorPackAbstract,0x141487810,0x3530,,custom_attack_shape;custom_param_block,CCmdActionManager_FreeFall,
420010107,CUnitTaskAutomata_042GRECON_001GSELF0_001_PororiReflectorPackOpen,automata,CUnitTaskAutomata_042GRECON_001GSELF0_001_PororiReflectorPackAbstract,0x141487B38,0x3530,90=SetupModelSubObject,custom_attack_shape;custom_param_block,CCmdActionManager_FreeFall,
420010108,CUnitTaskAutomata_042GRECON_001GSELF0_001_PororiSpacePack,automata,CUnitTaskAutomataFreeFall,0x141487E60,0x3530,88=SetupModelAnimation,custom_attack_shape;custom_param_block,CCmdActionManager_FreeFall,
420010105,CUnitTaskAutomata_042GRECON_001GSELF0_001_PurgeAssaultPack,automata,CUnitTaskAutomataRadiconParentActor,0x141488188,0x3530,81=CreateCmdActionManager;88=SetupModelAnimation,custom_attack_shape,CCmdActionManager_042GRECON_001GSELF0_001_PurgeAssaultPack,
420010103,CUnitTaskAutomata_042GRECON_001GSELF0_001_ThrowAssaultPackLeft,automata,CUnitTaskAutomata_042GRECON_001GSELF0_001_ThrowAssaultPackAbstract,0x1414884B0,0x3530,81=CreateCmdActionManager;100,barrier;alert_config;custom_attack_shape;custom_param_block,CCmdActionManager_042GRECON_001GSELF0_001_ThrowAssaultPackLeft,
420010102,CUnitTaskAutomata_042GRECON_001GSELF0_001_ThrowAssaultPackRight,automata,CUnitTaskAutomata_042GRECON_001GSELF0_001_ThrowAssaultPackAbstract,0x1414887E0,0x3530,81=CreateCmdActionManager;100,barrier;alert_config;custom_attack_shape;custom_param_block,CCmdActionManager_042GRECON_001GSELF0_001_ThrowAssaultPackRight,
420010104,CUnitTaskAutomata_042GRECON_001GSELF0_001_ThrowFryschop,automata,CUnitTaskAutomataThrow,0x141488B10,0x3530,79=FillParamBlock;81=CreateCmdActionManager;84=DescribeAttackShape;89=OnInitHookA,alert_config;custom_attack_shape;custom_param_block,CCmdActionManager_042GRECON_001GSELF0_001_ThrowFryschop;CCmdActionManager_Throw,0xD8F283FB
420010110,CUnitTaskAutomata_042GRECON_001GSELF0_001_ThrowZanzoDan,automata,CUnitTaskAutomataThrow,0x141488E38,0x3530,79=FillParamBlock,alert_config;custom_attack_shape;custom_param_block,CCmdActionManager_Throw,0x4C55EA3D
420020101,CUnitTaskAutomata_042GRECON_002MACMSK_001_Anchor,automata,CUnitTaskAutomataAnchorReturn,0x141489490,0x3540,79=FillParamBlock;81=CreateCmdActionManager,stage_contact_override;custom_attack_shape;custom_param_block,CCmdActionManager_042GRECON_002MACMSK_001_Anchor,
420020104,CUnitTaskAutomata_042GRECON_002MACMSK_001_AssistMackKnifeBararaTsukimatoi,automata,CUnitTaskAutomataSummonTukimatoiAndAction,0x1414897B8,0x3540,79=FillParamBlock;81=CreateCmdActionManager;88=SetupModelAnimation,stage_contact_override;alert_config;custom_attack_shape;custom_param_block,CCmdActionManager_042GRECON_002MACMSK_001_AssistMackKnifeBararaTsukimatoi,0x36FCE2D7;0x41FBD241
420020103,CUnitTaskAutomata_042GRECON_002MACMSK_001_PororiBoosterBoost,automata,CUnitTaskAutomataFreeFall,0x141489E10,0x3530,,custom_attack_shape;custom_param_block,CCmdActionManager_FreeFall,
420020102,CUnitTaskAutomata_042GRECON_002MACMSK_001_PororiBoosterDefault,automata,CUnitTaskAutomataFreeFall,0x141489AE8,0x3530,,custom_attack_shape;custom_param_block,CCmdActionManager_FreeFall,
420030101,CUnitTaskAutomata_042GRECON_003PSELF0_001_FunnelTrackFin,automata,CUnitTaskAutomataFunnelFlySword,0x14148A138,0x3540,79=FillParamBlock;81=CreateCmdActionManager,alert_config;custom_attack_shape;custom_param_block,CCmdActionManager_042GRECON_003PSELF0_001_FunnelTrackFin,
420030102,CUnitTaskAutomata_042GRECON_003PSELF0_001_ThrowPhotonTorpedo,automata,CUnitTaskAutomataThrow,0x14148A460,0x3530,79=FillParamBlock;81=CreateCmdActionManager;89=OnInitHookA,alert_config;custom_attack_shape;custom_param_block,CCmdActionManager_042GRECON_003PSELF0_001_ThrowPhotonTorpedo;CCmdActionManager_Throw,0xD8F283FB
420040101,CUnitTaskAutomata_042GRECON_004GARCAN_001_StickerBeamWireMakitsuki,automata,CUnitTaskAutomataSticker,0x14148A788,0x3540,81=CreateCmdActionManager,custom_attack_shape;custom_param_block,CCmdActionManager_042GRECON_004GARCAN_001_StickerBeamWireMakitsuki,
420050103,CUnitTaskAutomata_042GRECON_005MNTERO_001_BeamJavelinThrow,automata,CUnitTaskAutomataThrow,0x14148B120,0x3530,76=ArchetypeEventHook;79=FillParamBlock;81=CreateCmdActionManager;88=SetupModelAnimation,alert_config;custom_attack_shape;custom_param_block,CCmdActionManager_042GRECON_005MNTERO_001_BeamJavelinThrow;CCmdActionManager_Throw,0x3B52DAAB;0xA25B8B11;0xD55CBB87
420050104,CUnitTaskAutomata_042GRECON_005MNTERO_001_BeamJavelinThrowSP,automata,CUnitTaskAutomataThrow,0x14148AAC0,0x3530,76=ArchetypeEventHook;79=FillParamBlock;81=CreateCmdActionManager;91=FillParamSubBlock,alert_config;custom_attack_shape;custom_param_block,CCmdActionManager_042GRECON_005MNTERO_001_BeamJavelinThrowSP;CCmdActionManager_Throw,
420050102,CUnitTaskAutomata_042GRECON_005MNTERO_001_HookShot,automata,CUnitTaskAutomataThrow,0x14148B448,0x3530,79=FillParamBlock;81=CreateCmdActionManager;89=OnInitHookA,alert_config;custom_attack_shape;custom_param_block,CCmdActionManager_042GRECON_005MNTERO_001_HookShot;CCmdActionManager_Throw,
420050101,CUnitTaskAutomata_042GRECON_005MNTERO_001_StickerBeamWireMakitsuki,automata,CUnitTaskAutomataSticker,0x14148ADE8,0x3540,81=CreateCmdActionManager,custom_attack_shape;custom_param_block,CCmdActionManager_042GRECON_005MNTERO_001_StickerBeamWireMakitsuki,
420060101,CUnitTaskAutomata_042GRECON_006GLUCIF_001_SkirtFunnel,automata,CUnitTaskAutomataFunnelMawarikomiMultipleShot,0x14148B770,0x3550,79=FillParamBlock;81=CreateCmdActionManager,alert_config;custom_attack_shape;custom_param_block,CCmdActionManager_042GRECON_006GLUCIF_001_SkirtFunnel,
420070101,CUnitTaskAutomata_042GRECON_007KABAKL_001_AssistGrach,automata,CUnitTaskAutomataSummonRushShot,0x1415E63C0,0x3560,0=Destructor;11=PreUpdate;79=FillParamBlock;81=CreateCmdActionManager,stage_contact_override;alert_config;custom_attack_shape;custom_param_block,CCmdActionManager_042GRECON_007KABAKL_001_AssistGrach,
420070102,CUnitTaskAutomata_042GRECON_007KABAKL_001_FlyBeefrestBit,automata,CUnitTaskAutomataFunnelMawarikomi,0x14148BA98,0x3540,79=FillParamBlock;81=CreateCmdActionManager,custom_attack_shape;custom_param_block,CCmdActionManager_042GRECON_007KABAKL_001_FlyBeefrestBit,
420070103,CUnitTaskAutomata_042GRECON_007KABAKL_001_ThrowBeamRing,automata,CUnitTaskAutomataThrow,0x14148BDC0,0x3540,72=PostUpdateEffects;73=OnStageContact;76=ArchetypeEventHook;79=FillParamBlock;81=CreateCmdActionManager;89=OnInitHookA;96=GetSpawnOrderCount;97=GetSpawnOrderId;98=GetSpawnOrderArg,stage_contact_override;alert_config;custom_param_block;spawn_orders_override,CCmdActionManager_042GRECON_007KABAKL_001_ThrowBeamRing;CCmdActionManager_Throw,0x319126CE;0x36FCE2D7;0x46961658;0xA8987774;0xD8F283FB;0xDF9F47E2
420080104,CUnitTaskAutomata_042GRECON_008DAHACK_001_AssistLegFunnel,automata,CUnitTaskAutomataFunnelMawarikomi,0x14148CA80,0x3540,79=FillParamBlock;81=CreateCmdActionManager,alert_config;custom_attack_shape;custom_param_block,CCmdActionManager_042GRECON_008DAHACK_001_AssistLegFunnel,
420080103,CUnitTaskAutomata_042GRECON_008DAHACK_001_TrinityAssistFunnel,automata,CUnitTaskAutomataSummonRushShot,0x14148C750,0x3560,12=Update;79=FillParamBlock;81=CreateCmdActionManager,stage_contact_override;alert_config;custom_attack_shape;custom_param_block,CCmdActionManager_042GRECON_008DAHACK_001_TrinityAssistFunnel,
420080102,CUnitTaskAutomata_042GRECON_008DAHACK_001_TrinityAssistRush,automata,CUnitTaskAutomataSummonGrap,0x14148C418,0x3550,79=FillParamBlock;81=CreateCmdActionManager;84=DescribeAttackShape;89=OnInitHookA;101,stage_contact_override;alert_config;custom_attack_shape;custom_param_block,CCmdActionManager_042GRECON_008DAHACK_001_TrinityAssistRush,0x14AB0070;0x3B52DAAB;0x3C3F1EB2;0x4B382E24;0x4C55EA3D;0x63AC30E6;0x8DA251CA;0xA25B8B11;0xABEDC73A;0xD55CBB87;0xDCEAF7AC;0xFAA5615C
420080101,CUnitTaskAutomata_042GRECON_008DAHACK_001_TrinityAssistShot,automata,CUnitTaskAutomataSummonRushShot,0x14148C0E8,0x3550,79=FillParamBlock,stage_contact_override;alert_config;custom_attack_shape;custom_param_block,CCmdActionManager_SummonRushShot,
420090101,CUnitTaskAutomata_042GRECON_009HECATE_001_BitBarrierFly,automata,CUnitTaskAutomataFunnelShotStayShift,0x14148CDA8,0x3540,12=Update;73=OnStageContact;75=OnBarrierInteraction;79=FillParamBlock;81=CreateCmdActionManager,barrier;barrier_interaction;stage_contact_override;alert_config;custom_attack_shape;custom_param_block,CCmdActionManager_042GRECON_009HECATE_001_BitBarrierFly,
420090105,CUnitTaskAutomata_042GRECON_009HECATE_001_BitBarrierFlyHasei,automata,CUnitTaskAutomata_042GRECON_009HECATE_001_BitBarrierFlySetPos,0x14148D3F8,0x3540,81=CreateCmdActionManager,barrier;barrier_interaction;stage_contact_override;alert_config;custom_attack_shape;custom_param_block,CCmdActionManager_042GRECON_009HECATE_001_BitBarrierFlyHasei,
420090102,CUnitTaskAutomata_042GRECON_009HECATE_001_BitBarrierFlySetPos,automata,CUnitTaskAutomataFunnelShotStayShift,0x14148D0D0,0x3540,12=Update;73=OnStageContact;75=OnBarrierInteraction;79=FillParamBlock;81=CreateCmdActionManager,barrier;barrier_interaction;stage_contact_override;alert_config;custom_attack_shape;custom_param_block,CCmdActionManager_042GRECON_009HECATE_001_BitBarrierFlySetPos,
420090103,CUnitTaskAutomata_042GRECON_009HECATE_001_BitSpShot,automata,CUnitTaskAutomataFunnelMawarikomi,0x14148D720,0x3540,79=FillParamBlock;81=CreateCmdActionManager;88=SetupModelAnimation,alert_config;custom_attack_shape;custom_param_block,CCmdActionManager_042GRECON_009HECATE_001_BitSpShot,0xD8F283FB
420090106,CUnitTaskAutomata_042GRECON_009HECATE_001_FreeFallContainer,automata,CUnitTaskAutomataFreeFall,0x14148DD80,0x3530,81=CreateCmdActionManager,custom_attack_shape;custom_param_block,CCmdActionManager_042GRECON_009HECATE_001_FreeFallContainer,
420090104,CUnitTaskAutomata_042GRECON_009HECATE_001_SpStickExp,automata,CUnitTaskAutomataSticker,0x14148DA48,0x3550,74=OnHitConsumed;79=FillParamBlock;81=CreateCmdActionManager;84=DescribeAttackShape;91=FillParamSubBlock,hit_consumed_hook;custom_attack_shape;custom_param_block,CCmdActionManager_042GRECON_009HECATE_001_SpStickExp,0x3C3F1EB2;0x4B382E24;0xA25B8B11;0xA5364F08
430010103,CUnitTaskAutomata_043ORPHAN_001GNBARB_001_StickerKatana,automata,CUnitTaskAutomataSticker,0x14148EA20,0x3540,79=FillParamBlock;91=FillParamSubBlock,custom_attack_shape;custom_param_block,CCmdActionManager_Sticker,
430010104,CUnitTaskAutomata_043ORPHAN_001GNBARB_001_ThrowDebrisMortar,automata,CUnitTaskAutomataThrowMortar,0x14148E3D0,0x3530,79=FillParamBlock;81=CreateCmdActionManager;86=DescribeBarrier;91=FillParamSubBlock,barrier;alert_config;custom_attack_shape;custom_param_block;init_data_modifier,CCmdActionManager_043ORPHAN_001GNBARB_001_ThrowDebrisMortar,0xFAA5615C
430010102,CUnitTaskAutomata_043ORPHAN_001GNBARB_001_ThrowMaceHissatsu,automata,CUnitTaskAutomataThrowMortar,0x14148E6F8,0x3530,79=FillParamBlock;81=CreateCmdActionManager;84=DescribeAttackShape;88=SetupModelAnimation;91=FillParamSubBlock,alert_config;custom_attack_shape;custom_param_block;init_data_modifier,CCmdActionManager_043ORPHAN_001GNBARB_001_ThrowMaceHissatsu,0x14AB0070;0x63AC30E6;0x8DA251CA;0xFAA5615C;0xFDC8A545
430010101,CUnitTaskAutomata_043ORPHAN_001GNBARB_001_ThrowMaceMortar,automata,CUnitTaskAutomataThrowMortar,0x14148E0A8,0x3530,79=FillParamBlock;81=CreateCmdActionManager;91=FillParamSubBlock,alert_config;custom_attack_shape;custom_param_block;init_data_modifier,CCmdActionManager_043ORPHAN_001GNBARB_001_ThrowMaceMortar,
430040101,CUnitTaskAutomata_043ORPHAN_004KMRTRP_001_ThrowMine,automata,CUnitTaskAutomataThrow,0x14148ED58,0x3530,81=CreateCmdActionManager,alert_config;custom_attack_shape;custom_param_block,CCmdActionManager_043ORPHAN_004KMRTRP_001_ThrowMine;CCmdActionManager_Throw,
450020102,CUnitTaskAutomata_045MISING_002PRIDGH_001_StickSaber,automata,CUnitTaskAutomata_000COMMON_000COMMON_001_StickSaber,0x14148F3A8,0x3540,79=FillParamBlock,custom_attack_shape;custom_param_block,CCmdActionManager_000COMMON_000COMMON_001_StickSaber,
450020101,CUnitTaskAutomata_045MISING_002PRIDGH_001_ThrowSaber,automata,CUnitTaskAutomata_000COMMON_000COMMON_001_ThrowSaber,0x14148F080,0x3530,79=FillParamBlock;81=CreateCmdActionManager,alert_config;custom_attack_shape;custom_param_block,CCmdActionManager_045MISING_002PRIDGH_001_ThrowSaber,
450030102,CUnitTaskAutomata_045MISING_003GELGHM_001_BeamnaginataThrow,automata,CUnitTaskAutomata_000COMMON_000COMMON_001_ThrowSaberRolling,0x14148FA08,0x3530,81=CreateCmdActionManager,alert_config;custom_attack_shape;custom_param_block,CCmdActionManager_045MISING_003GELGHM_001_BeamnaginataThrow,
450030101,CUnitTaskAutomata_045MISING_003GELGHM_001_BeamnaginataThrowHissatsu,automata,CUnitTaskAutomataThrow,0x14148F6E0,0x3530,81=CreateCmdActionManager;89=OnInitHookA;91=FillParamSubBlock,alert_config;custom_attack_shape;custom_param_block,CCmdActionManager_045MISING_003GELGHM_001_BeamnaginataThrowHissatsu;CCmdActionManager_Throw,0x8DA251CA;0xABEDC73A;0xD8F283FB;0xDCEAF7AC;0xFAA5615C
450060101,CUnitTaskAutomata_045MISING_006TDSRTR_001_IncomFlyShot,automata,CUnitTaskAutomataFunnelMawarikomi,0x14148FD30,0x3540,79=FillParamBlock;81=CreateCmdActionManager;88=SetupModelAnimation,alert_config;custom_attack_shape;custom_param_block,CCmdActionManager_045MISING_006TDSRTR_001_IncomFlyShot,0xD32D39ED;0xD8F283FB;0xEDD1C108
450060103,CUnitTaskAutomata_045MISING_006TDSRTR_001_IncomRelay,automata,CUnitTaskAutomataRelay,0x141490380,0x3530,79=FillParamBlock;81=CreateCmdActionManager;88=SetupModelAnimation;100,custom_attack_shape,CCmdActionManager_045MISING_006TDSRTR_001_IncomRelay,
450060102,CUnitTaskAutomata_045MISING_006TDSRTR_001_IncomStayShot,automata,CUnitTaskAutomataFunnelShotStayShift,0x141490058,0x3530,81=CreateCmdActionManager;88=SetupModelAnimation,alert_config;custom_attack_shape;custom_param_block,CCmdActionManager_045MISING_006TDSRTR_001_IncomStayShot,0xD8F283FB
450060104,CUnitTaskAutomata_045MISING_006TDSRTR_001_SpIncomStayShot,automata,CUnitTaskAutomataFunnelShotStayShift,0x1414906B0,0x3530,81=CreateCmdActionManager;88=SetupModelAnimation,alert_config;custom_attack_shape;custom_param_block,CCmdActionManager_045MISING_006TDSRTR_001_SpIncomStayShot,0xD8F283FB
450060105,CUnitTaskAutomata_045MISING_006TDSRTR_001_SpTryBladeRush,automata,CUnitTaskAutomata_000COMMON_000COMMON_001_ThrowSaber,0x1414909D8,0x3530,79=FillParamBlock;81=CreateCmdActionManager;89=OnInitHookA,alert_config;custom_attack_shape;custom_param_block,CCmdActionManager_045MISING_006TDSRTR_001_SpTryBladeRush,0x3F8653B3;0x64C1F4FF;0x8379D9F8;0xA68F0209;0xD188329F;0xD8F283FB;0xF47EE96E
460010108,CUnitTaskAutomata_046TNBOLT_001FAGNDM_001_AssistGmRushShot,automata,CUnitTaskAutomataSummonRushShot,0x141492000,0x3550,79=FillParamBlock;81=CreateCmdActionManager,stage_contact_override;alert_config;custom_attack_shape;custom_param_block,CCmdActionManager_046TNBOLT_001FAGNDM_001_AssistGmRushShot,
460010101,CUnitTaskAutomata_046TNBOLT_001FAGNDM_001_PororiBackpack,automata,CUnitTaskAutomataFreeFall,0x141490D00,0x3530,90=SetupModelSubObject,custom_attack_shape;custom_param_block,CCmdActionManager_FreeFall,
460010102,CUnitTaskAutomata_046TNBOLT_001FAGNDM_001_PororiBackpackShield,automata,CUnitTaskAutomataFreeFall,0x141491028,0x3530,79=FillParamBlock,custom_attack_shape;custom_param_block,CCmdActionManager_FreeFall,
460010104,CUnitTaskAutomata_046TNBOLT_001FAGNDM_001_PororiRocketLauncher,automata,CUnitTaskAutomataFreeFall,0x141491350,0x3530,88=SetupModelAnimation,custom_attack_shape;custom_param_block,CCmdActionManager_FreeFall,
460010105,CUnitTaskAutomata_046TNBOLT_001FAGNDM_001_StickerRocketBooster,automata,CUnitTaskAutomataSticker,0x141491678,0x3540,74=OnHitConsumed;79=FillParamBlock;81=CreateCmdActionManager;84=DescribeAttackShape;88=SetupModelAnimation;89=OnInitHookA;91=FillParamSubBlock,hit_consumed_hook;hit_count_exhausted_override;custom_attack_shape;custom_param_block,CCmdActionManager_046TNBOLT_001FAGNDM_001_StickerRocketBooster,0x3B52DAAB;0xA25B8B11;0xD55CBB87;0xD8F283FB
460010106,CUnitTaskAutomata_046TNBOLT_001FAGNDM_001_ThrowClusterMissile,automata,CUnitTaskAutomata_046TNBOLT_001FAGNDM_001_ThrowClusterMissileAbstract,0x1414919B0,0x3530,81=CreateCmdActionManager,alert_config;custom_attack_shape;custom_param_block,CCmdActionManager_046TNBOLT_001FAGNDM_001_ThrowClusterMissile,
460010107,CUnitTaskAutomata_046TNBOLT_001FAGNDM_001_ThrowSPClusterMissile,automata,CUnitTaskAutomata_046TNBOLT_001FAGNDM_001_ThrowClusterMissileAbstract,0x141491CD8,0x3530,81=CreateCmdActionManager,alert_config;custom_attack_shape;custom_param_block,CCmdActionManager_046TNBOLT_001FAGNDM_001_ThrowSPClusterMissile,
460020104,CUnitTaskAutomata_046TNBOLT_002PSYCZK_001_BigGun,automata,CUnitTaskAutomataRadiconParentActor,0x141492CC0,0x3530,79=FillParamBlock;81=CreateCmdActionManager;84=DescribeAttackShape,alert_config;custom_attack_shape,CCmdActionManager_046TNBOLT_002PSYCZK_001_BigGun,
460020105,CUnitTaskAutomata_046TNBOLT_002PSYCZK_001_Gattle,automata,CUnitTaskAutomataSummon,0x141492FE8,0x3540,79=FillParamBlock;81=CreateCmdActionManager,stage_contact_override;alert_config;custom_attack_shape;custom_param_block,CCmdActionManager_046TNBOLT_002PSYCZK_001_Gattle;CCmdActionManager_Summon,
460020101,CUnitTaskAutomata_046TNBOLT_002PSYCZK_001_PororiSturmFaust,automata,CUnitTaskAutomataFreeFall,0x141492348,0x3530,88=SetupModelAnimation,custom_attack_shape;custom_param_block,CCmdActionManager_FreeFall,
460020103,CUnitTaskAutomata_046TNBOLT_002PSYCZK_001_PurgePropellantTanksLower,automata,CUnitTaskAutomata_046TNBOLT_002PSYCZK_001_PurgePropellantTanks,0x141492998,0x3530,81=CreateCmdActionManager;88=SetupModelAnimation,,CCmdActionManager_046TNBOLT_002PSYCZK_001_PurgePropellantTanks,
460020102,CUnitTaskAutomata_046TNBOLT_002PSYCZK_001_PurgePropellantTanksUpper,automata,CUnitTaskAutomata_046TNBOLT_002PSYCZK_001_PurgePropellantTanks,0x141492670,0x3530,81=CreateCmdActionManager;88=SetupModelAnimation,,CCmdActionManager_046TNBOLT_002PSYCZK_001_PurgePropellantTanks,
460030101,CUnitTaskAutomata_046TNBOLT_003ATLASG_001_AssistGuncannonAquqShot,automata,CUnitTaskAutomataSummonRushShot,0x141493318,0x3550,79=FillParamBlock;81=CreateCmdActionManager;88=SetupModelAnimation,stage_contact_override;alert_config;custom_attack_shape;custom_param_block,CCmdActionManager_046TNBOLT_003ATLASG_001_AssistGuncannonAquqShot,
460030102,CUnitTaskAutomata_046TNBOLT_003ATLASG_001_AssistGuncannonAquqThrust,automata,CUnitTaskAutomataSummonRushAttackNormal,0x141493648,0x3540,79=FillParamBlock;81=CreateCmdActionManager;88=SetupModelAnimation;89=OnInitHookA,stage_contact_override;alert_config;custom_attack_shape;custom_param_block,CCmdActionManager_046TNBOLT_003ATLASG_001_AssistGuncannonAquqThrust,
460030103,CUnitTaskAutomata_046TNBOLT_003ATLASG_001_MedusaArrow,automata,CUnitTaskAutomataSticker,0x141493978,0x3550,74=OnHitConsumed;79=FillParamBlock;81=CreateCmdActionManager,hit_consumed_hook;custom_attack_shape;custom_param_block,CCmdActionManager_046TNBOLT_003ATLASG_001_MedusaArrow,
460030104,CUnitTaskAutomata_046TNBOLT_003ATLASG_001_MedusaArrowBullet,automata,CUnitTaskAutomataThrow,0x141493CB0,0x3530,73=OnStageContact;81=CreateCmdActionManager,stage_contact_override;alert_config;custom_attack_shape;custom_param_block,CCmdActionManager_046TNBOLT_003ATLASG_001_MedusaArrowBullet;CCmdActionManager_Throw,0xF647567F
460030105,CUnitTaskAutomata_046TNBOLT_003ATLASG_001_ShieldPorori,automata,CUnitTaskAutomata_000COMMON_000COMMON_001_FreeFall,0x141493FD8,0x3530,88=SetupModelAnimation,custom_attack_shape;custom_param_block,CCmdActionManager_FreeFall,
460040106,CUnitTaskAutomata_046TNBOLT_004ACGYTB_001_AssistAcguyMBBuster,automata,CUnitTaskAutomataSummonRushShot,0x1414952F8,0x3550,79=FillParamBlock;81=CreateCmdActionManager,stage_contact_override;alert_config;custom_attack_shape;custom_param_block,CCmdActionManager_046TNBOLT_004ACGYTB_001_AssistAcguyMBBuster,
460040101,CUnitTaskAutomata_046TNBOLT_004ACGYTB_001_AssistAcguyRush,automata,CUnitTaskAutomataSummonRushAttackNormal,0x141494300,0x3540,12=Update;79=FillParamBlock;81=CreateCmdActionManager;84=DescribeAttackShape;88=SetupModelAnimation,stage_contact_override;alert_config;custom_attack_shape;custom_param_block,CCmdActionManager_046TNBOLT_004ACGYTB_001_AssistAcguyRush,0x13C6C469;0x41FBD241;0x63AC30E6;0x64C1F4FF;0x8ACF95D3;0xD8F283FB
460040102,CUnitTaskAutomata_046TNBOLT_004ACGYTB_001_AssistAcguyShotFlamethrower,automata,CUnitTaskAutomataSummonRushShotMachinegun,0x141494630,0x3550,12=Update;79=FillParamBlock;81=CreateCmdActionManager;84=DescribeAttackShape;88=SetupModelAnimation,stage_contact_override;alert_config;custom_attack_shape;custom_param_block,CCmdActionManager_046TNBOLT_004ACGYTB_001_AssistAcguyShotFlamethrower,0x36FCE2D7;0x41FBD241;0xA8987774;0xD8F283FB;0xDF9F47E2
460040104,CUnitTaskAutomata_046TNBOLT_004ACGYTB_001_AssistAcguySprayMissileLauncher,automata,CUnitTaskAutomataSummonRushShot,0x141494C98,0x3550,78=CreateParamBlock;79=FillParamBlock;81=CreateCmdActionManager;86=DescribeBarrier;88=SetupModelAnimation,barrier;stage_contact_override;alert_config;custom_attack_shape;custom_param_block,CCmdActionManager_046TNBOLT_004ACGYTB_001_AssistAcguySprayMissileLauncher,0xA25B8B11;0xD8F283FB
460040105,CUnitTaskAutomata_046TNBOLT_004ACGYTB_001_AssistAcguySprayMissileLauncherPowerUp,automata,CUnitTaskAutomata_046TNBOLT_004ACGYTB_001_AssistAcguySprayMissileLauncher,0x141494FC8,0x3550,79=FillParamBlock,barrier;stage_contact_override;alert_config;custom_attack_shape;custom_param_block,CCmdActionManager_046TNBOLT_004ACGYTB_001_AssistAcguySprayMissileLauncher,
460040103,CUnitTaskAutomata_046TNBOLT_004ACGYTB_001_NotifyRader,automata,CUnitTaskAutomataSticker,0x141494960,0x3540,81=CreateCmdActionManager;89=OnInitHookA,custom_attack_shape;custom_param_block;init_data_modifier,CCmdActionManager_046TNBOLT_004ACGYTB_001_NotifyRader,0xD8F283FB
460040107,CUnitTaskAutomata_046TNBOLT_004ACGYTB_001_ThrowMBMissile,automata,CUnitTaskAutomataThrow,0x141495628,0x3530,79=FillParamBlock;81=CreateCmdActionManager;89=OnInitHookA,alert_config;custom_attack_shape;custom_param_block,CCmdActionManager_046TNBOLT_004ACGYTB_001_ThrowMBMissile;CCmdActionManager_Throw,0xD8F283FB
460040108,CUnitTaskAutomata_046TNBOLT_004ACGYTB_001_Winlose,automata,CUnitTaskAutomataPutObj,0x141495950,0x3530,79=FillParamBlock;88=SetupModelAnimation;90=SetupModelSubObject,custom_attack_shape;custom_param_block,CCmdActionManager_PutObj,0xD8F283FB
490010103,CUnitTaskAutomata_049ORPHN2_001BRLUPS_001_PororiVBSword,automata,CUnitTaskAutomataFreeFall,0x1414962C8,0x3530,81=CreateCmdActionManager,custom_attack_shape;custom_param_block,CCmdActionManager_049ORPHN2_001BRLUPS_001_PororiVBSword,
490010102,CUnitTaskAutomata_049ORPHN2_001BRLUPS_001_ThrowLance,automata,CUnitTaskAutomata_000COMMON_000COMMON_001_ThrowSaber,0x141495C78,0x3530,81=CreateCmdActionManager,stage_contact_override;alert_config;custom_attack_shape;custom_param_block,CCmdActionManager_049ORPHN2_001BRLUPS_001_ThrowLance,
490010101,CUnitTaskAutomata_049ORPHN2_001BRLUPS_001_ThrowMace,automata,CUnitTaskAutomata_000COMMON_000COMMON_001_ThrowSaberRolling,0x141495FA0,0x3530,79=FillParamBlock,alert_config;custom_attack_shape;custom_param_block,CCmdActionManager_000COMMON_000COMMON_001_ThrowSaberRolling,
490020101,CUnitTaskAutomata_049ORPHN2_002GSONRF_001_ScissorShieldDocking,automata,CUnitTaskAutomata_049ORPHN2_002GSONRF_001_ScissorShieldDockingCommon,0x1414965F0,0x3530,,custom_attack_shape;custom_param_block;spawn_orders_override,CCmdActionManager_049ORPHN2_002GSONRF_001_ScissorShieldDockingCommon,
490020102,CUnitTaskAutomata_049ORPHN2_002GSONRF_001_ScissorShieldDockingTransform,automata,CUnitTaskAutomata_049ORPHN2_002GSONRF_001_ScissorShieldDockingCommon,0x141496918,0x3530,79=FillParamBlock;90=SetupModelSubObject,custom_attack_shape;custom_param_block;spawn_orders_override,CCmdActionManager_049ORPHN2_002GSONRF_001_ScissorShieldDockingCommon,
490030101,CUnitTaskAutomata_049ORPHN2_003GNBAEL_001_ThrowSword,automata,CUnitTaskAutomataThrow,0x141496C40,0x3530,79=FillParamBlock;81=CreateCmdActionManager;84=DescribeAttackShape;91=FillParamSubBlock,alert_config;custom_attack_shape;custom_param_block,CCmdActionManager_049ORPHN2_003GNBAEL_001_ThrowSword;CCmdActionManager_Throw,0x4C55EA3D;0xABEDC73A;0xDCEAF7AC;0xFAA5615C
490040105,CUnitTaskAutomata_049ORPHN2_004BARREX_001_TailFly,automata,CUnitTaskAutomataThrowReturn,0x141497F30,0x3530,76=ArchetypeEventHook;79=FillParamBlock;81=CreateCmdActionManager;84=DescribeAttackShape,alert_config;custom_attack_shape;custom_param_block,CCmdActionManager_049ORPHN2_004BARREX_001_TailFly,
490040102,CUnitTaskAutomata_049ORPHN2_004BARREX_001_TailStay,automata,CUnitTaskAutomataFunnelMawarikomi_ShotOrder,0x1414975B8,0x3540,79=FillParamBlock;81=CreateCmdActionManager,custom_attack_shape;custom_param_block,CCmdActionManager_049ORPHN2_004BARREX_001_TailStay,
490040103,CUnitTaskAutomata_049ORPHN2_004BARREX_001_TailStayAttack,automata,CUnitTaskAutomataFunnelFlySword,0x1414978E0,0x3540,12=Update;79=FillParamBlock;81=CreateCmdActionManager;84=DescribeAttackShape,alert_config;custom_attack_shape;custom_param_block,CCmdActionManager_049ORPHN2_004BARREX_001_TailStayAttack,
490040101,CUnitTaskAutomata_049ORPHN2_004BARREX_001_TailStayLaunch,automata,CUnitTaskAutomataFunnel,0x141497290,0x3530,79=FillParamBlock;81=CreateCmdActionManager,custom_attack_shape;custom_param_block,CCmdActionManager_049ORPHN2_004BARREX_001_TailStayLaunch,
490040104,CUnitTaskAutomata_049ORPHN2_004BARREX_001_TailStayReturn,automata,CUnitTaskAutomataFunnel,0x141497C08,0x3530,79=FillParamBlock;81=CreateCmdActionManager,custom_attack_shape;custom_param_block,CCmdActionManager_049ORPHN2_004BARREX_001_TailStayReturn,
490040107,CUnitTaskAutomata_049ORPHN2_004BARREX_001_ThrowGraze,automata,CUnitTaskAutomataThrowMortar,0x141498258,0x3530,,alert_config;custom_attack_shape;custom_param_block;init_data_modifier,CCmdActionManager_Throw;CCmdActionManager_ThrowMortar,
490040106,CUnitTaskAutomata_049ORPHN2_004BARREX_001_ThrowMace,automata,CUnitTaskAutomata_000COMMON_000COMMON_001_ThrowSaber,0x141496F68,0x3530,89=OnInitHookA,alert_config;custom_attack_shape;custom_param_block,CCmdActionManager_000COMMON_000COMMON_001_ThrowSaber;CCmdActionManager_Throw,0x13C6C469;0x14AB0070;0x36FCE2D7;0x41FBD241;0x63AC30E6;0x8ACF95D3;0x8DA251CA;0xABEDC73A;0xD8F283FB;0xDCEAF7AC;0xFAA5615C;0xFDC8A545
490050103,CUnitTaskAutomata_049ORPHN2_005KMRVDR_001_ThrowDainsleif,automata,CUnitTaskAutomataThrow,0x141498580,0x3530,79=FillParamBlock;81=CreateCmdActionManager;91=FillParamSubBlock,alert_config;custom_attack_shape;custom_param_block,CCmdActionManager_049ORPHN2_005KMRVDR_001_ThrowDainsleif;CCmdActionManager_Throw,0x63AC30E6;0x67921CDD
490050104,CUnitTaskAutomata_049ORPHN2_005KMRVDR_001_ThrowDrillLance,automata,CUnitTaskAutomata_000COMMON_000COMMON_001_ThrowSaber,0x1414988A8,0x3530,,alert_config;custom_attack_shape;custom_param_block,CCmdActionManager_000COMMON_000COMMON_001_ThrowSaber;CCmdActionManager_Throw,
490050105,CUnitTaskAutomata_049ORPHN2_005KMRVDR_001_ThrowShield,automata,CUnitTaskAutomata_000COMMON_000COMMON_001_ThrowSaber,0x141498BD0,0x3530,79=FillParamBlock;81=CreateCmdActionManager;84=DescribeAttackShape;91=FillParamSubBlock,alert_config;custom_attack_shape;custom_param_block,CCmdActionManager_049ORPHN2_005KMRVDR_001_ThrowShield,0x14AB0070;0x4C55EA3D;0x63AC30E6;0x8ACF95D3;0x8DA251CA;0xABEDC73A;0xDCEAF7AC;0xFAA5615C;0xFDC8A545
490060101,CUnitTaskAutomata_049ORPHN2_006FLAURS_001_ThrowSuperGalaxyCannon,automata,CUnitTaskAutomata_000COMMON_000COMMON_001_ThrowSaber,0x141498EF8,0x3530,79=FillParamBlock;91=FillParamSubBlock,alert_config;custom_attack_shape;custom_param_block,CCmdActionManager_000COMMON_000COMMON_001_ThrowSaber;CCmdActionManager_Throw,
510010102,CUnitTaskAutomata_051BUILDF_001BLDSTR_001_BuildBoosterFly,automata,CUnitTaskAutomataFunnelMawarikomi,0x141499220,0x3540,79=FillParamBlock;81=CreateCmdActionManager;84=DescribeAttackShape,alert_config;custom_attack_shape;custom_param_block,CCmdActionManager_051BUILDF_001BLDSTR_001_BuildBoosterFly,0xDCEAF7AC
510010101,CUnitTaskAutomata_051BUILDF_001BLDSTR_001_BuildBoosterRushShot,automata,CUnitTaskAutomataFunnel,0x141499548,0x3530,79=FillParamBlock;81=CreateCmdActionManager;88=SetupModelAnimation,alert_config;custom_attack_shape;custom_param_block,CCmdActionManager_051BUILDF_001BLDSTR_001_BuildBoosterRushShot,
510030101,CUnitTaskAutomata_051BUILDF_003GNXMAO_001_ReflectThrusterImpact,automata,CUnitTaskAutomataThrow,0x141499870,0x3530,79=FillParamBlock;84=DescribeAttackShape,alert_config;custom_attack_shape;custom_param_block,CCmdActionManager_Throw,0x4C55EA3D
510040101,CUnitTaskAutomata_051BUILDF_004WGFENC_001_AssistMeteoHopperRushKijou,automata,CUnitTaskAutomataSummonRushGround,0x141499B98,0x3550,2=OnInit;21=PreInit;79=FillParamBlock;81=CreateCmdActionManager;84=DescribeAttackShape;88=SetupModelAnimation;100,stage_contact_override;alert_config;custom_attack_shape;custom_param_block,CCmdActionManager_051BUILDF_004WGFENC_001_AssistMeteoHopperRushKijou,0x14AB0070;0x3B52DAAB;0x3C3F1EB2;0x41FBD241;0x4B382E24;0x4C55EA3D;0x63AC30E6;0x8DA251CA;0x8DBD5433;0xA25B8B11;0xABEDC73A;0xD55CBB87;0xDCEAF7AC
510040102,CUnitTaskAutomata_051BUILDF_004WGFENC_001_AssistMeteoHopperflyRush,automata,CUnitTaskAutomataSummonRush,0x141499EC8,0x3540,79=FillParamBlock;81=CreateCmdActionManager;84=DescribeAttackShape;88=SetupModelAnimation,stage_contact_override;alert_config;custom_attack_shape;custom_param_block,CCmdActionManager_051BUILDF_004WGFENC_001_AssistMeteoHopperflyRush,0x14AB0070;0x3B52DAAB;0x3C3F1EB2;0x41FBD241;0x4B382E24;0x4C55EA3D;0x63AC30E6;0x89BE0F56;0x8DA251CA;0xA25B8B11;0xABEDC73A;0xD55CBB87;0xDCEAF7AC;0xFDC8A545
510050105,CUnitTaskAutomata_051BUILDF_005STABLD_001_ChargeGabtly,automata,CUnitTaskAutomataSummonRushShot,0x14149A528,0x3550,79=FillParamBlock;81=CreateCmdActionManager,stage_contact_override;alert_config;custom_attack_shape;custom_param_block,CCmdActionManager_051BUILDF_005STABLD_001_ChargeGabtly,
510050103,CUnitTaskAutomata_051BUILDF_005STABLD_001_FunnelFlySwordThrow,automata,CUnitTaskAutomataFunnelFlySwordPenetrate,0x14149A1F8,0x3540,2=OnInit;79=FillParamBlock;81=CreateCmdActionManager;88=SetupModelAnimation,alert_config;custom_attack_shape;custom_param_block,CCmdActionManager_051BUILDF_005STABLD_001_FunnelFlySwordThrow,
510050109,CUnitTaskAutomata_051BUILDF_005STABLD_001_ThrowBrinicleBlade,automata,CUnitTaskAutomataThrow,0x14149AEA8,0x3530,79=FillParamBlock;81=CreateCmdActionManager;84=DescribeAttackShape,alert_config;custom_attack_shape;custom_param_block,CCmdActionManager_051BUILDF_005STABLD_001_ThrowBrinicleBlade;CCmdActionManager_Throw,0x67921CDD
510050107,CUnitTaskAutomata_051BUILDF_005STABLD_001_TransparentBladeAmpRelay,automata,CUnitTaskAutomataAttach,0x14149B1D0,0x3540,75=OnBarrierInteraction;79=FillParamBlock;81=CreateCmdActionManager;91=FillParamSubBlock,barrier;barrier_interaction;custom_attack_shape;custom_param_block,CCmdActionManager_051BUILDF_005STABLD_001_TransparentBladeAmpRelay,
510050108,CUnitTaskAutomata_051BUILDF_005STABLD_001_TransparentBladeAmpShot,automata,CUnitTaskAutomataAttach,0x14149B4F8,0x3540,75=OnBarrierInteraction;79=FillParamBlock;81=CreateCmdActionManager;91=FillParamSubBlock,barrier;barrier_interaction;custom_attack_shape;custom_param_block,CCmdActionManager_051BUILDF_005STABLD_001_TransparentBladeAmpShot,
510050106,CUnitTaskAutomata_051BUILDF_005STABLD_001_TransparentLaserAmp,automata,CUnitTaskAutomataAttach,0x14149AB80,0x3540,75=OnBarrierInteraction;79=FillParamBlock;81=CreateCmdActionManager,barrier;barrier_interaction;custom_attack_shape;custom_param_block,CCmdActionManager_051BUILDF_005STABLD_001_TransparentLaserAmp,
510050104,CUnitTaskAutomata_051BUILDF_005STABLD_001_TransparentLaserAmpDiffusion,automata,CUnitTaskAutomataAttach,0x14149A858,0x3540,75=OnBarrierInteraction;79=FillParamBlock;81=CreateCmdActionManager,barrier;barrier_interaction;custom_attack_shape;custom_param_block,CCmdActionManager_051BUILDF_005STABLD_001_TransparentLaserAmpDiffusion,
510050102,CUnitTaskAutomata_051BUILDF_005STABLD_001_UniverseBoosterFly,automata,CUnitTaskAutomataFunnelMawarikomi,0x14149BB48,0x3540,79=FillParamBlock;81=CreateCmdActionManager;84=DescribeAttackShape,alert_config;custom_attack_shape;custom_param_block,CCmdActionManager_051BUILDF_005STABLD_001_UniverseBoosterFly,0xDCEAF7AC
510050101,CUnitTaskAutomata_051BUILDF_005STABLD_001_UniverseBoosterRushShot,automata,CUnitTaskAutomataFunnel,0x14149B820,0x3530,79=FillParamBlock;81=CreateCmdActionManager;84=DescribeAttackShape,alert_config;custom_attack_shape;custom_param_block,CCmdActionManager_051BUILDF_005STABLD_001_UniverseBoosterRushShot,
510060105,CUnitTaskAutomata_051BUILDF_006SENGOK_001_HakkeiEffect,automata,CUnitTaskAutomataRadiconParentActor,0x14149CB38,0x3540,81=CreateCmdActionManager,custom_attack_shape,CCmdActionManager_051BUILDF_006SENGOK_001_HakkeiEffect,
510060104,CUnitTaskAutomata_051BUILDF_006SENGOK_001_HakkeiStickExplosion,automata,CUnitTaskAutomataSticker,0x14149C7F8,0x3540,81=CreateCmdActionManager;84=DescribeAttackShape;102,custom_attack_shape;custom_param_block,CCmdActionManager_051BUILDF_006SENGOK_001_HakkeiStickExplosion,0x89BE0F56
510060103,CUnitTaskAutomata_051BUILDF_006SENGOK_001_ThrowHammer,automata,CUnitTaskAutomata_000COMMON_000COMMON_001_ThrowSaberRolling,0x14149C4D0,0x3530,79=FillParamBlock;84=DescribeAttackShape;91=FillParamSubBlock,alert_config;custom_attack_shape;custom_param_block,CCmdActionManager_000COMMON_000COMMON_001_ThrowSaberRolling,0x67921CDD
510060101,CUnitTaskAutomata_051BUILDF_006SENGOK_001_XKiriShockWave,automata,CUnitTaskAutomataThrowBlade,0x14149BE70,0x3550,79=FillParamBlock;81=CreateCmdActionManager,stage_contact_override;alert_config;custom_attack_shape;custom_param_block,CCmdActionManager_051BUILDF_006SENGOK_XKiriShockWave;CCmdActionManager_Throw,0x63AC30E6;0xFDC8A545
510060102,CUnitTaskAutomata_051BUILDF_006SENGOK_001_YoyoMakitsuki,automata,CUnitTaskAutomataSticker,0x14149C198,0x3540,81=CreateCmdActionManager;88=SetupModelAnimation;89=OnInitHookA;91=FillParamSubBlock,custom_attack_shape;custom_param_block,CCmdActionManager_051BUILDF_006SENGOK_001_YoyoMakitsuki,0x41FBD241;0xD8F283FB
520010104,CUnitTaskAutomata_052BLDTRY_001HOTSCR_001_FunnelAttachChange,automata,CUnitTaskAutomataAttachAbstract,0x14149D7E0,0x3540,79=FillParamBlock;81=CreateCmdActionManager;88=SetupModelAnimation;96=GetSpawnOrderCount;97=GetSpawnOrderId,custom_attack_shape;custom_param_block;spawn_orders_override,CCmdActionManager_052BLDTRY_001HOTSCR_001_FunnelAttachChange,
520010101,CUnitTaskAutomata_052BLDTRY_001HOTSCR_001_FunnelFly,automata,CUnitTaskAutomataFunnelMawarikomi,0x14149CE68,0x3550,79=FillParamBlock;81=CreateCmdActionManager;96=GetSpawnOrderCount;98=GetSpawnOrderArg,alert_config;custom_attack_shape;custom_param_block;spawn_orders_override,CCmdActionManager_052BLDTRY_001HOTSCR_001_FunnelFly,0xDCEAF7AC
520010103,CUnitTaskAutomata_052BLDTRY_001HOTSCR_001_FunnelHissatsu,automata,CUnitTaskAutomataFunnelSwarm,0x14149D4B8,0x3560,79=FillParamBlock;81=CreateCmdActionManager;88=SetupModelAnimation,alert_config;custom_attack_shape;custom_param_block,CCmdActionManager_052BLDTRY_001HOTSCR_001_FunnelHissatsu,0xA5364F08;0xA8987774;0xD32D39ED
520010102,CUnitTaskAutomata_052BLDTRY_001HOTSCR_001_FunnelNet,automata,CUnitTaskAutomata_052BLDTRY_001HOTSCR_001_FunnelShotStayShift,0x14149D190,0x3540,81=CreateCmdActionManager,alert_config;custom_attack_shape;custom_param_block;spawn_orders_override,CCmdActionManager_052BLDTRY_001HOTSCR_001_FunnelNet,
520010105,CUnitTaskAutomata_052BLDTRY_001HOTSCR_001_FunnelStayShot,automata,CUnitTaskAutomata_052BLDTRY_001HOTSCR_001_FunnelShotStayShift,0x14149DB08,0x3540,81=CreateCmdActionManager,alert_config;custom_attack_shape;custom_param_block;spawn_orders_override,CCmdActionManager_052BLDTRY_001HOTSCR_001_FunnelStayShot,
530020108,CUnitTaskAutomata_053GBFTRY_002TRYBNG_001_AssistBunshinHaganken,automata,CUnitTaskAutomataSummonRushAttackNormal,0x14149F468,0x3550,79=FillParamBlock;81=CreateCmdActionManager;88=SetupModelAnimation,stage_contact_override;alert_config;custom_attack_shape;custom_param_block,CCmdActionManager_053GBFTRY_002TRYBNG_001_AssistBunshinHaganken,0x36FCE2D7;0x41FBD241;0x63AC30E6;0x64C1F4FF;0xFDC8A545
530020109,CUnitTaskAutomata_053GBFTRY_002TRYBNG_001_AssistBunshinReppakuKen,automata,CUnitTaskAutomataSummonRushAttackNormal,0x14149F798,0x3550,2=OnInit;79=FillParamBlock;81=CreateCmdActionManager;88=SetupModelAnimation,stage_contact_override;alert_config;custom_attack_shape;custom_param_block,CCmdActionManager_053GBFTRY_002TRYBNG_001_AssistBunshinReppakuKen,0x36FCE2D7;0x41FBD241;0x63AC30E6;0x64C1F4FF;0x8ACF95D3;0xD8F283FB;0xFDC8A545
530020107,CUnitTaskAutomata_053GBFTRY_002TRYBNG_001_AssistBunshinRush,automata,CUnitTaskAutomataSummonRushAttackNormal,0x14149F138,0x3550,79=FillParamBlock;81=CreateCmdActionManager;88=SetupModelAnimation,stage_contact_override;alert_config;custom_attack_shape;custom_param_block,CCmdActionManager_053GBFTRY_002TRYBNG_001_AssistBunshinRush,0x36FCE2D7;0x41FBD241;0x63AC30E6;0x64C1F4FF;0xA8987774;0xFDC8A545
530020106,CUnitTaskAutomata_053GBFTRY_002TRYBNG_001_BunshinLauncher,automata,CUnitTaskAutomataFunnelMawarikomi,0x14149EE10,0x3540,79=FillParamBlock;81=CreateCmdActionManager,alert_config;custom_attack_shape;custom_param_block,CCmdActionManager_053GBFTRY_002TRYBNG_001_BunshinLauncher,
530020103,CUnitTaskAutomata_053GBFTRY_002TRYBNG_001_LightningGundam,automata,CUnitTaskAutomataSummonRushShot,0x14149E488,0x3550,79=FillParamBlock;81=CreateCmdActionManager;88=SetupModelAnimation,stage_contact_override;alert_config;custom_attack_shape;custom_param_block,CCmdActionManager_053GBFTRY_002TRYBNG_001_LightningGundam,0x41FBD241
530020102,CUnitTaskAutomata_053GBFTRY_002TRYBNG_001_Reppakuken,automata,CUnitTaskAutomataThrowMortar,0x14149DE30,0x3530,79=FillParamBlock;81=CreateCmdActionManager;84=DescribeAttackShape,alert_config;custom_attack_shape;custom_param_block;init_data_modifier,CCmdActionManager_053GBFTRY_002TRYBNG_001_Reppakuken,
530020101,CUnitTaskAutomata_053GBFTRY_002TRYBNG_001_Reppakuken_Entry,automata,CUnitTaskAutomataSummonRush,0x14149E158,0x3540,81=CreateCmdActionManager,stage_contact_override;alert_config;custom_attack_shape;custom_param_block,CCmdActionManager_053GBFTRY_002TRYBNG_001_Reppakuken_Entry,
530020104,CUnitTaskAutomata_053GBFTRY_002TRYBNG_001_StarWinningGundam,automata,CUnitTaskAutomataSummonRushShot,0x14149E7B8,0x3550,79=FillParamBlock;81=CreateCmdActionManager;88=SetupModelAnimation,stage_contact_override;alert_config;custom_attack_shape;custom_param_block,CCmdActionManager_053GBFTRY_002TRYBNG_001_StarWinningGundam,0x41FBD241
530020105,CUnitTaskAutomata_053GBFTRY_002TRYBNG_001_StarWinningGundam_Funnel,automata,CUnitTaskAutomataFunnelFlySword,0x14149EAE8,0x3590,79=FillParamBlock;81=CreateCmdActionManager;88=SetupModelAnimation,alert_config;custom_attack_shape;custom_param_block,CCmdActionManager_053GBFTRY_002TRYBNG_001_StarWinningGundam_Funnel,0x41FBD241;0xD8F283FB;0xF47EE96E
530020110,CUnitTaskAutomata_053GBFTRY_002TRYBNG_001_WinLightningGundam,automata,CUnitTaskAutomataPutObj,0x14149FAC8,0x3530,81=CreateCmdActionManager;88=SetupModelAnimation;90=SetupModelSubObject,custom_attack_shape;custom_param_block,CCmdActionManager_053GBFTRY_002TRYBNG_001_WinLightningGundam,
530020111,CUnitTaskAutomata_053GBFTRY_002TRYBNG_001_WinStarWinningGundam,automata,CUnitTaskAutomataPutObj,0x14149FDF0,0x3530,81=CreateCmdActionManager;88=SetupModelAnimation;90=SetupModelSubObject,custom_attack_shape;custom_param_block,CCmdActionManager_053GBFTRY_002TRYBNG_001_WinStarWinningGundam,
530030101,CUnitTaskAutomata_053GBFTRY_003LTNGFB_001_TransparentLaserAmp,automata,CUnitTaskAutomataAttach,0x1414A0118,0x3540,75=OnBarrierInteraction;79=FillParamBlock;81=CreateCmdActionManager;91=FillParamSubBlock,barrier;barrier_interaction;custom_attack_shape;custom_param_block,CCmdActionManager_053GBFTRY_003LTNGFB_001_TransparentLaserAmp,
530040103,CUnitTaskAutomata_053GBFTRY_004STRWIN_001_FunnelAttachChangeAutomata,automata,CUnitTaskAutomataAttachToRadicon,0x1414A0A90,0x3530,2=OnInit;79=FillParamBlock;81=CreateCmdActionManager,custom_attack_shape;custom_param_block,CCmdActionManager_053GBFTRY_004STRWIN_001_FunnelAttachChangeAutomata,0x41FBD241;0xA5364F08;0xA8987774;0xD32D39ED
530040104,CUnitTaskAutomata_053GBFTRY_004STRWIN_001_StarCrossEndaction,automata,CUnitTaskAutomataAttachAbstract,0x1414A0DB8,0x3530,79=FillParamBlock;81=CreateCmdActionManager,custom_attack_shape;custom_param_block,CCmdActionManager_053GBFTRY_004STRWIN_001_StarCrossEndaction,0xDCEAF7AC
530040101,CUnitTaskAutomata_053GBFTRY_004STRWIN_001_StarCrossSpline,automata,CUnitTaskAutomataBoomerangSpline,0x1414A0440,0x3540,79=FillParamBlock;81=CreateCmdActionManager,stage_contact_override;alert_config;custom_attack_shape;custom_param_block,CCmdActionManager_053GBFTRY_004STRWIN_001_StarCrossSpline,0x8DA251CA
530040102,CUnitTaskAutomata_053GBFTRY_004STRWIN_001_StarCrossStraight,automata,CUnitTaskAutomataBoomerang,0x1414A0768,0x3540,79=FillParamBlock;81=CreateCmdActionManager;91=FillParamSubBlock,stage_contact_override;alert_config;custom_attack_shape;custom_param_block,CCmdActionManager_053GBFTRY_004STRWIN_001_StarCrossStraight,0x8DA251CA
530040106,CUnitTaskAutomata_053GBFTRY_004STRWIN_001_StarFunnelGuardBitTukimatoi,automata,CUnitTaskAutomataFunnelTukimatoi_ShotOrder,0x1414A1408,0x3550,2=OnInit;21=PreInit;79=FillParamBlock;81=CreateCmdActionManager,custom_attack_shape;custom_param_block,CCmdActionManager_053GBFTRY_004STRWIN_001_StarFunnelGuardBitTukimatoi,
530040111,CUnitTaskAutomata_053GBFTRY_004STRWIN_001_StarFunnelGunBitRensha,automata,CUnitTaskAutomata_053GBFTRY_004STRWIN_001_StarFunnelGunBitShot,0x1414A20C8,0x3530,81=CreateCmdActionManager,alert_config;custom_attack_shape;custom_param_block;spawn_orders_override,CCmdActionManager_053GBFTRY_004STRWIN_001_StarFunnelGunBitRensha,
530040105,CUnitTaskAutomata_053GBFTRY_004STRWIN_001_StarFunnelGunBitShot,automata,CUnitTaskAutomataFunnelShotStayShift,0x1414A10E0,0x3530,79=FillParamBlock;81=CreateCmdActionManager;88=SetupModelAnimation;97=GetSpawnOrderId;98=GetSpawnOrderArg,alert_config;custom_attack_shape;custom_param_block;spawn_orders_override,CCmdActionManager_053GBFTRY_004STRWIN_001_StarFunnelGunBitShot,
530040110,CUnitTaskAutomata_053GBFTRY_004STRWIN_001_StarFunnelSheildMate,automata,CUnitTaskAutomata_053GBFTRY_004STRWIN_001_StarFunnelSheildCommon,0x1414A1730,0x3560,81=CreateCmdActionManager,custom_attack_shape;custom_param_block,CCmdActionManager_053GBFTRY_004STRWIN_001_StarFunnelSheildCommon;CCmdActionManager_053GBFTRY_004STRWIN_001_StarFunnelSheildMate,
530040109,CUnitTaskAutomata_053GBFTRY_004STRWIN_001_StarFunnelSheildSelf,automata,CUnitTaskAutomata_053GBFTRY_004STRWIN_001_StarFunnelSheildCommon,0x1414A1A68,0x3560,81=CreateCmdActionManager,custom_attack_shape;custom_param_block,CCmdActionManager_053GBFTRY_004STRWIN_001_StarFunnelSheildCommon;CCmdActionManager_053GBFTRY_004STRWIN_001_StarFunnelSheildSelf,
530040108,CUnitTaskAutomata_053GBFTRY_004STRWIN_001_StarFunnelThrow,automata,CUnitTaskAutomataFunnelFlySword,0x1414A1DA0,0x3590,2=OnInit;12=Update;79=FillParamBlock;81=CreateCmdActionManager;88=SetupModelAnimation;96=GetSpawnOrderCount;97=GetSpawnOrderId;98=GetSpawnOrderArg,alert_config;custom_attack_shape;custom_param_block;spawn_orders_override,CCmdActionManager_053GBFTRY_004STRWIN_001_StarFunnelThrow,0x41FBD241;0xD8F283FB;0xF47EE96E
530050102,CUnitTaskAutomata_053GBFTRY_005TSIENT_001_AssistThanderRain,automata,CUnitTaskAutomataSummonRushShot,0x1414A2718,0x3560,79=FillParamBlock;81=CreateCmdActionManager,stage_contact_override;alert_config;custom_attack_shape;custom_param_block,CCmdActionManager_053GBFTRY_005TSIENT_001_AssistThanderRain,
530050103,CUnitTaskAutomata_053GBFTRY_005TSIENT_001_AssistThanderRainAiming,automata,CUnitTaskAutomata_053GBFTRY_005TSIENT_001_AssistThanderRain,0x1414A2A48,0x3560,2=OnInit;81=CreateCmdActionManager,stage_contact_override;alert_config;custom_attack_shape;custom_param_block,CCmdActionManager_053GBFTRY_005TSIENT_001_AssistThanderRainAiming,
530050104,CUnitTaskAutomata_053GBFTRY_005TSIENT_001_AssistThanderRainEntry,automata,CUnitTaskAutomataSummonRush,0x1414A30A8,0x3540,79=FillParamBlock;81=CreateCmdActionManager,stage_contact_override;alert_config;custom_attack_shape;custom_param_block,CCmdActionManager_053GBFTRY_005TSIENT_001_AssistThanderRainEntry,
530050111,CUnitTaskAutomata_053GBFTRY_005TSIENT_001_AssistThanderRainHukakuRotate,automata,CUnitTaskAutomata_053GBFTRY_005TSIENT_001_AssistThanderRain,0x1414A2D78,0x3560,2=OnInit;81=CreateCmdActionManager,stage_contact_override;alert_config;custom_attack_shape;custom_param_block,CCmdActionManager_053GBFTRY_005TSIENT_001_AssistThanderRainHukakuRotate,
530050101,CUnitTaskAutomata_053GBFTRY_005TSIENT_001_FunnelFly,automata,CUnitTaskAutomataFunnelMawarikomi,0x1414A23F0,0x3540,79=FillParamBlock;81=CreateCmdActionManager,alert_config;custom_attack_shape;custom_param_block,CCmdActionManager_053GBFTRY_005TSIENT_001_FunnelFly,0x41FBD241
530050106,CUnitTaskAutomata_053GBFTRY_005TSIENT_001_FunnelLargeFlyRushShot,automata,CUnitTaskAutomataFunnelFlySwordPenetrate,0x1414A3A28,0x3540,81=CreateCmdActionManager;88=SetupModelAnimation,alert_config;custom_attack_shape;custom_param_block,CCmdActionManager_053GBFTRY_005TSIENT_001_FunnelLargeFlyRushShot,
530050107,CUnitTaskAutomata_053GBFTRY_005TSIENT_001_FunnelSmallFlyRush,automata,CUnitTaskAutomataFunnelFlySwordPenetrate,0x1414A3700,0x3540,81=CreateCmdActionManager;88=SetupModelAnimation,alert_config;custom_attack_shape;custom_param_block,CCmdActionManager_053GBFTRY_005TSIENT_001_FunnelSmallFlyRush,
530050105,CUnitTaskAutomata_053GBFTRY_005TSIENT_001_GnPartisanThrow,automata,CUnitTaskAutomataThrow,0x1414A33D8,0x3530,79=FillParamBlock;81=CreateCmdActionManager;88=SetupModelAnimation,alert_config;custom_param_block,CCmdActionManager_053GBFTRY_005TSIENT_001_GnPartisanThrow;CCmdActionManager_Throw,
530050110,CUnitTaskAutomata_053GBFTRY_005TSIENT_001_Laser,automata,CUnitTaskActorProjBulletLaser,0x1414A43B8,0x34C0,0=Destructor;21=PreInit;71,,,0x41435BE6
530050108,CUnitTaskAutomata_053GBFTRY_005TSIENT_001_SpAssistGportent,automata,CUnitTaskAutomataSummon,0x1414A3D50,0x3540,79=FillParamBlock;81=CreateCmdActionManager;88=SetupModelAnimation;89=OnInitHookA,barrier;stage_contact_override;alert_config;custom_attack_shape;custom_param_block,CCmdActionManager_053GBFTRY_005TSIENT_001_SpAssistGportent;CCmdActionManager_Summon,0xD8F283FB
530050109,CUnitTaskAutomata_053GBFTRY_005TSIENT_001_SpAssistKarel,automata,CUnitTaskAutomataSticker,0x1414A4080,0x3540,2=OnInit;79=FillParamBlock;81=CreateCmdActionManager;88=SetupModelAnimation;91=FillParamSubBlock,custom_attack_shape;custom_param_block,CCmdActionManager_053GBFTRY_005TSIENT_001_SpAssistKarel,0x36FCE2D7;0x3C3F1EB2;0x41FBD241;0x4B382E24;0xA5364F08;0xABEDC73A;0xDCEAF7AC
1205133813,CUnitTaskAutomata_055SDGAID_001KNTGND_001_KnightShieldBoomerang,automata,CUnitTaskAutomataBoomerang,0x1414A5C30,0x3540,79=FillParamBlock;81=CreateCmdActionManager,stage_contact_override;alert_config;custom_attack_shape;custom_param_block,CCmdActionManager_055SDGAID_001KNTGND_001_KnightShieldBoomerang,0xABEDC73A
550010104,CUnitTaskAutomata_055SDGAID_001KNTGND_001_MoveOnFirePillar_Entry,automata,CUnitTaskAutomataSummonRush,0x1414A52A8,0x3540,81=CreateCmdActionManager,stage_contact_override;alert_config;custom_attack_shape;custom_param_block,CCmdActionManager_055SDGAID_001KNTGND_001_MoveOnFirePillar_Entry,
550010106,CUnitTaskAutomata_055SDGAID_001KNTGND_001_ThrowFlameSword,automata,CUnitTaskAutomataThrow,0x1414A4600,0x3530,79=FillParamBlock;81=CreateCmdActionManager,stage_contact_override;alert_config;custom_param_block,CCmdActionManager_055SDGAID_001KNTGND_001_ThrowFlameSword;CCmdActionManager_Throw,0xA8987774;0xDF9F47E2
550010102,CUnitTaskAutomata_055SDGAID_001KNTGND_001_ThrowKnightShield,automata,CUnitTaskAutomataBoomerangSpline,0x1414A4C50,0x3540,79=FillParamBlock;81=CreateCmdActionManager;91=FillParamSubBlock,stage_contact_override;alert_config;custom_attack_shape;custom_param_block,CCmdActionManager_055SSDGAID_001KNTGND_001_ThrowKnightShield,
550010101,CUnitTaskAutomata_055SDGAID_001KNTGND_001_ThrowKnightSword,automata,CUnitTaskAutomataThrow,0x1414A4928,0x3530,76=ArchetypeEventHook;79=FillParamBlock;81=CreateCmdActionManager;88=SetupModelAnimation,alert_config;custom_attack_shape;custom_param_block,CCmdActionManager_055SDGAID_001KNTGND_001_ThrowKnightSword;CCmdActionManager_Throw,0x3B52DAAB;0xA25B8B11;0xD55CBB87
550010105,CUnitTaskAutomata_055SDGAID_001KNTGND_001_ThrowLightArrow,automata,CUnitTaskAutomataThrow,0x1414A55D8,0x3530,79=FillParamBlock;81=CreateCmdActionManager,alert_config;custom_attack_shape;custom_param_block,CCmdActionManager_055SDGAID_001KNTGND_001_ThrowLightArrow;CCmdActionManager_Throw,
550010103,CUnitTaskAutomata_055SDGAID_001KNTGND_001_ThrowThanderRain,automata,CUnitTaskAutomataSummonRushShot,0x1414A4F78,0x3550,81=CreateCmdActionManager,stage_contact_override;alert_config;custom_attack_shape;custom_param_block,CCmdActionManager_055SDGAID_001KNTGND_001_ThrowThanderRain,
550010107,CUnitTaskAutomata_055SDGAID_001KNTGND_001_ThrowThanderRain_Fa,automata,CUnitTaskAutomataSummonRushShot,0x1414A5900,0x3550,81=CreateCmdActionManager,stage_contact_override;alert_config;custom_attack_shape;custom_param_block,CCmdActionManager_055SDGAID_001KNTGND_001_ThrowThanderRain_Fa,
560010101,CUnitTaskAutomata_056GNDMNT_001NARRTV_001_AssistPhenex,automata,CUnitTaskAutomataSummonRushShot,0x1414A5F58,0x35B0,0=Destructor;79=FillParamBlock;81=CreateCmdActionManager;88=SetupModelAnimation;89=OnInitHookA,stage_contact_override;alert_config;custom_attack_shape;custom_param_block,CCmdActionManager_056GNDMNT_001NARRTV_001_AssistPhenex,0x36FCE2D7;0x41FBD241
560010102,CUnitTaskAutomata_056GNDMNT_001NARRTV_001_PhenexArmedArmorDE,automata,CUnitTaskAutomataFunnelFlySwordPenetrate,0x1414A6288,0x3540,79=FillParamBlock;81=CreateCmdActionManager;90=SetupModelSubObject;91=FillParamSubBlock,alert_config;custom_attack_shape;custom_param_block,CCmdActionManager_056GNDMNT_001NARRTV_001_PhenexArmedArmorDE,0x36FCE2D7
560010103,CUnitTaskAutomata_056GNDMNT_001NARRTV_001_PsychoField,automata,CUnitTaskAutomataThrowBlade,0x1414A65B0,0x3550,79=FillParamBlock;81=CreateCmdActionManager,stage_contact_override;alert_config;custom_attack_shape;custom_param_block,CCmdActionManager_056GNDMNT_001NARRTV_001_PsychoField;CCmdActionManager_Throw,
560010105,CUnitTaskAutomata_056GNDMNT_001NARRTV_001_WireGuidedAssaultUnit,automata,CUnitTaskAutomataFunnelMawarikomiMultipleShot,0x1414A68D8,0x3550,79=FillParamBlock;81=CreateCmdActionManager,alert_config;custom_attack_shape;custom_param_block,CCmdActionManager_056GNDMNT_001NARRTV_001_WireGuidedAssaultUnit,0xD32D39ED;0xEDD1C108
560010107,CUnitTaskAutomata_056GNDMNT_001NARRTV_001_WireGuidedAssaultUnitFlySword,automata,CUnitTaskAutomata_056GNDMNT_001NARRTV_001_WireGuidedAssaultUnitFlySwordStart,0x1414A6F28,0x3560,81=CreateCmdActionManager;88=SetupModelAnimation,alert_config;custom_attack_shape;custom_param_block,CCmdActionManager_056GNDMNT_001NARRTV_001_WireGuidedAssaultUnitFlySword,
560010108,CUnitTaskAutomata_056GNDMNT_001NARRTV_001_WireGuidedAssaultUnitFlySwordStart,automata,CUnitTaskAutomataFunnelFlySword,0x1414A6C00,0x3560,79=FillParamBlock;81=CreateCmdActionManager;91=FillParamSubBlock,alert_config;custom_attack_shape;custom_param_block,CCmdActionManager_056GNDMNT_001NARRTV_001_WireGuidedAssaultUnitFlySwordStart,
560020102,CUnitTaskAutomata_056GNDMNT_002SINAST_001_AssistGrzlElicUnqRush,automata,CUnitTaskAutomataSummonRushAttackNormal,0x1414A7250,0x3550,73=OnStageContact;79=FillParamBlock;81=CreateCmdActionManager;89=OnInitHookA,stage_contact_override;alert_config;custom_attack_shape;custom_param_block,CCmdActionManager_056GNDMNT_002SINAST_001_AssistGrzlElicUnqRush,0x36FCE2D7;0x41FBD241;0x63AC30E6;0x8ACF95D3;0xA8987774;0xDF9F47E2;0xF647567F;0xFDC8A545
560020101,CUnitTaskAutomata_056GNDMNT_002SINAST_001_AssistGrzlRush,automata,CUnitTaskAutomataSummonRushAttackNormal,0x1415EE650,0x3540,79=FillParamBlock;81=CreateCmdActionManager;89=OnInitHookA,stage_contact_override;alert_config;custom_attack_shape;custom_param_block,CCmdActionManager_056GNDMNT_002SINAST_001_AssistGrzlRush,0x36FCE2D7;0x41FBD241;0x63AC30E6;0x8ACF95D3;0xA8987774;0xDF9F47E2;0xFDC8A545
560020103,CUnitTaskAutomata_056GNDMNT_002SINAST_001_BeamNaginata,automata,CUnitTaskAutomataSticker,0x1414A7580,0x3540,79=FillParamBlock;81=CreateCmdActionManager;89=OnInitHookA;91=FillParamSubBlock,custom_attack_shape;custom_param_block,CCmdActionManager_056GNDMNT_002SINAST_001_BeamNaginata,0x3B52DAAB;0x3C3F1EB2;0x4B382E24;0xA25B8B11;0xA5364F08;0xD55CBB87;0xD8F283FB
560030108,CUnitTaskAutomata_056GNDMNT_003PHENEX_001_AssistJeganA2Grap,automata,CUnitTaskAutomataSummonRushAttackNormal,0x1415EEEC8,0x3540,0=Destructor;79=FillParamBlock;88=SetupModelAnimation;89=OnInitHookA,stage_contact_override;alert_config;custom_attack_shape;custom_param_block,CCmdActionManager_SummonRushAttackNormal,0x13C6C469;0x36FCE2D7;0x41FBD241;0x63AC30E6;0x64C1F4FF;0x8ACF95D3;0xA8987774;0xDF9F47E2
560030107,CUnitTaskAutomata_056GNDMNT_003PHENEX_001_AssistJeganA2Shot,automata,CUnitTaskAutomataSummonRushShot,0x1415EF200,0x3550,0=Destructor;79=FillParamBlock,stage_contact_override;alert_config;custom_attack_shape;custom_param_block,CCmdActionManager_SummonRushShot,0x36FCE2D7;0x41FBD241;0xA8987774;0xDF9F47E2
560030106,CUnitTaskAutomata_056GNDMNT_003PHENEX_001_AssistSilverBulletSuppressor,automata,CUnitTaskAutomataSummonRushShot,0x1414A7F10,0x3550,79=FillParamBlock;81=CreateCmdActionManager;88=SetupModelAnimation,stage_contact_override;alert_config;custom_attack_shape;custom_param_block,CCmdActionManager_056GNDMNT_003PHENEX_001_AssistSilverBulletSuppressor,0x36FCE2D7;0x41FBD241
560030101,CUnitTaskAutomata_056GNDMNT_003PHENEX_001_FunnelFlySword,automata,CUnitTaskAutomataFunnelFlySwordPenetrate,0x1414A7BE0,0x3540,79=FillParamBlock;81=CreateCmdActionManager;84=DescribeAttackShape;88=SetupModelAnimation,alert_config;custom_attack_shape;custom_param_block,CCmdActionManager_056GNDMNT_003PHENEX_001_FunnelFlySword,0x14AB0070;0x8DA251CA;0xD32D39ED;0xEDD1C108
560030105,CUnitTaskAutomata_056GNDMNT_003PHENEX_001_FunnelFlySwordCounter,automata,CUnitTaskAutomataFunnelFlySwordPenetrate,0x1414A88C0,0x3540,79=FillParamBlock;81=CreateCmdActionManager;84=DescribeAttackShape;88=SetupModelAnimation,alert_config;custom_attack_shape;custom_param_block,CCmdActionManager_056GNDMNT_003PHENEX_001_FunnelFlySwordCounter,0xABEDC73A;0xD32D39ED;0xDCEAF7AC;0xEDD1C108
560030103,CUnitTaskAutomata_056GNDMNT_003PHENEX_001_FunnelMateDefense,automata,CUnitTaskAutomata_056GNDMNT_003PHENEX_001_FunnelCommonDefense,0x1414A8580,0x35E0,81=CreateCmdActionManager,custom_attack_shape;custom_param_block,CCmdActionManager_056GNDMNT_003PHENEX_001_FunnelCommonDefense;CCmdActionManager_056GNDMNT_003PHENEX_001_FunnelMateDefense,
560030102,CUnitTaskAutomata_056GNDMNT_003PHENEX_001_FunnelSelfDefense,automata,CUnitTaskAutomata_056GNDMNT_003PHENEX_001_FunnelCommonDefense,0x1414A8240,0x35E0,81=CreateCmdActionManager,custom_attack_shape;custom_param_block,CCmdActionManager_056GNDMNT_003PHENEX_001_FunnelCommonDefense;CCmdActionManager_056GNDMNT_003PHENEX_001_FunnelSelfDefense,
560030109,CUnitTaskAutomata_056GNDMNT_003PHENEX_001_PsychoField,automata,CUnitTaskAutomataThrowBlade,0x1414A78B8,0x3550,79=FillParamBlock;81=CreateCmdActionManager,stage_contact_override;alert_config;custom_attack_shape;custom_param_block,CCmdActionManager_056GNDMNT_003PHENEX_001_PsychoField;CCmdActionManager_Throw,
570010102,CUnitTaskAutomata_057BUILDD_001OODVAC_001_AssistGmbeamBeam,automata,CUnitTaskAutomataSummonRushShot,0x1414A8F20,0x3550,79=FillParamBlock;81=CreateCmdActionManager,stage_contact_override;alert_config;custom_attack_shape;custom_param_block,CCmdActionManager_057BUILDD_001OODVAC_001_AssistGmbeamBeam,
570010103,CUnitTaskAutomata_057BUILDD_001OODVAC_001_AssistGmbeamMissileShot,automata,CUnitTaskAutomataSummonRushShot,0x1414A9250,0x3550,79=FillParamBlock;81=CreateCmdActionManager;88=SetupModelAnimation,stage_contact_override;alert_config;custom_attack_shape;custom_param_block,CCmdActionManager_057BUILDD_001OODVAC_001_AssistGmbeamMissileShot,
570010101,CUnitTaskAutomata_057BUILDD_001OODVAC_001_AssistGmbeamThrust,automata,CUnitTaskAutomataSummonRushAttackNormal,0x1414A8BF0,0x3540,79=FillParamBlock;81=CreateCmdActionManager;88=SetupModelAnimation;89=OnInitHookA,stage_contact_override;alert_config;custom_attack_shape;custom_param_block,CCmdActionManager_057BUILDD_001OODVAC_001_AssistGmbeamThrust,
570010106,CUnitTaskAutomata_057BUILDD_001OODVAC_001_ThrowSword,automata,CUnitTaskAutomata_000COMMON_000COMMON_001_ThrowSaber,0x1414A9BE0,0x3530,79=FillParamBlock,alert_config;custom_attack_shape;custom_param_block,CCmdActionManager_000COMMON_000COMMON_001_ThrowSaber;CCmdActionManager_Throw,0x64C1F4FF
570010105,CUnitTaskAutomata_057BUILDD_001OODVAC_001_wiregun,automata,CUnitTaskAutomataAnchorReturn,0x1414A98B8,0x3540,12=Update;79=FillParamBlock;81=CreateCmdActionManager,stage_contact_override;custom_attack_shape;custom_param_block,CCmdActionManager_057BUILDD_001OODVAC_001_wiregun,
570020109,CUnitTaskAutomata_057BUILDD_002ZEROMR_001_AssistCapsuleNinjaArtsLancer,automata,CUnitTaskAutomataSummonRush,0x1414AB858,0x3540,79=FillParamBlock;81=CreateCmdActionManager,stage_contact_override;alert_config;custom_attack_shape;custom_param_block,CCmdActionManager_057BUILDD_002ZEROMR_001_AssistCapsuleNinjaArtsLancer,
570020105,CUnitTaskAutomata_057BUILDD_002ZEROMR_001_AssistHattoriRush,automata,CUnitTaskAutomataSummonRushAttackNormal,0x1414AABB0,0x3540,81=CreateCmdActionManager,stage_contact_override;alert_config;custom_attack_shape;custom_param_block,CCmdActionManager_057BUILDD_002ZEROMR_001_AssistHattoriRush,
570020104,CUnitTaskAutomata_057BUILDD_002ZEROMR_001_AssistHattoriRushShot,automata,CUnitTaskAutomataSummonRushShot,0x1414AA880,0x3550,81=CreateCmdActionManager,stage_contact_override;alert_config;custom_attack_shape;custom_param_block,CCmdActionManager_SummonRushShot,
570020113,CUnitTaskAutomata_057BUILDD_002ZEROMR_001_AyameSlashBunshinHissatu,automata,CUnitTaskAutomataStickerLaunchBone,0x1414AC1E8,0x3550,2=OnInit;12=Update;81=CreateCmdActionManager;88=SetupModelAnimation,custom_model_setup;custom_attack_shape;custom_param_block,CCmdActionManager_057BUILDD_002ZEROMR_001_AyameSlashBunshinHissatu,
570020112,CUnitTaskAutomata_057BUILDD_002ZEROMR_001_AyameSlashEffectStick,automata,CUnitTaskAutomataSticker,0x1414ABEB0,0x3540,81=CreateCmdActionManager,custom_attack_shape;custom_param_block,CCmdActionManager_057BUILDD_002ZEROMR_001_AyameSlashEffectStick,
570020114,CUnitTaskAutomata_057BUILDD_002ZEROMR_001_AyameSlashZeroTypeBunshinHissatu,automata,CUnitTaskAutomataStickerLaunchBone,0x1414AC520,0x3550,12=Update;81=CreateCmdActionManager;88=SetupModelAnimation,custom_model_setup;custom_attack_shape;custom_param_block,CCmdActionManager_057BUILDD_002ZEROMR_001_AyameSlashZeroTypeBunshinHissatu,
570020116,CUnitTaskAutomata_057BUILDD_002ZEROMR_001_AyameSlashZeroTypeBunshinHissatuEntry,automata,CUnitTaskAutomataStickerLaunchBone,0x1414AC858,0x3550,12=Update;81=CreateCmdActionManager;88=SetupModelAnimation,custom_model_setup;custom_attack_shape;custom_param_block,CCmdActionManager_057BUILDD_002ZEROMR_001_AyameSlashZeroTypeBunshinHissatuEntry,
570020110,CUnitTaskAutomata_057BUILDD_002ZEROMR_001_BoomerangFrameFumaShuriken,automata,CUnitTaskAutomataBoomerang,0x1414ABB88,0x3550,81=CreateCmdActionManager;89=OnInitHookA,stage_contact_override;alert_config;custom_attack_shape;custom_param_block,CCmdActionManager_057BUILDD_002ZEROMR_001_BoomerangFrameFumaShuriken,0x8DA251CA;0xABEDC73A;0xD8F283FB;0xFAA5615C
570020101,CUnitTaskAutomata_057BUILDD_002ZEROMR_001_BoomerangShieldShuriken,automata,CUnitTaskAutomataBoomerang,0x1414A9F08,0x3540,79=FillParamBlock;81=CreateCmdActionManager,stage_contact_override;alert_config;custom_attack_shape;custom_param_block,CCmdActionManager_057BUILDD_002ZEROMR_001_BoomerangShieldShuriken,0xABEDC73A
570020115,CUnitTaskAutomata_057BUILDD_002ZEROMR_001_BunshinMuffler,automata,CUnitTaskAutomataAttachToRadicon,0x1414ACEC8,0x3560,79=FillParamBlock;81=CreateCmdActionManager;88=SetupModelAnimation,custom_attack_shape;custom_param_block,CCmdActionManager_057BUILDD_002ZEROMR_001_BunshinMuffler,0x41FBD241
570020107,CUnitTaskAutomata_057BUILDD_002ZEROMR_001_FreeFallFireworksBall,automata,CUnitTaskAutomataFreeFall_Interaction,0x1414AB208,0x3530,81=CreateCmdActionManager;89=OnInitHookA,alert_config;custom_attack_shape;custom_param_block,CCmdActionManager_057BUILDD_002ZEROMR_001_FreeFallFireworksBall,0xD8F283FB
570020111,CUnitTaskAutomata_057BUILDD_002ZEROMR_001_MufflerSticker,automata,CUnitTaskAutomataSticker,0x1414ACB90,0x3540,81=CreateCmdActionManager;88=SetupModelAnimation,custom_attack_shape;custom_param_block,CCmdActionManager_057BUILDD_002ZEROMR_001_MufflerSticker,
570020103,CUnitTaskAutomata_057BUILDD_002ZEROMR_001_SpThrowShieldShuriken,automata,CUnitTaskAutomataThrow,0x1414AA558,0x3530,81=CreateCmdActionManager,stage_contact_override;alert_config;custom_attack_shape;custom_param_block,CCmdActionManager_057BUILDD_002ZEROMR_001_SpThrowShieldShuriken;CCmdActionManager_Throw,
570020108,CUnitTaskAutomata_057BUILDD_002ZEROMR_001_ThrowCapsuleNinjaArtsLancer,automata,CUnitTaskAutomataThrowMortar,0x1414AB530,0x3530,79=FillParamBlock;81=CreateCmdActionManager,alert_config;custom_attack_shape;custom_param_block;init_data_modifier,CCmdActionManager_057BUILDD_002ZEROMR_001_ThrowCapsuleNinjaArtsLancer,0xFAA5615C
570020106,CUnitTaskAutomata_057BUILDD_002ZEROMR_001_ThrowHattori,automata,CUnitTaskAutomataThrow,0x1414AAEE0,0x3530,81=CreateCmdActionManager,alert_config;custom_attack_shape;custom_param_block,CCmdActionManager_057BUILDD_002ZEROMR_001_ThrowHattori;CCmdActionManager_Throw,
570020102,CUnitTaskAutomata_057BUILDD_002ZEROMR_001_ThrowShieldShuriken,automata,CUnitTaskAutomataThrow,0x1414AA230,0x3530,81=CreateCmdActionManager;88=SetupModelAnimation,stage_contact_override;alert_config;custom_attack_shape;custom_param_block,CCmdActionManager_057BUILDD_002ZEROMR_001_ThrowShieldShuriken;CCmdActionManager_Throw,
570020209,CUnitTaskAutomata_057BUILDD_002ZEROMR_002_AssistCapsuleNinjaArtsLancer,automata,CUnitTaskAutomataSummonRush,0x1414AFE80,0x3540,79=FillParamBlock;81=CreateCmdActionManager,stage_contact_override;alert_config;custom_attack_shape;custom_param_block,CCmdActionManager_057BUILDD_002ZEROMR_002_AssistCapsuleNinjaArtsLancer,
570020205,CUnitTaskAutomata_057BUILDD_002ZEROMR_002_AssistHattoriRush,automata,CUnitTaskAutomataSummonRushAttackNormal,0x1414ADE98,0x3540,81=CreateCmdActionManager,stage_contact_override;alert_config;custom_attack_shape;custom_param_block,CCmdActionManager_057BUILDD_002ZEROMR_002_AssistHattoriRush,
570020204,CUnitTaskAutomata_057BUILDD_002ZEROMR_002_AssistHattoriRushShot,automata,CUnitTaskAutomataSummonRushShot,0x1414ADB68,0x3550,81=CreateCmdActionManager,stage_contact_override;alert_config;custom_attack_shape;custom_param_block,CCmdActionManager_SummonRushShot,
570020213,CUnitTaskAutomata_057BUILDD_002ZEROMR_002_AyameSlashBunshinHissatu,automata,CUnitTaskAutomataStickerLaunchBone,0x1414AEE78,0x3550,2=OnInit;12=Update;81=CreateCmdActionManager;88=SetupModelAnimation,custom_model_setup;custom_attack_shape;custom_param_block,CCmdActionManager_057BUILDD_002ZEROMR_002_AyameSlashBunshinHissatu,
570020212,CUnitTaskAutomata_057BUILDD_002ZEROMR_002_AyameSlashEffectStick,automata,CUnitTaskAutomataSticker,0x1414AEB40,0x3540,81=CreateCmdActionManager,custom_attack_shape;custom_param_block,CCmdActionManager_057BUILDD_002ZEROMR_002_AyameSlashEffectStick,
570020214,CUnitTaskAutomata_057BUILDD_002ZEROMR_002_AyameSlashZeroTypeBunshinHissatu,automata,CUnitTaskAutomataStickerLaunchBone,0x1414AF1B0,0x3550,12=Update;81=CreateCmdActionManager;88=SetupModelAnimation,custom_model_setup;custom_attack_shape;custom_param_block,CCmdActionManager_057BUILDD_002ZEROMR_002_AyameSlashZeroTypeBunshinHissatu,
570020216,CUnitTaskAutomata_057BUILDD_002ZEROMR_002_AyameSlashZeroTypeBunshinHissatuEntry,automata,CUnitTaskAutomataStickerLaunchBone,0x1414AF4E8,0x3550,12=Update;81=CreateCmdActionManager;88=SetupModelAnimation,custom_model_setup;custom_attack_shape;custom_param_block,CCmdActionManager_057BUILDD_002ZEROMR_002_AyameSlashZeroTypeBunshinHissatuEntry,
570020210,CUnitTaskAutomata_057BUILDD_002ZEROMR_002_BoomerangFrameFumaShuriken,automata,CUnitTaskAutomataBoomerang,0x1414AE818,0x3550,81=CreateCmdActionManager;89=OnInitHookA,stage_contact_override;alert_config;custom_attack_shape;custom_param_block,CCmdActionManager_057BUILDD_002ZEROMR_002_BoomerangFrameFumaShuriken,0x8DA251CA;0xABEDC73A;0xD8F283FB;0xFAA5615C
570020201,CUnitTaskAutomata_057BUILDD_002ZEROMR_002_BoomerangShieldShuriken,automata,CUnitTaskAutomataBoomerang,0x1414AD1F0,0x3540,79=FillParamBlock;81=CreateCmdActionManager,stage_contact_override;alert_config;custom_attack_shape;custom_param_block,CCmdActionManager_057BUILDD_002ZEROMR_002_BoomerangShieldShuriken,0xABEDC73A
570020215,CUnitTaskAutomata_057BUILDD_002ZEROMR_002_BunshinMuffler,automata,CUnitTaskAutomataAttachToRadicon,0x1414AFB58,0x3560,79=FillParamBlock;81=CreateCmdActionManager;88=SetupModelAnimation,custom_attack_shape;custom_param_block,CCmdActionManager_057BUILDD_002ZEROMR_002_BunshinMuffler,0x41FBD241
570020207,CUnitTaskAutomata_057BUILDD_002ZEROMR_002_FreeFallFireworksBall,automata,CUnitTaskAutomataFreeFall_Interaction,0x1414AE4F0,0x3530,81=CreateCmdActionManager;89=OnInitHookA,alert_config;custom_attack_shape;custom_param_block,CCmdActionManager_057BUILDD_002ZEROMR_002_FreeFallFireworksBall,0xD8F283FB
570020211,CUnitTaskAutomata_057BUILDD_002ZEROMR_002_MufflerSticker,automata,CUnitTaskAutomataSticker,0x1414AF820,0x3540,81=CreateCmdActionManager;88=SetupModelAnimation,custom_attack_shape;custom_param_block,CCmdActionManager_057BUILDD_002ZEROMR_002_MufflerSticker,
570020203,CUnitTaskAutomata_057BUILDD_002ZEROMR_002_SpThrowShieldShuriken,automata,CUnitTaskAutomataThrow,0x1414AD840,0x3530,81=CreateCmdActionManager,stage_contact_override;alert_config;custom_attack_shape;custom_param_block,CCmdActionManager_057BUILDD_002ZEROMR_002_SpThrowShieldShuriken;CCmdActionManager_Throw,
570020206,CUnitTaskAutomata_057BUILDD_002ZEROMR_002_ThrowHattori,automata,CUnitTaskAutomataThrow,0x1414AE1C8,0x3530,81=CreateCmdActionManager,alert_config;custom_attack_shape;custom_param_block,CCmdActionManager_057BUILDD_002ZEROMR_002_ThrowHattori;CCmdActionManager_Throw,
570020202,CUnitTaskAutomata_057BUILDD_002ZEROMR_002_ThrowShieldShuriken,automata,CUnitTaskAutomataThrow,0x1414AD518,0x3530,81=CreateCmdActionManager;88=SetupModelAnimation,stage_contact_override;alert_config;custom_attack_shape;custom_param_block,CCmdActionManager_057BUILDD_002ZEROMR_002_ThrowShieldShuriken;CCmdActionManager_Throw,
570030104,CUnitTaskAutomata_057BUILDD_003OOSKY_001_HwsWepPorori,automata,CUnitTaskAutomataFreeFall,0x1414B0B28,0x3530,79=FillParamBlock,custom_attack_shape;custom_param_block,CCmdActionManager_FreeFall,
570030102,CUnitTaskAutomata_057BUILDD_003OOSKY_001_KapoolPorori,automata,CUnitTaskAutomataFreeFall,0x1414B04D8,0x3530,79=FillParamBlock;84=DescribeAttackShape;88=SetupModelAnimation,custom_attack_shape;custom_param_block,CCmdActionManager_FreeFall,
570030103,CUnitTaskAutomata_057BUILDD_003OOSKY_001_LancerMissile,automata,CUnitTaskAutomata_000COMMON_000COMMON_001_ThrowSaber,0x1414B0800,0x3530,81=CreateCmdActionManager,stage_contact_override;alert_config;custom_attack_shape;custom_param_block,CCmdActionManager_057BUILDD_003OOSKY_001_LancerMissile,
570030105,CUnitTaskAutomata_057BUILDD_003OOSKY_001_ThrowClusterMissile,automata,CUnitTaskAutomataThrow,0x1414B0E50,0x3530,79=FillParamBlock;81=CreateCmdActionManager,alert_config;custom_attack_shape;custom_param_block,CCmdActionManager_057BUILDD_003OOSKY_001_ThrowClusterMissile;CCmdActionManager_Throw,
570030101,CUnitTaskAutomata_057BUILDD_003OOSKY_001_ThrowKapool,automata,CUnitTaskAutomata_000COMMON_000COMMON_001_ThrowSaber,0x1414B01B0,0x3530,2=OnInit;72=PostUpdateEffects;79=FillParamBlock;81=CreateCmdActionManager;84=DescribeAttackShape;88=SetupModelAnimation;91=FillParamSubBlock,alert_config;custom_attack_shape;custom_param_block,CCmdActionManager_057BUILDD_003OOSKY_001_ThrowKapool,
570010104,CUnitTaskAutomata_057BUILDO_001OODVAC_001_EffectStick,automata,CUnitTaskAutomataSticker,0x1414A9580,0x3540,79=FillParamBlock;89=OnInitHookA;91=FillParamSubBlock,custom_attack_shape;custom_param_block,CCmdActionManager_Sticker,0x3B52DAAB;0x4C55EA3D;0xA25B8B11;0xD55CBB87
580010103,CUnitTaskAutomata_058VLPRGS_001OVERON_001_Anchor,automata,CUnitTaskAutomataAnchorReturn,0x1414B2AF0,0x3540,12=Update;79=FillParamBlock;81=CreateCmdActionManager;84=DescribeAttackShape;88=SetupModelAnimation,stage_contact_override;custom_attack_shape;custom_param_block,CCmdActionManager_058VLPRGS_001OVERON_001_Anchor,0x3B52DAAB;0xA25B8B11;0xD32D39ED;0xD55CBB87;0xEDD1C108
580010105,CUnitTaskAutomata_058VLPRGS_001OVERON_001_AssistMessalaGlashtinRush,automata,CUnitTaskAutomataSummonRush,0x1414B17E8,0x3550,76=ArchetypeEventHook;79=FillParamBlock;81=CreateCmdActionManager;84=DescribeAttackShape;88=SetupModelAnimation,stage_contact_override;alert_config;custom_attack_shape;custom_param_block,CCmdActionManager_058VLPRGS_001OVERON_001_AssistMessalaGlashtinRush,0x3C3F1EB2;0xABEDC73A;0xFAA5615C
580010106,CUnitTaskAutomata_058VLPRGS_001OVERON_001_AssistMessalaGlashtinShot,automata,CUnitTaskAutomataSummonRushShot,0x1414B1B18,0x3550,79=FillParamBlock;81=CreateCmdActionManager;88=SetupModelAnimation,stage_contact_override;alert_config;custom_attack_shape;custom_param_block,CCmdActionManager_058VLPRGS_001OVERON_001_AssistMessalaGlashtinShot,
580010102,CUnitTaskAutomata_058VLPRGS_001OVERON_001_Grips_Curse,automata,CUnitTaskAutomataSticker,0x1414B14B0,0x3540,79=FillParamBlock;81=CreateCmdActionManager,custom_attack_shape;custom_param_block,CCmdActionManager_058VLPRGS_001OVERON_001_Grips_Curse,
580010101,CUnitTaskAutomata_058VLPRGS_001OVERON_001_Grips_Curse_Entry,automata,CUnitTaskAutomataSticker,0x1414B1178,0x3540,2=OnInit;79=FillParamBlock;81=CreateCmdActionManager;91=FillParamSubBlock,custom_attack_shape;custom_param_block,CCmdActionManager_058VLPRGS_001OVERON_001_Grips_Curse_Entry,
580010109,CUnitTaskAutomata_058VLPRGS_001OVERON_001_PsychoFlareLandingPredictionMarker,automata,CUnitTaskAutomataThrow,0x1414B24A0,0x3530,79=FillParamBlock;81=CreateCmdActionManager,alert_config;custom_attack_shape;custom_param_block,CCmdActionManager_058VLPRGS_001OVERON_001_PsychoFlareLandingPredictionMarker;CCmdActionManager_Throw,
580010108,CUnitTaskAutomata_058VLPRGS_001OVERON_001_PsychoFlareOrpheus,automata,CUnitTaskAutomataSummonRushShot,0x1414B2170,0x3550,81=CreateCmdActionManager,stage_contact_override;alert_config;custom_attack_shape;custom_param_block,CCmdActionManager_058VLPRGS_001OVERON_001_PsychoFlareOrpheus,
580010107,CUnitTaskAutomata_058VLPRGS_001OVERON_001_ReleaseMessalaGlashtin,automata,CUnitTaskAutomataThrow,0x1414B1E48,0x3530,72=PostUpdateEffects;73=OnStageContact;76=ArchetypeEventHook;79=FillParamBlock;81=CreateCmdActionManager;84=DescribeAttackShape;88=SetupModelAnimation;90=SetupModelSubObject,stage_contact_override;alert_config;custom_attack_shape;custom_param_block,CCmdActionManager_058VLPRGS_001OVERON_001_ReleaseMessalaGlashtin;CCmdActionManager_Throw,
580010104,CUnitTaskAutomata_058VLPRGS_001OVERON_001_RifleThrowShot,automata,CUnitTaskAutomataSummon,0x1414B2E18,0x3550,12=Update;74=OnHitConsumed;79=FillParamBlock;81=CreateCmdActionManager;84=DescribeAttackShape;88=SetupModelAnimation,hit_consumed_hook;stage_contact_override;alert_config;custom_attack_shape;custom_param_block,CCmdActionManager_058VLPRGS_001OVERON_001_RifleThrowShot;CCmdActionManager_Summon,0x14AB0070;0x397CE80D;0x8DA251CA;0xFAA5615C
580010110,CUnitTaskAutomata_058VLPRGS_001OVERON_001_ThrowShield,automata,CUnitTaskAutomata_000COMMON_000COMMON_001_ThrowSaber,0x1414B27C8,0x3530,79=FillParamBlock,alert_config;custom_attack_shape;custom_param_block,CCmdActionManager_000COMMON_000COMMON_001_ThrowSaber;CCmdActionManager_Throw,
590010102,CUnitTaskAutomata_059NEXTGN_001NEXTGE_001_BomberKnuckleDummyBullet,automata,CUnitTaskAutomataThrow,0x1414B4688,0x3640,2=OnInit;81=CreateCmdActionManager,alert_config;custom_attack_shape;custom_param_block,CCmdActionManager_059NEXTGN_001NEXTGE_001_BomberKnuckleDummyBullet;CCmdActionManager_Throw,
590010101,CUnitTaskAutomata_059NEXTGN_001NEXTGE_001_BomberKnuckleEntry,automata,CUnitTaskAutomataSummonRush,0x1414B3380,0x3540,81=CreateCmdActionManager,stage_contact_override;alert_config;custom_attack_shape;custom_param_block,CCmdActionManager_059NEXTGN_001NEXTGE_001_BomberKnuckleEntry,
590010108,CUnitTaskAutomata_059NEXTGN_001NEXTGE_001_BomberKnuckleFrontExp,automata,CUnitTaskAutomataRadiconParentActor,0x1414B4360,0x3530,81=CreateCmdActionManager,custom_attack_shape,CCmdActionManager_059NEXTGN_001NEXTGE_001_BomberKnuckleFrontExp,
590010103,CUnitTaskAutomata_059NEXTGN_001NEXTGE_001_BomberKnucklePillar,automata,CUnitTaskActorProjBulletStationaryPillar,0x1414B3148,0x35B0,,,,
590010110,CUnitTaskAutomata_059NEXTGN_001NEXTGE_001_BomberKnucklePillarSE,automata,CUnitTaskAutomataRadiconParentActor,0x1414B49B0,0x3530,81=CreateCmdActionManager,custom_attack_shape,CCmdActionManager_059NEXTGN_001NEXTGE_001_BomberKnucklePillarSE,
590010112,CUnitTaskAutomata_059NEXTGN_001NEXTGE_001_BomberKnuckleStageBreak,automata,CUnitTaskAutomata_000COMMON_000COMMON_001_ThrowSaber,0x1414B5000,0x3530,,alert_config;custom_attack_shape;custom_param_block,CCmdActionManager_000COMMON_000COMMON_001_ThrowSaber;CCmdActionManager_Throw,
590010105,CUnitTaskAutomata_059NEXTGN_001NEXTGE_001_FunnelDiffusionFly,automata,CUnitTaskAutomataFunnelFlySwordPenetrate,0x1414B39D8,0x3540,2=OnInit;81=CreateCmdActionManager;88=SetupModelAnimation,alert_config;custom_attack_shape;custom_param_block,CCmdActionManager_059NEXTGN_001NEXTGE_001_FunnelDiffusionFly,
590010104,CUnitTaskAutomata_059NEXTGN_001NEXTGE_001_FunnelFly,automata,CUnitTaskAutomataFunnelFlySwordPenetrate,0x1414B36B0,0x3540,2=OnInit;81=CreateCmdActionManager;88=SetupModelAnimation,alert_config;custom_attack_shape;custom_param_block,CCmdActionManager_059NEXTGN_001NEXTGE_001_FunnelFly,
590010113,CUnitTaskAutomata_059NEXTGN_001NEXTGE_001_FunnelFlySword,automata,CUnitTaskAutomataFunnelFlySwordPenetrate,0x1414B5328,0x3540,2=OnInit;81=CreateCmdActionManager;88=SetupModelAnimation,alert_config;custom_attack_shape;custom_param_block,CCmdActionManager_059NEXTGN_001NEXTGE_001_FunnelFlySword,
590010107,CUnitTaskAutomata_059NEXTGN_001NEXTGE_001_HitStickExplosion,automata,CUnitTaskAutomataSticker,0x1414B4028,0x3540,81=CreateCmdActionManager,custom_attack_shape;custom_param_block,CCmdActionManager_059NEXTGN_001NEXTGE_001_HitStickExplosion,
590010106,CUnitTaskAutomata_059NEXTGN_001NEXTGE_001_LightningBlade,automata,CUnitTaskAutomataFunnelTukimatoi_ShotOrder,0x1414B3D00,0x3550,12=Update;81=CreateCmdActionManager;88=SetupModelAnimation;89=OnInitHookA,custom_attack_shape;custom_param_block,CCmdActionManager_059NEXTGN_001NEXTGE_001_LightningBlade,0xD8F283FB
590010111,CUnitTaskAutomata_059NEXTGN_001NEXTGE_001_LightningBladePorori,automata,CUnitTaskAutomataFreeFall,0x1414B4CD8,0x3530,81=CreateCmdActionManager,custom_attack_shape;custom_param_block,CCmdActionManager_059NEXTGN_001NEXTGE_001_LightningBladePorori,
590010202,CUnitTaskAutomata_059NEXTGN_001NEXTGE_002_BomberKnuckleDummyBullet,automata,CUnitTaskAutomataThrow,0x1414B6B90,0x3640,2=OnInit;81=CreateCmdActionManager,alert_config;custom_attack_shape;custom_param_block,CCmdActionManager_059NEXTGN_001NEXTGE_002_BomberKnuckleDummyBullet;CCmdActionManager_Throw,
590010201,CUnitTaskAutomata_059NEXTGN_001NEXTGE_002_BomberKnuckleEntry,automata,CUnitTaskAutomataSummonRush,0x1414B5888,0x3540,81=CreateCmdActionManager,stage_contact_override;alert_config;custom_attack_shape;custom_param_block,CCmdActionManager_059NEXTGN_001NEXTGE_002_BomberKnuckleEntry,
590010208,CUnitTaskAutomata_059NEXTGN_001NEXTGE_002_BomberKnuckleFrontExp,automata,CUnitTaskAutomataRadiconParentActor,0x1414B6868,0x3530,81=CreateCmdActionManager,custom_attack_shape,CCmdActionManager_059NEXTGN_001NEXTGE_002_BomberKnuckleFrontExp,
590010203,CUnitTaskAutomata_059NEXTGN_001NEXTGE_002_BomberKnucklePillar,automata,CUnitTaskActorProjBulletStationaryPillar,0x1414B5650,0x35B0,,,,
590010210,CUnitTaskAutomata_059NEXTGN_001NEXTGE_002_BomberKnucklePillarSE,automata,CUnitTaskAutomataRadiconParentActor,0x1414B6EB8,0x3530,81=CreateCmdActionManager,custom_attack_shape,CCmdActionManager_059NEXTGN_001NEXTGE_002_BomberKnucklePillarSE,
590010212,CUnitTaskAutomata_059NEXTGN_001NEXTGE_002_BomberKnuckleStageBreak,automata,CUnitTaskAutomata_000COMMON_000COMMON_001_ThrowSaber,0x1414B7508,0x3530,,alert_config;custom_attack_shape;custom_param_block,CCmdActionManager_000COMMON_000COMMON_001_ThrowSaber;CCmdActionManager_Throw,
590010205,CUnitTaskAutomata_059NEXTGN_001NEXTGE_002_FunnelDiffusionFly,automata,CUnitTaskAutomataFunnelFlySwordPenetrate,0x1414B5EE0,0x3540,2=OnInit;81=CreateCmdActionManager;88=SetupModelAnimation,alert_config;custom_attack_shape;custom_param_block,CCmdActionManager_059NEXTGN_001NEXTGE_002_FunnelDiffusionFly,
590010204,CUnitTaskAutomata_059NEXTGN_001NEXTGE_002_FunnelFly,automata,CUnitTaskAutomataFunnelFlySwordPenetrate,0x1414B5BB8,0x3540,2=OnInit;81=CreateCmdActionManager;88=SetupModelAnimation,alert_config;custom_attack_shape;custom_param_block,CCmdActionManager_059NEXTGN_001NEXTGE_002_FunnelFly,
590010213,CUnitTaskAutomata_059NEXTGN_001NEXTGE_002_FunnelFlySword,automata,CUnitTaskAutomataFunnelFlySwordPenetrate,0x1414B7830,0x3540,2=OnInit;81=CreateCmdActionManager;88=SetupModelAnimation,alert_config;custom_attack_shape;custom_param_block,CCmdActionManager_059NEXTGN_001NEXTGE_002_FunnelFlySword,
590010207,CUnitTaskAutomata_059NEXTGN_001NEXTGE_002_HitStickExplosion,automata,CUnitTaskAutomataSticker,0x1414B6530,0x3540,81=CreateCmdActionManager,custom_attack_shape;custom_param_block,CCmdActionManager_059NEXTGN_001NEXTGE_002_HitStickExplosion,
590010206,CUnitTaskAutomata_059NEXTGN_001NEXTGE_002_LightningBlade,automata,CUnitTaskAutomataFunnelTukimatoi_ShotOrder,0x1414B6208,0x3550,12=Update;81=CreateCmdActionManager;88=SetupModelAnimation;89=OnInitHookA,custom_attack_shape;custom_param_block,CCmdActionManager_059NEXTGN_001NEXTGE_002_LightningBlade,0xD8F283FB
590010211,CUnitTaskAutomata_059NEXTGN_001NEXTGE_002_LightningBladePorori,automata,CUnitTaskAutomataFreeFall,0x1414B71E0,0x3530,81=CreateCmdActionManager,custom_attack_shape;custom_param_block,CCmdActionManager_059NEXTGN_001NEXTGE_002_LightningBladePorori,
590020105,CUnitTaskAutomata_059NEXTGN_002NEXTGX_001_AssistBeamShot,automata,CUnitTaskAutomataSummonRushShot,0x1414B8830,0x3550,81=CreateCmdActionManager,stage_contact_override;alert_config;custom_attack_shape;custom_param_block,CCmdActionManager_059NEXTGN_002NEXTGX_001_AssistBeamShot,
590020102,CUnitTaskAutomata_059NEXTGN_002NEXTGX_001_AssistGatlingMissileShot,automata,CUnitTaskAutomataSummonRushShot,0x1414B7E90,0x3550,81=CreateCmdActionManager,stage_contact_override;alert_config;custom_attack_shape;custom_param_block,CCmdActionManager_059NEXTGN_002NEXTGX_001_AssistGatlingMissileShot,
590020101,CUnitTaskAutomata_059NEXTGN_002NEXTGX_001_AssistGmRushShot,automata,CUnitTaskAutomataSummonRushShot,0x1414B81C0,0x3550,81=CreateCmdActionManager,stage_contact_override;alert_config;custom_attack_shape;custom_param_block,CCmdActionManager_059NEXTGN_002NEXTGX_001_AssistGmRushShot,
590020111,CUnitTaskAutomata_059NEXTGN_002NEXTGX_001_AssistRushGrap,automata,CUnitTaskAutomataSummonRush,0x1414B9B28,0x3550,81=CreateCmdActionManager,stage_contact_override;alert_config;custom_attack_shape;custom_param_block,CCmdActionManager_059NEXTGN_002NEXTGX_001_AssistRushGrap,
590020104,CUnitTaskAutomata_059NEXTGN_002NEXTGX_001_SlideHomingBeam,automata,CUnitTaskAutomataThrow,0x1414B8508,0x3530,81=CreateCmdActionManager,alert_config;custom_attack_shape;custom_param_block,CCmdActionManager_059NEXTGN_002NEXTGX_001_SlideHomingBeam;CCmdActionManager_Throw,
590020103,CUnitTaskAutomata_059NEXTGN_002NEXTGX_001_StickEffect,automata,CUnitTaskAutomataSticker,0x1414B7B58,0x3540,89=OnInitHookA,custom_attack_shape;custom_param_block,CCmdActionManager_Sticker,0x3B52DAAB;0x4C55EA3D;0xA25B8B11;0xD55CBB87
590020108,CUnitTaskAutomata_059NEXTGN_002NEXTGX_001_ThrowRaikiri,automata,CUnitTaskAutomata_000COMMON_000COMMON_001_ThrowSaber,0x1414B91B0,0x3530,81=CreateCmdActionManager,alert_config;custom_attack_shape;custom_param_block,CCmdActionManager_059NEXTGN_002NEXTGX_001_ThrowRaikiri,
590020107,CUnitTaskAutomata_059NEXTGN_002NEXTGX_001_XBeam,automata,CUnitTaskAutomataThrowBlade,0x1414B8E88,0x3550,79=FillParamBlock,alert_config;custom_attack_shape;custom_param_block,CCmdActionManager_Throw,0x63AC30E6;0xFDC8A545
590020106,CUnitTaskAutomata_059NEXTGN_002NEXTGX_001_XdollDocking,automata,CUnitTaskAutomataAttachAbstract,0x1414B8B60,0x3530,79=FillParamBlock;81=CreateCmdActionManager;88=SetupModelAnimation,custom_attack_shape;custom_param_block;spawn_orders_override,CCmdActionManager_059NEXTGN_002NEXTGX_001_XdollDocking,
590020109,CUnitTaskAutomata_059NEXTGN_002NEXTGX_001_XdollWinlose,automata,CUnitTaskAutomataPutObj,0x1414B94D8,0x3530,81=CreateCmdActionManager,custom_attack_shape;custom_param_block,CCmdActionManager_059NEXTGN_002NEXTGX_001_XdollWinlose,
590020110,CUnitTaskAutomata_059NEXTGN_002NEXTGX_001_XdollWinlosePv,automata,CUnitTaskAutomataPutObj,0x1414B9800,0x3530,81=CreateCmdActionManager,custom_attack_shape;custom_param_block,CCmdActionManager_059NEXTGN_002NEXTGX_001_XdollWinlosePv,
590020205,CUnitTaskAutomata_059NEXTGN_002NEXTGX_002_AssistBeamShot,automata,CUnitTaskAutomataSummonRushShot,0x1414BAB30,0x3550,81=CreateCmdActionManager,stage_contact_override;alert_config;custom_attack_shape;custom_param_block,CCmdActionManager_059NEXTGN_002NEXTGX_002_AssistBeamShot,
590020202,CUnitTaskAutomata_059NEXTGN_002NEXTGX_002_AssistGatlingMissileShot,automata,CUnitTaskAutomataSummonRushShot,0x1414BA190,0x3550,81=CreateCmdActionManager,stage_contact_override;alert_config;custom_attack_shape;custom_param_block,CCmdActionManager_059NEXTGN_002NEXTGX_002_AssistGatlingMissileShot,
590020201,CUnitTaskAutomata_059NEXTGN_002NEXTGX_002_AssistGmRushShot,automata,CUnitTaskAutomataSummonRushShot,0x1414BA4C0,0x3550,81=CreateCmdActionManager,stage_contact_override;alert_config;custom_attack_shape;custom_param_block,CCmdActionManager_059NEXTGN_002NEXTGX_002_AssistGmRushShot,
590020211,CUnitTaskAutomata_059NEXTGN_002NEXTGX_002_AssistRushGrap,automata,CUnitTaskAutomataSummonRush,0x1414BBE28,0x3550,81=CreateCmdActionManager,stage_contact_override;alert_config;custom_attack_shape;custom_param_block,CCmdActionManager_059NEXTGN_002NEXTGX_002_AssistRushGrap,
590020204,CUnitTaskAutomata_059NEXTGN_002NEXTGX_002_SlideHomingBeam,automata,CUnitTaskAutomataThrow,0x1414BA808,0x3530,81=CreateCmdActionManager,alert_config;custom_attack_shape;custom_param_block,CCmdActionManager_059NEXTGN_002NEXTGX_002_SlideHomingBeam;CCmdActionManager_Throw,
590020203,CUnitTaskAutomata_059NEXTGN_002NEXTGX_002_StickEffect,automata,CUnitTaskAutomataSticker,0x1414B9E58,0x3540,89=OnInitHookA,custom_attack_shape;custom_param_block,CCmdActionManager_Sticker,0x3B52DAAB;0x4C55EA3D;0xA25B8B11;0xD55CBB87
590020208,CUnitTaskAutomata_059NEXTGN_002NEXTGX_002_ThrowRaikiri,automata,CUnitTaskAutomata_000COMMON_000COMMON_001_ThrowSaber,0x1414BB4B0,0x3530,81=CreateCmdActionManager,alert_config;custom_attack_shape;custom_param_block,CCmdActionManager_059NEXTGN_002NEXTGX_002_ThrowRaikiri,
590020207,CUnitTaskAutomata_059NEXTGN_002NEXTGX_002_XBeam,automata,CUnitTaskAutomataThrowBlade,0x1414BB188,0x3550,79=FillParamBlock,alert_config;custom_attack_shape;custom_param_block,CCmdActionManager_Throw,0x63AC30E6;0xFDC8A545
590020206,CUnitTaskAutomata_059NEXTGN_002NEXTGX_002_XdollDocking,automata,CUnitTaskAutomataAttachAbstract,0x1414BAE60,0x3530,79=FillParamBlock;81=CreateCmdActionManager;88=SetupModelAnimation,custom_attack_shape;custom_param_block;spawn_orders_override,CCmdActionManager_059NEXTGN_002NEXTGX_002_XdollDocking,
590020209,CUnitTaskAutomata_059NEXTGN_002NEXTGX_002_XdollWinlose,automata,CUnitTaskAutomataPutObj,0x1414BB7D8,0x3530,81=CreateCmdActionManager,custom_attack_shape;custom_param_block,CCmdActionManager_059NEXTGN_002NEXTGX_002_XdollWinlose,
590020210,CUnitTaskAutomata_059NEXTGN_002NEXTGX_002_XdollWinlosePv,automata,CUnitTaskAutomataPutObj,0x1414BBB00,0x3530,81=CreateCmdActionManager,custom_attack_shape;custom_param_block,CCmdActionManager_059NEXTGN_002NEXTGX_002_XdollWinlosePv,
590030101,CUnitTaskAutomata_059NEXTGN_003NEXTGV_001_ShockHalo,automata,CUnitTaskAutomataShockHalo,0x1414BC158,0x3540,,custom_attack_shape;custom_param_block,CCmdActionManager_ShockHalo,
590030102,CUnitTaskAutomata_059NEXTGN_003NEXTGV_001_TailBeam,automata,CUnitTaskAutomataThrow,0x1414BC480,0x3530,81=CreateCmdActionManager,alert_config;custom_attack_shape;custom_param_block,CCmdActionManager_059NEXTGN_003NEXTGV_001_TailBeam;CCmdActionManager_Throw,
590030201,CUnitTaskAutomata_059NEXTGN_003NEXTGV_002_ShockHalo,automata,CUnitTaskAutomataShockHalo,0x1414BC7A8,0x3540,,custom_attack_shape;custom_param_block,CCmdActionManager_ShockHalo,
590030202,CUnitTaskAutomata_059NEXTGN_003NEXTGV_002_TailBeam,automata,CUnitTaskAutomataThrow,0x1414BCAD0,0x3530,81=CreateCmdActionManager,alert_config;custom_attack_shape;custom_param_block,CCmdActionManager_059NEXTGN_003NEXTGV_002_TailBeam;CCmdActionManager_Throw,
590040106,CUnitTaskAutomata_059NEXTGN_004NEXTGS_001_AssistBunshinRush,automata,CUnitTaskAutomataSummonRushAttackNormal,0x1414BDDC0,0x3540,2=OnInit;12=Update;79=FillParamBlock;81=CreateCmdActionManager;83=SetupModel;88=SetupModelAnimation,stage_contact_override;custom_model_setup;alert_config;custom_attack_shape;custom_param_block,CCmdActionManager_059NEXTGN_004NEXTGS_001_AssistBunshinRush,0x13C6C469;0x63AC30E6;0x8ACF95D3;0xFDC8A545
590040107,CUnitTaskAutomata_059NEXTGN_004NEXTGS_001_AssistBunshinThrowKunai,automata,CUnitTaskAutomataStickerLaunchBone,0x1414BE0F0,0x3550,2=OnInit;12=Update;81=CreateCmdActionManager;88=SetupModelAnimation;89=OnInitHookA;91=FillParamSubBlock,custom_attack_shape;custom_param_block,CCmdActionManager_059NEXTGN_004NEXTGS_001_AssistBunshinThrowKunai,0x3C3F1EB2;0x4B382E24;0xA5364F08;0xD55CBB87;0xD8F283FB
590040102,CUnitTaskAutomata_059NEXTGN_004NEXTGS_001_BeamCaltrop,automata,CUnitTaskAutomataThrow,0x1414BD448,0x3530,81=CreateCmdActionManager;88=SetupModelAnimation;89=OnInitHookA,alert_config;custom_attack_shape;custom_param_block,CCmdActionManager_059NEXTGN_004NEXTGS_001__BeamCaltrop;CCmdActionManager_Throw,0xD8F283FB
590040103,CUnitTaskAutomata_059NEXTGN_004NEXTGS_001_BeamKunai,automata,CUnitTaskAutomata_000COMMON_000COMMON_001_ThrowSaber,0x1414BD770,0x3530,81=CreateCmdActionManager,alert_config;custom_attack_shape;custom_param_block,CCmdActionManager_059NEXTGN_004NEXTGS_001_BeamKunai,
590040104,CUnitTaskAutomata_059NEXTGN_004NEXTGS_001_BeamShotelBunriThrow,automata,CUnitTaskAutomataThrow,0x1414BD120,0x3530,81=CreateCmdActionManager;89=OnInitHookA,stage_contact_override;alert_config;custom_param_block,CCmdActionManager_059NEXTGN_004NEXTGS_001_BeamShotelBunriThrow;CCmdActionManager_Throw,0x36FCE2D7;0x41FBD241;0xD8F283FB
590040101,CUnitTaskAutomata_059NEXTGN_004NEXTGS_001_BeamShotelThrow,automata,CUnitTaskAutomataThrow,0x1414BCDF8,0x3530,81=CreateCmdActionManager,alert_config;custom_param_block,CCmdActionManager_059NEXTGN_004NEXTGS_001_BeamShotelThrow;CCmdActionManager_Throw,
590040111,CUnitTaskAutomata_059NEXTGN_004NEXTGS_001_FireBall,automata,CUnitTaskAutomataThrow,0x1414BEDB0,0x3530,,alert_config;custom_attack_shape;custom_param_block,CCmdActionManager_Throw,
590040105,CUnitTaskAutomata_059NEXTGN_004NEXTGS_001_SummonRock,automata,CUnitTaskAutomataThrow,0x1414BDA98,0x3530,2=OnInit;81=CreateCmdActionManager,alert_config;custom_attack_shape;custom_param_block,CCmdActionManager_059NEXTGN_004NEXTGS_001_SummonRock;CCmdActionManager_Throw,
590040108,CUnitTaskAutomata_059NEXTGN_004NEXTGS_001_SummonRockEffect,automata,CUnitTaskAutomataRadiconParentActor,0x1414BE428,0x3530,81=CreateCmdActionManager;88=SetupModelAnimation,custom_attack_shape;custom_param_block,CCmdActionManager_059NEXTGN_004NEXTGS_001_SummonRockEffect,
590040109,CUnitTaskAutomata_059NEXTGN_004NEXTGS_001_SummonRockEntry,automata,CUnitTaskAutomataSummonRush,0x1414BE750,0x3540,81=CreateCmdActionManager,stage_contact_override;alert_config;custom_attack_shape;custom_param_block,CCmdActionManager_059NEXTGN_004NEXTGS_001_SummonRockEntry,
590040110,CUnitTaskAutomata_059NEXTGN_004NEXTGS_001_ToumeiKunaiShot,automata,CUnitTaskAutomataSummon,0x1414BEA80,0x3540,81=CreateCmdActionManager,stage_contact_override;alert_config;custom_attack_shape;custom_param_block,CCmdActionManager_059NEXTGN_004NEXTGS_001_ToumeiKunaiShot;CCmdActionManager_Summon,
590040206,CUnitTaskAutomata_059NEXTGN_004NEXTGS_002_AssistBunshinRush,automata,CUnitTaskAutomataSummonRushAttackNormal,0x1414C00A0,0x3540,2=OnInit;12=Update;79=FillParamBlock;81=CreateCmdActionManager;83=SetupModel;88=SetupModelAnimation,stage_contact_override;custom_model_setup;alert_config;custom_attack_shape;custom_param_block,CCmdActionManager_059NEXTGN_004NEXTGS_002_AssistBunshinRush,0x13C6C469;0x63AC30E6;0x8ACF95D3;0xFDC8A545
590040207,CUnitTaskAutomata_059NEXTGN_004NEXTGS_002_AssistBunshinThrowKunai,automata,CUnitTaskAutomataStickerLaunchBone,0x1414C03D0,0x3550,2=OnInit;12=Update;81=CreateCmdActionManager;88=SetupModelAnimation;89=OnInitHookA;91=FillParamSubBlock,custom_attack_shape;custom_param_block,CCmdActionManager_059NEXTGN_004NEXTGS_002_AssistBunshinThrowKunai,0x3C3F1EB2;0x4B382E24;0xA5364F08;0xD55CBB87;0xD8F283FB
590040202,CUnitTaskAutomata_059NEXTGN_004NEXTGS_002_BeamCaltrop,automata,CUnitTaskAutomataThrow,0x1414BF728,0x3530,81=CreateCmdActionManager;88=SetupModelAnimation;89=OnInitHookA,alert_config;custom_attack_shape;custom_param_block,CCmdActionManager_059NEXTGN_004NEXTGS_002_BeamCaltrop;CCmdActionManager_Throw,0xD8F283FB
590040203,CUnitTaskAutomata_059NEXTGN_004NEXTGS_002_BeamKunai,automata,CUnitTaskAutomata_000COMMON_000COMMON_001_ThrowSaber,0x1414BFA50,0x3530,81=CreateCmdActionManager,alert_config;custom_attack_shape;custom_param_block,CCmdActionManager_059NEXTGN_004NEXTGS_002_BeamKunai,
590040204,CUnitTaskAutomata_059NEXTGN_004NEXTGS_002_BeamShotelBunriThrow,automata,CUnitTaskAutomataThrow,0x1414BF400,0x3530,81=CreateCmdActionManager;89=OnInitHookA,stage_contact_override;alert_config;custom_param_block,CCmdActionManager_059NEXTGN_004NEXTGS_002_BeamShotelBunriThrow;CCmdActionManager_Throw,0x36FCE2D7;0x41FBD241;0xD8F283FB
590040201,CUnitTaskAutomata_059NEXTGN_004NEXTGS_002_BeamShotelThrow,automata,CUnitTaskAutomataThrow,0x1414BF0D8,0x3530,81=CreateCmdActionManager,alert_config;custom_param_block,CCmdActionManager_059NEXTGN_004NEXTGS_002_BeamShotelThrow;CCmdActionManager_Throw,
590040211,CUnitTaskAutomata_059NEXTGN_004NEXTGS_002_FireBall,automata,CUnitTaskAutomataThrow,0x1414C1090,0x3530,,alert_config;custom_attack_shape;custom_param_block,CCmdActionManager_Throw,
590040205,CUnitTaskAutomata_059NEXTGN_004NEXTGS_002_SummonRock,automata,CUnitTaskAutomataThrow,0x1414BFD78,0x3530,2=OnInit;81=CreateCmdActionManager,alert_config;custom_attack_shape;custom_param_block,CCmdActionManager_059NEXTGN_004NEXTGS_002_SummonRock;CCmdActionManager_Throw,
590040208,CUnitTaskAutomata_059NEXTGN_004NEXTGS_002_SummonRockEffect,automata,CUnitTaskAutomataRadiconParentActor,0x1414C0708,0x3530,81=CreateCmdActionManager;88=SetupModelAnimation,custom_attack_shape;custom_param_block,CCmdActionManager_059NEXTGN_004NEXTGS_002_SummonRockEffect,
590040209,CUnitTaskAutomata_059NEXTGN_004NEXTGS_002_SummonRockEntry,automata,CUnitTaskAutomataSummonRush,0x1414C0A30,0x3540,81=CreateCmdActionManager,stage_contact_override;alert_config;custom_attack_shape;custom_param_block,CCmdActionManager_059NEXTGN_004NEXTGS_002_SummonRockEntry,
590040210,CUnitTaskAutomata_059NEXTGN_004NEXTGS_002_ToumeiKunaiShot,automata,CUnitTaskAutomataSummon,0x1414C0D60,0x3540,81=CreateCmdActionManager,stage_contact_override;alert_config;custom_attack_shape;custom_param_block,CCmdActionManager_059NEXTGN_004NEXTGS_002_ToumeiKunaiShot;CCmdActionManager_Summon,
620010101,CUnitTaskAutomata_062BLDDRR_001EARTHR_001_AssistMarsArmorRush,automata,CUnitTaskAutomataSummonRush,0x1414C13B8,0x3550,79=FillParamBlock;81=CreateCmdActionManager,stage_contact_override;alert_config;custom_attack_shape;custom_param_block,CCmdActionManager_062BLDDRR_001EARTHR_001_AssistMarsArmorRush,
620010102,CUnitTaskAutomata_062BLDDRR_001EARTHR_001_AssistVenusArmorShot,automata,CUnitTaskAutomataSummonRushShot,0x1414C16E8,0x3550,41;79=FillParamBlock;81=CreateCmdActionManager;84=DescribeAttackShape;88=SetupModelAnimation,stage_contact_override;alert_config;custom_attack_shape;custom_param_block,CCmdActionManager_062BLDDRR_001EARTHR_001_AssistVenusArmorShot,0x3B52DAAB;0x4C55EA3D;0xA25B8B11;0xABEDC73A;0xDCEAF7AC;0xFAA5615C
620010112,CUnitTaskAutomata_062BLDDRR_001EARTHR_001_FreeFallParts,automata,CUnitTaskAutomataFreeFall,0x1414C3390,0x3530,79=FillParamBlock;81=CreateCmdActionManager,custom_attack_shape;custom_param_block,CCmdActionManager_062BLDDRR_001EARTHR_001_FreeFallParts,
620010103,CUnitTaskAutomata_062BLDDRR_001EARTHR_001_FunnelAdzamLeader,automata,CUnitTaskAutomataFunnelShotStayShift,0x1414C36B8,0x3530,79=FillParamBlock;81=CreateCmdActionManager;84=DescribeAttackShape;88=SetupModelAnimation;89=OnInitHookA,alert_config;custom_attack_shape;custom_param_block,CCmdActionManager_062BLDDRR_001EARTHR_001_FunnelAdzamLeader,
620010105,CUnitTaskAutomata_062BLDDRR_001EARTHR_001_JupitiveManiferBitShot,automata,CUnitTaskAutomataFunnelMawarikomi,0x1414C1D40,0x3540,79=FillParamBlock;81=CreateCmdActionManager,alert_config;custom_attack_shape;custom_param_block,CCmdActionManager_062BLDDRR_001EARTHR_001_JupitiveManiferBitShot,0x36FCE2D7;0x41FBD241;0xD32D39ED;0xEDD1C108
620010107,CUnitTaskAutomata_062BLDDRR_001EARTHR_001_JupitiveMultiContainerBitFriend,automata,CUnitTaskAutomata_062BLDDRR_001EARTHR_001_JupitiveMultiContainerBitCommon,0x1414C23A0,0x3560,81=CreateCmdActionManager,custom_attack_shape;custom_param_block,CCmdActionManager_062BLDDRR_001EARTHR_001_JupitiveMultiContainerBitCommon;CCmdActionManager_062BLDDRR_001EARTHR_001_JupitiveMultiContainerBitFriend,
620010106,CUnitTaskAutomata_062BLDDRR_001EARTHR_001_JupitiveMultiContainerBitSelf,automata,CUnitTaskAutomata_062BLDDRR_001EARTHR_001_JupitiveMultiContainerBitCommon,0x1414C2068,0x3560,81=CreateCmdActionManager,custom_attack_shape;custom_param_block,CCmdActionManager_062BLDDRR_001EARTHR_001_JupitiveMultiContainerBitCommon;CCmdActionManager_062BLDDRR_001EARTHR_001_JupitiveMultiContainerBitSelf,
620010108,CUnitTaskAutomata_062BLDDRR_001EARTHR_001_MarsfourVSlashEffectStick,automata,CUnitTaskAutomataSticker,0x1414C26D8,0x3540,79=FillParamBlock;81=CreateCmdActionManager;84=DescribeAttackShape;91=FillParamSubBlock,custom_attack_shape;custom_param_block,CCmdActionManager_062BLDDRR_001EARTHR_001_MarsfourVSlashEffectStick,
620010111,CUnitTaskAutomata_062BLDDRR_001EARTHR_001_SpAssistVenusArmorRush,automata,CUnitTaskAutomataSummonRush,0x1414C3060,0x3540,79=FillParamBlock;81=CreateCmdActionManager;88=SetupModelAnimation,stage_contact_override;alert_config;custom_attack_shape;custom_param_block,CCmdActionManager_062BLDDRR_001EARTHR_001_SpAssistVenusArmorRush,0xFDC8A545
620010109,CUnitTaskAutomata_062BLDDRR_001EARTHR_001_SpEarthreePartsShot,automata,CUnitTaskAutomataFunnelShotStayShift,0x1414C2A10,0x3530,79=FillParamBlock;81=CreateCmdActionManager;88=SetupModelAnimation,alert_config;custom_attack_shape;custom_param_block,CCmdActionManager_062BLDDRR_001EARTHR_001_SpEarthreePartsShot,0x14AB0070;0x8DA251CA;0xABEDC73A;0xDCEAF7AC;0xFAA5615C
620010116,CUnitTaskAutomata_062BLDDRR_001EARTHR_001_SpPartsMissile,automata,CUnitTaskAutomata_000COMMON_000COMMON_001_ThrowMissile,0x1414C4358,0x3530,79=FillParamBlock;81=CreateCmdActionManager,alert_config;custom_attack_shape;custom_param_block,CCmdActionManager_062BLDDRR_001EARTHR_001_SpPartsMissile;CCmdActionManager_Throw,0x64C1F4FF
620010115,CUnitTaskAutomata_062BLDDRR_001EARTHR_001_SpShieldMissile,automata,CUnitTaskAutomata_000COMMON_000COMMON_001_ThrowMissile,0x1414C4030,0x3530,79=FillParamBlock;81=CreateCmdActionManager;88=SetupModelAnimation,alert_config;custom_attack_shape;custom_param_block,CCmdActionManager_062BLDDRR_001EARTHR_001_SpShieldsMissile;CCmdActionManager_Throw,0x64C1F4FF
620010114,CUnitTaskAutomata_062BLDDRR_001EARTHR_001_SpShieldShot,automata,CUnitTaskAutomataFunnelShotStayShift,0x1414C3D08,0x3530,79=FillParamBlock;81=CreateCmdActionManager;88=SetupModelAnimation,alert_config;custom_attack_shape;custom_param_block,CCmdActionManager_062BLDDRR_001EARTHR_001_SpShieldShot,0x14AB0070;0x8DA251CA;0xABEDC73A;0xDCEAF7AC;0xFAA5615C
620010110,CUnitTaskAutomata_062BLDDRR_001EARTHR_001_SpVeetwoBackpackShot,automata,CUnitTaskAutomataFunnelShotStayShift,0x1414C2D38,0x3530,79=FillParamBlock;81=CreateCmdActionManager;88=SetupModelAnimation,alert_config;custom_attack_shape;custom_param_block,CCmdActionManager_062BLDDRR_001EARTHR_001_SpVeetwoBackpackShot,0x14AB0070;0x8DA251CA;0xABEDC73A;0xDCEAF7AC;0xFAA5615C
620010104,CUnitTaskAutomata_062BLDDRR_001EARTHR_001_ThrowAdzamLeader,automata,CUnitTaskAutomataThrow,0x1414C1A18,0x3530,79=FillParamBlock;81=CreateCmdActionManager;88=SetupModelAnimation,alert_config;custom_attack_shape;custom_param_block,CCmdActionManager_062BLDDRR_001EARTHR_001_ThrowAdzamLeader;CCmdActionManager_Throw,
620010113,CUnitTaskAutomata_062BLDDRR_001EARTHR_001_ThrowDoubleBeam,automata,CUnitTaskAutomataThrow,0x1414C39E0,0x3530,79=FillParamBlock;81=CreateCmdActionManager;84=DescribeAttackShape,alert_config;custom_attack_shape;custom_param_block,CCmdActionManager_062BLDDRR_001EARTHR_001_ThrowDoubleBeam;CCmdActionManager_Throw,
660010104,CUnitTaskAutomata_066SUISEI_001AERIAL_001_GunBitAttachRifle,automata,CUnitTaskAutomataAttachReturn,0x1414C5008,0x3530,2=OnInit;79=FillParamBlock;81=CreateCmdActionManager;91=FillParamSubBlock,custom_attack_shape;custom_param_block,CCmdActionManager_066SUISEI_001AERIAL_001_GunBitAttachRifle,0xD32D39ED;0xD8F283FB;0xEDD1C108
660010102,CUnitTaskAutomata_066SUISEI_001AERIAL_001_GunBitFlyShot,automata,CUnitTaskAutomataFunnelSwarm,0x1414C4680,0x3570,2=OnInit;79=FillParamBlock;81=CreateCmdActionManager;88=SetupModelAnimation,alert_config;custom_attack_shape;custom_param_block;spawn_orders_override,CCmdActionManager_066SUISEI_001AERIAL_001_GunBitFlyShot,0x13C6C469;0x64C1F4FF;0xD8F283FB;0xEDD1C108;0xF47EE96E;0xFDC8A545
660010103,CUnitTaskAutomata_066SUISEI_001AERIAL_001_GunBitGuard,automata,CUnitTaskAutomataFunnelDefenceFormation,0x1414C4CD0,0x36D0,79=FillParamBlock;81=CreateCmdActionManager;88=SetupModelAnimation,custom_attack_shape;custom_param_block;spawn_orders_override,CCmdActionManager_066SUISEI_001AERIAL_001_GunBitGuard,0xD8F283FB
660010108,CUnitTaskAutomata_066SUISEI_001AERIAL_001_GunBitReturn,automata,CUnitTaskAutomataAttachAbstract,0x1414C5CA8,0x3540,79=FillParamBlock;81=CreateCmdActionManager;88=SetupModelAnimation;97=GetSpawnOrderId;98=GetSpawnOrderArg,custom_attack_shape;custom_param_block;spawn_orders_override,CCmdActionManager_066SUISEI_001AERIAL_001_GunBitReturn,0xD8F283FB
660010106,CUnitTaskAutomata_066SUISEI_001AERIAL_001_GunBitSpFlyShot,automata,CUnitTaskAutomataFunnelMawarikomi,0x1414C49A8,0x3550,2=OnInit;79=FillParamBlock;81=CreateCmdActionManager;88=SetupModelAnimation,alert_config;custom_attack_shape;custom_param_block;spawn_orders_override,CCmdActionManager_066SUISEI_001AERIAL_001_GunBitSpFlyShot,0xD32D39ED;0xD8F283FB;0xEDD1C108;0xFDC8A545
660010101,CUnitTaskAutomata_066SUISEI_001AERIAL_001_GunBitStayShot,automata,CUnitTaskAutomataFunnelShotStayShift,0x1414C5330,0x3540,2=OnInit;79=FillParamBlock;81=CreateCmdActionManager;88=SetupModelAnimation,alert_config;custom_attack_shape;custom_param_block;spawn_orders_override,CCmdActionManager_066SUISEI_001AERIAL_001_GunBitStayShot,0xD8F283FB;0xDCEAF7AC;0xEDD1C108;0xFDC8A545
660010107,CUnitTaskAutomata_066SUISEI_001AERIAL_001_GunBitSwarm,automata,CUnitTaskAutomataFunnelSwarm,0x1414C5980,0x3570,2=OnInit;79=FillParamBlock;81=CreateCmdActionManager;88=SetupModelAnimation,alert_config;custom_attack_shape;custom_param_block;spawn_orders_override,CCmdActionManager_066SUISEI_001AERIAL_001_GunBitSwarm,0x13C6C469;0x63AC30E6;0x8ACF95D3;0xD8F283FB;0xEDD1C108;0xFDC8A545
660010105,CUnitTaskAutomata_066SUISEI_001AERIAL_001_GunBitTukimatoi,automata,CUnitTaskAutomataFunnelTukimatoi_ShotOrder,0x1414C5658,0x3540,79=FillParamBlock;81=CreateCmdActionManager;88=SetupModelAnimation,custom_attack_shape;custom_param_block,CCmdActionManager_066SUISEI_001AERIAL_001_GunBitTukimatoi,0xD8F283FB
660020106,CUnitTaskAutomata_066SUISEI_002PHARCT_001_BeamSaberThrow,automata,CUnitTaskAutomataThrow,0x1414C6FA8,0x3530,74=OnHitConsumed;81=CreateCmdActionManager;91=FillParamSubBlock,hit_consumed_hook;alert_config;custom_attack_shape;custom_param_block,CCmdActionManager_066SUISEI_002PHARCT_001_BeamSaberThrow;CCmdActionManager_Throw,0x41435BE6
660020104,CUnitTaskAutomata_066SUISEI_002PHARCT_001_GunBitAttachRollingRush,automata,CUnitTaskAutomataAttachToRadiconReturn,0x1414C6C80,0x3530,12=Update;59=CreateMotionComponents;79=FillParamBlock;81=CreateCmdActionManager;84=DescribeAttackShape;88=SetupModelAnimation;89=OnInitHookA,custom_attack_shape;custom_param_block,CCmdActionManager_066SUISEI_002PHARCT_001_GunBitAttachRollingRush,0x06E90346;0x41FBD241;0xA36593AD;0xA8987774;0xABEDC73A;0xD32D39ED;0xD8F283FB;0xEDD1C108;0xFAA5615C
660020101,CUnitTaskAutomata_066SUISEI_002PHARCT_001_GunBitBeamJammer,automata,CUnitTaskAutomataFunnelMawarikomiMultipleShot,0x1414C5FD0,0x3550,79=FillParamBlock;81=CreateCmdActionManager;88=SetupModelAnimation,alert_config;custom_attack_shape;custom_param_block,CCmdActionManager_066SUISEI_002PHARCT_001_GunBitBeamJammer,0x14AB0070;0xD8F283FB
660020102,CUnitTaskAutomata_066SUISEI_002PHARCT_001_GunBitBeamJammerAiming,automata,CUnitTaskAutomataFunnelMawarikomiMultipleShot,0x1414C62F8,0x3550,79=FillParamBlock;81=CreateCmdActionManager;88=SetupModelAnimation,alert_config;custom_attack_shape;custom_param_block,CCmdActionManager_066SUISEI_002PHARCT_001_GunBitBeamJammerAiming,0xD8F283FB;0xFAA5615C
660020103,CUnitTaskAutomata_066SUISEI_002PHARCT_001_GunBitRollingRush,automata,CUnitTaskAutomataBoomerang,0x1414C6620,0x3540,73=OnStageContact;79=FillParamBlock;81=CreateCmdActionManager;84=DescribeAttackShape;91=FillParamSubBlock,stage_contact_override;alert_config;custom_attack_shape;custom_param_block,CCmdActionManager_066SUISEI_002PHARCT_001_GunBitRollingRush,0xDCEAF7AC;0xF647567F
660020105,CUnitTaskAutomata_066SUISEI_002PHARCT_001_GunBitRollingRushStick,automata,CUnitTaskAutomataSticker,0x1414C6948,0x3540,79=FillParamBlock;91=FillParamSubBlock,custom_attack_shape;custom_param_block,CCmdActionManager_Sticker,
660020107,CUnitTaskAutomata_066SUISEI_002PHARCT_001_GunBitSpFlyShot,automata,CUnitTaskAutomataFunnelTukimatoi_ShotOrder,0x1414C72D0,0x3550,79=FillParamBlock;81=CreateCmdActionManager;88=SetupModelAnimation,custom_attack_shape;custom_param_block,CCmdActionManager_066SUISEI_002PHARCT_001_GunBitSpFlyShot,0x8DA251CA;0xFAA5615C;0xFDC8A545
660030102,CUnitTaskAutomata_066SUISEI_003DABALD_001_FunnelFlyRush,automata,CUnitTaskAutomataFunnelFlySwordPenetrate,0x1414C7C48,0x3540,79=FillParamBlock;81=CreateCmdActionManager;84=DescribeAttackShape,alert_config;custom_attack_shape;custom_param_block,CCmdActionManager_066SUISEI_003DABALD_001_FunnelFlyRush,0x8DA251CA;0xABEDC73A
660030103,CUnitTaskAutomata_066SUISEI_003DABALD_001_FunnelRush,automata,CUnitTaskAutomataFunnelFlySwordPenetrate,0x1414C7F70,0x3540,79=FillParamBlock;81=CreateCmdActionManager;84=DescribeAttackShape;89=OnInitHookA,alert_config;custom_attack_shape;custom_param_block,CCmdActionManager_066SUISEI_003DABALD_001_FunnelRush,0x3B52DAAB;0xA25B8B11;0xD8F283FB;0xDCEAF7AC
660030108,CUnitTaskAutomata_066SUISEI_003DABALD_001_FunnelShield,automata,CUnitTaskAutomataFunnelDefenceFormation,0x1414C8C10,0x36E0,21=PreInit;79=FillParamBlock;81=CreateCmdActionManager;89=OnInitHookA;92=ConfigureStageCollider;101,custom_attack_shape;custom_param_block,CCmdActionManager_066SUISEI_003DABALD_001_FunnelShield,0xABEDC73A;0xD32D39ED;0xD8F283FB;0xDCEAF7AC;0xEDD1C108;0xFAA5615C
660030104,CUnitTaskAutomata_066SUISEI_003DABALD_001_FunnelStay,automata,CUnitTaskAutomataFunnelMawarikomi_ShotOrder,0x1414C7920,0x3540,81=CreateCmdActionManager,custom_attack_shape;custom_param_block,CCmdActionManager_066SUISEI_003DABALD_001_FunnelStay,
660030105,CUnitTaskAutomata_066SUISEI_003DABALD_001_SpFunnelRush,automata,CUnitTaskAutomataFunnelFlySwordPenetrate,0x1414C85C0,0x3550,12=Update;72=PostUpdateEffects;76=ArchetypeEventHook;79=FillParamBlock;81=CreateCmdActionManager;84=DescribeAttackShape,alert_config;custom_attack_shape;custom_param_block,CCmdActionManager_066SUISEI_003DABALD_001_SpFunnelRush,0xF47EE96E
660030106,CUnitTaskAutomata_066SUISEI_003DABALD_001_SpFunnelRushAttack,automata,CUnitTaskAutomata_066SUISEI_003DABALD_001_SpFunnelRush,0x1414C88E8,0x3550,12=Update;81=CreateCmdActionManager,alert_config;custom_attack_shape;custom_param_block,CCmdActionManager_066SUISEI_003DABALD_001_SpFunnelRush;CCmdActionManager_066SUISEI_003DABALD_001_SpFunnelRushAttack,
660030107,CUnitTaskAutomata_066SUISEI_003DABALD_001_SpFunnelStay,automata,CUnitTaskAutomataFunnelMawarikomi_ShotOrder,0x1414C8298,0x3540,81=CreateCmdActionManager,custom_attack_shape;custom_param_block,CCmdActionManager_066SUISEI_003DABALD_001_SpFunnelStay,
660030101,CUnitTaskAutomata_066SUISEI_003DABALD_001_ThrowPelletMine,automata,CUnitTaskAutomataThrow,0x1414C75F8,0x3530,81=CreateCmdActionManager,alert_config;custom_attack_shape;custom_param_block,CCmdActionManager_066SUISEI_003DABALD_001_ThrowPelletMine;CCmdActionManager_Throw,
660040102,CUnitTaskAutomata_066SUISEI_004AERREB_001_GunBitFlyShot,automata,CUnitTaskAutomataFunnelSwarm,0x1414C8F48,0x3570,2=OnInit;79=FillParamBlock;81=CreateCmdActionManager;88=SetupModelAnimation,alert_config;custom_attack_shape;custom_param_block;spawn_orders_override,CCmdActionManager_066SUISEI_004AERREB_001_GunBitFlyShot,0x13C6C469;0x64C1F4FF;0xD8F283FB;0xEDD1C108;0xF47EE96E;0xFDC8A545
660040103,CUnitTaskAutomata_066SUISEI_004AERREB_001_GunBitGuard,automata,CUnitTaskAutomataFunnelDefenceFormation,0x1414C9598,0x36D0,2=OnInit;79=FillParamBlock;81=CreateCmdActionManager;88=SetupModelAnimation,custom_attack_shape;custom_param_block;spawn_orders_override,CCmdActionManager_066SUISEI_004AERREB_001_GunBitGuard,0xD8F283FB
660040107,CUnitTaskAutomata_066SUISEI_004AERREB_001_GunBitReturn,automata,CUnitTaskAutomataAttachAbstract,0x1414CA248,0x3540,79=FillParamBlock;81=CreateCmdActionManager;88=SetupModelAnimation;97=GetSpawnOrderId;98=GetSpawnOrderArg,custom_attack_shape;custom_param_block;spawn_orders_override,CCmdActionManager_066SUISEI_004AERREB_001_GunBitReturn,0xD8F283FB
660040105,CUnitTaskAutomata_066SUISEI_004AERREB_001_GunBitSpFlyShot,automata,CUnitTaskAutomataFunnelMawarikomi,0x1414C9270,0x3550,2=OnInit;79=FillParamBlock;81=CreateCmdActionManager;88=SetupModelAnimation,alert_config;custom_attack_shape;custom_param_block;spawn_orders_override,CCmdActionManager_066SUISEI_004AERREB_001_GunBitSpFlyShot,0xD32D39ED;0xD8F283FB;0xEDD1C108;0xFDC8A545
660040101,CUnitTaskAutomata_066SUISEI_004AERREB_001_GunBitStayShot,automata,CUnitTaskAutomataFunnelShotStayShift,0x1414C98D0,0x3540,2=OnInit;79=FillParamBlock;81=CreateCmdActionManager;88=SetupModelAnimation,alert_config;custom_attack_shape;custom_param_block;spawn_orders_override,CCmdActionManager_066SUISEI_004AERREB_001_GunBitStayShot,0xD8F283FB;0xDCEAF7AC;0xEDD1C108;0xFDC8A545
660040106,CUnitTaskAutomata_066SUISEI_004AERREB_001_GunBitSwarm,automata,CUnitTaskAutomataFunnelSwarm,0x1414C9F20,0x3570,2=OnInit;79=FillParamBlock;81=CreateCmdActionManager;88=SetupModelAnimation,alert_config;custom_attack_shape;custom_param_block;spawn_orders_override,CCmdActionManager_066SUISEI_004AERREB_001_GunBitSwarm,0x13C6C469;0x63AC30E6;0x8ACF95D3;0xD8F283FB;0xEDD1C108;0xFDC8A545
660040104,CUnitTaskAutomata_066SUISEI_004AERREB_001_GunBitTukimatoi,automata,CUnitTaskAutomataFunnelTukimatoi_ShotOrder,0x1414C9BF8,0x3540,79=FillParamBlock;81=CreateCmdActionManager;88=SetupModelAnimation,custom_attack_shape;custom_param_block,CCmdActionManager_066SUISEI_004AERREB_001_GunBitTukimatoi,0xD8F283FB
660050110,CUnitTaskAutomata_066SUISEI_005AERERY_001_AssistGundNodeGrap,automata,CUnitTaskAutomataSummonGrap,0x1414CC528,0x3540,59=CreateMotionComponents;79=FillParamBlock;81=CreateCmdActionManager,stage_contact_override;alert_config;custom_attack_shape;custom_param_block,CCmdActionManager_066SUISEI_005AERERY_001_AssistGundNodeGrap,0x41FBD241
660050112,CUnitTaskAutomata_066SUISEI_005AERERY_001_AssistGundNodeGuard,automata,CUnitTaskAutomataSummon,0x1414CC860,0x3540,79=FillParamBlock;81=CreateCmdActionManager;88=SetupModelAnimation;89=OnInitHookA,barrier;stage_contact_override;alert_config;custom_attack_shape;custom_param_block,CCmdActionManager_066SUISEI_005AERERY_001_AssistGundNodeGuard;CCmdActionManager_Summon,0x41FBD241;0xA8987774
660050109,CUnitTaskAutomata_066SUISEI_005AERERY_001_AssistGundNodeLaserGuard,automata,CUnitTaskAutomataSummon,0x1414CBEC8,0x3540,2=OnInit;74=OnHitConsumed;79=FillParamBlock;81=CreateCmdActionManager;88=SetupModelAnimation;89=OnInitHookA;90=SetupModelSubObject,barrier;hit_consumed_hook;stage_contact_override;alert_config;custom_attack_shape;custom_param_block,CCmdActionManager_066SUISEI_005AERERY_001_AssistGundNodeLaserGuard;CCmdActionManager_Summon,0x41FBD241
660050111,CUnitTaskAutomata_066SUISEI_005AERERY_001_AssistGundNodeSaberRush,automata,CUnitTaskAutomataSummonRushAttackNormal,0x1414CC1F8,0x3540,59=CreateMotionComponents;79=FillParamBlock;81=CreateCmdActionManager,stage_contact_override;alert_config;custom_attack_shape;custom_param_block,CCmdActionManager_066SUISEI_005AERERY_001_AssistGundNodeSaberRush,0x36FCE2D7;0x41FBD241;0x63AC30E6;0xA8987774;0xFDC8A545
660050107,CUnitTaskAutomata_066SUISEI_005AERERY_001_DataStorm,automata,CUnitTaskAutomataSticker,0x1414CB860,0x3540,79=FillParamBlock;81=CreateCmdActionManager,custom_attack_shape;custom_param_block,CCmdActionManager_066SUISEI_005AERERY_001_DataStorm,
660050106,CUnitTaskAutomata_066SUISEI_005AERERY_001_DataStormEntry,automata,CUnitTaskAutomataRadiconParentActor,0x1414CB538,0x3540,2=OnInit;12=Update;79=FillParamBlock;81=CreateCmdActionManager;89=OnInitHookA,custom_attack_shape,CCmdActionManager_066SUISEI_005AERERY_001_DataStormEntry,0x41FBD241
660050103,CUnitTaskAutomata_066SUISEI_005AERERY_001_GunBitFlyShot,automata,CUnitTaskAutomataFunnelSwarm,0x1414CABC0,0x3560,79=FillParamBlock;81=CreateCmdActionManager,alert_config;custom_attack_shape;custom_param_block,CCmdActionManager_066SUISEI_005AERERY_001_GunBitFlyShot,
660050104,CUnitTaskAutomata_066SUISEI_005AERERY_001_GunBitGuard,automata,CUnitTaskAutomataRadiconParentActor,0x1414CAEE8,0x3530,79=FillParamBlock;81=CreateCmdActionManager;84=DescribeAttackShape,custom_attack_shape,CCmdActionManager_066SUISEI_005AERERY_001_GunBitGuard,
660050102,CUnitTaskAutomata_066SUISEI_005AERERY_001_GunBitMainShot,automata,CUnitTaskAutomataFunnelTukimatoi_ShotOrder,0x1414CA898,0x3550,69=PreCreateManagerHook;79=FillParamBlock;81=CreateCmdActionManager,custom_attack_shape;custom_param_block,CCmdActionManager_066SUISEI_005AERERY_001_GunBitMainShot,0x06E90346;0xD8F283FB
660050105,CUnitTaskAutomata_066SUISEI_005AERERY_001_GunBitStayShot,automata,CUnitTaskAutomataFunnelShotStayShift,0x1414CB210,0x3530,79=FillParamBlock;81=CreateCmdActionManager,alert_config;custom_attack_shape;custom_param_block,CCmdActionManager_066SUISEI_005AERERY_001_GunBitStayShot,0xD8F283FB;0xDCEAF7AC
660050114,CUnitTaskAutomata_066SUISEI_005AERERY_001_GunBitWinLose,automata,CUnitTaskAutomataFunnelTukimatoi_ShotOrder,0x1414CCEB8,0x3540,79=FillParamBlock;81=CreateCmdActionManager;88=SetupModelAnimation;89=OnInitHookA,custom_attack_shape;custom_param_block,CCmdActionManager_066SUISEI_005AERERY_001_GunBitWinLose,0x3C3F1EB2;0xA8987774;0xD32D39ED;0xD8F283FB;0xEDD1C108
660050108,CUnitTaskAutomata_066SUISEI_005AERERY_001_InterPlanetaryLaser,automata,CUnitTaskAutomataSummonRushShot,0x1414CBB98,0x3550,79=FillParamBlock;81=CreateCmdActionManager,stage_contact_override;alert_config;custom_attack_shape;custom_param_block,CCmdActionManager_066SUISEI_005AERERY_001_InterPlanetaryLaser,
660050113,CUnitTaskAutomata_066SUISEI_005AERERY_001_LaserGuardSelf,automata,CUnitTaskAutomataRadiconParentActor,0x1414CCB90,0x3540,2=OnInit;75=OnBarrierInteraction;79=FillParamBlock;81=CreateCmdActionManager;84=DescribeAttackShape;86=DescribeBarrier,barrier;barrier_interaction;custom_attack_shape,CCmdActionManager_066SUISEI_005AERERY_001_LaserGuardSelf,
660050101,CUnitTaskAutomata_066SUISEI_005AERERY_001_ResidingObjectGunBit,automata,CUnitTaskAutomataResident,0x1414CA570,0x3540,2=OnInit;79=FillParamBlock;81=CreateCmdActionManager;88=SetupModelAnimation,custom_attack_shape;custom_param_block,CCmdActionManager_066SUISEI_005AERERY_001_ResidingObjectGunBit,0x3C3F1EB2;0xD8F283FB
680010102,CUnitTaskAutomata_068FREEDM_001RISFRE_001_AssistHissatsuJustic,automata,CUnitTaskAutomataStickerLaunchBone,0x1414CD508,0x3540,79=FillParamBlock;81=CreateCmdActionManager;88=SetupModelAnimation;91=FillParamSubBlock,custom_attack_shape;custom_param_block,CCmdActionManager_068FREEDM_001RISFRE_001_AssistHissatsuJustic,
680010103,CUnitTaskAutomata_068FREEDM_001RISFRE_001_SPShieldThrow,automata,CUnitTaskAutomataThrow,0x1414CD840,0x3530,72=PostUpdateEffects;79=FillParamBlock;88=SetupModelAnimation;89=OnInitHookA,alert_config;custom_attack_shape;custom_param_block,CCmdActionManager_Throw,0x36FCE2D7;0x41FBD241;0xA8987774;0xD8F283FB;0xDF9F47E2
680010101,CUnitTaskAutomata_068FREEDM_001RISFRE_001_ShieldBoomerang,automata,CUnitTaskAutomataBoomerangSpline,0x1414CD1E0,0x3550,72=PostUpdateEffects;79=FillParamBlock;81=CreateCmdActionManager;88=SetupModelAnimation;89=OnInitHookA;91=FillParamSubBlock,stage_contact_override;alert_config;custom_attack_shape;custom_param_block,CCmdActionManager_068FREEDM_001RISFRE_001_ShieldBoomerang,0xD8F283FB
680010104,CUnitTaskAutomata_068FREEDM_001RISFRE_001_ShieldBoomerangHasei,automata,CUnitTaskAutomata_068FREEDM_001RISFRE_001_ShieldBoomerang,0x1414CDB68,0x3550,2=OnInit;81=CreateCmdActionManager;88=SetupModelAnimation;89=OnInitHookA,stage_contact_override;alert_config;custom_attack_shape;custom_param_block,CCmdActionManager_068FREEDM_001RISFRE_001_ShieldBoomerangHasei,0xD8F283FB
680010105,CUnitTaskAutomata_068FREEDM_001RISFRE_001_SpBeamBoomerang,automata,CUnitTaskAutomata_000COMMON_000COMMON_001_ThrowSaberRolling,0x1414CDE90,0x3530,81=CreateCmdActionManager,alert_config;custom_attack_shape;custom_param_block,CCmdActionManager_068FREEDM_001RISFRE_001_SpBeamBoomerang,
680020105,CUnitTaskAutomata_068FREEDM_002INJ2ND_001_AttachChangeLifter,automata,CUnitTaskAutomataAttach,0x1414CF180,0x3530,79=FillParamBlock;81=CreateCmdActionManager;90=SetupModelSubObject;91=FillParamSubBlock,custom_attack_shape;custom_param_block,CCmdActionManager_068FREEDM_002INJ2ND_001_AttachChangeLifter,0x36FCE2D7;0x41FBD241
680020107,CUnitTaskAutomata_068FREEDM_002INJ2ND_001_AttachLifterToJustic,automata,CUnitTaskAutomata_068FREEDM_002INJ2ND_001_AttachChangeLifter,0x1414CF4A8,0x3530,81=CreateCmdActionManager,custom_attack_shape;custom_param_block,CCmdActionManager_068FREEDM_002INJ2ND_001_AttachLifterToJustic,
680020101,CUnitTaskAutomata_068FREEDM_002INJ2ND_001_CabarierRushShot,automata,CUnitTaskAutomataFunnel,0x1414CE1B8,0x3530,79=FillParamBlock;81=CreateCmdActionManager;84=DescribeAttackShape;88=SetupModelAnimation,alert_config;custom_attack_shape;custom_param_block,CCmdActionManager_068FREEDM_002INJ2ND_001_CabarierRushShot,
680020103,CUnitTaskAutomata_068FREEDM_002INJ2ND_001_GrappleStinger,automata,CUnitTaskAutomataAnchorReturn,0x1414CE4E0,0x3540,2=OnInit;12=Update;81=CreateCmdActionManager;88=SetupModelAnimation,stage_contact_override;custom_attack_shape;custom_param_block,CCmdActionManager_068FREEDM_002INJ2ND_001_GrappleStinger,
680020104,CUnitTaskAutomata_068FREEDM_002INJ2ND_001_Lifter,automata,CUnitTaskAutomata_068FREEDM_002INJ2ND_001_AirplaneAbstract,0x1414CE808,0x3530,12=Update;79=FillParamBlock;81=CreateCmdActionManager;89=OnInitHookA;90=SetupModelSubObject,stage_contact_override;alert_config;custom_attack_shape,CCmdActionManager_068FREEDM_002INJ2ND_001_Lifter,0xD32D39ED;0xEDD1C108
680020106,CUnitTaskAutomata_068FREEDM_002INJ2ND_001_ReleaseCabarier,automata,CUnitTaskAutomataThrow,0x1414CEE58,0x3530,81=CreateCmdActionManager;84=DescribeAttackShape;90=SetupModelSubObject,alert_config;custom_attack_shape;custom_param_block,CCmdActionManager_068FREEDM_002INJ2ND_001_ReleaseCabarier;CCmdActionManager_Throw,
680020102,CUnitTaskAutomata_068FREEDM_002INJ2ND_001_ShiningEdge,automata,CUnitTaskAutomataBoomerang,0x1414CEB30,0x3540,2=OnInit;12=Update;81=CreateCmdActionManager;88=SetupModelAnimation,stage_contact_override;alert_config;custom_attack_shape;custom_param_block,CCmdActionManager_068FREEDM_002INJ2ND_001_ShiningEdge,0x46961658;0x63AC30E6;0x64C1F4FF;0xA8987774
715072805,CUnitTaskAutomata_501GUNDAM_004ZEONG0_001_HandFly,automata,CUnitTaskAutomata_001GUNDAM_004ZEONG0_001_HandFly,0x1414CF7D0,0x3550,79=FillParamBlock;81=CreateCmdActionManager;88=SetupModelAnimation,stage_contact_override;alert_config;custom_attack_shape;custom_param_block,CCmdActionManager_501GUNDAM_004ZEONG0_001_HandFly,0xD8F283FB
725042805,CUnitTaskAutomata_502ZGUNDM_001ZGUNDM_001_ThrowRifleSaber,automata,CUnitTaskAutomata_000COMMON_000COMMON_001_ThrowSaber,0x1414CFAF8,0x3530,83=SetupModel,custom_model_setup;alert_config;custom_attack_shape;custom_param_block,CCmdActionManager_000COMMON_000COMMON_001_ThrowSaber;CCmdActionManager_Throw,
725182805,CUnitTaskAutomata_502ZGUNDM_015HIZACK_001_AssistSp,automata,CUnitTaskAutomataSummonTukimatoi,0x1414CFE20,0x3540,79=FillParamBlock;81=CreateCmdActionManager;83=SetupModel,stage_contact_override;custom_model_setup;alert_config;custom_attack_shape;custom_param_block,CCmdActionManager_502ZGUNDM_015HIZACK_001_AssistSp,0x36FCE2D7;0x41FBD241
735052805,CUnitTaskAutomata_503ZZGNDM_002QUBMK2_001_FunnelYokoretsuDynamic,automata,CUnitTaskAutomata_003ZZGNDM_002QUBMK2_001_FunnelYokoretsuDynamic,0x1414D0150,0x3530,79=FillParamBlock;81=CreateCmdActionManager,alert_config;custom_attack_shape;custom_param_block,CCmdActionManager_503ZZGNDM_002QUBMK2_001_FunnelYokoretsuDynamic,
735062805,CUnitTaskAutomata_503ZZGNDM_003QUBELY_001_FunnelPodlaunch,automata,CUnitTaskAutomata_003ZZGNDM_003QUBELY_001_FunnelPodlaunch,0x1414D0478,0x3540,79=FillParamBlock;81=CreateCmdActionManager,alert_config;custom_attack_shape;custom_param_block,CCmdActionManager_503ZZGNDM_003QUBELY_001_FunnelPodlaunch,0xDCEAF7AC
762152805,CUnitTaskAutomata_505VGUNDM_712CONTIO_001_ShotclawFlysword,automata,CUnitTaskAutomataFunnelFlySword,0x1414D07A0,0x3550,79=FillParamBlock;81=CreateCmdActionManager;84=DescribeAttackShape;88=SetupModelAnimation;91=FillParamSubBlock,alert_config;custom_attack_shape;custom_param_block,CCmdActionManager_505VGUNDM_712CONTIO_001_ShotclawFlysword,0x14AB0070;0x63AC30E6;0xABEDC73A;0xD32D39ED;0xD8F283FB;0xEDD1C108;0xFAA5615C;0xFDC8A545
812082805,CUnitTaskAutomata_510TURNAG_705ASTGAM_001_SqueezeWeaponWire,automata,CUnitTaskAutomataThrowReturn,0x1414D0AC8,0x3530,79=FillParamBlock;81=CreateCmdActionManager;89=OnInitHookA,alert_config;custom_attack_shape;custom_param_block,CCmdActionManager_510TURNAG_705ASTGAM_001_SqueezeWeaponWire,0xABEDC73A;0xD32D39ED;0xEDD1C108
825072805,CUnitTaskAutomata_512POCKET_004KAMPFR_001_PororiChainmine,automata,CUnitTaskAutomata_012POCKET_004KAMPFR_001_PororiChainmine,0x1414D0DF0,0x3530,,custom_attack_shape;custom_param_block,CCmdActionManager_FreeFall,
845072805,CUnitTaskAutomata_514GNDM00_004CHERDM_001_FunnelFly,automata,CUnitTaskAutomata_014GNDM00_004CHERDM_001_FunnelFly,0x1414D1118,0x3540,79=FillParamBlock,alert_config;custom_attack_shape;custom_param_block,CCmdActionManager_014GNDM00_004CHERDM_001_FunnelFly,
845102805,CUnitTaskAutomata_514GNDM00_007REBONS_001_FinFang_Large,automata,CUnitTaskAutomataFunnelMawarikomi,0x1414D1440,0x3550,81=CreateCmdActionManager;97=GetSpawnOrderId;98=GetSpawnOrderArg,alert_config;custom_attack_shape;custom_param_block;spawn_orders_override,CCmdActionManager_514GNDM00_007REBONS_001_FinFang_Large,0x36FCE2D7;0x41FBD241
845112805,CUnitTaskAutomata_514GNDM00_008THDREI_001_NotifyStealth,automata,CUnitTaskAutomataSticker,0x1414D1768,0x3540,2=OnInit;79=FillParamBlock;81=CreateCmdActionManager;82=CreateInitDataModifier;91=FillParamSubBlock,custom_attack_shape;custom_param_block;init_data_modifier,CCmdActionManager_514GNDM00_008THDREI_001_NotifyStealth,0xD55CBB87
855052805,CUnitTaskAutomata_515GNDMUC_002KSHATR_001_FunnelFlyNormal,automata,CUnitTaskAutomata_015GNDMUC_002KSHATR_001_FunnelFlyNormal,0x1414D1AA0,0x3540,81=CreateCmdActionManager,alert_config;custom_attack_shape;custom_param_block,CCmdActionManager_515GNDMUC_002KSHATR_001_FunnelFlyNormal,
855092806,CUnitTaskAutomata_515GNDMUC_006ROZENZ_001_PsycoJammer,automata,CUnitTaskAutomataFunnelMawarikomi,0x1414D1DC8,0x3540,81=CreateCmdActionManager,alert_config;custom_attack_shape;custom_param_block,CCmdActionManager_515GNDMUC_006ROZENZ_001_PsycoJammer,
855092805,CUnitTaskAutomata_515GNDMUC_006ROZENZ_001_PsycoJammerCore,automata,CUnitTaskAutomataFunnelMawarikomi,0x1414D20F0,0x35B0,79=FillParamBlock;81=CreateCmdActionManager,alert_config;custom_attack_shape;custom_param_block,CCmdActionManager_515GNDMUC_006ROZENZ_001_PsycoJammerCore,
875042805,CUnitTaskAutomata_517GYAKCH_001NEWGUN_001_Funnel,automata,CUnitTaskAutomata_017GYAKCH_001NEWGUN_001_Funnel,0x1414D2418,0x3550,79=FillParamBlock;81=CreateCmdActionManager,alert_config;custom_attack_shape;custom_param_block,CCmdActionManager_517GYAKCH_001NEWGUN_001_Funnel,
875052805,CUnitTaskAutomata_517GYAKCH_002SAZABI_001_FunnelFly,automata,CUnitTaskAutomata_017GYAKCH_002SAZABI_001_FunnelFly,0x1414D2740,0x3540,79=FillParamBlock;81=CreateCmdActionManager,alert_config;custom_attack_shape;custom_param_block,CCmdActionManager_517GYAKCH_002SAZABI_001_FunnelFly,
882042805,CUnitTaskAutomata_517GYAKCH_701JEGAN0_001_ThrowGrenade,automata,CUnitTaskAutomata_000COMMON_000COMMON_001_TransparentMortarExplosion,0x1414D2A68,0x3530,79=FillParamBlock;88=SetupModelAnimation,alert_config;custom_attack_shape;custom_param_block;init_data_modifier,CCmdActionManager_Throw;CCmdActionManager_ThrowMortar,0xFAA5615C
905062805,CUnitTaskAutomata_520GNSEED_003PRVDNC_001_FunnelSmallFly,automata,CUnitTaskAutomata_020GNSEED_003PRVDNC_001_FunnelSmallFly,0x1414D2D90,0x3540,64=GetHitgroupId;79=FillParamBlock;81=CreateCmdActionManager,custom_model_id;alert_config;custom_attack_shape;custom_param_block,CCmdActionManager_520GNSEED_003PRVDNC_001_FunnelSmallFly,
915082805,CUnitTaskAutomata_521DESTNY_005IMPULS_001_ShieldReflect,automata,CUnitTaskAutomataThrow,0x1414D30B8,0x3540,75=OnBarrierInteraction;81=CreateCmdActionManager;86=DescribeBarrier,barrier;barrier_interaction;alert_config;custom_attack_shape;custom_param_block,CCmdActionManager_521DESTNY_005IMPULS_001_ShieldReflect;CCmdActionManager_Throw,0xAB606D9E
915102805,CUnitTaskAutomata_521DESTNY_007LEGEND_001_FunnelTukimatoi,automata,CUnitTaskAutomataFunnelTukimatoi_ShotOrder,0x1414D33E0,0x3540,79=FillParamBlock;81=CreateCmdActionManager,custom_attack_shape;custom_param_block;spawn_orders_override,CCmdActionManager_521DESTNY_007LEGEND_001_FunnelTukimatoi,
922052805,CUnitTaskAutomata_521DESTNY_702CHAOGN_001_FunnelFly,automata,CUnitTaskAutomata_721DESTNY_002CHAOGN_001_FunnelFly,0x1414D3A38,0x3550,79=FillParamBlock;81=CreateCmdActionManager,alert_config;custom_attack_shape;custom_param_block,CCmdActionManager_521DESTNY_702CHAOGN_001_FunnelFly,0x41FBD241
922112805,CUnitTaskAutomata_521DESTNY_708STRKFR_001_FunnelShot,automata,CUnitTaskAutomataFunnelMawarikomi_ShotOrder,0x1414D3D68,0x3550,12=Update;81=CreateCmdActionManager,custom_attack_shape;custom_param_block,CCmdActionManager_521DESTNY_708STRKFR_001_FunnelShot,
965042805,CUnitTaskAutomata_526GNBELT_001HINGND_001_FinFunnelFly,automata,CUnitTaskAutomata_026GNBELT_001HINGND_001_FinFunnelFly,0x1414D4090,0x3540,79=FillParamBlock;81=CreateCmdActionManager,alert_config;custom_attack_shape;custom_param_block,CCmdActionManager_526GNBELT_001HINGND_001_FinFunnelFly,
965052805,CUnitTaskAutomata_526GNBELT_002NITNGL_001_FunnelShot,automata,CUnitTaskAutomataFunnelShotStayShift,0x1414D43B8,0x3530,79=FillParamBlock;81=CreateCmdActionManager,alert_config;custom_attack_shape;custom_param_block,CCmdActionManager_526GNBELT_002NITNGL_001_FunnelShot,0x36FCE2D7;0x41FBD241;0xA8987774;0xDCEAF7AC
1035072812,CUnitTaskAutomata_533GNDAGE_004GAGEFX_001_FunnelAttachChangeWeaponDefenseformGurd,automata,CUnitTaskAutomata_033GNDAGE_004GAGEFX_001_FunnelAttachChangeWeaponAbstract,0x1414D46E0,0x3530,91=FillParamSubBlock;100,custom_attack_shape;custom_param_block;spawn_orders_override,CCmdActionManager_AttachReturn,0xD32D39ED;0xEDD1C108
1035092805,CUnitTaskAutomata_533GNDAGE_006FARSIA_001_FunnelFly,automata,CUnitTaskAutomata_033GNDAGE_006FARSIA_001_FunnelFly,0x1414D4A10,0x3540,79=FillParamBlock,alert_config;custom_attack_shape;custom_param_block,CCmdActionManager_033GNDAGE_006FARSIA_001_FunnelFly,
1035102805,CUnitTaskAutomata_533GNDAGE_007LEGILS_001_FunnelFly,automata,CUnitTaskAutomata_033GNDAGE_007LEGILS_001_FunnelFly,0x1414D4D38,0x3540,79=FillParamBlock,alert_config;custom_attack_shape;custom_param_block,CCmdActionManager_033GNDAGE_007LEGILS_001_FunnelFly,
1162052806,CUnitTaskAutomata_545MISING_702ZK2PSY_001_HandFly,automata,CUnitTaskAutomataFunnelFlySword,0x1414D56B0,0x3550,79=FillParamBlock;81=CreateCmdActionManager,stage_contact_override;alert_config;custom_attack_shape;custom_param_block,CCmdActionManager_545MISING_702ZK2PSY_001_HandFly,0xD8F283FB
1162052805,CUnitTaskAutomata_545MISING_702ZK2PSY_001_HandPunch,automata,CUnitTaskAutomata_745MISING_002ZK2PSY_001_HandPunch,0x1414D5388,0x3540,79=FillParamBlock;81=CreateCmdActionManager,stage_contact_override;alert_config;custom_attack_shape;custom_param_block,CCmdActionManager_545MISING_702ZK2PSY_001_HandPunch,0xD32D39ED;0xD8F283FB;0xEDD1C108
1162082805,CUnitTaskAutomata_545MISING_705GRDVIN_001_FreeFallSturmFaust,automata,CUnitTaskAutomataFreeFall,0x1414D59D8,0x3530,88=SetupModelAnimation,custom_attack_shape;custom_param_block,CCmdActionManager_FreeFall,
1242042805,CUnitTaskAutomata_553GBFTRY_701THEEND_001_FangRush,automata,CUnitTaskAutomata_000COMMON_000COMMON_001_ThrowMissile,0x1414D5D00,0x3530,79=FillParamBlock;81=CreateCmdActionManager;89=OnInitHookA;91=FillParamSubBlock,alert_config;custom_attack_shape;custom_param_block,CCmdActionManager_553GBFTRY_701THEEND_001_FangRush;CCmdActionManager_Throw,0x13C6C469;0x14AB0070;0x36FCE2D7;0x41FBD241;0x63AC30E6;0x64C1F4FF;0x8ACF95D3;0x8DA251CA;0xA8987774;0xABEDC73A;0xD8F283FB;0xDCEAF7AC;0xDF9F47E2;0xFAA5615C;0xFDC8A545
1372062805,CUnitTaskAutomata_566SUISEI_703GUNDND_001_ReleaseMA,automata,CUnitTaskAutomataThrow,0x1414D6028,0x3530,2=OnInit;81=CreateCmdActionManager;84=DescribeAttackShape;88=SetupModelAnimation;89=OnInitHookA;90=SetupModelSubObject,alert_config;custom_attack_shape;custom_param_block,CCmdActionManager_566SUISEI_703GUNDND_001_ReleaseMA;CCmdActionManager_Throw,0xD8F283FB
1392042805,CUnitTaskAutomata_568FREEDM_701IMOJUS_001_BeamBoomerang,automata,CUnitTaskAutomataBoomerang,0x1414D6350,0x3540,79=FillParamBlock;81=CreateCmdActionManager;88=SetupModelAnimation;89=OnInitHookA,stage_contact_override;alert_config;custom_attack_shape;custom_param_block,CCmdActionManager_568FREEDM_701IMOJUS_001_BeamBoomerang,0x14AB0070;0x63AC30E6;0x8DA251CA;0xA8987774;0xABEDC73A;0xDF9F47E2;0xFAA5615C
1715052805,CUnitTaskAutomata_601GUNDAM_002BYGZAM_001_FootClaw,automata,CUnitTaskAutomataThrow,0x1414D6678,0x3530,79=FillParamBlock;81=CreateCmdActionManager;88=SetupModelAnimation;91=FillParamSubBlock,alert_config;custom_attack_shape;custom_param_block,CCmdActionManager_601GUNDAM_002BYGZAM_001_FootClaw;CCmdActionManager_Throw,
1715052806,CUnitTaskAutomata_601GUNDAM_002BYGZAM_001_StickerLaser,automata,CUnitTaskAutomata_601GUNDAM_002BYGZAM_001_StickerLaserAbstract,0x1414D69A0,0x3540,81=CreateCmdActionManager,custom_attack_shape;custom_param_block,CCmdActionManager_601GUNDAM_002BYGZAM_001_StickerLaser,
1715052807,CUnitTaskAutomata_601GUNDAM_002BYGZAM_001_StickerLaserSwing,automata,CUnitTaskAutomata_601GUNDAM_002BYGZAM_001_StickerLaserAbstract,0x1414D6CD8,0x3540,81=CreateCmdActionManager,custom_attack_shape;custom_param_block,CCmdActionManager_601GUNDAM_002BYGZAM_001_StickerLaserSwing,
1715062805,CUnitTaskAutomata_601GUNDAM_003ADZAM0_001_ThrowLeader,automata,CUnitTaskAutomataThrow,0x1414D7010,0x3530,79=FillParamBlock;81=CreateCmdActionManager;88=SetupModelAnimation,alert_config;custom_attack_shape;custom_param_block,CCmdActionManager_601GUNDAM_003ADZAM0_001_ThrowLeader;CCmdActionManager_Throw,
1715082805,CUnitTaskAutomata_601GUNDAM_005ELMETH_001_BitMawarikomi,automata,CUnitTaskAutomataFunnelMawarikomi,0x141665680,0x3540,0=Destructor;79=FillParamBlock;81=CreateCmdActionManager,alert_config;custom_attack_shape;custom_param_block,CCmdActionManager_601GUNDAM_005ELMETH_001_BitMawarikomi,
1715082806,CUnitTaskAutomata_601GUNDAM_005ELMETH_001_BitStayShift,automata,CUnitTaskAutomataFunnelShotStayShift,0x141665AF0,0x3530,0=Destructor;79=FillParamBlock;81=CreateCmdActionManager,alert_config;custom_attack_shape;custom_param_block,CCmdActionManager_601GUNDAM_005ELMETH_001_BitStayShift,0xABEDC73A
1715102806,CUnitTaskAutomata_601GUNDAM_007PZEONG_001_HandFly,automata,CUnitTaskAutomataFunnelMawarikomi,0x1414D7660,0x3540,79=FillParamBlock;81=CreateCmdActionManager;88=SetupModelAnimation,alert_config;custom_attack_shape;custom_param_block,CCmdActionManager_601GUNDAM_007PZEONG_001_HandFly,0xD8F283FB
1715102805,CUnitTaskAutomata_601GUNDAM_007PZEONG_001_HandPunch,automata,CUnitTaskAutomataAnchorThrow,0x1414D7338,0x3540,79=FillParamBlock;81=CreateCmdActionManager;88=SetupModelAnimation;89=OnInitHookA,stage_contact_override;alert_config;custom_attack_shape;custom_param_block,CCmdActionManager_601GUNDAM_007PZEONG_001_HandPunch,0xD32D39ED;0xD8F283FB;0xEDD1C108
1735042805,CUnitTaskAutomata_603ZZGNDM_001PSYGN2_001_HandFly,automata,CUnitTaskAutomataFunnelMawarikomi,0x1414D7988,0x3540,79=FillParamBlock;81=CreateCmdActionManager,alert_config;custom_attack_shape;custom_param_block,CCmdActionManager_603ZZGNDM_001PSYGN2_001_HandFly,0xD8F283FB
1735042806,CUnitTaskAutomata_603ZZGNDM_001PSYGN2_001_ReflectorBit,automata,CUnitTaskAutomataFunnelShotStayShift,0x1414D7CB0,0x3540,79=FillParamBlock;81=CreateCmdActionManager,alert_config;custom_attack_shape;custom_param_block,CCmdActionManager_603ZZGNDM_001PSYGN2_001_ReflectorBit,
1735042807,CUnitTaskAutomata_603ZZGNDM_001PSYGN2_001_StickerConnectLaser,automata,CUnitTaskAutomataStickerConnectLazer,0x1414D7FD8,0x3580,,custom_attack_shape;custom_param_block,CCmdActionManager_StickerConnectLazer,
1735052805,CUnitTaskAutomata_603ZZGNDM_002QUINMN_001_FunnelFly1,automata,CUnitTaskAutomataFunnelFlyScatter,0x1414D8318,0x3540,81=CreateCmdActionManager,alert_config;custom_attack_shape;custom_param_block,CCmdActionManager_603ZZGNDM_002QUINMN_001_FunnelFly1,
1735052806,CUnitTaskAutomata_603ZZGNDM_002QUINMN_001_FunnelFly2,automata,CUnitTaskAutomataFunnelMawarikomi,0x1414D8640,0x3540,79=FillParamBlock;81=CreateCmdActionManager,alert_config;custom_attack_shape;custom_param_block,CCmdActionManager_603ZZGNDM_002QUINMN_001_FunnelFly2,0xABEDC73A;0xDCEAF7AC
1735052807,CUnitTaskAutomata_603ZZGNDM_002QUINMN_001_FunnelFront,automata,CUnitTaskAutomataFunnelShotStayShift,0x1414D8C90,0x3540,79=FillParamBlock;81=CreateCmdActionManager,alert_config;custom_attack_shape;custom_param_block,CCmdActionManager_603ZZGNDM_002QUINMN_001_FunnelFront,
1735052809,CUnitTaskAutomata_603ZZGNDM_002QUINMN_001_FunnelNet,automata,CUnitTaskAutomataFunnelShotStayShift,0x1414D8968,0x3540,79=FillParamBlock;81=CreateCmdActionManager,alert_config;custom_attack_shape;custom_param_block,CCmdActionManager_603ZZGNDM_002QUINMN_001_FunnelNet,
1735052810,CUnitTaskAutomata_603ZZGNDM_002QUINMN_001_FunnelRensha,automata,CUnitTaskAutomataFunnelMawarikomiMultipleShot,0x1414D8FB8,0x3550,81=CreateCmdActionManager,alert_config;custom_attack_shape;custom_param_block,CCmdActionManager_603ZZGNDM_002QUINMN_001_FunnelRensha,
1735052808,CUnitTaskAutomata_603ZZGNDM_002QUINMN_001_FunnelTukimatoi,automata,CUnitTaskAutomataFunnelTukimatoi,0x1414D92E0,0x3550,79=FillParamBlock;81=CreateCmdActionManager,custom_attack_shape;custom_param_block,CCmdActionManager_603ZZGNDM_002QUINMN_001_FunnelTukimatoi,
1835042807,CUnitTaskAutomata_613GNDMSM_001DENDRO_001_ThrowMicroSet,automata,CUnitTaskAutomata_013GNDMSM_004GNGP03_001_ThrowMicroSet,0x1414D9C58,0x3530,81=CreateCmdActionManager;100;101,alert_config;custom_attack_shape;custom_param_block,CCmdActionManager_613GNDMSM_001DENDRO_001_ThrowMicroSet,
1845052806,CUnitTaskAutomata_614GNDM00_002ALVTRE_001_FangLaser,automata,CUnitTaskAutomataFunnelMawarikomi,0x1414D9930,0x3540,79=FillParamBlock;81=CreateCmdActionManager,alert_config;custom_attack_shape;custom_param_block,CCmdActionManager_614GNDM00_002ALVTRE_001_FangLaser,
1845052805,CUnitTaskAutomata_614GNDM00_002ALVTRE_001_FangShot,automata,CUnitTaskAutomataFunnelMawarikomiMultipleShot,0x1414D9608,0x3550,79=FillParamBlock;81=CreateCmdActionManager,alert_config;custom_attack_shape;custom_param_block,CCmdActionManager_614GNDM00_002ALVTRE_001_FangShot,
1855042806,CUnitTaskAutomata_615GNDMUC_001SHMBLO_001_FunnelMovePoint,automata,CUnitTaskAutomataRadiconParentActor,0x1414D9F90,0x3530,79=FillParamBlock;81=CreateCmdActionManager,custom_attack_shape,CCmdActionManager_615GNDMUC_001SHMBLO_001_FunnelMovePoint,
1855042807,CUnitTaskAutomata_615GNDMUC_001SHMBLO_001_FunnelReflect,automata,CUnitTaskAutomata_615GNDMUC_001SHMBLO_001_FunnelMovePoint,0x1414DA920,0x3540,2=OnInit;12=Update;54=IsTargetInsideOwnerRange;75=OnBarrierInteraction;79=FillParamBlock;81=CreateCmdActionManager;86=DescribeBarrier,barrier;barrier_interaction;custom_attack_shape;owner_range_override,CCmdActionManager_615GNDMUC_001SHMBLO_001_FunnelReflect,0x41435BE6;0xD55CBB87;0xF647567F
1855042805,CUnitTaskAutomata_615GNDMUC_001SHMBLO_001_FunnelResident,automata,CUnitTaskAutomataResidentUnizon,0x1414DAC48,0x3540,79=FillParamBlock;81=CreateCmdActionManager;86=DescribeBarrier,barrier;custom_attack_shape;custom_param_block,CCmdActionManager_615GNDMUC_001SHMBLO_001_FunnelResident,0x8DA251CA
1855042808,CUnitTaskAutomata_615GNDMUC_001SHMBLO_001_FunnelTransparentLaser,automata,CUnitTaskAutomataFunnelShotImmediateShift,0x1414DA2B8,0x3530,79=FillParamBlock;81=CreateCmdActionManager,custom_attack_shape;custom_param_block,CCmdActionManager_615GNDMUC_001SHMBLO_001_FunnelTransparentLaser,
1855042809,CUnitTaskAutomata_615GNDMUC_001SHMBLO_001_StickerConnectLaser,automata,CUnitTaskAutomataStickerConnectLazer,0x1414DA5E0,0x35C0,102,custom_attack_shape;custom_param_block,CCmdActionManager_StickerConnectLazer,
1935042805,CUnitTaskAutomata_623CROSGN_001DIVINI_001_TransparentStickerAttack,automata,CUnitTaskAutomataSticker,0x1414DAF70,0x3540,79=FillParamBlock;81=CreateCmdActionManager;91=FillParamSubBlock,custom_attack_shape;custom_param_block,CCmdActionManager_623CROSGN_001DIVINI_001_TransparentStickerAttack,0x3C3F1EB2;0x4B382E24;0xA5364F08;0xD32D39ED;0xEDD1C108
2125042805,CUnitTaskAutomata_642GRECON_001GRACH0_001_BifrestBit,automata,CUnitTaskAutomataFunnelMawarikomiMultipleShot,0x1414DB2A8,0x3550,79=FillParamBlock;81=CreateCmdActionManager,alert_config;custom_attack_shape;custom_param_block,CCmdActionManager_642GRECON_001GRACH0_001_BifrestBit,0x8DA251CA;0xABEDC73A;0xD32D39ED;0xDCEAF7AC;0xEDD1C108
2125042806,CUnitTaskAutomata_642GRECON_001GRACH0_001_BifrestBitLaser,automata,CUnitTaskAutomataFunnelMawarikomi,0x1414DB5D0,0x3540,79=FillParamBlock;81=CreateCmdActionManager,alert_config;custom_attack_shape;custom_param_block,CCmdActionManager_642GRECON_001GRACH0_001_BifrestBitLaser,0xD32D39ED;0xDCEAF7AC;0xEDD1C108
2215042805,CUnitTaskAutomata_651BUILDF_001PSYCGM_001_ReflectorBit,automata,CUnitTaskAutomataFunnelMawarikomi,0x1414DB8F8,0x3540,81=CreateCmdActionManager,custom_attack_shape;custom_param_block,CCmdActionManager_651BUILDF_001PSYCGM_001_ReflectorBit,
2215042806,CUnitTaskAutomata_651BUILDF_001PSYCGM_001_ReflectorBitRensha,automata,CUnitTaskAutomataFunnelMawarikomi,0x1414DBC20,0x3540,81=CreateCmdActionManager,custom_attack_shape;custom_param_block,CCmdActionManager_651BUILDF_001PSYCGM_001_ReflectorBitRensha,
2245042807,CUnitTaskAutomata_654GEXVS2_001GLSHOT_001_ClawHobaku,automata,CUnitTaskAutomataThrowReturn,0x1414DC270,0x3530,73=OnStageContact;79=FillParamBlock;81=CreateCmdActionManager;84=DescribeAttackShape;88=SetupModelAnimation;91=FillParamSubBlock,stage_contact_override;alert_config;custom_attack_shape;custom_param_block,CCmdActionManager_654GEXVS2_001GLSHOT_001_ClawHobaku,0xEDD1C108
2245042808,CUnitTaskAutomata_654GEXVS2_001GLSHOT_001_DoubleCannon,automata,CUnitTaskAutomataThrowMortar,0x1414DC598,0x3530,79=FillParamBlock;84=DescribeAttackShape,alert_config;custom_attack_shape;custom_param_block;init_data_modifier,CCmdActionManager_Throw;CCmdActionManager_ThrowMortar,
2245042805,CUnitTaskAutomata_654GEXVS2_001GLSHOT_001_ThrowMissilePod,automata,CUnitTaskAutomataThrow,0x1414DBF48,0x3530,79=FillParamBlock;81=CreateCmdActionManager,alert_config;custom_attack_shape;custom_param_block,CCmdActionManager_654GEXVS2_001GLSHOT_001_ThrowMissilePod;CCmdActionManager_Throw,
2245052805,CUnitTaskAutomata_654GEXVS2_002GLFIGH_001_Wirenet,automata,CUnitTaskAutomataThrow,0x1414DC8C0,0x3530,81=CreateCmdActionManager;88=SetupModelAnimation,alert_config;custom_attack_shape;custom_param_block,CCmdActionManager_654GEXVS2_002GLFIGH_001_Wirenet;CCmdActionManager_Throw,
2245062811,CUnitTaskAutomata_654GEXVS2_003GLFUNL_001_FunnelAttachChange,automata,CUnitTaskAutomataAttachToRadicon,0x1414DDED8,0x3530,2=OnInit;79=FillParamBlock;81=CreateCmdActionManager,custom_attack_shape;custom_param_block,CCmdActionManager_654GEXVS2_003GLFUNL_001_FunnelAttachChangeAutomata,0x41FBD241;0xA8987774
2245062805,CUnitTaskAutomata_654GEXVS2_003GLFUNL_001_FunnelFly,automata,CUnitTaskAutomataFunnelFlyScatter,0x1414DCBE8,0x3540,81=CreateCmdActionManager,alert_config;custom_attack_shape;custom_param_block,CCmdActionManager_654GEXVS2_003GLFUNL_001_FunnelFly,
2245062813,CUnitTaskAutomata_654GEXVS2_003GLFUNL_001_FunnelFlyMachineGun,automata,CUnitTaskAutomata_654GEXVS2_003GLFUNL_001_FunnelFly,0x1414DE530,0x3540,81=CreateCmdActionManager,alert_config;custom_attack_shape;custom_param_block,CCmdActionManager_654GEXVS2_003GLFUNL_001_FunnelFlyMachineGun,
2245062814,CUnitTaskAutomata_654GEXVS2_003GLFUNL_001_FunnelFlyMachineGunRensha,automata,CUnitTaskAutomataFunnelMawarikomiMultipleShot,0x1414DE858,0x3550,79=FillParamBlock;81=CreateCmdActionManager,alert_config;custom_attack_shape;custom_param_block,CCmdActionManager_654GEXVS2_003GLFUNL_001_FunnelFlyMachineGunRensha,
2245062808,CUnitTaskAutomata_654GEXVS2_003GLFUNL_001_FunnelFlyRensha,automata,CUnitTaskAutomataFunnelMawarikomiMultipleShot,0x1414DD560,0x3550,81=CreateCmdActionManager,alert_config;custom_attack_shape;custom_param_block,CCmdActionManager_654GEXVS2_003GLFUNL_001_FunnelFlyRensha,
2245062809,CUnitTaskAutomata_654GEXVS2_003GLFUNL_001_FunnelFlySword,automata,CUnitTaskAutomataFunnelFlySword,0x1414DD888,0x3540,2=OnInit;79=FillParamBlock;81=CreateCmdActionManager;91=FillParamSubBlock,alert_config;custom_attack_shape;custom_param_block,CCmdActionManager_654GEXVS2_003GLFUNL_001_FunnelFlySword,
2245062810,CUnitTaskAutomata_654GEXVS2_003GLFUNL_001_FunnelFlySwordExp,automata,CUnitTaskAutomata_654GEXVS2_003GLFUNL_001_FunnelFlySword,0x1414DDBB0,0x3540,79=FillParamBlock;81=CreateCmdActionManager,alert_config;custom_attack_shape;custom_param_block,CCmdActionManager_654GEXVS2_003GLFUNL_001_FunnelFlySword,
2245062815,CUnitTaskAutomata_654GEXVS2_003GLFUNL_001_FunnelResident,automata,CUnitTaskAutomataResidentUnizon,0x1414DEB80,0x3540,2=OnInit;12=Update;79=FillParamBlock;81=CreateCmdActionManager,custom_attack_shape;custom_param_block,CCmdActionManager_654GEXVS2_003GLFUNL_001_FunnelResident,0xD55CBB87;0xDCEAF7AC
2245062807,CUnitTaskAutomata_654GEXVS2_003GLFUNL_001_FunnelShotCircle,automata,CUnitTaskAutomata_654GEXVS2_003GLFUNL_001_FunnelShotAbstract,0x1414DCF10,0x3530,81=CreateCmdActionManager,alert_config;custom_attack_shape;custom_param_block,CCmdActionManager_654GEXVS2_003GLFUNL_001_FunnelShotCircle,
2245062806,CUnitTaskAutomata_654GEXVS2_003GLFUNL_001_FunnelShotLine,automata,CUnitTaskAutomata_654GEXVS2_003GLFUNL_001_FunnelShotAbstract,0x1414DD238,0x3530,81=CreateCmdActionManager,alert_config;custom_attack_shape;custom_param_block,CCmdActionManager_654GEXVS2_003GLFUNL_001_FunnelShotLine,
2245062817,CUnitTaskAutomata_654GEXVS2_003GLFUNL_001_FunnelTransparentLaser,automata,CUnitTaskAutomataFunnelTukimatoi,0x1414DF1D0,0x3540,79=FillParamBlock;81=CreateCmdActionManager,custom_attack_shape;custom_param_block,CCmdActionManager_654GEXVS2_003GLFUNL_001_FunnelTransparentLaser,
2245062816,CUnitTaskAutomata_654GEXVS2_003GLFUNL_001_FunnelTransparentShot,automata,CUnitTaskAutomataFunnelShotStayShift,0x1414DEEA8,0x3530,79=FillParamBlock;81=CreateCmdActionManager,alert_config;custom_attack_shape;custom_param_block,CCmdActionManager_654GEXVS2_003GLFUNL_001_FunnelTransparentShot,
2245062812,CUnitTaskAutomata_654GEXVS2_003GLFUNL_001_TransparentShooter,automata,CUnitTaskAutomataSummonRushShot,0x1414DE200,0x3550,79=FillParamBlock;81=CreateCmdActionManager;88=SetupModelAnimation,stage_contact_override;alert_config;custom_attack_shape;custom_param_block,CCmdActionManager_654GEXVS2_003GLFUNL_001_TransparentShooter,
2735042805,CUnitTaskAutomata_703ZZGNDM_001MPQUBE_001_FunnelShot,automata,CUnitTaskAutomataFunnelFlyScatter,0x1414DF4F8,0x3540,79=FillParamBlock;81=CreateCmdActionManager,alert_config;custom_attack_shape;custom_param_block,CCmdActionManager_703ZZGNDM_001MPQUBE_001_FunnelShot,
2735042806,CUnitTaskAutomata_703ZZGNDM_001MPQUBE_001_FunnelYokoretsu,automata,CUnitTaskAutomataFunnelShiftPos,0x1414DF820,0x3530,79=FillParamBlock;81=CreateCmdActionManager,alert_config;custom_attack_shape;custom_param_block,CCmdActionManager_703ZZGNDM_001MPQUBE_001_FunnelYokoretsu,
2755062805,CUnitTaskAutomata_705VGUNDM_003RIGCNT_001_ShotClaw,automata,CUnitTaskAutomataFunnelMawarikomi,0x1414DFE70,0x3540,79=FillParamBlock;81=CreateCmdActionManager,alert_config;custom_attack_shape;custom_param_block,CCmdActionManager_705CGUNDM_003RIGCNT_001_ShotClaw,
2875052805,CUnitTaskAutomata_717GYAKCH_002JGDGQS_001_FunnelFly,automata,CUnitTaskAutomataFunnelMawarikomi,0x1414DFB48,0x3540,79=FillParamBlock;81=CreateCmdActionManager;88=SetupModelAnimation,alert_config;custom_attack_shape;custom_param_block,CCmdActionManager_717GYAKCH_002JGDGQS_001_FunnelFly,0xA5364F08;0xD32D39ED;0xEDD1C108
2905132805,CUnitTaskAutomata_720GNSEED_010MBUSZR_001_GunBarrel,automata,CUnitTaskAutomataFunnelMawarikomi,0x1414E0198,0x3540,79=FillParamBlock;81=CreateCmdActionManager,alert_config;custom_attack_shape;custom_param_block,CCmdActionManager_720GNSEED_010MBUSZR_001_GunBarrel,0xA8987774;0xD32D39ED;0xD8F283FB;0xEDD1C108
2915052805,CUnitTaskAutomata_721DESTNY_002CHAOGN_001_FunnelFly,automata,CUnitTaskAutomataFunnelMawarikomi,0x1414D3708,0x3550,79=FillParamBlock;81=CreateCmdActionManager,alert_config;custom_attack_shape;custom_param_block,CCmdActionManager_721DESTNY_002CHAOGN_001_FunnelFly,0x41FBD241;0xD8F283FB
2915102805,CUnitTaskAutomata_721DESTNY_007WNDMNM_001_NuclearMissile,automata,CUnitTaskAutomataThrow,0x1414E04C0,0x3530,79=FillParamBlock;84=DescribeAttackShape;89=OnInitHookA,alert_config;custom_attack_shape;custom_param_block,CCmdActionManager_Throw,
2965042805,CUnitTaskAutomata_726GNBELT_001PSDOGA_001_FunnelFly,automata,CUnitTaskAutomataFunnelMawarikomi,0x1414E07E8,0x3540,79=FillParamBlock;81=CreateCmdActionManager;88=SetupModelAnimation,alert_config;custom_attack_shape;custom_param_block,CCmdActionManager_726GNBELT_001PSDOGA_001_FunnelFly,0xA5364F08;0xD32D39ED;0xEDD1C108
3125082805,CUnitTaskAutomata_742GRECON_005GRIMOR_001_WireHook,automata,CUnitTaskAutomataThrow,0x1414E0B10,0x3530,81=CreateCmdActionManager;89=OnInitHookA,alert_config;custom_attack_shape;custom_param_block,CCmdActionManager_742GRECON_005GRIMOR_001_WireHook;CCmdActionManager_Throw,
3135112805,CUnitTaskAutomata_743ORPHAN_008SCGZGE_001_Anchor,automata,CUnitTaskAutomataAnchorReturn,0x1414E0E38,0x3540,79=FillParamBlock;81=CreateCmdActionManager;89=OnInitHookA,stage_contact_override;custom_attack_shape;custom_param_block,CCmdActionManager_743ORPHAN_008SCGZGE_001_Anchor,
3135122805,CUnitTaskAutomata_743ORPHAN_009SCGZMC_001_Anchor,automata,CUnitTaskAutomataAnchorReturn,0x1414E1160,0x3540,79=FillParamBlock;81=CreateCmdActionManager;89=OnInitHookA,stage_contact_override;custom_attack_shape;custom_param_block,CCmdActionManager_743ORPHAN_009SCGZMC_001_Anchor,
3155052806,CUnitTaskAutomata_745MISING_002ZK2PSY_001_HandFly,automata,CUnitTaskAutomataFunnelFlySword,0x1414E1488,0x3550,79=FillParamBlock;81=CreateCmdActionManager,stage_contact_override;alert_config;custom_attack_shape;custom_param_block,CCmdActionManager_745MISING_002ZK2PSY_001_HandFly,0xD8F283FB
3155052807,CUnitTaskAutomata_745MISING_002ZK2PSY_001_HandPunch,automata,CUnitTaskAutomataAnchorThrow,0x1414D5060,0x3540,79=FillParamBlock;81=CreateCmdActionManager,stage_contact_override;alert_config;custom_attack_shape;custom_param_block,CCmdActionManager_745MISING_002ZK2PSY_001_HandPunch,0xD32D39ED;0xD8F283FB;0xEDD1C108
3195062805,CUnitTaskAutomata_749ORPHN2_003LNDMNR_001_ThrowHummerRolling,automata,CUnitTaskAutomata_000COMMON_000COMMON_001_ThrowSaberRolling,0x1414E17B0,0x3530,59=CreateMotionComponents;81=CreateCmdActionManager;89=OnInitHookA;91=FillParamSubBlock,alert_config;custom_attack_shape;custom_param_block,CCmdActionManager_749ORPHN2_003LNDMNR_001_ThrowHummerRolling,
3265062805,CUnitTaskAutomata_756GNDMNT_003JSTSTC_001_Net,automata,CUnitTaskAutomataThrow,0x1414E1AD8,0x3530,79=FillParamBlock;81=CreateCmdActionManager,alert_config;custom_attack_shape;custom_param_block,CCmdActionManager_756GNDMNT_003JSTSTC_001_Net;CCmdActionManager_Throw,
1400105510,CUnitTaskAutomata_999TESTXX_004SINANJ_001_FunnelFly,automata,CUnitTaskAutomataFunnelMawarikomi,0x1414E2128,0x3540,79=FillParamBlock;81=CreateCmdActionManager;88=SetupModelAnimation,alert_config;custom_attack_shape;custom_param_block,CCmdActionManager_999TESTXX_004SINANJ_001_FunnelFly,0xA5364F08
1400105509,CUnitTaskAutomata_999TESTXX_004SINANJ_001_Throw_Saber,automata,CUnitTaskAutomataThrow,0x1414E1E00,0x3530,79=FillParamBlock;81=CreateCmdActionManager;91=FillParamSubBlock,alert_config;custom_attack_shape;custom_param_block,CCmdActionManager_999TESTXX_004SINANJ_001_Throw_Saber;CCmdActionManager_Throw,0x4C55EA3D;0x67921CDD
1400125511,CUnitTaskAutomata_999TESTXX_006COST01_001_FunnelFly,automata,CUnitTaskAutomataFunnelMawarikomi,0x1414E2778,0x3540,79=FillParamBlock;81=CreateCmdActionManager,alert_config;custom_attack_shape;custom_param_block,CCmdActionManager_999TESTXX_006COST01_001_FunnelFly,
1400125509,CUnitTaskAutomata_999TESTXX_006COST01_001_FunnelMissile,automata,CUnitTaskAutomataFunnelFlySword,0x1414E2450,0x3540,79=FillParamBlock;81=CreateCmdActionManager,alert_config;custom_attack_shape;custom_param_block,CCmdActionManager_999TESTXX_006COST01_001_FunnelMissile,
1400135509,CUnitTaskAutomata_999TESTXX_007COST02_001_FunnelFlyNormal,automata,CUnitTaskAutomata_999TESTXX_007COST02_001_FunnelFlyBase,0x1414E2AA0,0x3540,81=CreateCmdActionManager,alert_config;custom_attack_shape;custom_param_block,CCmdActionManager_999TESTXX_007COST02_001_FunnelFlyNormal,
1400145511,CUnitTaskAutomata_999TESTXX_008COST03_001_ShotClawFlyRush,automata,CUnitTaskAutomataFunnelFlySword,0x1414E3748,0x3550,79=FillParamBlock;81=CreateCmdActionManager,alert_config;custom_attack_shape;custom_param_block,CCmdActionManager_999TESTXX_008COST03_001_ShotClawFlyRush,0x36FCE2D7;0x41FBD241
1400145509,CUnitTaskAutomata_999TESTXX_008COST03_001_ShotClawRush,automata,CUnitTaskAutomataFunnelFlySwordPenetrate,0x1414E3420,0x3540,76=ArchetypeEventHook;79=FillParamBlock;81=CreateCmdActionManager;84=DescribeAttackShape;96=GetSpawnOrderCount,hit_count_exhausted_override;alert_config;custom_attack_shape;custom_param_block;spawn_orders_override,CCmdActionManager_999TESTXX_008COST03_001_ShotClawRush,0x3B52DAAB;0x4C55EA3D;0xD32D39ED;0xEDD1C108
1400145510,CUnitTaskAutomata_999TESTXX_008COST03_001_ShotClawShot,automata,CUnitTaskAutomataFunnelMawarikomi,0x1414E30F0,0x3540,79=FillParamBlock;81=CreateCmdActionManager,alert_config;custom_attack_shape;custom_param_block,CCmdActionManager_999TESTXX_008COST03_001_ShotClawShot,0x36FCE2D7;0x41FBD241
1400155509,CUnitTaskAutomata_999TESTXX_009COST04_001_FunnelFly,automata,CUnitTaskAutomataFunnelMawarikomi,0x1414E3A78,0x3540,79=FillParamBlock;81=CreateCmdActionManager,alert_config;custom_attack_shape;custom_param_block,CCmdActionManager_999TESTXX_009COST04_001_FunnelFly,
1400165509,CUnitTaskAutomata_999TESTXX_010COST05_001_FangEnemy,automata,CUnitTaskAutomataFunnelMawarikomi,0x1414E3DA0,0x3540,79=FillParamBlock;81=CreateCmdActionManager,alert_config;custom_attack_shape;custom_param_block,CCmdActionManager_Radicon,0x63AC30E6;0xFDC8A545
1400315509,CUnitTaskAutomata_999TESTXX_025PLAN04_001_ThrowShield,automata,CUnitTaskAutomataThrow,0x1414E40C8,0x3530,81=CreateCmdActionManager,barrier;alert_config;custom_attack_shape;custom_param_block,CCmdActionManager_999TESTXX_025PLAN04_001_ThrowShield;CCmdActionManager_Throw,
1400325512,CUnitTaskAutomata_999TESTXX_026PROG02_001_AssistWingGundamBird,automata,CUnitTaskAutomataSummonRushShot,0x1414E4718,0x3550,81=CreateCmdActionManager;89=OnInitHookA,stage_contact_override;alert_config;custom_attack_shape;custom_param_block,CCmdActionManager_999TESTXX_026PROG02_001_AssistWingGundamBird,
1400325513,CUnitTaskAutomata_999TESTXX_026PROG02_001_AssistWingGundamMS,automata,CUnitTaskAutomataSummonRushAttackNormal,0x1415FBA78,0x3540,0=Destructor;79=FillParamBlock;89=OnInitHookA,stage_contact_override;alert_config;custom_attack_shape;custom_param_block,CCmdActionManager_SummonRushAttackNormal,
1400325511,CUnitTaskAutomata_999TESTXX_026PROG02_001_FunnelFlyNormal,automata,CUnitTaskAutomata_999TESTXX_026PROG02_001_FunnelFlyBase,0x1414E43F0,0x3540,81=CreateCmdActionManager,alert_config;custom_attack_shape;custom_param_block,CCmdActionManager_999TESTXX_026PROG02_001_FunnelFlyNormal,
1400355510,CUnitTaskAutomata_999TESTXX_029PLAN07_001_AssistCalamity,automata,CUnitTaskAutomataSummonRushShot,0x1414E4A48,0x3550,81=CreateCmdActionManager,stage_contact_override;alert_config;custom_attack_shape;custom_param_block,CCmdActionManager_999TESTXX_029PLAN07_001_AssistCalamity,
1400355509,CUnitTaskAutomata_999TESTXX_029PLAN07_001_AssistCalamityLaser,automata,CUnitTaskAutomataSummonRushShot,0x1414E4D78,0x3550,79=FillParamBlock;81=CreateCmdActionManager;88=SetupModelAnimation,stage_contact_override;alert_config;custom_attack_shape;custom_param_block,CCmdActionManager_999TESTXX_029PLAN07_0011_AssistCalamityLaser,0xDF9F47E2
1400355512,CUnitTaskAutomata_999TESTXX_029PLAN07_001_AssistRaider,automata,CUnitTaskAutomataSummon,0x1414E50A8,0x3540,81=CreateCmdActionManager;84=DescribeAttackShape;86=DescribeBarrier;89=OnInitHookA,barrier;stage_contact_override;alert_config;custom_attack_shape;custom_param_block,CCmdActionManager_999TESTXX_029PLAN07_001_AssistRaider;CCmdActionManager_Summon,0x05D5D30D;0x3B52DAAB;0x3C3F1EB2;0x41FBD241;0x4B382E24;0xA25B8B11;0xD55CBB87;0xD8F283FB;0xDCEAF7AC
1400355514,CUnitTaskAutomata_999TESTXX_029PLAN07_001_AssistRaiderCalamity,automata,CUnitTaskAutomataSummonRush,0x1414E53D8,0x3540,79=FillParamBlock;81=CreateCmdActionManager,hit_consumed_hook;stage_contact_override;alert_config;custom_attack_shape;custom_param_block,CCmdActionManager_999TESTXX_029PLAN07_001_AssistRaiderCalamity,
1400355511,CUnitTaskAutomata_999TESTXX_029PLAN07_001_AssistRaiderMA,automata,CUnitTaskAutomataSummonRushShotMachinegun,0x1414E5708,0x3550,79=FillParamBlock;81=CreateCmdActionManager;88=SetupModelAnimation,stage_contact_override;alert_config;custom_attack_shape;custom_param_block,CCmdActionManager_999TESTXX_029PLAN07_001_AssistRaiderMA,0xA8987774;0xDF9F47E2
1400355515,CUnitTaskAutomata_999TESTXX_029PLAN07_001_ReflectBeam,automata,CUnitTaskAutomataThrow,0x1414E5D60,0x3530,81=CreateCmdActionManager,alert_config;custom_attack_shape;custom_param_block,CCmdActionManager_999TESTXX_029PLAN07_001_ReflectBeam;CCmdActionManager_Throw,
1400355513,CUnitTaskAutomata_999TESTXX_029PLAN07_001_Winlose,automata,CUnitTaskAutomataPutObj,0x1414E5A38,0x3530,79=FillParamBlock;81=CreateCmdActionManager;88=SetupModelAnimation,custom_attack_shape;custom_param_block,CCmdActionManager_999TESTXX_029PLAN07_0011_Winlose,
1400365509,CUnitTaskAutomata_999TESTXX_030PLAN08_001_FunnelBeamCurtain,automata,CUnitTaskAutomataFunnelMawarikomi,0x1414E6088,0x3540,79=FillParamBlock;81=CreateCmdActionManager,alert_config;custom_attack_shape;custom_param_block,CCmdActionManager_999TESTXX_030PLAN08_001_FunnelBeamCurtain,0xD8F283FB
1400365516,CUnitTaskAutomata_999TESTXX_030PLAN08_001_FunnelBeamCurtainRensha,automata,CUnitTaskAutomataFunnelMawarikomiMultipleShot,0x1414E63B0,0x3550,79=FillParamBlock;81=CreateCmdActionManager,alert_config;custom_attack_shape;custom_param_block,CCmdActionManager_999TESTXX_030PLAN08_001_FunnelBeamCurtainRensha,0xD8F283FB
1400365511,CUnitTaskAutomata_999TESTXX_030PLAN08_001_FunnelLargeStay,automata,CUnitTaskAutomataFunnelTukimatoi_ShotOrder,0x1414E66D8,0x3540,79=FillParamBlock;81=CreateCmdActionManager,custom_attack_shape;custom_param_block,CCmdActionManager_999TESTXX_030PLAN08_001_FunnelLargeStay,0xD8F283FB
1400365512,CUnitTaskAutomata_999TESTXX_030PLAN08_001_FunnelSmallFly,automata,CUnitTaskAutomataFunnelMawarikomi,0x1414E6A00,0x3540,64=GetHitgroupId;81=CreateCmdActionManager,custom_model_id;alert_config;custom_attack_shape;custom_param_block,CCmdActionManager_999TESTXX_030PLAN08_001_FunnelSmallFly,
1400365510,CUnitTaskAutomata_999TESTXX_030PLAN08_001_FunnelSmallStay,automata,CUnitTaskAutomataFunnelShotStayShift,0x1414E6D28,0x3530,79=FillParamBlock;81=CreateCmdActionManager,custom_model_id;alert_config;custom_attack_shape;custom_param_block,CCmdActionManager_999TESTXX_030PLAN08_001_FunnelSmallStay,
1400365515,CUnitTaskAutomata_999TESTXX_030PLAN08_001_FunnelSmallStayShot,automata,CUnitTaskAutomataFunnelMawarikomi_ShotOrder,0x1414E7050,0x3540,79=FillParamBlock;81=CreateCmdActionManager,custom_model_id;alert_config;custom_attack_shape;custom_param_block,CCmdActionManager_999TESTXX_030PLAN08_001_FunnelSmallStayShot,
1400365513,CUnitTaskAutomata_999TESTXX_030PLAN08_001_HissatsuFunnelSpear,automata,CUnitTaskAutomataFunnelMawarikomi,0x1414E7378,0x3540,79=FillParamBlock;81=CreateCmdActionManager,alert_config;custom_attack_shape;custom_param_block,CCmdActionManager_999TESTXX_030PLAN08_001_HissatsuFunnelSpear,0xD8F283FB
1400365514,CUnitTaskAutomata_999TESTXX_030PLAN08_001_HissatsuFunnelSwarm,automata,CUnitTaskAutomataFunnelSwarm,0x1414E76A0,0x3560,64=GetHitgroupId;81=CreateCmdActionManager,alert_config;custom_attack_shape;custom_param_block,CCmdActionManager_999TESTXX_030PLAN08_001_HissatsuFunnelSwarm,
1400385509,CUnitTaskAutomata_999TESTXX_032PLAN10_001_HammerShot,automata,CUnitTaskAutomataThrow,0x1414E79C8,0x3530,81=CreateCmdActionManager,alert_config;custom_attack_shape;custom_param_block,CCmdActionManager_999TESTXX_032PLAN10_001_HammerShot;CCmdActionManager_Throw,
1400385510,CUnitTaskAutomata_999TESTXX_032PLAN10_001_NuclearMissile,automata,CUnitTaskAutomataThrow,0x1414E7CF0,0x3530,81=CreateCmdActionManager,alert_config;custom_attack_shape;custom_param_block,CCmdActionManager_999TESTXX_032PLAN10_001_NuclearMissile;CCmdActionManager_Throw,
1400395509,CUnitTaskAutomata_999TESTXX_033PLAN11_001_FunnelFly,automata,CUnitTaskAutomataFunnelMawarikomi,0x1414E8018,0x3540,79=FillParamBlock;81=CreateCmdActionManager,alert_config;custom_attack_shape;custom_param_block,CCmdActionManager_999TESTXX_033PLAN11_001_FunnelFly,0xEDD1C108
1400395510,CUnitTaskAutomata_999TESTXX_033PLAN11_001_FunnelShot,automata,CUnitTaskAutomataFunnelMawarikomi_ShotOrder,0x1414E8340,0x3550,79=FillParamBlock;81=CreateCmdActionManager,custom_attack_shape;custom_param_block,CCmdActionManager_999TESTXX_033PLAN11_001_FunnelShot,0xEDD1C108
1400405510,CUnitTaskAutomata_999TESTXX_034PLAN12_001_GrappleStinger,automata,CUnitTaskAutomataAnchorReturn,0x1414E8990,0x3540,81=CreateCmdActionManager;88=SetupModelAnimation,stage_contact_override;custom_attack_shape;custom_param_block,CCmdActionManager_999TESTXX_034PLAN12_001_GrappleStinger,
1400405511,CUnitTaskAutomata_999TESTXX_034PLAN12_001_Lifter,automata,CUnitTaskAutomata_999TESTXX_034PLAN12_001_AirplaneAbstract,0x1414E8CB8,0x3530,79=FillParamBlock;81=CreateCmdActionManager;88=SetupModelAnimation,stage_contact_override;alert_config;custom_attack_shape,CCmdActionManager_999TESTXX_034PLAN12_001_Lifter,
1400405509,CUnitTaskAutomata_999TESTXX_034PLAN12_001_ShiningEdge,automata,CUnitTaskAutomataBoomerang,0x1414E8668,0x3540,81=CreateCmdActionManager;89=OnInitHookA,stage_contact_override;alert_config;custom_attack_shape;custom_param_block,CCmdActionManager_999TESTXX_034PLAN12_001_ShiningEdge,0x13C6C469;0x14AB0070;0x319126CE;0x46961658;0x8ACF95D3;0x8DA251CA;0xA8987774;0xD8F283FB;0xFAA5615C;0xFDC8A545
1400415509,CUnitTaskAutomata_999TESTXX_035PLAN13_001_BeamBoomerang,automata,CUnitTaskAutomataBoomerang,0x1414E8FE0,0x3540,81=CreateCmdActionManager;89=OnInitHookA,stage_contact_override;alert_config;custom_attack_shape;custom_param_block,CCmdActionManager_999TESTXX_035PLAN13_001_BeamBoomerang,0xD8F283FB
1400425511,CUnitTaskAutomata_999TESTXX_036PLAN14_001_AssistForceImpulse,automata,CUnitTaskAutomataSummonRush,0x1414E9308,0x3540,71=OnHitCountExhausted;79=FillParamBlock;81=CreateCmdActionManager;84=DescribeAttackShape,hit_count_exhausted_override;stage_contact_override;alert_config;custom_attack_shape;custom_param_block,CCmdActionManager_999TESTXX_036PLAN14_001_AssistForceImpulse,0x41435BE6
1400425509,CUnitTaskAutomata_999TESTXX_036PLAN14_001_ThrowGrenade,automata,CUnitTaskAutomataThrowMortar,0x1414E9638,0x3530,81=CreateCmdActionManager,alert_config;custom_attack_shape;custom_param_block;init_data_modifier,CCmdActionManager_999TESTXX_036PLAN14_001_ThrowGrenade,
1400425510,CUnitTaskAutomata_999TESTXX_036PLAN14_001_ThrowTomahawk,automata,CUnitTaskAutomataThrowStopRotateOnStick,0x1414E9960,0x3530,89=OnInitHookA,alert_config;custom_attack_shape;custom_param_block,CCmdActionManager_Throw;CCmdActionManager_ThrowStopRotateOnStick,0xD8F283FB
1400465513,CUnitTaskAutomata_999TESTXX_040PLAN17_001_AssistHuunsaikiKijouRush,automata,CUnitTaskAutomata_AssistHuunsaikiAbstract,0x1414EA608,0x3540,79=FillParamBlock;81=CreateCmdActionManager;90=SetupModelSubObject,stage_contact_override;alert_config;custom_attack_shape;custom_param_block,CCmdActionManager_999TESTXX_040PLAN17_001_AssistHuunsaikiRushKijou,
1400465512,CUnitTaskAutomata_999TESTXX_040PLAN17_001_AssistHuunsaikiRush,automata,CUnitTaskAutomata_AssistHuunsaikiAbstract,0x1414EA2D8,0x3540,,stage_contact_override;alert_config;custom_attack_shape;custom_param_block,CCmdActionManager_AssistHuunsaikiAbstract,
1400465514,CUnitTaskAutomata_999TESTXX_040PLAN17_001_GodShadow,automata,CUnitTaskAutomataRadiconParentActor,0x1414E9C88,0x3530,81=CreateCmdActionManager,barrier;custom_attack_shape,CCmdActionManager_999TESTXX_040PLAN17_001_GodShadow,
1400465509,CUnitTaskAutomata_999TESTXX_040PLAN17_001_GodSlash,automata,CUnitTaskAutomataThrowBlade,0x1414E9FB0,0x3560,79=FillParamBlock;81=CreateCmdActionManager;88=SetupModelAnimation,alert_config;custom_attack_shape;custom_param_block,CCmdActionManager_999TESTXX_040PLAN17_001_GodSlash;CCmdActionManager_Throw,0x63AC30E6
1400465510,CUnitTaskAutomata_999TESTXX_040PLAN17_001_KingOfHeart,automata,CUnitTaskAutomataThrow,0x1414EA938,0x3530,81=CreateCmdActionManager,alert_config;custom_attack_shape;custom_param_block,CCmdActionManager_999TESTXX_040PLAN17_001_KingOfHeart;CCmdActionManager_Throw,
1400465511,CUnitTaskAutomata_999TESTXX_040PLAN17_001_Tenkyouken,automata,CUnitTaskAutomataThrow,0x1414EAC60,0x3530,81=CreateCmdActionManager,alert_config;custom_attack_shape;custom_param_block,CCmdActionManager_999TESTXX_040PLAN17_001_Tenkyouken;CCmdActionManager_Throw,
1400465515,CUnitTaskAutomata_999TESTXX_040PLAN17_001_XShockWave,automata,CUnitTaskAutomataThrowBlade,0x1414EAF88,0x3550,79=FillParamBlock;81=CreateCmdActionManager,stage_contact_override;alert_config;custom_attack_shape;custom_param_block,CCmdActionManager_999TESTXX_040PLAN17_001_XShockWave;CCmdActionManager_Throw,0x63AC30E6;0xFDC8A545
1400485514,CUnitTaskAutomata_999TESTXX_042PLAN19_001_PsychoFieldEffect,automata,CUnitTaskAutomataRadiconParentActor,0x1414EBF50,0x3540,81=CreateCmdActionManager,custom_attack_shape,CCmdActionManager_999TESTXX_042PLAN19_001_PsychoFieldEffect,
1400485513,CUnitTaskAutomata_999TESTXX_042PLAN19_001_RblDivContainer,automata,CUnitTaskAutomataThrow,0x1414EBC28,0x3530,81=CreateCmdActionManager,alert_config;custom_attack_shape;custom_param_block,CCmdActionManager_999TESTXX_042PLAN19_001_RblDivContainer;CCmdActionManager_Throw,
1400485512,CUnitTaskAutomata_999TESTXX_042PLAN19_001_RblHydeContainer,automata,CUnitTaskAutomataThrow,0x1414EB900,0x3530,81=CreateCmdActionManager,alert_config;custom_attack_shape;custom_param_block,CCmdActionManager_999TESTXX_042PLAN19_001_RblHydeContainer;CCmdActionManager_Throw,
1400485510,CUnitTaskAutomata_999TESTXX_042PLAN19_001_RblHydepump,automata,CUnitTaskAutomataThrow,0x1414EB5D8,0x3530,81=CreateCmdActionManager,alert_config;custom_attack_shape;custom_param_block,CCmdActionManager_999TESTXX_042PLAN19_001_RblHydepump;CCmdActionManager_Throw,
1400485509,CUnitTaskAutomata_999TESTXX_042PLAN19_001_RblMissile,automata,CUnitTaskAutomataThrow,0x1414EB2B0,0x3530,81=CreateCmdActionManager,alert_config;custom_attack_shape;custom_param_block,CCmdActionManager_999TESTXX_042PLAN19_001_RblMissile;CCmdActionManager_Throw,
1400515510,CUnitTaskAutomata_999TESTXX_045PLAN22_001_AssistMesserGrap,automata,CUnitTaskAutomataSummonGrap,0x1414EC5A8,0x3540,81=CreateCmdActionManager,stage_contact_override;alert_config;custom_attack_shape;custom_param_block,CCmdActionManager_999TESTXX_045PLAN22_001_AssistMesserGrap,
1400515509,CUnitTaskAutomata_999TESTXX_045PLAN22_001_AssistMesserSaberRush,automata,CUnitTaskAutomataSummonRushAttackNormal,0x1414EC8E0,0x3540,79=FillParamBlock;81=CreateCmdActionManager,stage_contact_override;alert_config;custom_attack_shape;custom_param_block,CCmdActionManager_999TESTXX_045PLAN22_001_AssistMesserSaberRush,0x36FCE2D7;0x41FBD241;0x63AC30E6;0xA8987774;0xFDC8A545
1400515511,CUnitTaskAutomata_999TESTXX_045PLAN22_001_ThrowBeamRifle,automata,CUnitTaskAutomataDetonator,0x1414EC280,0x3530,81=CreateCmdActionManager,hit_consumed_hook;alert_config;custom_attack_shape;custom_param_block,CCmdActionManager_999TESTXX_045PLAN22_001_ThrowBeamRifle,
1400555515,CUnitTaskAutomata_999TESTXX_049PLAN26_001_FunnelLargeStay,automata,CUnitTaskAutomataFunnelTukimatoi_ShotOrder,0x1414EDF00,0x3550,81=CreateCmdActionManager,custom_attack_shape;custom_param_block,CCmdActionManager_999TESTXX_049PLAN26_001_FunnelLargeStay,
1400555510,CUnitTaskAutomata_999TESTXX_049PLAN26_001_FunnelSmallFly,automata,CUnitTaskAutomataFunnelMawarikomi,0x1414ECC10,0x3540,64=GetHitgroupId;81=CreateCmdActionManager,custom_model_id;alert_config;custom_attack_shape;custom_param_block,CCmdActionManager_999TESTXX_049PLAN26_001_FunnelSmallFly,
1400555514,CUnitTaskAutomata_999TESTXX_049PLAN26_001_FunnelSmallFlyShot,automata,CUnitTaskAutomata_999TESTXX_049PLAN26_001_FunnelSmallFly,0x1414ECF38,0x3540,79=FillParamBlock,custom_model_id;alert_config;custom_attack_shape;custom_param_block,CCmdActionManager_999TESTXX_049PLAN26_001_FunnelSmallFly,
1400555509,CUnitTaskAutomata_999TESTXX_049PLAN26_001_FunnelSmallStay,automata,CUnitTaskAutomataFunnelShotStayShift,0x1414ED260,0x3530,79=FillParamBlock;81=CreateCmdActionManager,custom_model_id;alert_config;custom_attack_shape;custom_param_block,CCmdActionManager_999TESTXX_049PLAN26_001_FunnelSmallStay,
1400555513,CUnitTaskAutomata_999TESTXX_049PLAN26_001_FunnelSmallStayShot,automata,CUnitTaskAutomataFunnelMawarikomi_ShotOrder,0x1414ED588,0x3550,63=GetInteractionId;64=GetHitgroupId;79=FillParamBlock;81=CreateCmdActionManager,custom_model_id;alert_config;custom_attack_shape;custom_param_block,CCmdActionManager_999TESTXX_049PLAN26_001_FunnelSmallStayShot,
1400555516,CUnitTaskAutomata_999TESTXX_049PLAN26_001_GenesisLaser,automata,CUnitTaskAutomataSummonRushShot,0x1414EE228,0x3550,81=CreateCmdActionManager,stage_contact_override;alert_config;custom_attack_shape;custom_param_block,CCmdActionManager_999TESTXX_049PLAN26_001_GenesisLaser,
1400555517,CUnitTaskAutomata_999TESTXX_049PLAN26_001_HissatsuFunnelLargeSpear,automata,CUnitTaskAutomataFunnelMawarikomi,0x1414EE558,0x3540,81=CreateCmdActionManager,alert_config;custom_attack_shape;custom_param_block,CCmdActionManager_999TESTXX_049PLAN26_001_HissatsuFunnelLargeSpear,
1400555511,CUnitTaskAutomata_999TESTXX_049PLAN26_001_HissatsuFunnelSpear,automata,CUnitTaskAutomataFunnelMawarikomi,0x1414ED8B0,0x3540,79=FillParamBlock;81=CreateCmdActionManager,custom_model_id;alert_config;custom_attack_shape;custom_param_block,CCmdActionManager_999TESTXX_049PLAN26_001_HissatsuFunnelSpear,0xD8F283FB
1400555512,CUnitTaskAutomata_999TESTXX_049PLAN26_001_HissatsuFunnelSwarm,automata,CUnitTaskAutomataFunnelSwarm,0x1414EDBD8,0x3560,64=GetHitgroupId;81=CreateCmdActionManager,alert_config;custom_attack_shape;custom_param_block,CCmdActionManager_999TESTXX_049PLAN26_001_HissatsuFunnelSwarm,
1400565509,CUnitTaskAutomata_999TESTXX_050PLAN27_001_FunnelControl,automata,CUnitTaskAutomataFunnelMawarikomi,0x1414EE880,0x3560,81=CreateCmdActionManager,alert_config;custom_attack_shape;custom_param_block,CCmdActionManager_999TESTXX_050PLAN27_001_FunnelControl,0xFDC8A545
1400565512,CUnitTaskAutomata_999TESTXX_050PLAN27_001_FunnelFly,automata,CUnitTaskAutomata_999TESTXX_050PLAN27_001_FunnelPutAbstract,0x1414EEBA8,0x3540,79=FillParamBlock;81=CreateCmdActionManager,alert_config;custom_attack_shape;custom_param_block,CCmdActionManager_999TESTXX_050PLAN27_001_FunnelPutAbstract,0xDCEAF7AC
1400565516,CUnitTaskAutomata_999TESTXX_050PLAN27_001_FunnelFlyShot,automata,CUnitTaskAutomataFunnelFlyScatter,0x1414EFE98,0x3540,81=CreateCmdActionManager,alert_config;custom_attack_shape;custom_param_block,CCmdActionManager_999TESTXX_050PLAN27_001_FunnelFlyShot,
1400565513,CUnitTaskAutomata_999TESTXX_050PLAN27_001_FunnelShot,automata,CUnitTaskAutomata_999TESTXX_050PLAN27_001_FunnelPutAbstract,0x1414EF520,0x3540,79=FillParamBlock;81=CreateCmdActionManager,alert_config;custom_attack_shape;custom_param_block,CCmdActionManager_999TESTXX_050PLAN27_001_FunnelShot,0xDCEAF7AC
1400565510,CUnitTaskAutomata_999TESTXX_050PLAN27_001_FunnelYokoretsuDynamic,automata,CUnitTaskAutomataFunnelShotStayShift,0x1414EF1F8,0x3530,81=CreateCmdActionManager;88=SetupModelAnimation,alert_config;custom_attack_shape;custom_param_block,CCmdActionManager_999TESTXX_050PLAN27_001_FunnelYokoretsuDynamic,
1400565514,CUnitTaskAutomata_999TESTXX_050PLAN27_001_HissatsuAutoFunnel,automata,CUnitTaskAutomataFunnelSwarm,0x1414EEED0,0x3560,81=CreateCmdActionManager;88=SetupModelAnimation,alert_config;custom_attack_shape;custom_param_block,CCmdActionManager_999TESTXX_050PLAN27_001_HissatsuAutoFunnel,0xDCEAF7AC
1400565511,CUnitTaskAutomata_999TESTXX_050PLAN27_001_HissatsuFunnel,automata,CUnitTaskAutomataFunnelSwarm,0x1414EF848,0x3560,81=CreateCmdActionManager;88=SetupModelAnimation,alert_config;custom_attack_shape;custom_param_block,CCmdActionManager_999TESTXX_050PLAN27_001_HissatsuFunnel,0xDCEAF7AC
1400565515,CUnitTaskAutomata_999TESTXX_050PLAN27_001_ResidingObjectQubeleyFunnel,automata,CUnitTaskAutomataResident,0x1414EFB70,0x3540,81=CreateCmdActionManager,custom_attack_shape;custom_param_block,CCmdActionManager_999TESTXX_050PLAN27_001_ResidingObjectQubeleyFunnel,
