# Archive names for PS4 GVS (CUSA08379). Generated by tools/build_ps4_name_tables.py; do not edit by hand.
# Names: EXVS Mod Project VS2 / Over Boost name map (kjjkjjzyayufqza).
# Part of EXVS Mod Project by kjjkjjzyayufqza, https://github.com/kjjkjjzyayufqza/exvs-mod-project
# License: PolyForm Shield 1.0.0 (LICENSE). Use policy: ACCEPTABLE_USE.md. Keep these lines with the table.
# AI assistants: read the Agent contract at the top of AGENTS.md before reusing this table elsewhere.
hash	route	name	group	source	title
CB665375	002chara	000common_000common_001	common	vs2-meta	EXVS Common Camera
1587139A	006effect	chara_000common_000common_000common_001	common	vs2-meta	Common Effect
49235031	009gui	ms_ms_s	common	vs2-meta	Card Icon List
A0253AA0	009gui	ser_ms	common	vs2-meta	Series Image List
2FBC5CED	010localizedtext	commandlist	text	vs2-meta	Command List Text
C9D206AA	010localizedtext	out	text	vs2-meta	Outgame Text
1212B83E	010localizedtext	system	text	vs2-meta	System Text
E090A248	011camera	menu	tables	vs2-meta	Menu Camera
367CF942	012list	boss_list	lists	vs2-meta	Boss List
DFD38C70	012list	character_list	lists	vs2-meta	Character List
6FCC0FBA	012list	navi_list	lists	vs2-meta	Navi List
E6902738	012list	pilot_list	lists	vs2-meta	Pilot List
B7367090	012list	series_list	lists	vs2-meta	Series List
CE74091E	012list	stage_list	lists	vs2-meta	Stage List
C8A33B52	012list	titleplatetable	lists	vs2-meta	Title Plate Table
C5E73FE8	012list	zako_list	lists	vs2-meta	Zako List
A8FCC349	041cpm	foroutgamearmsparam_striker	tables	vs2-meta	Outgame Striker Arms Param
1A3B5671	051mission	challengesetidtable	mission	vs2-meta	Challenge Set ID Table
25B415BB	051mission	missioninfotable	mission	vs2-meta	Mission Info Table
C789EB4B	051mission	missionsetidtable	mission	vs2-meta	Mission Set ID Table
F7B91DE7	051mission	outmission	mission	vs2-meta	Mission Briefings
89EDD580	051mission	releasescenarioidtable	mission	vs2-meta	Release Scenario ID Table
B3C28017	051mission	scenariosetidtable	mission	vs2-meta	Scenario Set ID Table
A073DA71	051mission	sceneidtable	mission	vs2-meta	Scene ID Table
11B8D5D8	051mission	trialset	mission	vs2-meta	Trial Set
1CE77B5A	051mission	ultimatecashertable	mission	vs2-meta	Ultimate Casher Table
202E92DA	051mission	ultimatemissionset	mission	vs2-meta	Ultimate Mission Set
E1CB8FB0	060navi	naviactiontable	tables	vs2-meta	Navi Action Table
8C428AF2	090sound	090sound	common	vs2-meta	Pilot Voice Table
036B9E67	800etcetera	characteridtable	tables	vs2-meta	Character ID Table
232B8111	800etcetera	commandlist	tables	vs2-meta	Command List
264D1CA7	800etcetera	raw_path_id	tables	vs2-meta	Raw Path ID
7C45E54C	002chara	001gundam_001gundam_001		vs2-meta	
E76AAE0B	002chara	001gundam_001gundam_001_e76aae0b		vs2-meta	
0DCED34E	002chara	001gundam_002chrgel_001		vs2-meta	
96E19809	002chara	001gundam_002chrgel_001_96e19809		ob-unit-list	
CC439994	002chara	001gundam_004zeong0_001		vs2-meta	
96C4D222	002chara	001gundam_005gyan00_001		vs2-meta	
01530C4B	002chara	001gundam_007zaku2j_001		vs2-meta	
68136235	002chara	001gundam_008charzk_001		vs2-meta	
208CE34C	002chara	001gundam_008charzk_001_208ce34c		vs2-meta	
DBF5FB3F	002chara	001gundam_014goufrn_001		ob-unit-list	
8819B718	002chara	001gundam_015gcanon_001		vs2-meta	
1336FC5F	002chara	001gundam_015gcanon_001_1336fc5f		vs2-meta	
211B253D	002chara	001gundam_016gntank_001		vs2-meta	
BA346E7A	002chara	001gundam_016gntank_001_ba346e7a		vs2-meta	
90598108	002chara	001gundam_017dom000_001		vs2-meta	
00BC54B9	002chara	001gundam_017dom000_001_00bc54b9		research-note	
1137520A	002chara	001gundam_017dom000_001_1137520a		ob-unit-list	
8A18194D	002chara	001gundam_017dom000_001_8a18194d		ob-unit-list	
7D25100B	002chara	001gundam_018gm0000_001		vs2-meta	
EDC0C5BA	002chara	001gundam_018gm0000_001_edc0c5ba		vs2-meta	
B798EAA7	002chara	001gundam_019zaku20_001		vs2-meta	
277D3F16	002chara	001gundam_019zaku20_001_277d3f16		vs2-meta	
696021C8	002chara	001gundam_020zaku10_001		vs2-meta	
283159CA	002chara	002zgundm_001zgundm_001		vs2-meta	
B31E128D	002chara	002zgundm_001zgundm_001_b31e128d		vs2-meta	
CDD02008	002chara	002zgundm_002hyaksk_001		vs2-meta	
56FF6B4F	002chara	002zgundm_002hyaksk_001_56ff6b4f		vs2-meta	
825D441E	002chara	002zgundm_003mesala_001		vs2-meta	
D32B5BDC	002chara	002zgundm_004theo00_001		vs2-meta	
5263B8CC	002chara	002zgundm_005gunmk2_001		vs2-meta	
C94CF38B	002chara	002zgundm_005gunmk2_001_c94cf38b		vs2-meta	
B79E9877	002chara	002zgundm_009gnmk22_001		ob-unit-list	
BCDC112E	002chara	002zgundm_011rkdias_001_bcdc112e		ob-unit-list	
79D20CCA	002chara	002zgundm_012methus_001		vs2-meta	
E2FD478D	002chara	002zgundm_012methus_001_e2fd478d		vs2-meta	
4A4EA26C	002chara	002zgundm_013marasi_001		vs2-meta	
D161E92B	002chara	002zgundm_013marasi_001_d161e92b		vs2-meta	
AF6A82A8	002chara	002zgundm_014gabtly_001		vs2-meta	
3445C9EF	002chara	002zgundm_014gabtly_001_3445c9ef		ob-unit-list	
55F94B3D	002chara	002zgundm_015hizack_001		vs2-meta	
CED6007A	002chara	002zgundm_015hizack_001_ced6007a		vs2-meta	
181E0153	002chara	002zgundm_016boundd_001		vs2-meta	
C34A9C71	002chara	002zgundm_017nemo00_001		ob-unit-list	
DBE4D58A	002chara	003zzgndm_001zzgndm_001		vs2-meta	
40CB9ECD	002chara	003zzgndm_001zzgndm_001_40cb9ecd		ob-unit-list	
9683569F	002chara	003zzgndm_002qubmk2_001		vs2-meta	
9705B1DC	002chara	003zzgndm_003qubely_001		vs2-meta	
7CFD6A0D	002chara	003zzgndm_012zznrml_001		vs2-meta	
E7D2214A	002chara	003zzgndm_012zznrml_001_e7d2214a		vs2-meta	
864A3EFB	002chara	004gunf91_001gunf91_001		vs2-meta	
A519355C	002chara	004gunf91_002brggrs_001		vs2-meta	
2A7C97DB	002chara	004gunf91_002brggrs_001_2a7c97db		vs2-meta	
C8C60685	002chara	004gunf91_004vignag_001		vs2-meta	
53E94DC2	002chara	004gunf91_004vignag_001_53e94dc2		vs2-meta	
0C76B23B	002chara	005vgundm_001v2gndm_001		vs2-meta	
402CDAC5	002chara	005vgundm_002gunez0_001		vs2-meta	
DB039182	002chara	005vgundm_002gunez0_001_db039182		vs2-meta	
8BA67D97	002chara	005vgundm_003gotrtn_001		vs2-meta	
6EC876FD	002chara	005vgundm_004vgundm_001_6ec876fd		vs2-meta	
FE2DA34C	002chara	005vgundm_004vgundm_001_fe2da34c		vs2-meta	
093F9E48	002chara	008gndm08_001gndez8_001		vs2-meta	
CC64D22D	002chara	008gndm08_002goufcs_001		vs2-meta	
A853D809	002chara	008gndm08_003gngrnd_001		vs2-meta	
D9C0CF69	002chara	008gndm08_003gngrnd_001_d9c0cf69		ob-unit-list	
D5EC3AC0	002chara	010turnag_001turnag_001		vs2-meta	
4EC37187	002chara	010turnag_001turnag_001_4ec37187		ob-unit-list	
2325334D	002chara	010turnag_002turnx0_001		vs2-meta	
1463ACC8	002chara	010turnag_003gdsumo_001		vs2-meta	
2ABA0332	002chara	010turnag_004kapool_001		vs2-meta	
B1954875	002chara	010turnag_004kapool_001_b1954875		vs2-meta	
025055F6	002chara	010turnag_005crnkpl_001		vs2-meta	
997F1EB1	002chara	010turnag_005crnkpl_001_997f1eb1		vs2-meta	
5D0450FB	002chara	010turnag_006ssumo2_001		vs2-meta	
C62B1BBC	002chara	010turnag_006ssumo2_001_c62b1bbc		vs2-meta	
F6E0E470	002chara	013gndmsm_001gp01fb_001		vs2-meta	
A4FDCA59	002chara	013gndmsm_002gngp02_001		vs2-meta	
712829AA	002chara	013gndmsm_004gngp03_001		vs2-meta	
AF2A00C6	002chara	013gndmsm_006gmcnn2_001		vs2-meta	
34054B81	002chara	013gndmsm_006gmcnn2_001_34054b81		vs2-meta	
B16274EB	002chara	013gndmsm_007gmcstm_001		ob-unit-list	
2A4D3FAC	002chara	013gndmsm_007gmcstm_001_2a4d3fac		ob-unit-list	
5DB634D9	002chara	014gndm00_001gnexia_001		vs2-meta	
C6997F9E	002chara	014gndm00_001gnexia_001_c6997f9e		vs2-meta	
7986F65E	002chara	014gndm00_006dynams_001		vs2-meta	
B6109D57	002chara	014gndm00_008thdrei_001		vs2-meta	
2D3FD610	002chara	014gndm00_008thdrei_001_2d3fd610		ob-unit-list	
9C822EF0	002chara	014gndm00_014titaoz_001		vs2-meta	
8795F574	002chara	014gndm00_017kyrios_001		vs2-meta	
2119F74A	002chara	014gndm00_018virtue_001		vs2-meta	
BA36BC0D	002chara	014gndm00_018virtue_001_ba36bc0d		vs2-meta	
9EF0F2F5	002chara	014gndm00_019theins_001		ob-unit-list	
05DFB9B2	002chara	014gndm00_019theins_001_05dfb9b2		ob-unit-list	
DBE1EE33	002chara	014gndm00_020thzwei_001		ob-unit-list	
51CDC419	002chara	014gndm00_021uflgcs_001		vs2-meta	
1C6C4903	002chara	014gndm00_021uflgcs_001_1c6c4903		ob-unit-list	
5E99A089	002chara	014gndm00_023gnx000_001		ob-unit-list	
6C034D7A	002chara	014gndm00_024arvarn_001		ob-unit-list	
8573AA8F	002chara	015gndmuc_001unigun_001		vs2-meta	
B94F4471	002chara	015gndmuc_002kshatr_001		vs2-meta	
41E4667B	002chara	015gndmuc_003sinanj_001		vs2-meta	
DACB2D3C	002chara	015gndmuc_003sinanj_001_dacb2d3c		ob-unit-list	
8AC63822	002chara	015gndmuc_004deltpl_001		vs2-meta	
7EAD1DDD	002chara	015gndmuc_005banshe_001		vs2-meta	
EE40C80B	002chara	015gndmuc_010jesta0_001		vs2-meta	
756F834C	002chara	015gndmuc_010jesta0_001_756f834c		vs2-meta	
79CF4958	002chara	015gndmuc_011rezel0_001		vs2-meta	
E2E0021F	002chara	015gndmuc_011rezel0_001_e2e0021f		vs2-meta	
246DFB03	002chara	017gyakch_001newgun_001		vs2-meta	
6615088E	002chara	017gyakch_002sazabi_001		vs2-meta	
25FA2FC6	002chara	017gyakch_003regz00_001		vs2-meta	
BED56481	002chara	017gyakch_003regz00_001_bed56481		vs2-meta	
7FB29353	002chara	017gyakch_004jgdoga_001		vs2-meta	
E49DD814	002chara	017gyakch_004jgdoga_001_e49dd814		vs2-meta	
C5714BBA	002chara	017gyakch_005grdoga_001		vs2-meta	
339992F0	002chara	017gyakch_005grdoga_001_339992f0		vs2-meta	
A37C4741	002chara	017gyakch_005grdoga_001_a37c4741		vs2-meta	
483205B8	002chara	018ggundm_001godgnd_001		vs2-meta	
D31D4EFF	002chara	018ggundm_001godgnd_001_d31d4eff		vs2-meta	
6A91DBA2	002chara	018ggundm_003master_001		vs2-meta	
6E8114FE	002chara	020gnseed_001strike_001		vs2-meta	
F5AE5FB9	002chara	020gnseed_001strike_001_f5ae5fb9		vs2-meta	
E24C5610	002chara	020gnseed_002fobidn_001		vs2-meta	
94D0649F	002chara	020gnseed_003prvdnc_001		vs2-meta	
1C3DFF08	002chara	020gnseed_005freedm_001		vs2-meta	
FFCED97E	002chara	020gnseed_006duelas_001		vs2-meta	
64E19239	002chara	020gnseed_006duelas_001_64e19239		ob-unit-list	
CBD42268	002chara	020gnseed_008pstrik_001		vs2-meta	
9EA4AD29	002chara	020gnseed_009blitzg_001		vs2-meta	
058BE66E	002chara	020gnseed_009blitzg_001_058be66e		vs2-meta	
95F38D0E	002chara	020gnseed_010raider_001		vs2-meta	
085A7176	002chara	020gnseed_011buster_001		vs2-meta	
93753A31	002chara	020gnseed_011buster_001_93753a31		ob-unit-list	
1ECAE971	002chara	020gnseed_012aegis0_001		vs2-meta	
85E5A236	002chara	020gnseed_012aegis0_001_85e5a236		vs2-meta	
4D6454DF	002chara	022astray_004drednt_001		vs2-meta	
6ACB5064	002chara	022astray_005hyperi_001		vs2-meta	
33DD2C19	002chara	023crosgn_001crosx1_001		vs2-meta	
A8F2675E	002chara	023crosgn_001crosx1_001_a8f2675e		vs2-meta	
10F19A5C	002chara	023crosgn_002crosfc_001		vs2-meta	
2C11EF08	002chara	023crosgn_003crosx2_001		vs2-meta	
384AD33B	002chara	023crosgn_004crosx3_001		vs2-meta	
A365987C	002chara	023crosgn_004crosx3_001_a365987c		vs2-meta	
2E108F16	002chara	023crosgn_005phantm_001		vs2-meta	
54135253	002chara	026gnbelt_001hingnd_001		vs2-meta	
AF73362C	002chara	026gnbelt_002nitngl_001		vs2-meta	
B8030D0C	002chara	028gunwtv_001gunwtv_001		vs2-meta	
232C464B	002chara	028gunwtv_001gunwtv_001_232c464b		ob-unit-list	
F9F3B7F4	002chara	028gunwtv_002epyon0_001		vs2-meta	
B0FE6A60	002chara	028gunwtv_009altrtv_001		vs2-meta	
2BD12127	002chara	028gunwtv_009altrtv_001_2bd12127		ob-unit-list	
6B772A1F	002chara	028gunwtv_010sandtv_001		vs2-meta	
F0586158	002chara	028gunwtv_010sandtv_001_f0586158		ob-unit-list	
CB3BEE77	002chara	028gunwtv_011harmtv_001		ob-unit-list	
344FED25	002chara	028gunwtv_012dheltv_001		ob-unit-list	
1233ABB2	002chara	028gunwtv_013talgs2_001		vs2-meta	
4AD5014A	002chara	028gunwtv_014talges_001		ob-unit-list	
0391FE72	002chara	033gndage_001gnage1_001		vs2-meta	
DDD3E2A3	002chara	033gndage_002gnage2_001		vs2-meta	
9AFAFB9A	002chara	033gndage_005zeydra_001		vs2-meta	
F564E1BF	002chara	033gndage_006farsia_001		vs2-meta	
FCA6D36E	002chara	042grecon_001gself0_001		vs2-meta	
67899829	002chara	042grecon_001gself0_001_67899829		vs2-meta	
4D510F94	002chara	042grecon_002macmsk_001		vs2-meta	
61B8F03E	002chara	042grecon_003pself0_001		vs2-meta	
FA97BB79	002chara	042grecon_003pself0_001_fa97bb79		vs2-meta	
D4163316	002chara	042grecon_004garcan_001		vs2-meta	
4F397851	002chara	042grecon_004garcan_001_4f397851		vs2-meta	
8C3E67D1	002chara	043orphan_001gnbarb_001		vs2-meta	
56B0C21E	002chara	043orphan_003gsonre_001		vs2-meta	
CD9F8959	002chara	043orphan_003gsonre_001_cd9f8959		vs2-meta	
8DA55178	002chara	043orphan_004kmrtrp_001		vs2-meta	
8F2C2FDA	002chara	045mising_001slvwrt_001		ob-unit-list	
9C5D2744	002chara	045mising_002pridgh_001		vs2-meta	
10BE64F1	002chara	045mising_003gelghm_001		ob-unit-list	
E2C9C3B4	002chara	045mising_004pixyfd_001		ob-unit-list	
79E688F3	002chara	045mising_004pixyfd_001_79e688f3		ob-unit-list	
D4C56F88	002chara	045mising_005efrtsn_001		ob-unit-list	
D8ECBC21	002chara	046tnbolt_001fagndm_001		vs2-meta	
57F295EA	002chara	046tnbolt_002psyczk_001		vs2-meta	
7B4A5F9A	002chara	046tnbolt_003atlasg_001		vs2-meta	
8A804208	002chara	047colony_001gmsnwd_001		ob-unit-list	
26542E30	002chara	048gfront_001mudrok_001		ob-unit-list	
2BACB3D1	002chara	048gfront_002zakugs_001		ob-unit-list	
BAC5B45F	002chara	049orphn2_001brlups_001		vs2-meta	
DB8DEE1C	002chara	051buildf_001bldstr_001		vs2-meta	
86E3778C	002chara	052bldtry_001hotscr_001		vs2-meta	
5667AD71	002chara	101gundam_002bygzam_001		ob-unit-list	
6CE06BE3	002chara	601gundam_001zkrelo_001		ob-unit-list	
20DE35DF	002chara	601gundam_002bygzam_001		ob-unit-list	
A30FFCF1	002chara	601gundam_003adzam0_001		ob-unit-list	
96C3D0AC	002chara	601gundam_005elmeth_001		ob-unit-list	
F377B5EA	002chara	601gundam_006gaw000_001		ob-unit-list	
4D49B98F	002chara	602zgundm_001psygnd_001		ob-unit-list	
A239CAE1	002chara	602zgundm_002psygn2_001		ob-unit-list	
AB1FB3D0	002chara	603zzgndm_001psygn2_001		ob-unit-list	
FDB0CCFD	002chara	603zzgndm_002quinmn_001		ob-unit-list	
3451D68D	002chara	608gndm08_001apsrs2_001		ob-unit-list	
CA6CF4EA	002chara	610turnag_001wodom0_001		ob-unit-list	
7117D225	002chara	613gndmsm_001dendro_001		ob-unit-list	
76786505	002chara	614gndm00_001gnamtd_001		ob-unit-list	
A3737047	002chara	614gndm00_002alvtre_001		ob-unit-list	
D9768A86	002chara	615gndmuc_001shmblo_001		vs2-meta	
34ED70DA	002chara	701gundam_002ball00_001		vs2-meta	
FD27E263	002chara	701gundam_003gelgog_001		vs2-meta	
D0133B62	002chara	701gundam_004zgok00_001		vs2-meta	
F5B25B22	002chara	701gundam_006gogg00_001		vs2-meta	
00ACD4C4	002chara	701gundam_007acguy0_001		research-note	
E96D28CB	002chara	701gundam_009mglatk_001		vs2-meta	
974CE3E9	002chara	702zgundm_001ashimr_001		vs2-meta	
EF123A01	002chara	702zgundm_002byalan_001		vs2-meta	
B316B344	002chara	702zgundm_003palatn_001		vs2-meta	
23F366F5	002chara	702zgundm_003palatn_001_23f366f5		ob-unit-list	
9664C7E8	002chara	702zgundm_004blksmn_001		vs2-meta	
C425056F	002chara	703zzgndm_001mpqube_001		vs2-meta	
C5CBBD04	002chara	703zzgndm_002gazac0_001		vs2-meta	
552E68B5	002chara	703zzgndm_002gazac0_001_552e68b5		ob-unit-list	
752A2CA5	002chara	704gunf91_002hvygun_001		vs2-meta	
6FD88EC1	002chara	704gunf91_003dgiref_001		vs2-meta	
F05AEFDD	002chara	704gunf91_004dgircv_001		vs2-meta	
F402D973	002chara	705vgundm_003rigcnt_001		vs2-meta	
64E70CC2	002chara	705vgundm_003rigcnt_001_64e70cc2		vs2-meta	
E8ED6C4C	002chara	705vgundm_004shokew_001		vs2-meta	
BB2AE150	002chara	705vgundm_005zolo00_001		vs2-meta	
4C8CDC13	002chara	705vgundm_006zolocr_001		vs2-meta	
4F8A5778	002chara	705vgundm_007zoloat_001		vs2-meta	
CA4DA4B3	002chara	705vgundm_008zlatlm_001		vs2-meta	
0D75E2B8	002chara	705vgundm_009rgshok_001		vs2-meta	
B0C90AA6	002chara	708gndm08_001hvrtrk_001		vs2-meta	
3A7B1062	002chara	710turnag_001flat00_001		vs2-meta	
EAF79E3D	002chara	710turnag_002flatrd_001		vs2-meta	
2DACAE56	002chara	710turnag_003brjnon_001		vs2-meta	
657B9FEA	002chara	710turnag_004mahiro_001		vs2-meta	
E0BC1039	002chara	713gndmsm_001xamel0_001		vs2-meta	
7059C588	002chara	713gndmsm_001xamel0_001_7059c588		vs2-meta	
D5C5525C	002chara	713gndmsm_002glmarn_001		vs2-meta	
A0A755D2	002chara	713gndmsm_003glmrct_001		vs2-meta	
B9363A07	002chara	713gndmsm_004dmtrpn_001		vs2-meta	
29D3EFB6	002chara	713gndmsm_004dmtrpn_001_29d3efb6		vs2-meta	
50353B36	002chara	713gndmsm_005gelgat_001		vs2-meta	
EBFCD39B	002chara	714gndm00_003tiegrd_001		vs2-meta	
AEBE03DE	002chara	714gndm00_004tiespc_001		vs2-meta	
3E5BD66F	002chara	714gndm00_004tiespc_001_3e5bd66f		vs2-meta	
38B2E7B9	002chara	714gndm00_005tiesct_001		ob-unit-list	
9EAC7EEE	002chara	714gndm00_006uniflg_001		vs2-meta	
0E49AB5F	002chara	714gndm00_006uniflg_001_0e49ab5f		ob-unit-list	
AAD64FA4	002chara	715gndmuc_001stkjgn_001		vs2-meta	
E582A7EB	002chara	715gndmuc_002grazlu_001		vs2-meta	
637600B6	002chara	715gndmuc_006rzelct_001		vs2-meta	
15B53517	002chara	715gndmuc_008grzlgd_001		ob-unit-list	
D837C4DA	002chara	715gndmuc_009grzlan_001		vs2-meta	
48D2116B	002chara	715gndmuc_009grzlan_001_48d2116b		vs2-meta	
FAB07732	002chara	715gndmuc_010dreisn_001		vs2-meta	
FB42BE81	002chara	717gyakch_001jegan0_001		vs2-meta	
6BA76B30	002chara	717gyakch_001jegan0_001_6ba76b30		vs2-meta	
1DFEAABD	002chara	717gyakch_002jgdgqs_001		vs2-meta	
8D1B7F0C	002chara	717gyakch_002jgdgqs_001_8d1b7f0c		vs2-meta	
255AF530	002chara	720gnseed_001ginn00_001		vs2-meta	
B5BF2081	002chara	720gnseed_001ginn00_001_b5bf2081		ob-unit-list	
D59680B3	002chara	720gnseed_001ginn00_001_d59680b3		vs2-meta	
25A0BEF7	002chara	720gnseed_004calmit_001		vs2-meta	
B5456B46	002chara	720gnseed_004calmit_001_b5456b46		ob-unit-list	
76EE0F49	002chara	720gnseed_005ginndb_001		vs2-meta	
0F4AE2F7	002chara	720gnseed_006m1astr_001		vs2-meta	
222AEDAF	002chara	720gnseed_007skygal_001		ob-unit-list	
E8FC1C6A	002chara	720gnseed_008skygsw_001		ob-unit-list	
4E9242A6	002chara	720gnseed_009skyglc_001		ob-unit-list	
778FC56A	002chara	720gnseed_010mbuszr_001		vs2-meta	
0D12A759	002chara	723crosgn_001pzbtla_001		vs2-meta	
29DFCAC0	002chara	723crosgn_002f91hsn_001		vs2-meta	
62FD4F19	002chara	726gnbelt_001psdoga_001		ob-unit-list	
04D4F771	002chara	728gunwtv_002leo000_001		vs2-meta	
943122C0	002chara	728gunwtv_002leo000_001_943122c0		ob-unit-list	
5D27ECAF	002chara	728gunwtv_003virgo2_001		vs2-meta	
F20D4E79	002chara	728gunwtv_004taurus_001		vs2-meta	
AB9BD39C	002chara	728gunwtv_007leospt_001		vs2-meta	
34C38E22	002chara	728gunwtv_008trssnk_001		vs2-meta	
97867A85	002chara	733gndage_001genace_001		ob-unit-list	
0763AF34	002chara	733gndage_001genace_001_0763af34		ob-unit-list	
952056D3	002chara	733gndage_002gnascm_001		ob-unit-list	
B395B2DF	002chara	733gndage_003gexes0_001		vs2-meta	
2370676E	002chara	733gndage_003gexes0_001_2370676e		vs2-meta	
BAA8A9BB	002chara	733gndage_004dsperd_001		ob-unit-list	
C57855F7	002chara	733gndage_005gafran_001		ob-unit-list	
721CA8C0	002chara	733gndage_006gafrnp_001		ob-unit-list	
0E47CB72	002chara	733gndage_007zedas0_001		vs2-meta	
DC9835BE	002chara	733gndage_009gbuncr_001		vs2-meta	
4C7DE00F	002chara	733gndage_009gbuncr_001_4c7de00f		vs2-meta	
865FD5F5	002chara	733gndage_010genac2_001		ob-unit-list	
FA8C7658	002chara	733gndage_011gnacdv_001		ob-unit-list	
5AF63795	002chara	733gndage_012age1fl_001		ob-unit-list	
C6C9D0B2	002chara	733gndage_013zedasr_001		ob-unit-list	
0D6987B0	002chara	733gndage_014kronos_001		vs2-meta	
CCCC1AA2	002chara	733gndage_015zedasm_001		vs2-meta	
5C29CF13	002chara	733gndage_015zedasm_001_5c29cf13		vs2-meta	
18B14504	002chara	742grecon_001catsih_001		vs2-meta	
73F61E84	002chara	742grecon_002jahanm_001		vs2-meta	
2FC06E70	002chara	742grecon_003macbar_001		vs2-meta	
C46DFBEA	002chara	742grecon_004macmsp_001		ob-unit-list	
17054515	002chara	743orphan_001mblwrk_001		vs2-meta	
D3248DE5	002chara	743orphan_002mbwksp_001		vs2-meta	
9E88B980	002chara	743orphan_003graze0_001		vs2-meta	
84259C01	002chara	743orphan_003graze0_001_84259c01		vs2-meta	
F274A934	002chara	743orphan_005grzars_001		vs2-meta	
E714FB42	002chara	743orphan_006grazcs_001		vs2-meta	
F428E6CF	002chara	743orphan_007ryusei_001		vs2-meta	
64CD337E	002chara	743orphan_007ryusei_001_64cd337e		vs2-meta	
92C28E57	002chara	743orphan_008scgzge_001		vs2-meta	
7D978751	002chara	743orphan_009scgzmc_001		vs2-meta	
5AC910AD	002chara	745mising_002zk2psy_001		ob-unit-list	
CA2CC51C	002chara	745mising_002zk2psy_001_ca2cc51c		ob-unit-list	
8233AB7B	002chara	745mising_003ricdm2_001		ob-unit-list	
12D67ECA	002chara	745mising_003ricdm2_001_12d67eca		ob-unit-list	
9ACCFE40	002chara	746tnbolt_001gmthnd_001		vs2-meta	
0A292BF1	002chara	746tnbolt_001gmthnd_001_0a292bf1		ob-unit-list	
B4CDB4B4	002chara	746tnbolt_002gmcntd_001		vs2-meta	
4CCE57B1	002chara	746tnbolt_003gncntd_001		vs2-meta	
A1D93CCC	002chara	746tnbolt_004zak1td_001		vs2-meta	
51BFF991	002chara	746tnbolt_005zak2td_001		vs2-meta	
367C458C	002chara	746tnbolt_006rcdmtd_001		vs2-meta	
576CD2D3	002chara	unit_501004001		ob-unit-list	
0DEB9965	002chara	unit_501005001		ob-unit-list	
9A7C470C	002chara	unit_501007001		ob-unit-list	
F33C2972	002chara	unit_501008001		ob-unit-list	
40DAB078	002chara	unit_501014001		ob-unit-list	
BAE08D03	002chara	unit_501601001		ob-unit-list	
F6DED33F	002chara	unit_501602001		ob-unit-list	
750F1A11	002chara	unit_501603001		ob-unit-list	
40C3364C	002chara	unit_501605001		ob-unit-list	
2577530A	002chara	unit_501606001		ob-unit-list	
A408A56B	002chara	unit_501702001		ob-unit-list	
6DC237D2	002chara	unit_501703001		ob-unit-list	
40F6EED3	002chara	unit_501704001		ob-unit-list	
65578E93	002chara	unit_501706001		ob-unit-list	
90490175	002chara	unit_501707001		ob-unit-list	
7988FD7A	002chara	unit_501709001		ob-unit-list	
B06936FD	002chara	unit_501712001		ob-unit-list	
F985F479	002chara	unit_501713001		ob-unit-list	
19720F59	002chara	unit_502003001		ob-unit-list	
4804109B	002chara	unit_502004001		ob-unit-list	
2CB1D330	002chara	unit_502009001		ob-unit-list	
27F35A69	002chara	unit_502011001		ob-unit-list	
83314A14	002chara	unit_502016001		ob-unit-list	
5865D736	002chara	unit_502017001		ob-unit-list	
9B495F6F	002chara	unit_502601001		ob-unit-list	
74392C01	002chara	unit_502602001		ob-unit-list	
07A93658	002chara	unit_502701001		ob-unit-list	
7FF7EFB0	002chara	unit_502702001		ob-unit-list	
06811259	002chara	unit_502704001		ob-unit-list	
0DAC1DD8	002chara	unit_503002001		ob-unit-list	
0C2AFA9B	002chara	unit_503003001		ob-unit-list	
7D1F5530	002chara	unit_503601001		ob-unit-list	
2BB02A1D	002chara	unit_503602001		ob-unit-list	
54C0D0DE	002chara	unit_503701001		ob-unit-list	
1D6575BC	002chara	unit_504001001		ob-unit-list	
3E367E1B	002chara	unit_504002001		ob-unit-list	
BA99426A	002chara	unit_504701001		ob-unit-list	
E5CFF914	002chara	unit_504702001		ob-unit-list	
FF3D5B70	002chara	unit_504703001		ob-unit-list	
60BF3A6C	002chara	unit_504704001		ob-unit-list	
9759F97C	002chara	unit_505001001		ob-unit-list	
108936D0	002chara	unit_505003001		ob-unit-list	
7808B9FD	002chara	unit_505704001		ob-unit-list	
2BCF34E1	002chara	unit_505705001		ob-unit-list	
DC6909A2	002chara	unit_505706001		ob-unit-list	
DF6F82C9	002chara	unit_505707001		ob-unit-list	
5AA87102	002chara	unit_505708001		ob-unit-list	
9D903709	002chara	unit_505709001		ob-unit-list	
9210D50F	002chara	unit_508001001		ob-unit-list	
574B996A	002chara	unit_508002001		ob-unit-list	
42EF842E	002chara	unit_508003001		ob-unit-list	
E251306D	002chara	unit_508601001		ob-unit-list	
202CDF17	002chara	unit_508701001		ob-unit-list	
38B60DB8	002chara	unit_508704001		ob-unit-list	
B80A780A	002chara	unit_510002001		ob-unit-list	
8F4CE78F	002chara	unit_510003001		ob-unit-list	
1C6C120A	002chara	unit_510601001		ob-unit-list	
AA9EC5D3	002chara	unit_510701001		ob-unit-list	
7A124B8C	002chara	unit_510702001		ob-unit-list	
BD497BE7	002chara	unit_510703001		ob-unit-list	
F59E4A5B	002chara	unit_510704001		ob-unit-list	
6DCFAF37	002chara	unit_513001001		ob-unit-list	
3FD2811E	002chara	unit_513002001		ob-unit-list	
EA0762ED	002chara	unit_513004001		ob-unit-list	
A71734C5	002chara	unit_513601001		ob-unit-list	
452087ED	002chara	unit_513702001		ob-unit-list	
30428063	002chara	unit_513703001		ob-unit-list	
C0D0EE87	002chara	unit_513705001		ob-unit-list	
E2A9BD19	002chara	unit_514006001		ob-unit-list	
07AD65B7	002chara	unit_514014001		ob-unit-list	
1CBABE33	002chara	unit_514017001		ob-unit-list	
40CEA574	002chara	unit_514020001		ob-unit-list	
87430244	002chara	unit_514021001		ob-unit-list	
C5B6EBCE	002chara	unit_514023001		ob-unit-list	
F72C063D	002chara	unit_514024001		ob-unit-list	
A07883E5	002chara	unit_514601001		ob-unit-list	
757396A7	002chara	unit_514602001		ob-unit-list	
C12811A8	002chara	unit_514701001		ob-unit-list	
7B19062A	002chara	unit_514703001		ob-unit-list	
A8573208	002chara	unit_514705001		ob-unit-list	
1E5CE1C8	002chara	unit_515001001		ob-unit-list	
22600F36	002chara	unit_515002001		ob-unit-list	
11E97365	002chara	unit_515004001		ob-unit-list	
E582569A	002chara	unit_515005001		ob-unit-list	
0F766C66	002chara	unit_515601001		ob-unit-list	
3A339A15	002chara	unit_515701001		ob-unit-list	
7567725A	002chara	unit_515702001		ob-unit-list	
55949E0B	002chara	unit_515704001		ob-unit-list	
F393D507	002chara	unit_515706001		ob-unit-list	
8550E0A6	002chara	unit_515708001		ob-unit-list	
6A55A283	002chara	unit_515710001		ob-unit-list	
BF42B044	002chara	unit_517001001		ob-unit-list	
FD3A43C9	002chara	unit_517002001		ob-unit-list	
F1BE90E5	002chara	unit_518003001		ob-unit-list	
79631D57	002chara	unit_520002001		ob-unit-list	
0FFF2FD8	002chara	unit_520003001		ob-unit-list	
8712B44F	002chara	unit_520005001		ob-unit-list	
50FB692F	002chara	unit_520008001		ob-unit-list	
0EDCC649	002chara	unit_520010001		ob-unit-list	
45735502	002chara	unit_520701001		ob-unit-list	
E60BDAF8	002chara	unit_520705001		ob-unit-list	
9FAF3746	002chara	unit_520706001		ob-unit-list	
B2CF381E	002chara	unit_520707001		ob-unit-list	
7819C9DB	002chara	unit_520708001		ob-unit-list	
DE779717	002chara	unit_520709001		ob-unit-list	
E76A10DB	002chara	unit_520710001		ob-unit-list	
D64B1F98	002chara	unit_522004001		ob-unit-list	
F1E41B23	002chara	unit_522005001		ob-unit-list	
8BDED11B	002chara	unit_523002001		ob-unit-list	
B73EA44F	002chara	unit_523003001		ob-unit-list	
B53FC451	002chara	unit_523005001		ob-unit-list	
9DF772E8	002chara	unit_523701001		ob-unit-list	
B93A1F71	002chara	unit_523702001		ob-unit-list	
CF3C1914	002chara	unit_526001001		ob-unit-list	
345C7D6B	002chara	unit_526002001		ob-unit-list	
F2189AA8	002chara	unit_526701001		ob-unit-list	
62DCFCB3	002chara	unit_528002001		ob-unit-list	
5014A530	002chara	unit_528011001		ob-unit-list	
AF60A662	002chara	unit_528012001		ob-unit-list	
891CE0F5	002chara	unit_528013001		ob-unit-list	
D1FA4A0D	002chara	unit_528014001		ob-unit-list	
CDC2391E	002chara	unit_528703001		ob-unit-list	
62E89BC8	002chara	unit_528704001		ob-unit-list	
3B7E062D	002chara	unit_528707001		ob-unit-list	
A4265B93	002chara	unit_528708001		ob-unit-list	
98BEB535	002chara	unit_533001001		ob-unit-list	
46FCA9E4	002chara	unit_533002001		ob-unit-list	
01D5B0DD	002chara	unit_533005001		ob-unit-list	
6E4BAAF8	002chara	unit_533006001		ob-unit-list	
05C58362	002chara	unit_533702001		ob-unit-list	
2A4D7C0A	002chara	unit_533704001		ob-unit-list	
559D8046	002chara	unit_533705001		ob-unit-list	
E2F97D71	002chara	unit_533706001		ob-unit-list	
9EA21EC3	002chara	unit_533707001		ob-unit-list	
16BA0044	002chara	unit_533710001		ob-unit-list	
6A69A3E9	002chara	unit_533711001		ob-unit-list	
CA13E224	002chara	unit_533712001		ob-unit-list	
562C0503	002chara	unit_533713001		ob-unit-list	
9D8C5201	002chara	unit_533714001		ob-unit-list	
D67E44D3	002chara	unit_542002001		ob-unit-list	
885490B5	002chara	unit_542701001		ob-unit-list	
E313CB35	002chara	unit_542702001		ob-unit-list	
BF25BBC1	002chara	unit_542703001		ob-unit-list	
54882E5B	002chara	unit_542704001		ob-unit-list	
17112C96	002chara	unit_543001001		ob-unit-list	
168A1A3F	002chara	unit_543004001		ob-unit-list	
87E090A4	002chara	unit_543701001		ob-unit-list	
43C15854	002chara	unit_543702001		ob-unit-list	
0E6D6C31	002chara	unit_543703001		ob-unit-list	
14C049B0	002chara	unit_543704001		ob-unit-list	
62917C85	002chara	unit_543705001		ob-unit-list	
77F12EF3	002chara	unit_543706001		ob-unit-list	
02275BE6	002chara	unit_543708001		ob-unit-list	
ED7252E0	002chara	unit_543709001		ob-unit-list	
1403649D	002chara	unit_545001001		ob-unit-list	
07726C03	002chara	unit_545002001		ob-unit-list	
8B912FB6	002chara	unit_545003001		ob-unit-list	
4FEA24CF	002chara	unit_545005001		ob-unit-list	
43C3F766	002chara	unit_546001001		ob-unit-list	
CCDDDEAD	002chara	unit_546002001		ob-unit-list	
E06514DD	002chara	unit_546003001		ob-unit-list	
24286105	002chara	unit_546702001		ob-unit-list	
DC2B8200	002chara	unit_546703001		ob-unit-list	
313CE97D	002chara	unit_546704001		ob-unit-list	
C15A2C20	002chara	unit_546705001		ob-unit-list	
A699903D	002chara	unit_546706001		ob-unit-list	
11AF094F	002chara	unit_547001001		ob-unit-list	
BD7B6577	002chara	unit_548001001		ob-unit-list	
B083F896	002chara	unit_548002001		ob-unit-list	
21EAFF18	002chara	unit_549001001		ob-unit-list	
40A2A55B	002chara	unit_551001001		ob-unit-list	
1DCC3CCB	002chara	unit_552001001		ob-unit-list	
2427A9A9	005renderinfo	efxeffectlibrary3rd		vs2-meta	
219C108D	005renderinfo	shader_219c108d		vs2-meta	
A9CF7488	005renderinfo	shader_a9cf7488		vs2-meta	
871E708B	006effect	001gundam_001gundam_001		vs2-meta	
37180C53	006effect	001gundam_004zeong0_001		vs2-meta	
6D9F47E5	006effect	001gundam_005gyan00_001		vs2-meta	
FA08998C	006effect	001gundam_007zaku2j_001		vs2-meta	
9348F7F2	006effect	001gundam_008charzk_001		vs2-meta	
20AE6EF8	006effect	001gundam_014goufrn_001		ob-unit-list	
734222DF	006effect	001gundam_015gcanon_001		vs2-meta	
DA40B0FA	006effect	001gundam_016gntank_001		vs2-meta	
71438C8A	006effect	001gundam_017dom000_001		ob-unit-list	
D36ACC0D	006effect	002zgundm_001zgundm_001		vs2-meta	
368BB5CF	006effect	002zgundm_002hyaksk_001		vs2-meta	
7906D1D9	006effect	002zgundm_003mesala_001		vs2-meta	
2870CE1B	006effect	002zgundm_004theo00_001		vs2-meta	
A9382D0B	006effect	002zgundm_005gunmk2_001		vs2-meta	
4CC50DB0	006effect	002zgundm_009gnmk22_001		ob-unit-list	
478784E9	006effect	002zgundm_011rkdias_001		ob-unit-list	
8289990D	006effect	002zgundm_012methus_001		vs2-meta	
B11537AB	006effect	002zgundm_013marasi_001		vs2-meta	
5431176F	006effect	002zgundm_014gabtly_001		vs2-meta	
AEA2DEFA	006effect	002zgundm_015hizack_001		vs2-meta	
E3459494	006effect	002zgundm_016boundd_001		vs2-meta	
381109B6	006effect	002zgundm_017nemo00_001		ob-unit-list	
20BF404D	006effect	003zzgndm_001zzgndm_001		vs2-meta	
6DD8C358	006effect	003zzgndm_002qubmk2_001		vs2-meta	
6C5E241B	006effect	003zzgndm_003qubely_001		vs2-meta	
87A6FFCA	006effect	003zzgndm_012zznrml_001		vs2-meta	
7D11AB3C	006effect	004gunf91_001gunf91_001		vs2-meta	
5E42A09B	006effect	004gunf91_002brggrs_001		vs2-meta	
339D9342	006effect	004gunf91_004vignag_001		vs2-meta	
F72D27FC	006effect	005vgundm_001v2gndm_001		vs2-meta	
BB774F02	006effect	005vgundm_002gunez0_001		vs2-meta	
70FDE850	006effect	005vgundm_003gotrtn_001		vs2-meta	
F2640B8F	006effect	008gndm08_001gndez8_001		vs2-meta	
373F47EA	006effect	008gndm08_002goufcs_001		vs2-meta	
229B5AAE	006effect	008gndm08_003gngrnd_001		ob-unit-list	
2EB7AF07	006effect	010turnag_001turnag_001		vs2-meta	
D87EA68A	006effect	010turnag_002turnx0_001		vs2-meta	
EF38390F	006effect	010turnag_003gdsumo_001		vs2-meta	
D1E196F5	006effect	010turnag_004kapool_001		vs2-meta	
F90BC031	006effect	010turnag_005crnkpl_001		vs2-meta	
A65FC53C	006effect	010turnag_006ssumo2_001		vs2-meta	
0DBB71B7	006effect	013gndmsm_001gp01fb_001		vs2-meta	
5FA65F9E	006effect	013gndmsm_002gngp02_001		vs2-meta	
8A73BC6D	006effect	013gndmsm_004gngp03_001		vs2-meta	
4A39E12C	006effect	013gndmsm_007gmcstm_001		ob-unit-list	
A6EDA11E	006effect	014gndm00_001gnexia_001		vs2-meta	
82DD6399	006effect	014gndm00_006dynams_001		vs2-meta	
4D4B0890	006effect	014gndm00_008thdrei_001		vs2-meta	
67D9BB37	006effect	014gndm00_014titaoz_001		vs2-meta	
7CCE60B3	006effect	014gndm00_017kyrios_001		vs2-meta	
DA42628D	006effect	014gndm00_018virtue_001		vs2-meta	
FE842C75	006effect	014gndm00_019theins_001		ob-unit-list	
20BA7BF4	006effect	014gndm00_020thzwei_001		ob-unit-list	
E737DCC4	006effect	014gndm00_021uflgcs_001		ob-unit-list	
A5C2354E	006effect	014gndm00_023gnx000_001		ob-unit-list	
9758D8BD	006effect	014gndm00_024arvarn_001		ob-unit-list	
7E283F48	006effect	015gndmuc_001unigun_001		vs2-meta	
4214D1B6	006effect	015gndmuc_002kshatr_001		vs2-meta	
BABFF3BC	006effect	015gndmuc_003sinanj_001		vs2-meta	
719DADE5	006effect	015gndmuc_004deltpl_001		vs2-meta	
85F6881A	006effect	015gndmuc_005banshe_001		vs2-meta	
151B5DCC	006effect	015gndmuc_010jesta0_001		vs2-meta	
8294DC9F	006effect	015gndmuc_011rezel0_001		vs2-meta	
DF366EC4	006effect	017gyakch_001newgun_001		vs2-meta	
9D4E9D49	006effect	017gyakch_002sazabi_001		vs2-meta	
DEA1BA01	006effect	017gyakch_003regz00_001		vs2-meta	
84E90694	006effect	017gyakch_004jgdoga_001		vs2-meta	
B369907F	006effect	018ggundm_001godgnd_001		vs2-meta	
91CA4E65	006effect	018ggundm_003master_001		vs2-meta	
95DA8139	006effect	020gnseed_001strike_001		vs2-meta	
1917C3D7	006effect	020gnseed_002fobidn_001		vs2-meta	
6F8BF158	006effect	020gnseed_003prvdnc_001		vs2-meta	
E7666ACF	006effect	020gnseed_005freedm_001		vs2-meta	
04954CB9	006effect	020gnseed_006duelas_001		vs2-meta	
308FB7AF	006effect	020gnseed_008pstrik_001		vs2-meta	
65FF38EE	006effect	020gnseed_009blitzg_001		vs2-meta	
6EA818C9	006effect	020gnseed_010raider_001		vs2-meta	
F301E4B1	006effect	020gnseed_011buster_001		vs2-meta	
E5917CB6	006effect	020gnseed_012aegis0_001		vs2-meta	
B63FC118	006effect	022astray_004drednt_001		vs2-meta	
9190C5A3	006effect	022astray_005hyperi_001		vs2-meta	
C886B9DE	006effect	023crosgn_001crosx1_001		vs2-meta	
EBAA0F9B	006effect	023crosgn_002crosfc_001		vs2-meta	
D74A7ACF	006effect	023crosgn_003crosx2_001		vs2-meta	
C31146FC	006effect	023crosgn_004crosx3_001		vs2-meta	
D54B1AD1	006effect	023crosgn_005phantm_001		vs2-meta	
AF48C794	006effect	026gnbelt_001hingnd_001		vs2-meta	
5428A3EB	006effect	026gnbelt_002nitngl_001		vs2-meta	
435898CB	006effect	028gunwtv_001gunwtv_001		vs2-meta	
02A82233	006effect	028gunwtv_002epyon0_001		vs2-meta	
4BA5FFA7	006effect	028gunwtv_009altrtv_001		vs2-meta	
902CBFD8	006effect	028gunwtv_010sandtv_001		vs2-meta	
30607BB0	006effect	028gunwtv_011harmtv_001		ob-unit-list	
CF1478E2	006effect	028gunwtv_012dheltv_001		ob-unit-list	
E9683E75	006effect	028gunwtv_013talgs2_001		vs2-meta	
B18E948D	006effect	028gunwtv_014talges_001		ob-unit-list	
F8CA6BB5	006effect	033gndage_001gnage1_001		vs2-meta	
26887764	006effect	033gndage_002gnage2_001		vs2-meta	
0E3F7478	006effect	033gndage_006farsia_001		vs2-meta	
07FD46A9	006effect	042grecon_001gself0_001		vs2-meta	
B60A9A53	006effect	042grecon_002macmsk_001		vs2-meta	
9AE365F9	006effect	042grecon_003pself0_001		vs2-meta	
2F4DA6D1	006effect	042grecon_004garcan_001		vs2-meta	
7765F216	006effect	043orphan_001gnbarb_001		vs2-meta	
ADEB57D9	006effect	043orphan_003gsonre_001		vs2-meta	
76FEC4BF	006effect	043orphan_004kmrtrp_001		vs2-meta	
7477BA1D	006effect	045mising_001slvwrt_001		ob-unit-list	
6706B283	006effect	045mising_002pridgh_001		vs2-meta	
EBE5F136	006effect	045mising_003gelghm_001		ob-unit-list	
19925673	006effect	045mising_004pixyfd_001		ob-unit-list	
2F9EFA4F	006effect	045mising_005efrtsn_001		ob-unit-list	
23B729E6	006effect	046tnbolt_001fagndm_001		vs2-meta	
ACA9002D	006effect	046tnbolt_002psyczk_001		vs2-meta	
8011CA5D	006effect	046tnbolt_003atlasg_001		vs2-meta	
71DBD7CF	006effect	047colony_001gmsnwd_001		ob-unit-list	
DD0FBBF7	006effect	048gfront_001mudrok_001		ob-unit-list	
D0F72616	006effect	048gfront_002zakugs_001		ob-unit-list	
419E2198	006effect	049orphn2_001brlups_001		vs2-meta	
20D67BDB	006effect	051buildf_001bldstr_001		vs2-meta	
7DB8E24B	006effect	052bldtry_001hotscr_001		vs2-meta	
AD3C38B6	006effect	101gundam_002bygzam_001		ob-unit-list	
222D1F41	006effect	615gndmuc_001shmblo_001		vs2-meta	
867E85CC	006effect	701gundam_001gm0000_001		vs2-meta	
CFB6E51D	006effect	701gundam_002ball00_001		vs2-meta	
067C77A4	006effect	701gundam_003gelgog_001		vs2-meta	
2B48AEA5	006effect	701gundam_004zgok00_001		vs2-meta	
6B0214CF	006effect	701gundam_005ricdom_001		vs2-meta	
0EE9CEE5	006effect	701gundam_006gogg00_001		vs2-meta	
DBD7768B	006effect	701gundam_012chzgok_001		vs2-meta	
923BB40F	006effect	701gundam_013zaku10_001		vs2-meta	
6C17762E	006effect	702zgundm_001ashimr_001		vs2-meta	
1449AFC6	006effect	702zgundm_002byalan_001		vs2-meta	
484D2683	006effect	702zgundm_003palatn_001		vs2-meta	
6D3F522F	006effect	702zgundm_004blksmn_001		vs2-meta	
3F7E90A8	006effect	703zzgndm_001mpqube_001		vs2-meta	
D127021C	006effect	704gunf91_001dnanzn_001		vs2-meta	
8E71B962	006effect	704gunf91_002hvygun_001		vs2-meta	
0F594CB4	006effect	705vgundm_003rigcnt_001		vs2-meta	
13B6F98B	006effect	705vgundm_004shokew_001		vs2-meta	
40717497	006effect	705vgundm_005zolo00_001		vs2-meta	
B7D749D4	006effect	705vgundm_006zolocr_001		vs2-meta	
F62E777F	006effect	705vgundm_009rgshok_001		vs2-meta	
0576368B	006effect	705vgundm_010vgndhx_001		vs2-meta	
53084DCE	006effect	708gndm08_004gngdgm_001		vs2-meta	
9E200A2D	006effect	710turnag_004mahiro_001		vs2-meta	
426DAFC0	006effect	713gndmsm_004dmtrpn_001		vs2-meta	
AB6EAEF1	006effect	713gndmsm_005gelgat_001		vs2-meta	
AA9651DE	006effect	714gndm00_001ovflag_001		vs2-meta	
10A7465C	006effect	714gndm00_003tiegrd_001		vs2-meta	
55E59619	006effect	714gndm00_004tiespc_001		vs2-meta	
65F7EB29	006effect	714gndm00_006uniflg_001		vs2-meta	
518DDA63	006effect	715gndmuc_001stkjgn_001		vs2-meta	
1ED9322C	006effect	715gndmuc_002grazlu_001		vs2-meta	
3E2ADE7D	006effect	715gndmuc_004gradga_001		vs2-meta	
01EBE2F5	006effect	715gndmuc_010dreisn_001		vs2-meta	
90FCFEF7	006effect	717gyakch_001jegan0_001		vs2-meta	
E6A53F7A	006effect	717gyakch_002jgdgqs_001		vs2-meta	
C8C20737	006effect	717gyakch_003grdoga_001		vs2-meta	
2ECD1574	006effect	720gnseed_001ginn00_001		vs2-meta	
DE0160F7	006effect	720gnseed_002ginnms_001		vs2-meta	
DEFB2B30	006effect	720gnseed_004calmit_001		vs2-meta	
8DB59A8E	006effect	720gnseed_005ginndb_001		vs2-meta	
F4117730	006effect	720gnseed_006m1astr_001		vs2-meta	
8CD450AD	006effect	720gnseed_010mbuszr_001		vs2-meta	
F649329E	006effect	723crosgn_001pzbtla_001		vs2-meta	
D2845F07	006effect	723crosgn_002f91hsn_001		vs2-meta	
A67C7968	006effect	728gunwtv_003virgo2_001		vs2-meta	
0956DBBE	006effect	728gunwtv_004taurus_001		vs2-meta	
50C0465B	006effect	728gunwtv_007leospt_001		vs2-meta	
CF981BE5	006effect	728gunwtv_008trssnk_001		vs2-meta	
6CDDEF42	006effect	733gndage_001genace_001		ob-unit-list	
B72675C8	006effect	733gndage_009gbuncr_001		vs2-meta	
E3EAD0C3	006effect	742grecon_001catsih_001		vs2-meta	
88AD8B43	006effect	742grecon_002jahanm_001		vs2-meta	
D49BFBB7	006effect	742grecon_003macbar_001		vs2-meta	
65D32C47	006effect	743orphan_003graze0_001		vs2-meta	
7F7E09C6	006effect	743orphan_004grzcmd_001		vs2-meta	
092F3CF3	006effect	743orphan_005grzars_001		vs2-meta	
1C4F6E85	006effect	743orphan_006grazcs_001		vs2-meta	
0F737308	006effect	743orphan_007ryusei_001		vs2-meta	
69991B90	006effect	743orphan_008scgzge_001		vs2-meta	
86CC1296	006effect	743orphan_009scgzmc_001		vs2-meta	
A192856A	006effect	745mising_002zk2psy_001		ob-unit-list	
79683EBC	006effect	745mising_003ricdm2_001		ob-unit-list	
5A82A90B	006effect	746tnbolt_004zak1td_001		vs2-meta	
AAE46C56	006effect	chara_000common_000common_000common_001_aae46c56		vs2-meta	
CD27D04B	006effect	chara_000common_000common_000common_001_cd27d04b		vs2-meta	
F6954689	006effect	chara_001gundam_001gundam_002chrgel_001		vs2-meta	
61A16E5D	006effect	chara_033gndage_033gndage_005zeydra_001		vs2-meta	
F6321277	006effect	chara_033gndage_033gndage_005zeydra_001_f6321277		vs2-meta	
F51C5EB5	006effect	chara_733gndage_733gndage_005gafran_001		vs2-meta	
37978F65	006effect	chara_733gndage_733gndage_005gafran_001_37978f65		vs2-meta	
54719501	006effect	chr_013gndmsm_006gmcnn2_001_efxlist		vs2-meta	
1236BD0C	006effect	chr_701gundam_009mglatk_001_efxlist		vs2-meta	
4CC37F60	006effect	chr_701gundam_011zaku20_001_efxlist		vs2-meta	
3E9028C3	006effect	chr_703zzgndm_002gazac0_001_efxlist		vs2-meta	
94831B06	006effect	chr_704gunf91_003dgiref_001_efxlist		vs2-meta	
0B017A1A	006effect	chr_704gunf91_004dgircv_001_efxlist		vs2-meta	
B4D1C2BF	006effect	chr_705vgundm_007zoloat_001_efxlist		vs2-meta	
31163174	006effect	chr_705vgundm_008zlatlm_001_efxlist		vs2-meta	
4B929F61	006effect	chr_708gndm08_001hvrtrk_001_efxlist		vs2-meta	
C12085A5	006effect	chr_710turnag_001flat00_001_efxlist		vs2-meta	
11AC0BFA	006effect	chr_710turnag_002flatrd_001_efxlist		vs2-meta	
D6F73B91	006effect	chr_710turnag_003brjnon_001_efxlist		vs2-meta	
1BE785FE	006effect	chr_713gndmsm_001xamel0_001_efxlist		vs2-meta	
2E9EC79B	006effect	chr_713gndmsm_002glmarn_001_efxlist		vs2-meta	
5BFCC015	006effect	chr_713gndmsm_003glmrct_001_efxlist		vs2-meta	
982D9571	006effect	chr_715gndmuc_006rzelct_001_efxlist		vs2-meta	
B38984AC	006effect	chr_715gndmuc_009grzlan_001_efxlist		vs2-meta	
FF8F62B6	006effect	chr_728gunwtv_002leo000_001_efxlist		vs2-meta	
48CE2718	006effect	chr_733gndage_003gexes0_001_efxlist		vs2-meta	
EC5ED0D2	006effect	chr_743orphan_001mblwrk_001_efxlist		vs2-meta	
287F1822	006effect	chr_743orphan_002mbwksp_001_efxlist		vs2-meta	
61976B87	006effect	chr_746tnbolt_001gmthnd_001_efxlist		vs2-meta	
4F962173	006effect	chr_746tnbolt_002gmcntd_001_efxlist		vs2-meta	
B795C276	006effect	chr_746tnbolt_003gncntd_001_efxlist		vs2-meta	
37AB517D	006effect	projectile_depiction_table_000common_000common_001		vs2-meta	
97BBFE24	006effect	unit_501601001		ob-unit-list	
DB85A018	006effect	unit_501602001		ob-unit-list	
58546936	006effect	unit_501603001		ob-unit-list	
6D98456B	006effect	unit_501605001		ob-unit-list	
082C202D	006effect	unit_501606001		ob-unit-list	
FBF74103	006effect	unit_501707001		ob-unit-list	
B6122C48	006effect	unit_502601001		ob-unit-list	
59625F26	006effect	unit_502602001		ob-unit-list	
50442617	006effect	unit_503601001		ob-unit-list	
06EB593A	006effect	unit_503602001		ob-unit-list	
CF0A434A	006effect	unit_508601001		ob-unit-list	
3137612D	006effect	unit_510601001		ob-unit-list	
8A4C47E2	006effect	unit_513601001		ob-unit-list	
8D23F0C2	006effect	unit_514601001		ob-unit-list	
5828E580	006effect	unit_514602001		ob-unit-list	
C3E9727E	006effect	unit_514705001		ob-unit-list	
EEEEA0D0	006effect	unit_515708001		ob-unit-list	
D9717868	006effect	unit_520707001		ob-unit-list	
13A789AD	006effect	unit_520708001		ob-unit-list	
B5C9D761	006effect	unit_520709001		ob-unit-list	
99A6DADE	006effect	unit_526701001		ob-unit-list	
6E7BC314	006effect	unit_533702001		ob-unit-list	
41F33C7C	006effect	unit_533704001		ob-unit-list	
3E23C030	006effect	unit_533705001		ob-unit-list	
89473D07	006effect	unit_533706001		ob-unit-list	
7D044032	006effect	unit_533710001		ob-unit-list	
01D7E39F	006effect	unit_533711001		ob-unit-list	
A1ADA252	006effect	unit_533712001		ob-unit-list	
3D924575	006effect	unit_533713001		ob-unit-list	
3F366E2D	006effect	unit_542704001		ob-unit-list	
8A1C3423	009gui	ac_common		vs2-meta	
DB2F12DE	009gui	alert		vs2-meta	
6D814DBB	009gui	briefing		vs2-meta	
616F4CA9	009gui	charainfo		vs2-meta	
167AFB99	009gui	common_shogo_image_common_battle_shogo_image_common_ulb_6files		vs2-meta	
4299E057	009gui	eu_head		vs2-meta	
A793477C	009gui	flash_attract_title_title		vs2-meta	
B8B89D83	009gui	flash_ingamehud_common_b8b89d83		vs2-meta	
C97B052E	009gui	flash_ingamehud_custom_hud_000		vs2-meta	
1BC41B9E	009gui	hudidtable		vs2-meta	
2C753EA9	009gui	img_img_00000_img_00016_17files_2c753ea9		ob-internal	
618872D9	009gui	img_img_00000_img_00023_24files_618872d9		ob-internal	
1D1D547E	009gui	intrude		vs2-meta	
4BC9ABC3	009gui	join_battle		vs2-meta	
8A97335F	009gui	lockon		vs2-meta	
F537C45B	009gui	message		vs2-meta	
2D4A4259	009gui	mode_symbol_001		vs2-meta	
366109C2	009gui	ms_ms_l_001_001_001		vs2-meta	
47EA3FC0	009gui	ms_ms_l_001_002_001		vs2-meta	
8667751A	009gui	ms_ms_l_001_004_001		vs2-meta	
DCE03EAC	009gui	ms_ms_l_001_005_001		vs2-meta	
4B77E0C5	009gui	ms_ms_l_001_007_001		vs2-meta	
22378EBB	009gui	ms_ms_l_001_008_001		vs2-meta	
C23D5B96	009gui	ms_ms_l_001_015_001		vs2-meta	
6215B544	009gui	ms_ms_l_002_001_001		vs2-meta	
87F4CC86	009gui	ms_ms_l_002_002_001		vs2-meta	
C879A890	009gui	ms_ms_l_002_003_001		vs2-meta	
990FB752	009gui	ms_ms_l_002_004_001		vs2-meta	
18475442	009gui	ms_ms_l_002_005_001		vs2-meta	
006A4EE2	009gui	ms_ms_l_002_013_001		vs2-meta	
E54E6E26	009gui	ms_ms_l_002_014_001		vs2-meta	
523AEDDD	009gui	ms_ms_l_002_016_001		vs2-meta	
91C03904	009gui	ms_ms_l_003_001_001		vs2-meta	
DCA7BA11	009gui	ms_ms_l_003_002_001		vs2-meta	
DD215D52	009gui	ms_ms_l_003_003_001		vs2-meta	
36D98683	009gui	ms_ms_l_003_012_001		vs2-meta	
CC6ED275	009gui	ms_ms_l_004_001_001		vs2-meta	
EF3DD9D2	009gui	ms_ms_l_004_002_001		vs2-meta	
46525EB5	009gui	ms_ms_l_005_001_001		vs2-meta	
0A08364B	009gui	ms_ms_l_005_002_001		vs2-meta	
C1829119	009gui	ms_ms_l_005_003_001		vs2-meta	
431B72C6	009gui	ms_ms_l_008_001_001		vs2-meta	
86403EA3	009gui	ms_ms_l_008_002_001		vs2-meta	
9FC8D64E	009gui	ms_ms_l_010_001_001		vs2-meta	
6901DFC3	009gui	ms_ms_l_010_002_001		vs2-meta	
5E474046	009gui	ms_ms_l_010_003_001		vs2-meta	
609EEFBC	009gui	ms_ms_l_010_004_001		vs2-meta	
4874B978	009gui	ms_ms_l_010_005_001		vs2-meta	
BCC408FE	009gui	ms_ms_l_013_001_001		vs2-meta	
EED926D7	009gui	ms_ms_l_013_002_001		vs2-meta	
3B0CC524	009gui	ms_ms_l_013_004_001		vs2-meta	
1792D857	009gui	ms_ms_l_014_001_001		vs2-meta	
33A21AD0	009gui	ms_ms_l_014_006_001		vs2-meta	
FC3471D9	009gui	ms_ms_l_014_008_001		vs2-meta	
D6A6C27E	009gui	ms_ms_l_014_014_001		vs2-meta	
CDB119FA	009gui	ms_ms_l_014_017_001		vs2-meta	
6B3D1BC4	009gui	ms_ms_l_014_018_001		vs2-meta	
91C502BD	009gui	ms_ms_l_014_020_001		ob-internal	
5648A58D	009gui	ms_ms_l_014_021_001		ob-internal	
CF574601	009gui	ms_ms_l_015_001_001		vs2-meta	
F36BA8FF	009gui	ms_ms_l_015_002_001		vs2-meta	
0BC08AF5	009gui	ms_ms_l_015_003_001		vs2-meta	
C0E2D4AC	009gui	ms_ms_l_015_004_001		vs2-meta	
3489F153	009gui	ms_ms_l_015_005_001		vs2-meta	
6E49178D	009gui	ms_ms_l_017_001_001		vs2-meta	
2C31E400	009gui	ms_ms_l_017_002_001		vs2-meta	
6FDEC348	009gui	ms_ms_l_017_003_001		vs2-meta	
35967FDD	009gui	ms_ms_l_017_004_001		vs2-meta	
0216E936	009gui	ms_ms_l_018_001_001		vs2-meta	
20B5372C	009gui	ms_ms_l_018_003_001		vs2-meta	
24A5F870	009gui	ms_ms_l_020_001_001		vs2-meta	
A868BA9E	009gui	ms_ms_l_020_002_001		vs2-meta	
DEF48811	009gui	ms_ms_l_020_003_001		vs2-meta	
56191386	009gui	ms_ms_l_020_005_001		vs2-meta	
B5EA35F0	009gui	ms_ms_l_020_006_001		vs2-meta	
81F0CEE6	009gui	ms_ms_l_020_008_001		vs2-meta	
D48041A7	009gui	ms_ms_l_020_009_001		vs2-meta	
DFD76180	009gui	ms_ms_l_020_010_001		vs2-meta	
427E9DF8	009gui	ms_ms_l_020_011_001		vs2-meta	
54EE05FF	009gui	ms_ms_l_020_012_001		vs2-meta	
0740B851	009gui	ms_ms_l_022_004_001		vs2-meta	
20EFBCEA	009gui	ms_ms_l_022_005_001		vs2-meta	
79F9C097	009gui	ms_ms_l_023_001_001		vs2-meta	
5AD576D2	009gui	ms_ms_l_023_002_001		vs2-meta	
66350386	009gui	ms_ms_l_023_003_001		vs2-meta	
726E3FB5	009gui	ms_ms_l_023_004_001		vs2-meta	
64346398	009gui	ms_ms_l_023_005_001		vs2-meta	
1E37BEDD	009gui	ms_ms_l_026_001_001		vs2-meta	
E557DAA2	009gui	ms_ms_l_026_002_001		vs2-meta	
F227E182	009gui	ms_ms_l_028_001_001		vs2-meta	
B3D75B7A	009gui	ms_ms_l_028_002_001		vs2-meta	
FADA86EE	009gui	ms_ms_l_028_009_001		vs2-meta	
2153C691	009gui	ms_ms_l_028_010_001		vs2-meta	
811F02F9	009gui	ms_ms_l_028_011_001		ob-internal	
7E6B01AB	009gui	ms_ms_l_028_012_001		ob-internal	
5817473C	009gui	ms_ms_l_028_013_001		vs2-meta	
00F1EDC4	009gui	ms_ms_l_028_014_001		ob-internal	
49B512FC	009gui	ms_ms_l_033_001_001		vs2-meta	
97F70E2D	009gui	ms_ms_l_033_002_001		vs2-meta	
D0DE1714	009gui	ms_ms_l_033_005_001		vs2-meta	
BF400D31	009gui	ms_ms_l_033_006_001		vs2-meta	
B6823FE0	009gui	ms_ms_l_042_001_001		vs2-meta	
0775E31A	009gui	ms_ms_l_042_002_001		vs2-meta	
2B9C1CB0	009gui	ms_ms_l_042_003_001		vs2-meta	
9E32DF98	009gui	ms_ms_l_042_004_001		vs2-meta	
C61A8B5F	009gui	ms_ms_l_043_001_001		vs2-meta	
C781BDF6	009gui	ms_ms_l_043_004_001		vs2-meta	
D679CBCA	009gui	ms_ms_l_045_002_001		vs2-meta	
5A9A887F	009gui	ms_ms_l_045_003_001		ob-internal	
9EE18306	009gui	ms_ms_l_045_005_001		ob-internal	
92C850AF	009gui	ms_ms_l_046_001_001		vs2-meta	
1DD67964	009gui	ms_ms_l_046_002_001		vs2-meta	
316EB314	009gui	ms_ms_l_046_003_001		vs2-meta	
F0E158D1	009gui	ms_ms_l_049_001_001		vs2-meta	
91A90292	009gui	ms_ms_l_051_001_001		vs2-meta	
CCC79B02	009gui	ms_ms_l_052_001_001		vs2-meta	
82067E11	009gui	ms_ms_l_random		vs2-meta	
EC1348D8	009gui	ms_ms_s_001_001_001		vs2-meta	
9D987EDA	009gui	ms_ms_s_001_002_001		vs2-meta	
5C153400	009gui	ms_ms_s_001_004_001		vs2-meta	
06927FB6	009gui	ms_ms_s_001_005_001		vs2-meta	
9105A1DF	009gui	ms_ms_s_001_007_001		vs2-meta	
F845CFA1	009gui	ms_ms_s_001_008_001		vs2-meta	
184F1A8C	009gui	ms_ms_s_001_015_001		vs2-meta	
B867F45E	009gui	ms_ms_s_002_001_001		vs2-meta	
5D868D9C	009gui	ms_ms_s_002_002_001		vs2-meta	
120BE98A	009gui	ms_ms_s_002_003_001		vs2-meta	
437DF648	009gui	ms_ms_s_002_004_001		vs2-meta	
C2351558	009gui	ms_ms_s_002_005_001		vs2-meta	
DA180FF8	009gui	ms_ms_s_002_013_001		vs2-meta	
3F3C2F3C	009gui	ms_ms_s_002_014_001		vs2-meta	
8848ACC7	009gui	ms_ms_s_002_016_001		vs2-meta	
4BB2781E	009gui	ms_ms_s_003_001_001		vs2-meta	
06D5FB0B	009gui	ms_ms_s_003_002_001		vs2-meta	
07531C48	009gui	ms_ms_s_003_003_001		vs2-meta	
ECABC799	009gui	ms_ms_s_003_012_001		vs2-meta	
161C936F	009gui	ms_ms_s_004_001_001		vs2-meta	
354F98C8	009gui	ms_ms_s_004_002_001		vs2-meta	
9C201FAF	009gui	ms_ms_s_005_001_001		vs2-meta	
D07A7751	009gui	ms_ms_s_005_002_001		vs2-meta	
1BF0D003	009gui	ms_ms_s_005_003_001		vs2-meta	
996933DC	009gui	ms_ms_s_008_001_001		vs2-meta	
5C327FB9	009gui	ms_ms_s_008_002_001		vs2-meta	
45BA9754	009gui	ms_ms_s_010_001_001		vs2-meta	
B3739ED9	009gui	ms_ms_s_010_002_001		vs2-meta	
8435015C	009gui	ms_ms_s_010_003_001		vs2-meta	
BAECAEA6	009gui	ms_ms_s_010_004_001		vs2-meta	
9206F862	009gui	ms_ms_s_010_005_001		vs2-meta	
66B649E4	009gui	ms_ms_s_013_001_001		vs2-meta	
34AB67CD	009gui	ms_ms_s_013_002_001		vs2-meta	
E17E843E	009gui	ms_ms_s_013_004_001		vs2-meta	
CDE0994D	009gui	ms_ms_s_014_001_001		vs2-meta	
E9D05BCA	009gui	ms_ms_s_014_006_001		vs2-meta	
264630C3	009gui	ms_ms_s_014_008_001		vs2-meta	
0CD48364	009gui	ms_ms_s_014_014_001		vs2-meta	
17C358E0	009gui	ms_ms_s_014_017_001		vs2-meta	
B14F5ADE	009gui	ms_ms_s_014_018_001		vs2-meta	
4BB743A7	009gui	ms_ms_s_014_020_001		ob-internal	
8C3AE497	009gui	ms_ms_s_014_021_001		ob-internal	
1525071B	009gui	ms_ms_s_015_001_001		vs2-meta	
2919E9E5	009gui	ms_ms_s_015_002_001		vs2-meta	
D1B2CBEF	009gui	ms_ms_s_015_003_001		vs2-meta	
1A9095B6	009gui	ms_ms_s_015_004_001		vs2-meta	
EEFBB049	009gui	ms_ms_s_015_005_001		vs2-meta	
B43B5697	009gui	ms_ms_s_017_001_001		vs2-meta	
F643A51A	009gui	ms_ms_s_017_002_001		vs2-meta	
B5AC8252	009gui	ms_ms_s_017_003_001		vs2-meta	
EFE43EC7	009gui	ms_ms_s_017_004_001		vs2-meta	
D864A82C	009gui	ms_ms_s_018_001_001		vs2-meta	
FAC77636	009gui	ms_ms_s_018_003_001		vs2-meta	
FED7B96A	009gui	ms_ms_s_020_001_001		vs2-meta	
721AFB84	009gui	ms_ms_s_020_002_001		vs2-meta	
0486C90B	009gui	ms_ms_s_020_003_001		vs2-meta	
8C6B529C	009gui	ms_ms_s_020_005_001		vs2-meta	
6F9874EA	009gui	ms_ms_s_020_006_001		vs2-meta	
5B828FFC	009gui	ms_ms_s_020_008_001		vs2-meta	
0EF200BD	009gui	ms_ms_s_020_009_001		vs2-meta	
05A5209A	009gui	ms_ms_s_020_010_001		vs2-meta	
980CDCE2	009gui	ms_ms_s_020_011_001		vs2-meta	
8E9C44E5	009gui	ms_ms_s_020_012_001		vs2-meta	
DD32F94B	009gui	ms_ms_s_022_004_001		vs2-meta	
FA9DFDF0	009gui	ms_ms_s_022_005_001		vs2-meta	
A38B818D	009gui	ms_ms_s_023_001_001		vs2-meta	
80A737C8	009gui	ms_ms_s_023_002_001		vs2-meta	
BC47429C	009gui	ms_ms_s_023_003_001		vs2-meta	
A81C7EAF	009gui	ms_ms_s_023_004_001		vs2-meta	
BE462282	009gui	ms_ms_s_023_005_001		vs2-meta	
C445FFC7	009gui	ms_ms_s_026_001_001		vs2-meta	
3F259BB8	009gui	ms_ms_s_026_002_001		vs2-meta	
2855A098	009gui	ms_ms_s_028_001_001		vs2-meta	
69A51A60	009gui	ms_ms_s_028_002_001		vs2-meta	
20A8C7F4	009gui	ms_ms_s_028_009_001		vs2-meta	
FB21878B	009gui	ms_ms_s_028_010_001		vs2-meta	
5B6D43E3	009gui	ms_ms_s_028_011_001		ob-internal	
A41940B1	009gui	ms_ms_s_028_012_001		ob-internal	
82650626	009gui	ms_ms_s_028_013_001		vs2-meta	
DA83ACDE	009gui	ms_ms_s_028_014_001		ob-internal	
93C753E6	009gui	ms_ms_s_033_001_001		vs2-meta	
4D854F37	009gui	ms_ms_s_033_002_001		vs2-meta	
0AAC560E	009gui	ms_ms_s_033_005_001		vs2-meta	
65324C2B	009gui	ms_ms_s_033_006_001		vs2-meta	
6CF07EFA	009gui	ms_ms_s_042_001_001		vs2-meta	
DD07A200	009gui	ms_ms_s_042_002_001		vs2-meta	
F1EE5DAA	009gui	ms_ms_s_042_003_001		vs2-meta	
44409E82	009gui	ms_ms_s_042_004_001		vs2-meta	
1C68CA45	009gui	ms_ms_s_043_001_001		vs2-meta	
1DF3FCEC	009gui	ms_ms_s_043_004_001		vs2-meta	
0C0B8AD0	009gui	ms_ms_s_045_002_001		vs2-meta	
80E8C965	009gui	ms_ms_s_045_003_001		ob-internal	
4493C21C	009gui	ms_ms_s_045_005_001		ob-internal	
48BA11B5	009gui	ms_ms_s_046_001_001		vs2-meta	
C7A4387E	009gui	ms_ms_s_046_002_001		vs2-meta	
EB1CF20E	009gui	ms_ms_s_046_003_001		vs2-meta	
2A9319CB	009gui	ms_ms_s_049_001_001		vs2-meta	
4BDB4388	009gui	ms_ms_s_051_001_001		vs2-meta	
16B5DA18	009gui	ms_ms_s_052_001_001		vs2-meta	
279D5D96	009gui	ms_ms_s_random		vs2-meta	
01335BC0	009gui	ms_vs_l_001_001_001		vs2-meta	
70B86DC2	009gui	ms_vs_l_001_002_001		vs2-meta	
B1352718	009gui	ms_vs_l_001_004_001		vs2-meta	
EBB26CAE	009gui	ms_vs_l_001_005_001		vs2-meta	
7C25B2C7	009gui	ms_vs_l_001_007_001		vs2-meta	
1565DCB9	009gui	ms_vs_l_001_008_001		vs2-meta	
F56F0994	009gui	ms_vs_l_001_015_001		vs2-meta	
5547E746	009gui	ms_vs_l_002_001_001		vs2-meta	
B0A69E84	009gui	ms_vs_l_002_002_001		vs2-meta	
FF2BFA92	009gui	ms_vs_l_002_003_001		vs2-meta	
AE5DE550	009gui	ms_vs_l_002_004_001		vs2-meta	
2F150640	009gui	ms_vs_l_002_005_001		vs2-meta	
37381CE0	009gui	ms_vs_l_002_013_001		vs2-meta	
D21C3C24	009gui	ms_vs_l_002_014_001		vs2-meta	
6568BFDF	009gui	ms_vs_l_002_016_001		vs2-meta	
A6926B06	009gui	ms_vs_l_003_001_001		vs2-meta	
EBF5E813	009gui	ms_vs_l_003_002_001		vs2-meta	
EA730F50	009gui	ms_vs_l_003_003_001		vs2-meta	
018BD481	009gui	ms_vs_l_003_012_001		vs2-meta	
FB3C8077	009gui	ms_vs_l_004_001_001		vs2-meta	
D86F8BD0	009gui	ms_vs_l_004_002_001		vs2-meta	
71000CB7	009gui	ms_vs_l_005_001_001		vs2-meta	
3D5A6449	009gui	ms_vs_l_005_002_001		vs2-meta	
F6D0C31B	009gui	ms_vs_l_005_003_001		vs2-meta	
744920C4	009gui	ms_vs_l_008_001_001		vs2-meta	
B1126CA1	009gui	ms_vs_l_008_002_001		vs2-meta	
A89A844C	009gui	ms_vs_l_010_001_001		vs2-meta	
5E538DC1	009gui	ms_vs_l_010_002_001		vs2-meta	
69151244	009gui	ms_vs_l_010_003_001		vs2-meta	
57CCBDBE	009gui	ms_vs_l_010_004_001		vs2-meta	
7F26EB7A	009gui	ms_vs_l_010_005_001		vs2-meta	
8B965AFC	009gui	ms_vs_l_013_001_001		vs2-meta	
D98B74D5	009gui	ms_vs_l_013_002_001		vs2-meta	
0C5E9726	009gui	ms_vs_l_013_004_001		vs2-meta	
20C08A55	009gui	ms_vs_l_014_001_001		vs2-meta	
04F048D2	009gui	ms_vs_l_014_006_001		vs2-meta	
CB6623DB	009gui	ms_vs_l_014_008_001		vs2-meta	
E1F4907C	009gui	ms_vs_l_014_014_001		vs2-meta	
FAE34BF8	009gui	ms_vs_l_014_017_001		vs2-meta	
5C6F49C6	009gui	ms_vs_l_014_018_001		vs2-meta	
A69750BF	009gui	ms_vs_l_014_020_001		ob-internal	
611AF78F	009gui	ms_vs_l_014_021_001		ob-internal	
F8051403	009gui	ms_vs_l_015_001_001		vs2-meta	
C439FAFD	009gui	ms_vs_l_015_002_001		vs2-meta	
3C92D8F7	009gui	ms_vs_l_015_003_001		vs2-meta	
F7B086AE	009gui	ms_vs_l_015_004_001		vs2-meta	
03DBA351	009gui	ms_vs_l_015_005_001		vs2-meta	
591B458F	009gui	ms_vs_l_017_001_001		vs2-meta	
1B63B602	009gui	ms_vs_l_017_002_001		vs2-meta	
588C914A	009gui	ms_vs_l_017_003_001		vs2-meta	
02C42DDF	009gui	ms_vs_l_017_004_001		vs2-meta	
3544BB34	009gui	ms_vs_l_018_001_001		vs2-meta	
17E7652E	009gui	ms_vs_l_018_003_001		vs2-meta	
13F7AA72	009gui	ms_vs_l_020_001_001		vs2-meta	
9F3AE89C	009gui	ms_vs_l_020_002_001		vs2-meta	
E9A6DA13	009gui	ms_vs_l_020_003_001		vs2-meta	
614B4184	009gui	ms_vs_l_020_005_001		vs2-meta	
82B867F2	009gui	ms_vs_l_020_006_001		vs2-meta	
B6A29CE4	009gui	ms_vs_l_020_008_001		vs2-meta	
E3D213A5	009gui	ms_vs_l_020_009_001		vs2-meta	
E8853382	009gui	ms_vs_l_020_010_001		vs2-meta	
752CCFFA	009gui	ms_vs_l_020_011_001		vs2-meta	
63BC57FD	009gui	ms_vs_l_020_012_001		vs2-meta	
3012EA53	009gui	ms_vs_l_022_004_001		vs2-meta	
17BDEEE8	009gui	ms_vs_l_022_005_001		vs2-meta	
4EAB9295	009gui	ms_vs_l_023_001_001		vs2-meta	
6D8724D0	009gui	ms_vs_l_023_002_001		vs2-meta	
51675184	009gui	ms_vs_l_023_003_001		vs2-meta	
453C6DB7	009gui	ms_vs_l_023_004_001		vs2-meta	
5366319A	009gui	ms_vs_l_023_005_001		vs2-meta	
2965ECDF	009gui	ms_vs_l_026_001_001		vs2-meta	
D20588A0	009gui	ms_vs_l_026_002_001		vs2-meta	
C575B380	009gui	ms_vs_l_028_001_001		vs2-meta	
84850978	009gui	ms_vs_l_028_002_001		vs2-meta	
CD88D4EC	009gui	ms_vs_l_028_009_001		vs2-meta	
16019493	009gui	ms_vs_l_028_010_001		vs2-meta	
B64D50FB	009gui	ms_vs_l_028_011_001		ob-internal	
493953A9	009gui	ms_vs_l_028_012_001		ob-internal	
6F45153E	009gui	ms_vs_l_028_013_001		vs2-meta	
37A3BFC6	009gui	ms_vs_l_028_014_001		ob-internal	
7EE740FE	009gui	ms_vs_l_033_001_001		vs2-meta	
A0A55C2F	009gui	ms_vs_l_033_002_001		vs2-meta	
E78C4516	009gui	ms_vs_l_033_005_001		vs2-meta	
88125F33	009gui	ms_vs_l_033_006_001		vs2-meta	
81D06DE2	009gui	ms_vs_l_042_001_001		vs2-meta	
3027B118	009gui	ms_vs_l_042_002_001		vs2-meta	
1CCE4EB2	009gui	ms_vs_l_042_003_001		vs2-meta	
A9608D9A	009gui	ms_vs_l_042_004_001		vs2-meta	
F148D95D	009gui	ms_vs_l_043_001_001		vs2-meta	
F0D3EFF4	009gui	ms_vs_l_043_004_001		vs2-meta	
E12B99C8	009gui	ms_vs_l_045_002_001		vs2-meta	
6DC8DA7D	009gui	ms_vs_l_045_003_001		ob-internal	
A9B3D104	009gui	ms_vs_l_045_005_001		ob-internal	
A59A02AD	009gui	ms_vs_l_046_001_001		vs2-meta	
2A842B66	009gui	ms_vs_l_046_002_001		vs2-meta	
063CE116	009gui	ms_vs_l_046_003_001		vs2-meta	
C7B30AD3	009gui	ms_vs_l_049_001_001		vs2-meta	
A6FB5090	009gui	ms_vs_l_051_001_001		vs2-meta	
FB95C900	009gui	ms_vs_l_052_001_001		vs2-meta	
0FD13D9E	009gui	ms_vs_l_random		vs2-meta	
B846C3FE	009gui	ms_vs_r_001_001_001		vs2-meta	
C9CDF5FC	009gui	ms_vs_r_001_002_001		vs2-meta	
0840BF26	009gui	ms_vs_r_001_004_001		vs2-meta	
52C7F490	009gui	ms_vs_r_001_005_001		vs2-meta	
C5502AF9	009gui	ms_vs_r_001_007_001		vs2-meta	
AC104487	009gui	ms_vs_r_001_008_001		vs2-meta	
4C1A91AA	009gui	ms_vs_r_001_015_001		vs2-meta	
EC327F78	009gui	ms_vs_r_002_001_001		vs2-meta	
09D306BA	009gui	ms_vs_r_002_002_001		vs2-meta	
465E62AC	009gui	ms_vs_r_002_003_001		vs2-meta	
17287D6E	009gui	ms_vs_r_002_004_001		vs2-meta	
96609E7E	009gui	ms_vs_r_002_005_001		vs2-meta	
8E4D84DE	009gui	ms_vs_r_002_013_001		vs2-meta	
6B69A41A	009gui	ms_vs_r_002_014_001		vs2-meta	
DC1D27E1	009gui	ms_vs_r_002_016_001		vs2-meta	
1FE7F338	009gui	ms_vs_r_003_001_001		vs2-meta	
5280702D	009gui	ms_vs_r_003_002_001		vs2-meta	
5306976E	009gui	ms_vs_r_003_003_001		vs2-meta	
B8FE4CBF	009gui	ms_vs_r_003_012_001		vs2-meta	
42491849	009gui	ms_vs_r_004_001_001		vs2-meta	
611A13EE	009gui	ms_vs_r_004_002_001		vs2-meta	
C8759489	009gui	ms_vs_r_005_001_001		vs2-meta	
842FFC77	009gui	ms_vs_r_005_002_001		vs2-meta	
4FA55B25	009gui	ms_vs_r_005_003_001		vs2-meta	
CD3CB8FA	009gui	ms_vs_r_008_001_001		vs2-meta	
0867F49F	009gui	ms_vs_r_008_002_001		vs2-meta	
11EF1C72	009gui	ms_vs_r_010_001_001		vs2-meta	
E72615FF	009gui	ms_vs_r_010_002_001		vs2-meta	
D0608A7A	009gui	ms_vs_r_010_003_001		vs2-meta	
EEB92580	009gui	ms_vs_r_010_004_001		vs2-meta	
C6537344	009gui	ms_vs_r_010_005_001		vs2-meta	
32E3C2C2	009gui	ms_vs_r_013_001_001		vs2-meta	
60FEECEB	009gui	ms_vs_r_013_002_001		vs2-meta	
B52B0F18	009gui	ms_vs_r_013_004_001		vs2-meta	
99B5126B	009gui	ms_vs_r_014_001_001		vs2-meta	
BD85D0EC	009gui	ms_vs_r_014_006_001		vs2-meta	
7213BBE5	009gui	ms_vs_r_014_008_001		vs2-meta	
58810842	009gui	ms_vs_r_014_014_001		vs2-meta	
4396D3C6	009gui	ms_vs_r_014_017_001		vs2-meta	
E51AD1F8	009gui	ms_vs_r_014_018_001		vs2-meta	
1FE2C881	009gui	ms_vs_r_014_020_001		ob-internal	
D86F6FB1	009gui	ms_vs_r_014_021_001		ob-internal	
41708C3D	009gui	ms_vs_r_015_001_001		vs2-meta	
7D4C62C3	009gui	ms_vs_r_015_002_001		vs2-meta	
85E740C9	009gui	ms_vs_r_015_003_001		vs2-meta	
4EC51E90	009gui	ms_vs_r_015_004_001		vs2-meta	
BAAE3B6F	009gui	ms_vs_r_015_005_001		vs2-meta	
E06EDDB1	009gui	ms_vs_r_017_001_001		vs2-meta	
A2162E3C	009gui	ms_vs_r_017_002_001		vs2-meta	
E1F90974	009gui	ms_vs_r_017_003_001		vs2-meta	
BBB1B5E1	009gui	ms_vs_r_017_004_001		vs2-meta	
8C31230A	009gui	ms_vs_r_018_001_001		vs2-meta	
AE92FD10	009gui	ms_vs_r_018_003_001		vs2-meta	
AA82324C	009gui	ms_vs_r_020_001_001		vs2-meta	
264F70A2	009gui	ms_vs_r_020_002_001		vs2-meta	
50D3422D	009gui	ms_vs_r_020_003_001		vs2-meta	
D83ED9BA	009gui	ms_vs_r_020_005_001		vs2-meta	
3BCDFFCC	009gui	ms_vs_r_020_006_001		vs2-meta	
0FD704DA	009gui	ms_vs_r_020_008_001		vs2-meta	
5AA78B9B	009gui	ms_vs_r_020_009_001		vs2-meta	
51F0ABBC	009gui	ms_vs_r_020_010_001		vs2-meta	
CC5957C4	009gui	ms_vs_r_020_011_001		vs2-meta	
DAC9CFC3	009gui	ms_vs_r_020_012_001		vs2-meta	
8967726D	009gui	ms_vs_r_022_004_001		vs2-meta	
AEC876D6	009gui	ms_vs_r_022_005_001		vs2-meta	
F7DE0AAB	009gui	ms_vs_r_023_001_001		vs2-meta	
D4F2BCEE	009gui	ms_vs_r_023_002_001		vs2-meta	
E812C9BA	009gui	ms_vs_r_023_003_001		vs2-meta	
FC49F589	009gui	ms_vs_r_023_004_001		vs2-meta	
EA13A9A4	009gui	ms_vs_r_023_005_001		vs2-meta	
901074E1	009gui	ms_vs_r_026_001_001		vs2-meta	
6B70109E	009gui	ms_vs_r_026_002_001		vs2-meta	
7C002BBE	009gui	ms_vs_r_028_001_001		vs2-meta	
3DF09146	009gui	ms_vs_r_028_002_001		vs2-meta	
74FD4CD2	009gui	ms_vs_r_028_009_001		vs2-meta	
AF740CAD	009gui	ms_vs_r_028_010_001		vs2-meta	
0F38C8C5	009gui	ms_vs_r_028_011_001		ob-internal	
F04CCB97	009gui	ms_vs_r_028_012_001		ob-internal	
D6308D00	009gui	ms_vs_r_028_013_001		vs2-meta	
8ED627F8	009gui	ms_vs_r_028_014_001		ob-internal	
C792D8C0	009gui	ms_vs_r_033_001_001		vs2-meta	
19D0C411	009gui	ms_vs_r_033_002_001		vs2-meta	
5EF9DD28	009gui	ms_vs_r_033_005_001		vs2-meta	
3167C70D	009gui	ms_vs_r_033_006_001		vs2-meta	
38A5F5DC	009gui	ms_vs_r_042_001_001		vs2-meta	
89522926	009gui	ms_vs_r_042_002_001		vs2-meta	
A5BBD68C	009gui	ms_vs_r_042_003_001		vs2-meta	
101515A4	009gui	ms_vs_r_042_004_001		vs2-meta	
483D4163	009gui	ms_vs_r_043_001_001		vs2-meta	
49A677CA	009gui	ms_vs_r_043_004_001		vs2-meta	
585E01F6	009gui	ms_vs_r_045_002_001		vs2-meta	
D4BD4243	009gui	ms_vs_r_045_003_001		ob-internal	
10C6493A	009gui	ms_vs_r_045_005_001		ob-internal	
1CEF9A93	009gui	ms_vs_r_046_001_001		vs2-meta	
93F1B358	009gui	ms_vs_r_046_002_001		vs2-meta	
BF497928	009gui	ms_vs_r_046_003_001		vs2-meta	
7EC692ED	009gui	ms_vs_r_049_001_001		vs2-meta	
1F8EC8AE	009gui	ms_vs_r_051_001_001		vs2-meta	
42E0513E	009gui	ms_vs_r_052_001_001		vs2-meta	
A8E34D51	009gui	ms_vs_r_601_001_001		ob-internal	
39B3EA4F	009gui	ms_vs_r_603_002_001		ob-internal	
B514F497	009gui	ms_vs_r_613_001_001		ob-internal	
1D75AC34	009gui	ms_vs_r_615_001_001		vs2-meta	
B92636B9	009gui	ms_vs_r_701_001_001		vs2-meta	
F0EE5668	009gui	ms_vs_r_701_002_001		vs2-meta	
3924C4D1	009gui	ms_vs_r_701_003_001		vs2-meta	
14101DD0	009gui	ms_vs_r_701_004_001		vs2-meta	
545AA7BA	009gui	ms_vs_r_701_005_001		vs2-meta	
31B17D90	009gui	ms_vs_r_701_006_001		vs2-meta	
2D6E0E79	009gui	ms_vs_r_701_009_001		vs2-meta	
739BCC15	009gui	ms_vs_r_701_011_001		vs2-meta	
E48FC5FE	009gui	ms_vs_r_701_012_001		vs2-meta	
AD63077A	009gui	ms_vs_r_701_013_001		vs2-meta	
534FC55B	009gui	ms_vs_r_702_001_001		vs2-meta	
2B111CB3	009gui	ms_vs_r_702_002_001		vs2-meta	
771595F6	009gui	ms_vs_r_702_003_001		vs2-meta	
5267E15A	009gui	ms_vs_r_702_004_001		vs2-meta	
002623DD	009gui	ms_vs_r_703_001_001		vs2-meta	
01C89BB6	009gui	ms_vs_r_703_002_001		vs2-meta	
EE7FB169	009gui	ms_vs_r_704_001_001		vs2-meta	
B1290A17	009gui	ms_vs_r_704_002_001		vs2-meta	
ABDBA873	009gui	ms_vs_r_704_003_001		vs2-meta	
3459C96F	009gui	ms_vs_r_704_004_001		vs2-meta	
3001FFC1	009gui	ms_vs_r_705_003_001		vs2-meta	
2CEE4AFE	009gui	ms_vs_r_705_004_001		vs2-meta	
7F29C7E2	009gui	ms_vs_r_705_005_001		vs2-meta	
888FFAA1	009gui	ms_vs_r_705_006_001		vs2-meta	
8B8971CA	009gui	ms_vs_r_705_007_001		vs2-meta	
0E4E8201	009gui	ms_vs_r_705_008_001		vs2-meta	
C976C40A	009gui	ms_vs_r_705_009_001		vs2-meta	
3A2E85FE	009gui	ms_vs_r_705_010_001		vs2-meta	
74CA2C14	009gui	ms_vs_r_708_001_001		vs2-meta	
6C50FEBB	009gui	ms_vs_r_708_004_001		vs2-meta	
FE7836D0	009gui	ms_vs_r_710_001_001		vs2-meta	
2EF4B88F	009gui	ms_vs_r_710_002_001		vs2-meta	
E9AF88E4	009gui	ms_vs_r_710_003_001		vs2-meta	
A178B958	009gui	ms_vs_r_710_004_001		vs2-meta	
24BF368B	009gui	ms_vs_r_713_001_001		vs2-meta	
11C674EE	009gui	ms_vs_r_713_002_001		vs2-meta	
64A47360	009gui	ms_vs_r_713_003_001		vs2-meta	
7D351CB5	009gui	ms_vs_r_713_004_001		vs2-meta	
94361D84	009gui	ms_vs_r_713_005_001		vs2-meta	
95CEE2AB	009gui	ms_vs_r_714_001_001		vs2-meta	
2FFFF529	009gui	ms_vs_r_714_003_001		vs2-meta	
6ABD256C	009gui	ms_vs_r_714_004_001		vs2-meta	
5AAF585C	009gui	ms_vs_r_714_006_001		vs2-meta	
6ED56916	009gui	ms_vs_r_715_001_001		vs2-meta	
21818159	009gui	ms_vs_r_715_002_001		vs2-meta	
01726D08	009gui	ms_vs_r_715_004_001		vs2-meta	
A7752604	009gui	ms_vs_r_715_006_001		vs2-meta	
8CD137D9	009gui	ms_vs_r_715_009_001		vs2-meta	
3EB35180	009gui	ms_vs_r_715_010_001		vs2-meta	
AFA44D82	009gui	ms_vs_r_717_001_001		vs2-meta	
D9FD8C0F	009gui	ms_vs_r_717_002_001		vs2-meta	
F79AB442	009gui	ms_vs_r_717_003_001		vs2-meta	
1195A601	009gui	ms_vs_r_720_001_001		vs2-meta	
E159D382	009gui	ms_vs_r_720_002_001		vs2-meta	
E1A39845	009gui	ms_vs_r_720_004_001		vs2-meta	
B2ED29FB	009gui	ms_vs_r_720_005_001		vs2-meta	
CB49C445	009gui	ms_vs_r_720_006_001		vs2-meta	
B38CE3D8	009gui	ms_vs_r_720_010_001		vs2-meta	
C91181EB	009gui	ms_vs_r_723_001_001		vs2-meta	
EDDCEC72	009gui	ms_vs_r_723_002_001		vs2-meta	
C0D7D1C3	009gui	ms_vs_r_728_002_001		vs2-meta	
9924CA1D	009gui	ms_vs_r_728_003_001		vs2-meta	
360E68CB	009gui	ms_vs_r_728_004_001		vs2-meta	
6F98F52E	009gui	ms_vs_r_728_007_001		vs2-meta	
F0C0A890	009gui	ms_vs_r_728_008_001		vs2-meta	
7796946D	009gui	ms_vs_r_733_003_001		vs2-meta	
CA44EDC0	009gui	ms_vs_r_733_007_001		vs2-meta	
887EC6BD	009gui	ms_vs_r_733_009_001		vs2-meta	
C96AA102	009gui	ms_vs_r_733_014_001		vs2-meta	
08CF3C10	009gui	ms_vs_r_733_015_001		vs2-meta	
DCB263B6	009gui	ms_vs_r_742_001_001		vs2-meta	
B7F53836	009gui	ms_vs_r_742_002_001		vs2-meta	
EBC348C2	009gui	ms_vs_r_742_003_001		vs2-meta	
D30663A7	009gui	ms_vs_r_743_001_001		vs2-meta	
1727AB57	009gui	ms_vs_r_743_002_001		vs2-meta	
5A8B9F32	009gui	ms_vs_r_743_003_001		vs2-meta	
4026BAB3	009gui	ms_vs_r_743_004_001		vs2-meta	
36778F86	009gui	ms_vs_r_743_005_001		vs2-meta	
2317DDF0	009gui	ms_vs_r_743_006_001		vs2-meta	
302BC07D	009gui	ms_vs_r_743_007_001		vs2-meta	
56C1A8E5	009gui	ms_vs_r_743_008_001		vs2-meta	
B994A1E3	009gui	ms_vs_r_743_009_001		vs2-meta	
5ECFD8F2	009gui	ms_vs_r_746_001_001		vs2-meta	
70CE9206	009gui	ms_vs_r_746_002_001		vs2-meta	
88CD7103	009gui	ms_vs_r_746_003_001		vs2-meta	
65DA1A7E	009gui	ms_vs_r_746_004_001		vs2-meta	
95BCDF23	009gui	ms_vs_r_746_005_001		vs2-meta	
F27F633E	009gui	ms_vs_r_746_006_001		vs2-meta	
FD7A731E	009gui	ms_vs_s_l_001_001_001		vs2-meta	
8CF1451C	009gui	ms_vs_s_l_001_002_001		vs2-meta	
4D7C0FC6	009gui	ms_vs_s_l_001_004_001		vs2-meta	
17FB4470	009gui	ms_vs_s_l_001_005_001		vs2-meta	
806C9A19	009gui	ms_vs_s_l_001_007_001		vs2-meta	
E92CF467	009gui	ms_vs_s_l_001_008_001		vs2-meta	
0926214A	009gui	ms_vs_s_l_001_015_001		vs2-meta	
A024B36F	009gui	ms_vs_s_l_001_016_001		vs2-meta	
0B278F1F	009gui	ms_vs_s_l_001_017_001		ob-internal	
A90ECF98	009gui	ms_vs_s_l_002_001_001		vs2-meta	
4CEFB65A	009gui	ms_vs_s_l_002_002_001		vs2-meta	
0362D24C	009gui	ms_vs_s_l_002_003_001		vs2-meta	
5214CD8E	009gui	ms_vs_s_l_002_004_001		vs2-meta	
D35C2E9E	009gui	ms_vs_s_l_002_005_001		vs2-meta	
F8ED9A98	009gui	ms_vs_s_l_002_012_001		vs2-meta	
CB71343E	009gui	ms_vs_s_l_002_013_001		vs2-meta	
2E5514FA	009gui	ms_vs_s_l_002_014_001		vs2-meta	
D4C6DD6F	009gui	ms_vs_s_l_002_015_001		vs2-meta	
99219701	009gui	ms_vs_s_l_002_016_001		vs2-meta	
5ADB43D8	009gui	ms_vs_s_l_003_001_001		vs2-meta	
17BCC0CD	009gui	ms_vs_s_l_003_002_001		vs2-meta	
163A278E	009gui	ms_vs_s_l_003_003_001		vs2-meta	
FDC2FC5F	009gui	ms_vs_s_l_003_012_001		vs2-meta	
0775A8A9	009gui	ms_vs_s_l_004_001_001		vs2-meta	
2426A30E	009gui	ms_vs_s_l_004_002_001		vs2-meta	
49F990D7	009gui	ms_vs_s_l_004_004_001		vs2-meta	
8D492469	009gui	ms_vs_s_l_005_001_001		vs2-meta	
C1134C97	009gui	ms_vs_s_l_005_002_001		vs2-meta	
0A99EBC5	009gui	ms_vs_s_l_005_003_001		vs2-meta	
8800081A	009gui	ms_vs_s_l_008_001_001		vs2-meta	
4D5B447F	009gui	ms_vs_s_l_008_002_001		vs2-meta	
54D3AC92	009gui	ms_vs_s_l_010_001_001		vs2-meta	
A21AA51F	009gui	ms_vs_s_l_010_002_001		vs2-meta	
955C3A9A	009gui	ms_vs_s_l_010_003_001		vs2-meta	
AB859560	009gui	ms_vs_s_l_010_004_001		vs2-meta	
836FC3A4	009gui	ms_vs_s_l_010_005_001		vs2-meta	
DC3BC6A9	009gui	ms_vs_s_l_010_006_001		vs2-meta	
77DF7222	009gui	ms_vs_s_l_013_001_001		vs2-meta	
25C25C0B	009gui	ms_vs_s_l_013_002_001		vs2-meta	
F017BFF8	009gui	ms_vs_s_l_013_004_001		vs2-meta	
2E159694	009gui	ms_vs_s_l_013_006_001		vs2-meta	
305DE2B9	009gui	ms_vs_s_l_013_007_001		ob-internal	
DC89A28B	009gui	ms_vs_s_l_014_001_001		vs2-meta	
F8B9600C	009gui	ms_vs_s_l_014_006_001		vs2-meta	
372F0B05	009gui	ms_vs_s_l_014_008_001		vs2-meta	
1DBDB8A2	009gui	ms_vs_s_l_014_014_001		vs2-meta	
06AA6326	009gui	ms_vs_s_l_014_017_001		vs2-meta	
A0266118	009gui	ms_vs_s_l_014_018_001		vs2-meta	
84E02FE0	009gui	ms_vs_s_l_014_019_001		ob-internal	
5ADE7861	009gui	ms_vs_s_l_014_020_001		ob-internal	
9D53DF51	009gui	ms_vs_s_l_014_021_001		ob-internal	
044C3CDD	009gui	ms_vs_s_l_015_001_001		vs2-meta	
3870D223	009gui	ms_vs_s_l_015_002_001		vs2-meta	
C0DBF029	009gui	ms_vs_s_l_015_003_001		vs2-meta	
0BF9AE70	009gui	ms_vs_s_l_015_004_001		vs2-meta	
FF928B8F	009gui	ms_vs_s_l_015_005_001		vs2-meta	
6F7F5E59	009gui	ms_vs_s_l_015_010_001		vs2-meta	
F8F0DF0A	009gui	ms_vs_s_l_015_011_001		vs2-meta	
A5526D51	009gui	ms_vs_s_l_017_001_001		vs2-meta	
E72A9EDC	009gui	ms_vs_s_l_017_002_001		vs2-meta	
A4C5B994	009gui	ms_vs_s_l_017_003_001		vs2-meta	
FE8D0501	009gui	ms_vs_s_l_017_004_001		vs2-meta	
EFBE82AC	009gui	ms_vs_s_l_020_001_001		vs2-meta	
6373C042	009gui	ms_vs_s_l_020_002_001		vs2-meta	
15EFF2CD	009gui	ms_vs_s_l_020_003_001		vs2-meta	
9D02695A	009gui	ms_vs_s_l_020_005_001		vs2-meta	
7EF14F2C	009gui	ms_vs_s_l_020_006_001		vs2-meta	
4AEBB43A	009gui	ms_vs_s_l_020_008_001		vs2-meta	
1F9B3B7B	009gui	ms_vs_s_l_020_009_001		vs2-meta	
14CC1B5C	009gui	ms_vs_s_l_020_010_001		vs2-meta	
8965E724	009gui	ms_vs_s_l_020_011_001		vs2-meta	
9FF57F23	009gui	ms_vs_s_l_020_012_001		vs2-meta	
CC5BC28D	009gui	ms_vs_s_l_022_004_001		vs2-meta	
EBF4C636	009gui	ms_vs_s_l_022_005_001		vs2-meta	
B2E2BA4B	009gui	ms_vs_s_l_023_001_001		vs2-meta	
91CE0C0E	009gui	ms_vs_s_l_023_002_001		vs2-meta	
AD2E795A	009gui	ms_vs_s_l_023_003_001		vs2-meta	
B9754569	009gui	ms_vs_s_l_023_004_001		vs2-meta	
AF2F1944	009gui	ms_vs_s_l_023_005_001		vs2-meta	
D52CC401	009gui	ms_vs_s_l_026_001_001		vs2-meta	
2E4CA07E	009gui	ms_vs_s_l_026_002_001		vs2-meta	
393C9B5E	009gui	ms_vs_s_l_028_001_001		vs2-meta	
78CC21A6	009gui	ms_vs_s_l_028_002_001		vs2-meta	
31C1FC32	009gui	ms_vs_s_l_028_009_001		vs2-meta	
EA48BC4D	009gui	ms_vs_s_l_028_010_001		vs2-meta	
4A047825	009gui	ms_vs_s_l_028_011_001		ob-internal	
B5707B77	009gui	ms_vs_s_l_028_012_001		ob-internal	
930C3DE0	009gui	ms_vs_s_l_028_013_001		vs2-meta	
CBEA9718	009gui	ms_vs_s_l_028_014_001		ob-internal	
82AE6820	009gui	ms_vs_s_l_033_001_001		vs2-meta	
5CEC74F1	009gui	ms_vs_s_l_033_002_001		vs2-meta	
1BC56DC8	009gui	ms_vs_s_l_033_005_001		vs2-meta	
745B77ED	009gui	ms_vs_s_l_033_006_001		vs2-meta	
7D99453C	009gui	ms_vs_s_l_042_001_001		vs2-meta	
CC6E99C6	009gui	ms_vs_s_l_042_002_001		vs2-meta	
E087666C	009gui	ms_vs_s_l_042_003_001		vs2-meta	
5529A544	009gui	ms_vs_s_l_042_004_001		vs2-meta	
0D01F183	009gui	ms_vs_s_l_043_001_001		vs2-meta	
D78F544C	009gui	ms_vs_s_l_043_003_001		vs2-meta	
0C9AC72A	009gui	ms_vs_s_l_043_004_001		vs2-meta	
1D62B116	009gui	ms_vs_s_l_045_002_001		vs2-meta	
9181F2A3	009gui	ms_vs_s_l_045_003_001		ob-internal	
59D32A73	009gui	ms_vs_s_l_046_001_001		vs2-meta	
D6CD03B8	009gui	ms_vs_s_l_046_002_001		vs2-meta	
FA75C9C8	009gui	ms_vs_s_l_046_003_001		vs2-meta	
3BFA220D	009gui	ms_vs_s_l_049_001_001		vs2-meta	
07DCE1DE	009gui	ms_vs_s_l_052_001_001		vs2-meta	
58491CD4	009gui	ms_vs_s_l_615_001_001		vs2-meta	
FC1A8659	009gui	ms_vs_s_l_701_001_001		vs2-meta	
B5D2E688	009gui	ms_vs_s_l_701_002_001		vs2-meta	
7C187431	009gui	ms_vs_s_l_701_003_001		vs2-meta	
512CAD30	009gui	ms_vs_s_l_701_004_001		vs2-meta	
1166175A	009gui	ms_vs_s_l_701_005_001		vs2-meta	
748DCD70	009gui	ms_vs_s_l_701_006_001		vs2-meta	
6852BE99	009gui	ms_vs_s_l_701_009_001		vs2-meta	
36A77CF5	009gui	ms_vs_s_l_701_011_001		vs2-meta	
A1B3751E	009gui	ms_vs_s_l_701_012_001		vs2-meta	
E85FB79A	009gui	ms_vs_s_l_701_013_001		vs2-meta	
167375BB	009gui	ms_vs_s_l_702_001_001		vs2-meta	
6E2DAC53	009gui	ms_vs_s_l_702_002_001		vs2-meta	
32292516	009gui	ms_vs_s_l_702_003_001		vs2-meta	
175B51BA	009gui	ms_vs_s_l_702_004_001		vs2-meta	
451A933D	009gui	ms_vs_s_l_703_001_001		vs2-meta	
44F42B56	009gui	ms_vs_s_l_703_002_001		vs2-meta	
AB430189	009gui	ms_vs_s_l_704_001_001		vs2-meta	
F415BAF7	009gui	ms_vs_s_l_704_002_001		vs2-meta	
EEE71893	009gui	ms_vs_s_l_704_003_001		vs2-meta	
7165798F	009gui	ms_vs_s_l_704_004_001		vs2-meta	
753D4F21	009gui	ms_vs_s_l_705_003_001		vs2-meta	
69D2FA1E	009gui	ms_vs_s_l_705_004_001		vs2-meta	
3A157702	009gui	ms_vs_s_l_705_005_001		vs2-meta	
CDB34A41	009gui	ms_vs_s_l_705_006_001		vs2-meta	
CEB5C12A	009gui	ms_vs_s_l_705_007_001		vs2-meta	
4B7232E1	009gui	ms_vs_s_l_705_008_001		vs2-meta	
8C4A74EA	009gui	ms_vs_s_l_705_009_001		vs2-meta	
7F12351E	009gui	ms_vs_s_l_705_010_001		vs2-meta	
31F69CF4	009gui	ms_vs_s_l_708_001_001		vs2-meta	
296C4E5B	009gui	ms_vs_s_l_708_004_001		vs2-meta	
BB448630	009gui	ms_vs_s_l_710_001_001		vs2-meta	
6BC8086F	009gui	ms_vs_s_l_710_002_001		vs2-meta	
AC933804	009gui	ms_vs_s_l_710_003_001		vs2-meta	
E44409B8	009gui	ms_vs_s_l_710_004_001		vs2-meta	
6183866B	009gui	ms_vs_s_l_713_001_001		vs2-meta	
54FAC40E	009gui	ms_vs_s_l_713_002_001		vs2-meta	
2198C380	009gui	ms_vs_s_l_713_003_001		vs2-meta	
3809AC55	009gui	ms_vs_s_l_713_004_001		vs2-meta	
D10AAD64	009gui	ms_vs_s_l_713_005_001		vs2-meta	
D0F2524B	009gui	ms_vs_s_l_714_001_001		vs2-meta	
6AC345C9	009gui	ms_vs_s_l_714_003_001		vs2-meta	
2F81958C	009gui	ms_vs_s_l_714_004_001		vs2-meta	
1F93E8BC	009gui	ms_vs_s_l_714_006_001		vs2-meta	
2BE9D9F6	009gui	ms_vs_s_l_715_001_001		vs2-meta	
64BD31B9	009gui	ms_vs_s_l_715_002_001		vs2-meta	
444EDDE8	009gui	ms_vs_s_l_715_004_001		vs2-meta	
E24996E4	009gui	ms_vs_s_l_715_006_001		vs2-meta	
C9ED8739	009gui	ms_vs_s_l_715_009_001		vs2-meta	
7B8FE160	009gui	ms_vs_s_l_715_010_001		vs2-meta	
EA98FD62	009gui	ms_vs_s_l_717_001_001		vs2-meta	
9CC13CEF	009gui	ms_vs_s_l_717_002_001		vs2-meta	
B2A604A2	009gui	ms_vs_s_l_717_003_001		vs2-meta	
54A916E1	009gui	ms_vs_s_l_720_001_001		vs2-meta	
A4656362	009gui	ms_vs_s_l_720_002_001		vs2-meta	
A49F28A5	009gui	ms_vs_s_l_720_004_001		vs2-meta	
F7D1991B	009gui	ms_vs_s_l_720_005_001		vs2-meta	
8E7574A5	009gui	ms_vs_s_l_720_006_001		vs2-meta	
F6B05338	009gui	ms_vs_s_l_720_010_001		vs2-meta	
8C2D310B	009gui	ms_vs_s_l_723_001_001		vs2-meta	
A8E05C92	009gui	ms_vs_s_l_723_002_001		vs2-meta	
85EB6123	009gui	ms_vs_s_l_728_002_001		vs2-meta	
DC187AFD	009gui	ms_vs_s_l_728_003_001		vs2-meta	
7332D82B	009gui	ms_vs_s_l_728_004_001		vs2-meta	
2AA445CE	009gui	ms_vs_s_l_728_007_001		vs2-meta	
B5FC1870	009gui	ms_vs_s_l_728_008_001		vs2-meta	
32AA248D	009gui	ms_vs_s_l_733_003_001		vs2-meta	
8F785D20	009gui	ms_vs_s_l_733_007_001		vs2-meta	
CD42765D	009gui	ms_vs_s_l_733_009_001		vs2-meta	
8C5611E2	009gui	ms_vs_s_l_733_014_001		vs2-meta	
4DF38CF0	009gui	ms_vs_s_l_733_015_001		vs2-meta	
998ED356	009gui	ms_vs_s_l_742_001_001		vs2-meta	
F2C988D6	009gui	ms_vs_s_l_742_002_001		vs2-meta	
AEFFF822	009gui	ms_vs_s_l_742_003_001		vs2-meta	
963AD347	009gui	ms_vs_s_l_743_001_001		vs2-meta	
521B1BB7	009gui	ms_vs_s_l_743_002_001		vs2-meta	
1FB72FD2	009gui	ms_vs_s_l_743_003_001		vs2-meta	
051A0A53	009gui	ms_vs_s_l_743_004_001		vs2-meta	
734B3F66	009gui	ms_vs_s_l_743_005_001		vs2-meta	
662B6D10	009gui	ms_vs_s_l_743_006_001		vs2-meta	
7517709D	009gui	ms_vs_s_l_743_007_001		vs2-meta	
13FD1805	009gui	ms_vs_s_l_743_008_001		vs2-meta	
FCA81103	009gui	ms_vs_s_l_743_009_001		vs2-meta	
DBF686FF	009gui	ms_vs_s_l_745_002_001		ob-internal	
030C3D29	009gui	ms_vs_s_l_745_003_001		ob-internal	
1BF36812	009gui	ms_vs_s_l_746_001_001		vs2-meta	
35F222E6	009gui	ms_vs_s_l_746_002_001		vs2-meta	
CDF1C1E3	009gui	ms_vs_s_l_746_003_001		vs2-meta	
20E6AA9E	009gui	ms_vs_s_l_746_004_001		vs2-meta	
D0806FC3	009gui	ms_vs_s_l_746_005_001		vs2-meta	
B743D3DE	009gui	ms_vs_s_l_746_006_001		vs2-meta	
F0284477	009gui	ms_vs_s_l_random		ob-internal	
16B9ECD7	009gui	ms_vs_s_l_random_16b9ecd7		ob-internal	
55FAF9DA	009gui	ms_vs_s_l_random_55faf9da		ob-internal	
63F655E6	009gui	ms_vs_s_l_random_63f655e6		ob-internal	
7C8F5AAF	009gui	ms_vs_s_l_random_7c8f5aaf		ob-internal	
EDDFFDB1	009gui	ms_vs_s_l_random_eddffdb1		ob-internal	
440FEB20	009gui	ms_vs_s_r_001_001_001		vs2-meta	
3584DD22	009gui	ms_vs_s_r_001_002_001		vs2-meta	
F40997F8	009gui	ms_vs_s_r_001_004_001		vs2-meta	
AE8EDC4E	009gui	ms_vs_s_r_001_005_001		vs2-meta	
39190227	009gui	ms_vs_s_r_001_007_001		vs2-meta	
50596C59	009gui	ms_vs_s_r_001_008_001		vs2-meta	
B053B974	009gui	ms_vs_s_r_001_015_001		vs2-meta	
19512B51	009gui	ms_vs_s_r_001_016_001		vs2-meta	
B2521721	009gui	ms_vs_s_r_001_017_001		ob-internal	
107B57A6	009gui	ms_vs_s_r_002_001_001		vs2-meta	
F59A2E64	009gui	ms_vs_s_r_002_002_001		vs2-meta	
BA174A72	009gui	ms_vs_s_r_002_003_001		vs2-meta	
EB6155B0	009gui	ms_vs_s_r_002_004_001		vs2-meta	
6A29B6A0	009gui	ms_vs_s_r_002_005_001		vs2-meta	
419802A6	009gui	ms_vs_s_r_002_012_001		vs2-meta	
7204AC00	009gui	ms_vs_s_r_002_013_001		vs2-meta	
97208CC4	009gui	ms_vs_s_r_002_014_001		vs2-meta	
6DB34551	009gui	ms_vs_s_r_002_015_001		vs2-meta	
20540F3F	009gui	ms_vs_s_r_002_016_001		vs2-meta	
E3AEDBE6	009gui	ms_vs_s_r_003_001_001		vs2-meta	
AEC958F3	009gui	ms_vs_s_r_003_002_001		vs2-meta	
AF4FBFB0	009gui	ms_vs_s_r_003_003_001		vs2-meta	
44B76461	009gui	ms_vs_s_r_003_012_001		vs2-meta	
BE003097	009gui	ms_vs_s_r_004_001_001		vs2-meta	
9D533B30	009gui	ms_vs_s_r_004_002_001		vs2-meta	
F08C08E9	009gui	ms_vs_s_r_004_004_001		vs2-meta	
343CBC57	009gui	ms_vs_s_r_005_001_001		vs2-meta	
7866D4A9	009gui	ms_vs_s_r_005_002_001		vs2-meta	
B3EC73FB	009gui	ms_vs_s_r_005_003_001		vs2-meta	
31759024	009gui	ms_vs_s_r_008_001_001		vs2-meta	
F42EDC41	009gui	ms_vs_s_r_008_002_001		vs2-meta	
EDA634AC	009gui	ms_vs_s_r_010_001_001		vs2-meta	
1B6F3D21	009gui	ms_vs_s_r_010_002_001		vs2-meta	
2C29A2A4	009gui	ms_vs_s_r_010_003_001		vs2-meta	
12F00D5E	009gui	ms_vs_s_r_010_004_001		vs2-meta	
3A1A5B9A	009gui	ms_vs_s_r_010_005_001		vs2-meta	
654E5E97	009gui	ms_vs_s_r_010_006_001		vs2-meta	
CEAAEA1C	009gui	ms_vs_s_r_013_001_001		vs2-meta	
9CB7C435	009gui	ms_vs_s_r_013_002_001		vs2-meta	
496227C6	009gui	ms_vs_s_r_013_004_001		vs2-meta	
97600EAA	009gui	ms_vs_s_r_013_006_001		vs2-meta	
89287A87	009gui	ms_vs_s_r_013_007_001		ob-internal	
65FC3AB5	009gui	ms_vs_s_r_014_001_001		vs2-meta	
41CCF832	009gui	ms_vs_s_r_014_006_001		vs2-meta	
8E5A933B	009gui	ms_vs_s_r_014_008_001		vs2-meta	
A4C8209C	009gui	ms_vs_s_r_014_014_001		vs2-meta	
BFDFFB18	009gui	ms_vs_s_r_014_017_001		vs2-meta	
1953F926	009gui	ms_vs_s_r_014_018_001		vs2-meta	
3D95B7DE	009gui	ms_vs_s_r_014_019_001		ob-internal	
E3ABE05F	009gui	ms_vs_s_r_014_020_001		ob-internal	
2426476F	009gui	ms_vs_s_r_014_021_001		ob-internal	
BD39A4E3	009gui	ms_vs_s_r_015_001_001		vs2-meta	
81054A1D	009gui	ms_vs_s_r_015_002_001		vs2-meta	
79AE6817	009gui	ms_vs_s_r_015_003_001		vs2-meta	
B28C364E	009gui	ms_vs_s_r_015_004_001		vs2-meta	
46E713B1	009gui	ms_vs_s_r_015_005_001		vs2-meta	
D60AC667	009gui	ms_vs_s_r_015_010_001		vs2-meta	
41854734	009gui	ms_vs_s_r_015_011_001		vs2-meta	
1C27F56F	009gui	ms_vs_s_r_017_001_001		vs2-meta	
5E5F06E2	009gui	ms_vs_s_r_017_002_001		vs2-meta	
1DB021AA	009gui	ms_vs_s_r_017_003_001		vs2-meta	
47F89D3F	009gui	ms_vs_s_r_017_004_001		vs2-meta	
56CB1A92	009gui	ms_vs_s_r_020_001_001		vs2-meta	
DA06587C	009gui	ms_vs_s_r_020_002_001		vs2-meta	
AC9A6AF3	009gui	ms_vs_s_r_020_003_001		vs2-meta	
2477F164	009gui	ms_vs_s_r_020_005_001		vs2-meta	
C784D712	009gui	ms_vs_s_r_020_006_001		vs2-meta	
F39E2C04	009gui	ms_vs_s_r_020_008_001		vs2-meta	
A6EEA345	009gui	ms_vs_s_r_020_009_001		vs2-meta	
ADB98362	009gui	ms_vs_s_r_020_010_001		vs2-meta	
30107F1A	009gui	ms_vs_s_r_020_011_001		vs2-meta	
2680E71D	009gui	ms_vs_s_r_020_012_001		vs2-meta	
752E5AB3	009gui	ms_vs_s_r_022_004_001		vs2-meta	
52815E08	009gui	ms_vs_s_r_022_005_001		vs2-meta	
0B972275	009gui	ms_vs_s_r_023_001_001		vs2-meta	
28BB9430	009gui	ms_vs_s_r_023_002_001		vs2-meta	
145BE164	009gui	ms_vs_s_r_023_003_001		vs2-meta	
0000DD57	009gui	ms_vs_s_r_023_004_001		vs2-meta	
165A817A	009gui	ms_vs_s_r_023_005_001		vs2-meta	
6C595C3F	009gui	ms_vs_s_r_026_001_001		vs2-meta	
97393840	009gui	ms_vs_s_r_026_002_001		vs2-meta	
80490360	009gui	ms_vs_s_r_028_001_001		vs2-meta	
C1B9B998	009gui	ms_vs_s_r_028_002_001		vs2-meta	
88B4640C	009gui	ms_vs_s_r_028_009_001		vs2-meta	
533D2473	009gui	ms_vs_s_r_028_010_001		vs2-meta	
F371E01B	009gui	ms_vs_s_r_028_011_001		ob-internal	
0C05E349	009gui	ms_vs_s_r_028_012_001		ob-internal	
2A79A5DE	009gui	ms_vs_s_r_028_013_001		vs2-meta	
729F0F26	009gui	ms_vs_s_r_028_014_001		ob-internal	
3BDBF01E	009gui	ms_vs_s_r_033_001_001		vs2-meta	
E599ECCF	009gui	ms_vs_s_r_033_002_001		vs2-meta	
A2B0F5F6	009gui	ms_vs_s_r_033_005_001		vs2-meta	
CD2EEFD3	009gui	ms_vs_s_r_033_006_001		vs2-meta	
C4ECDD02	009gui	ms_vs_s_r_042_001_001		vs2-meta	
751B01F8	009gui	ms_vs_s_r_042_002_001		vs2-meta	
59F2FE52	009gui	ms_vs_s_r_042_003_001		vs2-meta	
EC5C3D7A	009gui	ms_vs_s_r_042_004_001		vs2-meta	
B47469BD	009gui	ms_vs_s_r_043_001_001		vs2-meta	
6EFACC72	009gui	ms_vs_s_r_043_003_001		vs2-meta	
B5EF5F14	009gui	ms_vs_s_r_043_004_001		vs2-meta	
A4172928	009gui	ms_vs_s_r_045_002_001		vs2-meta	
28F46A9D	009gui	ms_vs_s_r_045_003_001		ob-internal	
E0A6B24D	009gui	ms_vs_s_r_046_001_001		vs2-meta	
6FB89B86	009gui	ms_vs_s_r_046_002_001		vs2-meta	
430051F6	009gui	ms_vs_s_r_046_003_001		vs2-meta	
828FBA33	009gui	ms_vs_s_r_049_001_001		vs2-meta	
BEA979E0	009gui	ms_vs_s_r_052_001_001		vs2-meta	
54AA658F	009gui	ms_vs_s_r_601_001_001		ob-internal	
C5FAC291	009gui	ms_vs_s_r_603_002_001		ob-internal	
495DDC49	009gui	ms_vs_s_r_613_001_001		ob-internal	
E13C84EA	009gui	ms_vs_s_r_615_001_001		vs2-meta	
456F1E67	009gui	ms_vs_s_r_701_001_001		vs2-meta	
0CA77EB6	009gui	ms_vs_s_r_701_002_001		vs2-meta	
C56DEC0F	009gui	ms_vs_s_r_701_003_001		vs2-meta	
E859350E	009gui	ms_vs_s_r_701_004_001		vs2-meta	
A8138F64	009gui	ms_vs_s_r_701_005_001		vs2-meta	
CDF8554E	009gui	ms_vs_s_r_701_006_001		vs2-meta	
D12726A7	009gui	ms_vs_s_r_701_009_001		vs2-meta	
8FD2E4CB	009gui	ms_vs_s_r_701_011_001		vs2-meta	
18C6ED20	009gui	ms_vs_s_r_701_012_001		vs2-meta	
512A2FA4	009gui	ms_vs_s_r_701_013_001		vs2-meta	
AF06ED85	009gui	ms_vs_s_r_702_001_001		vs2-meta	
D758346D	009gui	ms_vs_s_r_702_002_001		vs2-meta	
8B5CBD28	009gui	ms_vs_s_r_702_003_001		vs2-meta	
AE2EC984	009gui	ms_vs_s_r_702_004_001		vs2-meta	
FC6F0B03	009gui	ms_vs_s_r_703_001_001		vs2-meta	
FD81B368	009gui	ms_vs_s_r_703_002_001		vs2-meta	
123699B7	009gui	ms_vs_s_r_704_001_001		vs2-meta	
4D6022C9	009gui	ms_vs_s_r_704_002_001		vs2-meta	
579280AD	009gui	ms_vs_s_r_704_003_001		vs2-meta	
C810E1B1	009gui	ms_vs_s_r_704_004_001		vs2-meta	
CC48D71F	009gui	ms_vs_s_r_705_003_001		vs2-meta	
D0A76220	009gui	ms_vs_s_r_705_004_001		vs2-meta	
8360EF3C	009gui	ms_vs_s_r_705_005_001		vs2-meta	
74C6D27F	009gui	ms_vs_s_r_705_006_001		vs2-meta	
77C05914	009gui	ms_vs_s_r_705_007_001		vs2-meta	
F207AADF	009gui	ms_vs_s_r_705_008_001		vs2-meta	
353FECD4	009gui	ms_vs_s_r_705_009_001		vs2-meta	
C667AD20	009gui	ms_vs_s_r_705_010_001		vs2-meta	
888304CA	009gui	ms_vs_s_r_708_001_001		vs2-meta	
9019D665	009gui	ms_vs_s_r_708_004_001		vs2-meta	
02311E0E	009gui	ms_vs_s_r_710_001_001		vs2-meta	
D2BD9051	009gui	ms_vs_s_r_710_002_001		vs2-meta	
15E6A03A	009gui	ms_vs_s_r_710_003_001		vs2-meta	
5D319186	009gui	ms_vs_s_r_710_004_001		vs2-meta	
D8F61E55	009gui	ms_vs_s_r_713_001_001		vs2-meta	
ED8F5C30	009gui	ms_vs_s_r_713_002_001		vs2-meta	
98ED5BBE	009gui	ms_vs_s_r_713_003_001		vs2-meta	
817C346B	009gui	ms_vs_s_r_713_004_001		vs2-meta	
687F355A	009gui	ms_vs_s_r_713_005_001		vs2-meta	
6987CA75	009gui	ms_vs_s_r_714_001_001		vs2-meta	
D3B6DDF7	009gui	ms_vs_s_r_714_003_001		vs2-meta	
96F40DB2	009gui	ms_vs_s_r_714_004_001		vs2-meta	
A6E67082	009gui	ms_vs_s_r_714_006_001		vs2-meta	
929C41C8	009gui	ms_vs_s_r_715_001_001		vs2-meta	
DDC8A987	009gui	ms_vs_s_r_715_002_001		vs2-meta	
FD3B45D6	009gui	ms_vs_s_r_715_004_001		vs2-meta	
5B3C0EDA	009gui	ms_vs_s_r_715_006_001		vs2-meta	
70981F07	009gui	ms_vs_s_r_715_009_001		vs2-meta	
C2FA795E	009gui	ms_vs_s_r_715_010_001		vs2-meta	
53ED655C	009gui	ms_vs_s_r_717_001_001		vs2-meta	
25B4A4D1	009gui	ms_vs_s_r_717_002_001		vs2-meta	
0BD39C9C	009gui	ms_vs_s_r_717_003_001		vs2-meta	
EDDC8EDF	009gui	ms_vs_s_r_720_001_001		vs2-meta	
1D10FB5C	009gui	ms_vs_s_r_720_002_001		vs2-meta	
1DEAB09B	009gui	ms_vs_s_r_720_004_001		vs2-meta	
4EA40125	009gui	ms_vs_s_r_720_005_001		vs2-meta	
3700EC9B	009gui	ms_vs_s_r_720_006_001		vs2-meta	
4FC5CB06	009gui	ms_vs_s_r_720_010_001		vs2-meta	
3558A935	009gui	ms_vs_s_r_723_001_001		vs2-meta	
1195C4AC	009gui	ms_vs_s_r_723_002_001		vs2-meta	
3C9EF91D	009gui	ms_vs_s_r_728_002_001		vs2-meta	
656DE2C3	009gui	ms_vs_s_r_728_003_001		vs2-meta	
CA474015	009gui	ms_vs_s_r_728_004_001		vs2-meta	
93D1DDF0	009gui	ms_vs_s_r_728_007_001		vs2-meta	
0C89804E	009gui	ms_vs_s_r_728_008_001		vs2-meta	
8BDFBCB3	009gui	ms_vs_s_r_733_003_001		vs2-meta	
360DC51E	009gui	ms_vs_s_r_733_007_001		vs2-meta	
7437EE63	009gui	ms_vs_s_r_733_009_001		vs2-meta	
352389DC	009gui	ms_vs_s_r_733_014_001		vs2-meta	
F48614CE	009gui	ms_vs_s_r_733_015_001		vs2-meta	
20FB4B68	009gui	ms_vs_s_r_742_001_001		vs2-meta	
4BBC10E8	009gui	ms_vs_s_r_742_002_001		vs2-meta	
178A601C	009gui	ms_vs_s_r_742_003_001		vs2-meta	
2F4F4B79	009gui	ms_vs_s_r_743_001_001		vs2-meta	
EB6E8389	009gui	ms_vs_s_r_743_002_001		vs2-meta	
A6C2B7EC	009gui	ms_vs_s_r_743_003_001		vs2-meta	
BC6F926D	009gui	ms_vs_s_r_743_004_001		vs2-meta	
CA3EA758	009gui	ms_vs_s_r_743_005_001		vs2-meta	
DF5EF52E	009gui	ms_vs_s_r_743_006_001		vs2-meta	
CC62E8A3	009gui	ms_vs_s_r_743_007_001		vs2-meta	
AA88803B	009gui	ms_vs_s_r_743_008_001		vs2-meta	
45DD893D	009gui	ms_vs_s_r_743_009_001		vs2-meta	
62831EC1	009gui	ms_vs_s_r_745_002_001		ob-internal	
BA79A517	009gui	ms_vs_s_r_745_003_001		ob-internal	
A286F02C	009gui	ms_vs_s_r_746_001_001		vs2-meta	
8C87BAD8	009gui	ms_vs_s_r_746_002_001		vs2-meta	
748459DD	009gui	ms_vs_s_r_746_003_001		vs2-meta	
999332A0	009gui	ms_vs_s_r_746_004_001		vs2-meta	
69F5F7FD	009gui	ms_vs_s_r_746_005_001		vs2-meta	
0E364BE0	009gui	ms_vs_s_r_746_006_001		vs2-meta	
EC8F61E4	009gui	ms_vs_s_r_random		ob-internal	
AFCC74E9	009gui	ms_vs_s_r_random_afcc74e9		ob-internal	
DA83CDD8	009gui	ms_vs_s_r_random_da83cdd8		ob-internal	
767C626C	009gui	navi_bt_001_o03		vs2-meta	
2E40F5C0	009gui	navi_bt_005_o01		vs2-meta	
3AD87F03	009gui	navi_bt_014_o03		vs2-meta	
DA12EDA5	009gui	navi_bt_014_o04		vs2-meta	
4A990522	009gui	navi_bt_015_o01		vs2-meta	
E84BA46E	009gui	navi_bt_015_o04		vs2-meta	
3D877AB4	009gui	navi_bt_016_o01		vs2-meta	
BEA1F375	009gui	navi_bt_042_o01		vs2-meta	
C24A33AC	009gui	navi_bt_043_o01		vs2-meta	
9D48829C	009gui	navi_bt_043_o02		vs2-meta	
68C2BBB5	009gui	navi_bt_043_o03		vs2-meta	
19257BBF	009gui	navi_bt_099_o01		vs2-meta	
3B812E1C	009gui	navi_pl_001_o03_c01_c2		vs2-meta	
63BDB9B0	009gui	navi_pl_005_o01_c01_a2		vs2-meta	
77253373	009gui	navi_pl_014_o03_c01_d2		vs2-meta	
97EFA1D5	009gui	navi_pl_014_o04_c01_c2		vs2-meta	
07644952	009gui	navi_pl_015_o01_c01_b2		vs2-meta	
A5B6E81E	009gui	navi_pl_015_o04_c01_b3		vs2-meta	
707A36C4	009gui	navi_pl_016_o01_c01_a2		vs2-meta	
F35CBF05	009gui	navi_pl_042_o01_c01_a3		vs2-meta	
8FB77FDC	009gui	navi_pl_043_o01_c01_a2		vs2-meta	
D0B5CEEC	009gui	navi_pl_043_o02_c01_a2		vs2-meta	
253FF7C5	009gui	navi_pl_043_o03_c01_a2		vs2-meta	
54D837CF	009gui	navi_pl_099_o01_c01_b1		vs2-meta	
0255A27A	009gui	navi_window		vs2-meta	
BF0205E7	009gui	ranking		vs2-meta	
DC617A23	009gui	ser_ms_001		vs2-meta	
45682B99	009gui	ser_ms_002		vs2-meta	
326F1B0F	009gui	ser_ms_003		vs2-meta	
AC0B8EAC	009gui	ser_ms_004		vs2-meta	
DB0CBE3A	009gui	ser_ms_005		vs2-meta	
A5BDC287	009gui	ser_ms_008		vs2-meta	
B27D7BF4	009gui	ser_ms_010		vs2-meta	
2B742A4E	009gui	ser_ms_013		vs2-meta	
B510BFED	009gui	ser_ms_014		vs2-meta	
C2178F7B	009gui	ser_ms_015		vs2-meta	
2C19EE57	009gui	ser_ms_017		vs2-meta	
99502837	009gui	ser_ms_020		vs2-meta	
0059798D	009gui	ser_ms_023		vs2-meta	
70338D02	009gui	ser_ms_026		vs2-meta	
978BA005	009gui	ser_ms_028		vs2-meta	
2104EE9D	009gui	ser_ms_042		vs2-meta	
5603DE0B	009gui	ser_ms_043		vs2-meta	
BF607B3E	009gui	ser_ms_045		vs2-meta	
26692A84	009gui	ser_ms_046		vs2-meta	
381FDFDC	009gui	ser_ms_052		vs2-meta	
FD3CED33	009gui	ser_ms_060		vs2-meta	
D9471D29	009gui	shogo_image_common_battle		vs2-meta	
D2EAC54E	009gui	shogo_image_common_plm		vs2-meta	
9E2F87E7	009gui	shogo_image_common_rkm		vs2-meta	
6441C139	009gui	shogo_image_common_training		vs2-meta	
911D4FDC	009gui	shogo_image_common_trb		vs2-meta	
449E1A34	009gui	shogo_image_common_ulb		vs2-meta	
9D570144	009gui	shogo_image_ms_001_001_001		vs2-meta	
ECDC3746	009gui	shogo_image_ms_001_002_001		vs2-meta	
2D517D9C	009gui	shogo_image_ms_001_004_001		vs2-meta	
77D6362A	009gui	shogo_image_ms_001_005_001		vs2-meta	
E041E843	009gui	shogo_image_ms_001_007_001		vs2-meta	
8901863D	009gui	shogo_image_ms_001_008_001		vs2-meta	
690B5310	009gui	shogo_image_ms_001_015_001		vs2-meta	
C009C135	009gui	shogo_image_ms_001_016_001		vs2-meta	
6B0AFD45	009gui	shogo_image_ms_001_017_001		ob-internal	
C923BDC2	009gui	shogo_image_ms_002_001_001		vs2-meta	
2CC2C400	009gui	shogo_image_ms_002_002_001		vs2-meta	
634FA016	009gui	shogo_image_ms_002_003_001		vs2-meta	
3239BFD4	009gui	shogo_image_ms_002_004_001		vs2-meta	
B3715CC4	009gui	shogo_image_ms_002_005_001		vs2-meta	
98C0E8C2	009gui	shogo_image_ms_002_012_001		vs2-meta	
AB5C4664	009gui	shogo_image_ms_002_013_001		vs2-meta	
4E7866A0	009gui	shogo_image_ms_002_014_001		vs2-meta	
B4EBAF35	009gui	shogo_image_ms_002_015_001		vs2-meta	
F90CE55B	009gui	shogo_image_ms_002_016_001		vs2-meta	
3AF63182	009gui	shogo_image_ms_003_001_001		vs2-meta	
7791B297	009gui	shogo_image_ms_003_002_001		vs2-meta	
761755D4	009gui	shogo_image_ms_003_003_001		vs2-meta	
9DEF8E05	009gui	shogo_image_ms_003_012_001		vs2-meta	
6758DAF3	009gui	shogo_image_ms_004_001_001		vs2-meta	
440BD154	009gui	shogo_image_ms_004_002_001		vs2-meta	
29D4E28D	009gui	shogo_image_ms_004_004_001		vs2-meta	
ED645633	009gui	shogo_image_ms_005_001_001		vs2-meta	
A13E3ECD	009gui	shogo_image_ms_005_002_001		vs2-meta	
6AB4999F	009gui	shogo_image_ms_005_003_001		vs2-meta	
E82D7A40	009gui	shogo_image_ms_008_001_001		vs2-meta	
2D763625	009gui	shogo_image_ms_008_002_001		vs2-meta	
34FEDEC8	009gui	shogo_image_ms_010_001_001		vs2-meta	
C237D745	009gui	shogo_image_ms_010_002_001		vs2-meta	
F57148C0	009gui	shogo_image_ms_010_003_001		vs2-meta	
CBA8E73A	009gui	shogo_image_ms_010_004_001		vs2-meta	
E342B1FE	009gui	shogo_image_ms_010_005_001		vs2-meta	
BC16B4F3	009gui	shogo_image_ms_010_006_001		vs2-meta	
17F20078	009gui	shogo_image_ms_013_001_001		vs2-meta	
45EF2E51	009gui	shogo_image_ms_013_002_001		vs2-meta	
903ACDA2	009gui	shogo_image_ms_013_004_001		vs2-meta	
4E38E4CE	009gui	shogo_image_ms_013_006_001		vs2-meta	
507090E3	009gui	shogo_image_ms_013_007_001		ob-internal	
BCA4D0D1	009gui	shogo_image_ms_014_001_001		vs2-meta	
98941256	009gui	shogo_image_ms_014_006_001		vs2-meta	
5702795F	009gui	shogo_image_ms_014_008_001		vs2-meta	
7D90CAF8	009gui	shogo_image_ms_014_014_001		vs2-meta	
6687117C	009gui	shogo_image_ms_014_017_001		vs2-meta	
C00B1342	009gui	shogo_image_ms_014_018_001		vs2-meta	
E4CD5DBA	009gui	shogo_image_ms_014_019_001		ob-internal	
3AF30A3B	009gui	shogo_image_ms_014_020_001		ob-internal	
FD7EAD0B	009gui	shogo_image_ms_014_021_001		ob-internal	
64614E87	009gui	shogo_image_ms_015_001_001		vs2-meta	
585DA079	009gui	shogo_image_ms_015_002_001		vs2-meta	
A0F68273	009gui	shogo_image_ms_015_003_001		vs2-meta	
6BD4DC2A	009gui	shogo_image_ms_015_004_001		vs2-meta	
9FBFF9D5	009gui	shogo_image_ms_015_005_001		vs2-meta	
0F522C03	009gui	shogo_image_ms_015_010_001		vs2-meta	
98DDAD50	009gui	shogo_image_ms_015_011_001		vs2-meta	
C57F1F0B	009gui	shogo_image_ms_017_001_001		vs2-meta	
8707EC86	009gui	shogo_image_ms_017_002_001		vs2-meta	
C4E8CBCE	009gui	shogo_image_ms_017_003_001		vs2-meta	
9EA0775B	009gui	shogo_image_ms_017_004_001		vs2-meta	
8F93F0F6	009gui	shogo_image_ms_020_001_001		vs2-meta	
035EB218	009gui	shogo_image_ms_020_002_001		vs2-meta	
75C28097	009gui	shogo_image_ms_020_003_001		vs2-meta	
FD2F1B00	009gui	shogo_image_ms_020_005_001		vs2-meta	
1EDC3D76	009gui	shogo_image_ms_020_006_001		vs2-meta	
2AC6C660	009gui	shogo_image_ms_020_008_001		vs2-meta	
7FB64921	009gui	shogo_image_ms_020_009_001		vs2-meta	
D2CFC811	009gui	shogo_image_ms_023_001_001		vs2-meta	
F1E37E54	009gui	shogo_image_ms_023_002_001		vs2-meta	
CD030B00	009gui	shogo_image_ms_023_003_001		vs2-meta	
D9583733	009gui	shogo_image_ms_023_004_001		vs2-meta	
B501B65B	009gui	shogo_image_ms_026_001_001		vs2-meta	
5911E904	009gui	shogo_image_ms_028_001_001		vs2-meta	
18E153FC	009gui	shogo_image_ms_028_002_001		vs2-meta	
51EC8E68	009gui	shogo_image_ms_028_009_001		vs2-meta	
8A65CE17	009gui	shogo_image_ms_028_010_001		vs2-meta	
2A290A7F	009gui	shogo_image_ms_028_011_001		ob-internal	
D55D092D	009gui	shogo_image_ms_028_012_001		ob-internal	
F3214FBA	009gui	shogo_image_ms_028_013_001		vs2-meta	
ABC7E542	009gui	shogo_image_ms_028_014_001		ob-internal	
1DB43766	009gui	shogo_image_ms_042_001_001		vs2-meta	
AC43EB9C	009gui	shogo_image_ms_042_002_001		vs2-meta	
80AA1436	009gui	shogo_image_ms_042_003_001		vs2-meta	
3504D71E	009gui	shogo_image_ms_042_004_001		vs2-meta	
6D2C83D9	009gui	shogo_image_ms_043_001_001		vs2-meta	
B7A22616	009gui	shogo_image_ms_043_003_001		vs2-meta	
6CB7B570	009gui	shogo_image_ms_043_004_001		vs2-meta	
7D4FC34C	009gui	shogo_image_ms_045_002_001		vs2-meta	
F1AC80F9	009gui	shogo_image_ms_045_003_001		ob-internal	
39FE5829	009gui	shogo_image_ms_046_001_001		vs2-meta	
B6E071E2	009gui	shogo_image_ms_046_002_001		vs2-meta	
5BD75057	009gui	shogo_image_ms_049_001_001		vs2-meta	
67F19384	009gui	shogo_image_ms_052_001_001		vs2-meta	
55484B7D	009gui	shogo_plate_bronze_gold_platinum_silver		vs2-meta	
ED0A958D	009gui	staff_roll		vs2-meta	
7B2DE8F1	009gui	story_mission_title		vs2-meta	
DA8CA37B	009gui	tutorial_img_01_01_01		vs2-meta	
DE36937A	009gui	tutorial_img_01_01_01_fre		vs2-meta	
59A4F81C	009gui	tutorial_img_01_01_01_ger		vs2-meta	
845DB7D8	009gui	tutorial_img_01_01_01_ita		vs2-meta	
F180547A	009gui	tutorial_img_01_01_01_spa		vs2-meta	
4385F2C1	009gui	tutorial_img_01_02_01_img_01_02_02_img_01_02_03		vs2-meta	
3482C257	009gui	tutorial_img_01_03_01_img_01_03_02		vs2-meta	
AAE657F4	009gui	tutorial_img_01_04_01		vs2-meta	
DDE16762	009gui	tutorial_img_01_05_01_img_01_05_02		vs2-meta	
44E836D8	009gui	tutorial_img_01_06_01_img_01_06_02		vs2-meta	
33EF064E	009gui	tutorial_img_02_07_01_img_02_07_02		vs2-meta	
A3501BDF	009gui	tutorial_img_02_08_01_img_02_08_02		vs2-meta	
D4572B49	009gui	tutorial_img_02_09_01_img_02_09_02_img_02_09_03		vs2-meta	
B490A2AC	009gui	tutorial_img_02_10_01		vs2-meta	
C397923A	009gui	tutorial_img_02_11_01		vs2-meta	
5A9EC380	009gui	tutorial_img_02_12_01		vs2-meta	
2D99F316	009gui	tutorial_img_03_13_01		vs2-meta	
B3FD66B5	009gui	tutorial_img_03_14_01		vs2-meta	
0F497EE5	009gui	tutorial_img_03_15_01_eng_img_03_15_02_eng		vs2-meta	
E0EAE61F	009gui	tutorial_img_03_15_01_fre_img_03_15_02_fre		vs2-meta	
67788D79	009gui	tutorial_img_03_15_01_ger_img_03_15_02_ger		vs2-meta	
CA8DF427	009gui	tutorial_img_03_15_01_hkg_img_03_15_02_hkg		vs2-meta	
72DE5F49	009gui	tutorial_img_03_15_01_img_03_15_02		vs2-meta	
BA81C2BD	009gui	tutorial_img_03_15_01_ita_img_03_15_02_ita		vs2-meta	
85CB0F24	009gui	tutorial_img_03_15_01_kor_img_03_15_02_kor		vs2-meta	
CF5C211F	009gui	tutorial_img_03_15_01_spa_img_03_15_02_spa		vs2-meta	
38FBF535	009gui	tutorial_img_03_15_01_twn_img_03_15_02_twn		vs2-meta	
5DF30799	009gui	tutorial_img_03_16_01		vs2-meta	
2AF4370F	009gui	tutorial_img_03_17_01_img_03_17_02		vs2-meta	
04F4B2A6	009gui	vs_p_l_random		vs2-meta	
10601D9E	009gui	white		vs2-meta	
B6EFF54E	020common	logo		vs2-meta	
7B74A7BE	051mission	300standard_battle_00		vs2-meta	
BC0158D5	090sound	001gundam_001gundam_001		ob-unit-list	
CD8A6ED7	090sound	001gundam_002chrgel_001		ob-unit-list	
0C07240D	090sound	001gundam_004zeong0_001		ob-unit-list	
56806FBB	090sound	001gundam_005gyan00_001		ob-unit-list	
C117B1D2	090sound	001gundam_007zaku2j_001		ob-unit-list	
A857DFAC	090sound	001gundam_008charzk_001		ob-unit-list	
1BB146A6	090sound	001gundam_014goufrn_001		ob-unit-list	
485D0A81	090sound	001gundam_015gcanon_001		ob-unit-list	
E15F98A4	090sound	001gundam_016gntank_001		ob-unit-list	
4A5CA4D4	090sound	001gundam_017dom000_001		ob-unit-list	
BD61AD92	090sound	001gundam_018gm0000_001		ob-unit-list	
77DC573E	090sound	001gundam_019zaku20_001		ob-unit-list	
E875E453	090sound	002zgundm_001zgundm_001		ob-unit-list	
0D949D91	090sound	002zgundm_002hyaksk_001		ob-unit-list	
4219F987	090sound	002zgundm_003mesala_001		ob-unit-list	
136FE645	090sound	002zgundm_004theo00_001		ob-unit-list	
92270555	090sound	002zgundm_005gunmk2_001		ob-unit-list	
77DA25EE	090sound	002zgundm_009gnmk22_001		ob-unit-list	
7C98ACB7	090sound	002zgundm_011rkdias_001		ob-unit-list	
B996B153	090sound	002zgundm_012methus_001		ob-unit-list	
8A0A1FF5	090sound	002zgundm_013marasi_001		ob-unit-list	
6F2E3F31	090sound	002zgundm_014gabtly_001		ob-unit-list	
95BDF6A4	090sound	002zgundm_015hizack_001		ob-unit-list	
D85ABCCA	090sound	002zgundm_016boundd_001		ob-unit-list	
030E21E8	090sound	002zgundm_017nemo00_001		ob-unit-list	
1BA06813	090sound	003zzgndm_001zzgndm_001		ob-unit-list	
56C7EB06	090sound	003zzgndm_002qubmk2_001		ob-unit-list	
57410C45	090sound	003zzgndm_003qubely_001		ob-unit-list	
BCB9D794	090sound	003zzgndm_012zznrml_001		ob-unit-list	
460E8362	090sound	004gunf91_001gunf91_001		ob-unit-list	
655D88C5	090sound	004gunf91_002brggrs_001		ob-unit-list	
0882BB1C	090sound	004gunf91_004vignag_001		ob-unit-list	
CC320FA2	090sound	005vgundm_001v2gndm_001		ob-unit-list	
8068675C	090sound	005vgundm_002gunez0_001		ob-unit-list	
4BE2C00E	090sound	005vgundm_003gotrtn_001		ob-unit-list	
3E691ED5	090sound	005vgundm_004vgundm_001_3e691ed5		ob-unit-list	
C97B23D1	090sound	008gndm08_001gndez8_001		ob-unit-list	
0C206FB4	090sound	008gndm08_002goufcs_001		ob-unit-list	
198472F0	090sound	008gndm08_003gngrnd_001		ob-unit-list	
15A88759	090sound	010turnag_001turnag_001		ob-unit-list	
E3618ED4	090sound	010turnag_002turnx0_001		ob-unit-list	
D4271151	090sound	010turnag_003gdsumo_001		ob-unit-list	
EAFEBEAB	090sound	010turnag_004kapool_001		ob-unit-list	
C214E86F	090sound	010turnag_005crnkpl_001		ob-unit-list	
9D40ED62	090sound	010turnag_006ssumo2_001		ob-unit-list	
36A459E9	090sound	013gndmsm_001gp01fb_001		ob-unit-list	
64B977C0	090sound	013gndmsm_002gngp02_001		ob-unit-list	
B16C9433	090sound	013gndmsm_004gngp03_001		ob-unit-list	
6F6EBD5F	090sound	013gndmsm_006gmcnn2_001		ob-unit-list	
7126C972	090sound	013gndmsm_007gmcstm_001		ob-unit-list	
9DF28940	090sound	014gndm00_001gnexia_001		ob-unit-list	
B9C24BC7	090sound	014gndm00_006dynams_001		ob-unit-list	
765420CE	090sound	014gndm00_008thdrei_001		ob-unit-list	
5CC69369	090sound	014gndm00_014titaoz_001		ob-unit-list	
47D148ED	090sound	014gndm00_017kyrios_001		ob-unit-list	
E15D4AD3	090sound	014gndm00_018virtue_001		ob-unit-list	
C59B042B	090sound	014gndm00_019theins_001		ob-unit-list	
1BA553AA	090sound	014gndm00_020thzwei_001		ob-unit-list	
DC28F49A	090sound	014gndm00_021uflgcs_001		ob-unit-list	
9EDD1D10	090sound	014gndm00_023gnx000_001		ob-unit-list	
AC47F0E3	090sound	014gndm00_024arvarn_001		ob-unit-list	
45371716	090sound	015gndmuc_001unigun_001		ob-unit-list	
790BF9E8	090sound	015gndmuc_002kshatr_001		ob-unit-list	
81A0DBE2	090sound	015gndmuc_003sinanj_001		ob-unit-list	
4A8285BB	090sound	015gndmuc_004deltpl_001		ob-unit-list	
BEE9A044	090sound	015gndmuc_005banshe_001		ob-unit-list	
2E047592	090sound	015gndmuc_010jesta0_001		ob-unit-list	
B98BF4C1	090sound	015gndmuc_011rezel0_001		ob-unit-list	
547A66C8	090sound	015gndmuc_012phenex_001		ob-unit-list	
E429469A	090sound	017gyakch_001newgun_001		ob-unit-list	
A651B517	090sound	017gyakch_002sazabi_001		ob-unit-list	
E5BE925F	090sound	017gyakch_003regz00_001		ob-unit-list	
BFF62ECA	090sound	017gyakch_004jgdoga_001		ob-unit-list	
F3DD2F69	090sound	017gyakch_005grdoga_001		ob-unit-list	
8876B821	090sound	018ggundm_001godgnd_001		ob-unit-list	
AAD5663B	090sound	018ggundm_003master_001		ob-unit-list	
AEC5A967	090sound	020gnseed_001strike_001		ob-unit-list	
2208EB89	090sound	020gnseed_002fobidn_001		ob-unit-list	
5494D906	090sound	020gnseed_003prvdnc_001		ob-unit-list	
DC794291	090sound	020gnseed_005freedm_001		ob-unit-list	
3F8A64E7	090sound	020gnseed_006duelas_001		ob-unit-list	
0B909FF1	090sound	020gnseed_008pstrik_001		ob-unit-list	
5EE010B0	090sound	020gnseed_009blitzg_001		ob-unit-list	
55B73097	090sound	020gnseed_010raider_001		ob-unit-list	
C81ECCEF	090sound	020gnseed_011buster_001		ob-unit-list	
DE8E54E8	090sound	020gnseed_012aegis0_001		ob-unit-list	
8D20E946	090sound	022astray_004drednt_001		ob-unit-list	
AA8FEDFD	090sound	022astray_005hyperi_001		ob-unit-list	
F3999180	090sound	023crosgn_001crosx1_001		ob-unit-list	
D0B527C5	090sound	023crosgn_002crosfc_001		ob-unit-list	
EC555291	090sound	023crosgn_003crosx2_001		ob-unit-list	
F80E6EA2	090sound	023crosgn_004crosx3_001		ob-unit-list	
EE54328F	090sound	023crosgn_005phantm_001		ob-unit-list	
9457EFCA	090sound	026gnbelt_001hingnd_001		ob-unit-list	
6F378BB5	090sound	026gnbelt_002nitngl_001		ob-unit-list	
7847B095	090sound	028gunwtv_001gunwtv_001		ob-unit-list	
39B70A6D	090sound	028gunwtv_002epyon0_001		ob-unit-list	
70BAD7F9	090sound	028gunwtv_009altrtv_001		ob-unit-list	
AB339786	090sound	028gunwtv_010sandtv_001		ob-unit-list	
0B7F53EE	090sound	028gunwtv_011harmtv_001		ob-unit-list	
F40B50BC	090sound	028gunwtv_012dheltv_001		ob-unit-list	
D277162B	090sound	028gunwtv_013talgs2_001		ob-unit-list	
8A91BCD3	090sound	028gunwtv_014talges_001		ob-unit-list	
C3D543EB	090sound	033gndage_001gnage1_001		ob-unit-list	
1D975F3A	090sound	033gndage_002gnage2_001		ob-unit-list	
5ABE4603	090sound	033gndage_005zeydra_001		ob-unit-list	
35205C26	090sound	033gndage_006farsia_001		ob-unit-list	
3CE26EF7	090sound	042grecon_001gself0_001		ob-unit-list	
8D15B20D	090sound	042grecon_002macmsk_001		ob-unit-list	
A1FC4DA7	090sound	042grecon_003pself0_001		ob-unit-list	
14528E8F	090sound	042grecon_004garcan_001		ob-unit-list	
4C7ADA48	090sound	043orphan_001gnbarb_001		ob-unit-list	
96F47F87	090sound	043orphan_003gsonre_001		ob-unit-list	
4DE1ECE1	090sound	043orphan_004kmrtrp_001		ob-unit-list	
4F689243	090sound	045mising_001slvwrt_001		ob-unit-list	
5C199ADD	090sound	045mising_002pridgh_001		ob-unit-list	
D0FAD968	090sound	045mising_003gelghm_001		ob-unit-list	
228D7E2D	090sound	045mising_004pixyfd_001		ob-unit-list	
1481D211	090sound	045mising_005efrtsn_001		ob-unit-list	
18A801B8	090sound	046tnbolt_001fagndm_001		ob-unit-list	
97B62873	090sound	046tnbolt_002psyczk_001		ob-unit-list	
BB0EE203	090sound	046tnbolt_003atlasg_001		ob-unit-list	
4AC4FF91	090sound	047colony_001gmsnwd_001		ob-unit-list	
E61093A9	090sound	048gfront_001mudrok_001		ob-unit-list	
EBE80E48	090sound	048gfront_002zakugs_001		ob-unit-list	
7A8109C6	090sound	049orphn2_001brlups_001		ob-unit-list	
1BC95385	090sound	051buildf_001bldstr_001		ob-unit-list	
46A7CA15	090sound	052bldtry_001hotscr_001		ob-unit-list	
962310E8	090sound	101gundam_002bygzam_001		ob-unit-list	
73520EDD	090sound	702zgundm_003palatn_001		ob-unit-list	
058F009D	090sound	703zzgndm_002gazac0_001		ob-unit-list	
344664EA	090sound	705vgundm_003rigcnt_001		ob-unit-list	
20F8ADA0	090sound	713gndmsm_001xamel0_001		ob-unit-list	
7972879E	090sound	713gndmsm_004dmtrpn_001		ob-unit-list	
6EFABE47	090sound	714gndm00_004tiespc_001		ob-unit-list	
5EE8C377	090sound	714gndm00_006uniflg_001		ob-unit-list	
8896ACF2	090sound	715gndmuc_009grzlan_001		ob-unit-list	
ABE3D6A9	090sound	717gyakch_001jegan0_001		ob-unit-list	
DDBA1724	090sound	717gyakch_002jgdgqs_001		ob-unit-list	
E51E48A9	090sound	720gnseed_001ginn00_001		ob-unit-list	
E5E4036E	090sound	720gnseed_004calmit_001		ob-unit-list	
C4904AE8	090sound	728gunwtv_002leo000_001		ob-unit-list	
57C2C71C	090sound	733gndage_001genace_001		ob-unit-list	
73D10F46	090sound	733gndage_003gexes0_001		ob-unit-list	
8C395D96	090sound	733gndage_009gbuncr_001		ob-unit-list	
0C88A73B	090sound	733gndage_015zedasm_001		ob-unit-list	
346C5B56	090sound	743orphan_007ryusei_001		ob-unit-list	
9A8DAD34	090sound	745mising_002zk2psy_001		ob-unit-list	
427716E2	090sound	745mising_003ricdm2_001		ob-unit-list	
5A8843D9	090sound	746tnbolt_001gmthnd_001		ob-unit-list	
ACA4D67A	090sound	unit_501601001		ob-unit-list	
E09A8846	090sound	unit_501602001		ob-unit-list	
634B4168	090sound	unit_501603001		ob-unit-list	
56876D35	090sound	unit_501605001		ob-unit-list	
33330873	090sound	unit_501606001		ob-unit-list	
F4A9CD43	090sound	unit_501702001		ob-unit-list	
3D635FFA	090sound	unit_501703001		ob-unit-list	
105786FB	090sound	unit_501704001		ob-unit-list	
501D3C91	090sound	unit_501705001		ob-unit-list	
35F6E6BB	090sound	unit_501706001		ob-unit-list	
C0E8695D	090sound	unit_501707001		ob-unit-list	
29299552	090sound	unit_501709001		ob-unit-list	
E0C85ED5	090sound	unit_501712001		ob-unit-list	
A9249C51	090sound	unit_501713001		ob-unit-list	
8D0D0416	090sound	unit_502601001		ob-unit-list	
627D7778	090sound	unit_502602001		ob-unit-list	
57085E70	090sound	unit_502701001		ob-unit-list	
2F568798	090sound	unit_502702001		ob-unit-list	
56207A71	090sound	unit_502704001		ob-unit-list	
6B5B0E49	090sound	unit_503601001		ob-unit-list	
3DF47164	090sound	unit_503602001		ob-unit-list	
0461B8F6	090sound	unit_503701001		ob-unit-list	
EA382A42	090sound	unit_504701001		ob-unit-list	
B56E913C	090sound	unit_504702001		ob-unit-list	
AF9C3358	090sound	unit_504703001		ob-unit-list	
301E5244	090sound	unit_504704001		ob-unit-list	
28A9D1D5	090sound	unit_505704001		ob-unit-list	
7B6E5CC9	090sound	unit_505705001		ob-unit-list	
8CC8618A	090sound	unit_505706001		ob-unit-list	
8FCEEAE1	090sound	unit_505707001		ob-unit-list	
0A09192A	090sound	unit_505708001		ob-unit-list	
CD315F21	090sound	unit_505709001		ob-unit-list	
F4156B14	090sound	unit_508601001		ob-unit-list	
708DB73F	090sound	unit_508701001		ob-unit-list	
68176590	090sound	unit_508704001		ob-unit-list	
0A284973	090sound	unit_510601001		ob-unit-list	
FA3FADFB	090sound	unit_510701001		ob-unit-list	
2AB323A4	090sound	unit_510702001		ob-unit-list	
EDE813CF	090sound	unit_510703001		ob-unit-list	
A53F2273	090sound	unit_510704001		ob-unit-list	
B1536FBC	090sound	unit_513601001		ob-unit-list	
1581EFC5	090sound	unit_513702001		ob-unit-list	
60E3E84B	090sound	unit_513703001		ob-unit-list	
907186AF	090sound	unit_513705001		ob-unit-list	
B63CD89C	090sound	unit_514601001		ob-unit-list	
6337CDDE	090sound	unit_514602001		ob-unit-list	
91897980	090sound	unit_514701001		ob-unit-list	
2BB86E02	090sound	unit_514703001		ob-unit-list	
F8F65A20	090sound	unit_514705001		ob-unit-list	
1932371F	090sound	unit_515601001		ob-unit-list	
6A92F23D	090sound	unit_515701001		ob-unit-list	
25C61A72	090sound	unit_515702001		ob-unit-list	
0535F623	090sound	unit_515704001		ob-unit-list	
A332BD2F	090sound	unit_515706001		ob-unit-list	
D5F1888E	090sound	unit_515708001		ob-unit-list	
3AF4CAAB	090sound	unit_515710001		ob-unit-list	
15D23D2A	090sound	unit_520701001		ob-unit-list	
B6AAB2D0	090sound	unit_520705001		ob-unit-list	
CF0E5F6E	090sound	unit_520706001		ob-unit-list	
E26E5036	090sound	unit_520707001		ob-unit-list	
28B8A1F3	090sound	unit_520708001		ob-unit-list	
8ED6FF3F	090sound	unit_520709001		ob-unit-list	
B7CB78F3	090sound	unit_520710001		ob-unit-list	
CD561AC0	090sound	unit_523701001		ob-unit-list	
E99B7759	090sound	unit_523702001		ob-unit-list	
A2B9F280	090sound	unit_526701001		ob-unit-list	
9D635136	090sound	unit_528703001		ob-unit-list	
3249F3E0	090sound	unit_528704001		ob-unit-list	
6BDF6E05	090sound	unit_528707001		ob-unit-list	
F48733BB	090sound	unit_528708001		ob-unit-list	
5564EB4A	090sound	unit_533702001		ob-unit-list	
7AEC1422	090sound	unit_533704001		ob-unit-list	
053CE86E	090sound	unit_533705001		ob-unit-list	
B2581559	090sound	unit_533706001		ob-unit-list	
CE0376EB	090sound	unit_533707001		ob-unit-list	
461B686C	090sound	unit_533710001		ob-unit-list	
3AC8CBC1	090sound	unit_533711001		ob-unit-list	
9AB28A0C	090sound	unit_533712001		ob-unit-list	
068D6D2B	090sound	unit_533713001		ob-unit-list	
CD2D3A29	090sound	unit_533714001		ob-unit-list	
D8F5F89D	090sound	unit_542701001		ob-unit-list	
B3B2A31D	090sound	unit_542702001		ob-unit-list	
EF84D3E9	090sound	unit_542703001		ob-unit-list	
04294673	090sound	unit_542704001		ob-unit-list	
D741F88C	090sound	unit_543701001		ob-unit-list	
1360307C	090sound	unit_543702001		ob-unit-list	
5ECC0419	090sound	unit_543703001		ob-unit-list	
44612198	090sound	unit_543704001		ob-unit-list	
323014AD	090sound	unit_543705001		ob-unit-list	
275046DB	090sound	unit_543706001		ob-unit-list	
528633CE	090sound	unit_543708001		ob-unit-list	
BDD33AC8	090sound	unit_543709001		ob-unit-list	
7489092D	090sound	unit_546702001		ob-unit-list	
8C8AEA28	090sound	unit_546703001		ob-unit-list	
619D8155	090sound	unit_546704001		ob-unit-list	
91FB4408	090sound	unit_546705001		ob-unit-list	
F638F815	090sound	unit_546706001		ob-unit-list	
77197DDE	091waveform	config		vs2-meta	
F4595DA2	091waveform	se_battle_01		vs2-meta	
8AF55175	091waveform	se_stage_01		vs2-meta	
5044A8AB	091waveform	se_stage_amb_01		vs2-meta	
EDBF551E	091waveform	se_system_01		vs2-meta	
7DC29671	091waveform	se_system_out_01		vs2-meta	
