series_id,unit_id,variant,weapon_name,game_namespace,archetype,vtable_addr,class_id,object_size,override_count,overridden_slots,slot_0_destructor,slot_2_oninit,slot_12_onupdate,slot_28_classid_fn,slot_54_canhit,slot_55_cancel,slot_78_factory,slot_79_configdmg,slot_81_createcam,slot_84_config,base_classes
000COMMON,000COMMON,001,BeamBoomerang,EXVS2,Boomerang,0x1413E3A90,465,0x1C0,11,0;12;73;78;79;81;84;87;88;89;91,0x14092A700,0x1406A5BA0,0x140DDD470,0x1406A5170,0x1406A5980,0x1406A57D0,0x14094DF10,0x140F3A650,0x140DDD2D0,0x140DDCAC0,.?AVCUnitTaskAutomata_000COMMON_000COMMON_001_BeamBoomerang@EXVS2@@|.?AVCUnitTaskAutomataBoomerang@GAM@VDK@@|.?AVCUnitTaskAutomataRadiconParentActor@GAM@VDK@@|.?AVCUnitTaskAutomataRadicon@GAM@VDK@@|.?AVCUnitTaskAutomataAbstract@GAM@VDK@@|.?AVCUnitTaskActorProjectileAbstract@GAM@VDK@@|.?AVCUnitTaskActorAbstract@GAM@VDK@@|.?AVCUnitTaskBattleAbstract@GAM@VDK@@
000COMMON,000COMMON,001,DelayExplosion,EXVS2,Throw,0x1413E2140,465,0x1C0,10,0;22;76;78;79;81;84;87;88;91,0x14092A3E0,0x1406A5BA0,0x1406A5B30,0x1406A5170,0x1406A5980,0x1406A57D0,0x14094E8C0,0x140F388E0,0x140F38890,0x140F41EF0,.?AVCUnitTaskAutomata_000COMMON_000COMMON_001_DelayExplosion@EXVS2@@|.?AVCUnitTaskAutomataThrow@GAM@VDK@@|.?AVCUnitTaskAutomataRadiconParentActor@GAM@VDK@@|.?AVCUnitTaskAutomataRadicon@GAM@VDK@@|.?AVCUnitTaskAutomataAbstract@GAM@VDK@@|.?AVCUnitTaskActorProjectileAbstract@GAM@VDK@@|.?AVCUnitTaskActorAbstract@GAM@VDK@@|.?AVCUnitTaskBattleAbstract@GAM@VDK@@
000COMMON,000COMMON,001,FreeFall,EXVS2,FreeFall,0x1413E1E18,465,0x1C0,10,0;2;22;25;49;78;79;81;84;89,0x14092A3E0,0x140F76310,0x1406A5B30,0x1406A5170,0x1406A5980,0x1406A57D0,0x14094DF60,0x140DDC8C0,0x140F387C0,0x140DDC890,.?AVCUnitTaskAutomata_000COMMON_000COMMON_001_FreeFall@EXVS2@@|.?AVCUnitTaskAutomataFreeFall@GAM@VDK@@|.?AVCUnitTaskAutomataRadiconParentActor@GAM@VDK@@|.?AVCUnitTaskAutomataRadicon@GAM@VDK@@|.?AVCUnitTaskAutomataAbstract@GAM@VDK@@|.?AVCUnitTaskActorProjectileAbstract@GAM@VDK@@|.?AVCUnitTaskActorAbstract@GAM@VDK@@|.?AVCUnitTaskBattleAbstract@GAM@VDK@@
000COMMON,000COMMON,001,FreeFall_Interaction,EXVS2,FreeFall_Interaction,0x1413E2DE0,465,0x1C0,10,0;2;22;49;78;79;81;84;87;89,0x14092A3E0,0x140F75740,0x1406A5B30,0x1406A5170,0x1406A5980,0x1406A57D0,0x14094DF60,0x140DDCF80,0x140F399F0,0x140DDCDC0,.?AVCUnitTaskAutomata_000COMMON_000COMMON_001_FreeFall_Interaction@EXVS2@@|.?AVCUnitTaskAutomataFreeFall_Interaction@GAM@VDK@@|.?AVCUnitTaskAutomataRadiconParentActor@GAM@VDK@@|.?AVCUnitTaskAutomataRadicon@GAM@VDK@@|.?AVCUnitTaskAutomataAbstract@GAM@VDK@@|.?AVCUnitTaskActorProjectileAbstract@GAM@VDK@@|.?AVCUnitTaskActorAbstract@GAM@VDK@@|.?AVCUnitTaskBattleAbstract@GAM@VDK@@
000COMMON,000COMMON,001,PurgeFly,EXVS2,FreeFly,0x1413E4A58,465,0x1C0,6,0;78;79;81;84;88,0x14092A3E0,0x1406A5BA0,0x1406A5B30,0x1406A5170,0x1406A5980,0x1406A57D0,0x14094DFB0,0x140DDF520,0x140F3A9E0,0x140DDF4F0,.?AVCUnitTaskAutomata_000COMMON_000COMMON_001_PurgeFly@EXVS2@@|.?AVCUnitTaskAutomataFreeFly@GAM@VDK@@|.?AVCUnitTaskAutomataRadiconParentActor@GAM@VDK@@|.?AVCUnitTaskAutomataRadicon@GAM@VDK@@|.?AVCUnitTaskAutomataAbstract@GAM@VDK@@|.?AVCUnitTaskActorProjectileAbstract@GAM@VDK@@|.?AVCUnitTaskActorAbstract@GAM@VDK@@|.?AVCUnitTaskBattleAbstract@GAM@VDK@@
000COMMON,000COMMON,001,PutObj,EXVS2,PutObj,0x1413E2468,465,0x1D0,10,0;2;78;79;80;81;84;88;89;90,0x14092A040,0x140F76310,0x1406A5B30,0x1406A5170,0x1406A5980,0x1406A57D0,0x14094E380,0x140F38EC0,0x140F38910,0x140E28260,.?AVCUnitTaskAutomata_000COMMON_000COMMON_001_PutObj@EXVS2@@|.?AVCUnitTaskAutomataPutObj@GAM@VDK@@|.?AVCUnitTaskAutomataRadiconParentActor@GAM@VDK@@|.?AVCUnitTaskAutomataRadicon@GAM@VDK@@|.?AVCUnitTaskAutomataAbstract@GAM@VDK@@|.?AVCUnitTaskActorProjectileAbstract@GAM@VDK@@|.?AVCUnitTaskActorAbstract@GAM@VDK@@|.?AVCUnitTaskBattleAbstract@GAM@VDK@@
000COMMON,000COMMON,001,ShockHalo,EXVS2,ShockHalo,0x1413E40E0,465,0x1C0,8,0;2;12;78;79;81;84;88,0x14092A700,0x140F8D340,0x140DDD790,0x1406A5170,0x1406A5980,0x1406A57D0,0x14094EDF0,0x140E26910,0x140DDD530,0x140E28260,.?AVCUnitTaskAutomata_000COMMON_000COMMON_001_ShockHalo@EXVS2@@|.?AVCUnitTaskAutomataShockHalo@GAM@VDK@@|.?AVCUnitTaskAutomataRadiconParentActor@GAM@VDK@@|.?AVCUnitTaskAutomataRadicon@GAM@VDK@@|.?AVCUnitTaskAutomataAbstract@GAM@VDK@@|.?AVCUnitTaskActorProjectileAbstract@GAM@VDK@@|.?AVCUnitTaskActorAbstract@GAM@VDK@@|.?AVCUnitTaskBattleAbstract@GAM@VDK@@
000COMMON,000COMMON,001,StickSaber,EXVS2,Sticker,0x1413E3108,465,0x1C0,8,0;2;78;79;81;84;89;91,0x14092A700,0x140DDD100,0x1406A5B30,0x1406A5170,0x1406A5980,0x1406A57D0,0x14094E4D0,0x140F46350,0x140F39C10,0x140E28260,.?AVCUnitTaskAutomata_000COMMON_000COMMON_001_StickSaber@EXVS2@@|.?AVCUnitTaskAutomataSticker@GAM@VDK@@|.?AVCUnitTaskAutomataRadiconParentActor@GAM@VDK@@|.?AVCUnitTaskAutomataRadicon@GAM@VDK@@|.?AVCUnitTaskAutomataAbstract@GAM@VDK@@|.?AVCUnitTaskActorProjectileAbstract@GAM@VDK@@|.?AVCUnitTaskActorAbstract@GAM@VDK@@|.?AVCUnitTaskBattleAbstract@GAM@VDK@@
000COMMON,000COMMON,001,ThrowBlade,EXVS2,ThrowBlade,0x1413E4730,465,0x1D0,11,0;2;22;76;78;79;81;84;87;88;89,0x14092A100,0x140DDE490,0x1406A5B30,0x1406A5170,0x1406A5980,0x1406A57D0,0x14094E910,0x140F3A920,0x140DDC8E0,0x140F41EF0,.?AVCUnitTaskAutomata_000COMMON_000COMMON_001_ThrowBlade@EXVS2@@|.?AVCUnitTaskAutomataThrowBlade@GAM@VDK@@|.?AVCUnitTaskAutomataThrow@GAM@VDK@@|.?AVCUnitTaskAutomataRadiconParentActor@GAM@VDK@@|.?AVCUnitTaskAutomataRadicon@GAM@VDK@@|.?AVCUnitTaskAutomataAbstract@GAM@VDK@@|.?AVCUnitTaskActorProjectileAbstract@GAM@VDK@@|.?AVCUnitTaskActorAbstract@GAM@VDK@@
000COMMON,000COMMON,001,ThrowMissile,EXVS2,Throw,0x1413E3440,465,0x1C0,10,0;22;76;78;79;81;84;87;88;89,0x14092A3E0,0x1406A5BA0,0x1406A5B30,0x1406A5170,0x1406A5980,0x1406A57D0,0x14094E8C0,0x140F52EA0,0x140F3A0C0,0x140F3A140,.?AVCUnitTaskAutomata_000COMMON_000COMMON_001_ThrowMissile@EXVS2@@|.?AVCUnitTaskAutomataThrow@GAM@VDK@@|.?AVCUnitTaskAutomataRadiconParentActor@GAM@VDK@@|.?AVCUnitTaskAutomataRadicon@GAM@VDK@@|.?AVCUnitTaskAutomataAbstract@GAM@VDK@@|.?AVCUnitTaskActorProjectileAbstract@GAM@VDK@@|.?AVCUnitTaskActorAbstract@GAM@VDK@@|.?AVCUnitTaskBattleAbstract@GAM@VDK@@
000COMMON,000COMMON,001,ThrowPillar,EXVS2,ThrowPillar,0x1413E4D80,465,0x1C0,13,0;2;12;22;59;68;76;78;79;81;84;87;88,0x140929D70,0x140DDF800,0x140DDF7B0,0x1406A5170,0x1406A5980,0x1406A57D0,0x14094E8C0,0x140DDF890,0x140F3AA40,0x140DDF870,.?AVCUnitTaskAutomata_000COMMON_000COMMON_001_ThrowPillar@EXVS2@@|.?AVCUnitTaskAutomataThrowPillar@GAM@VDK@@|.?AVCUnitTaskAutomataThrow@GAM@VDK@@|.?AVCUnitTaskAutomataRadiconParentActor@GAM@VDK@@|.?AVCUnitTaskAutomataRadicon@GAM@VDK@@|.?AVCUnitTaskAutomataAbstract@GAM@VDK@@|.?AVCUnitTaskActorProjectileAbstract@GAM@VDK@@|.?AVCUnitTaskActorAbstract@GAM@VDK@@
000COMMON,000COMMON,001,ThrowPillarLaunchJointYAxis,EXVS2,ThrowPillarLaunchJointYAxis,0x1413E50B0,465,0x1C0,13,0;2;12;22;59;68;76;78;79;81;84;87;88,0x14092A2D0,0x140DDFD80,0x140DDF7B0,0x1406A5170,0x1406A5980,0x1406A57D0,0x14094E8C0,0x140DDF890,0x140F3AA90,0x140DDF870,.?AVCUnitTaskAutomata_000COMMON_000COMMON_001_ThrowPillarLaunchJointYAxis@EXVS2@@|.?AVCUnitTaskAutomataThrowPillarLaunchJointYAxis@GAM@VDK@@|.?AVCUnitTaskAutomataThrowPillar@GAM@VDK@@|.?AVCUnitTaskAutomataThrow@GAM@VDK@@|.?AVCUnitTaskAutomataRadiconParentActor@GAM@VDK@@|.?AVCUnitTaskAutomataRadicon@GAM@VDK@@|.?AVCUnitTaskAutomataAbstract@GAM@VDK@@|.?AVCUnitTaskActorProjectileAbstract@GAM@VDK@@
000COMMON,000COMMON,001,ThrowSaber,EXVS2,Throw,0x1413E2790,465,0x1C0,11,0;22;76;78;79;81;84;87;88;89;91,0x14092A3E0,0x1406A5BA0,0x1406A5B30,0x1406A5170,0x1406A5980,0x1406A57D0,0x14094E8C0,0x140F391A0,0x140F38FD0,0x140F39070,.?AVCUnitTaskAutomata_000COMMON_000COMMON_001_ThrowSaber@EXVS2@@|.?AVCUnitTaskAutomataThrow@GAM@VDK@@|.?AVCUnitTaskAutomataRadiconParentActor@GAM@VDK@@|.?AVCUnitTaskAutomataRadicon@GAM@VDK@@|.?AVCUnitTaskAutomataAbstract@GAM@VDK@@|.?AVCUnitTaskActorProjectileAbstract@GAM@VDK@@|.?AVCUnitTaskActorAbstract@GAM@VDK@@|.?AVCUnitTaskBattleAbstract@GAM@VDK@@
000COMMON,000COMMON,001,ThrowSaberRolling,EXVS2,ThrowStopRotateOnStick,0x1413E2AB8,465,0x1E0,12,0;22;59;76;78;79;81;84;87;88;89;91,0x14092A3E0,0x1406A5BA0,0x1406A5B30,0x1406A5170,0x1406A5980,0x1406A57D0,0x14094E970,0x140F398B0,0x140F393E0,0x140DDCAC0,.?AVCUnitTaskAutomata_000COMMON_000COMMON_001_ThrowSaberRolling@EXVS2@@|.?AVCUnitTaskAutomataThrowStopRotateOnStick@GAM@VDK@@|.?AVCUnitTaskAutomataThrow@GAM@VDK@@|.?AVCUnitTaskAutomataRadiconParentActor@GAM@VDK@@|.?AVCUnitTaskAutomataRadicon@GAM@VDK@@|.?AVCUnitTaskAutomataAbstract@GAM@VDK@@|.?AVCUnitTaskActorProjectileAbstract@GAM@VDK@@|.?AVCUnitTaskActorAbstract@GAM@VDK@@
000COMMON,000COMMON,001,ThrowSaberRollingNoBindHit,EXVS2,ThrowStopRotateOnStick,0x1413E5708,465,0x1E0,12,0;22;59;76;78;79;81;84;87;88;89;91,0x14092A3E0,0x1406A5BA0,0x1406A5B30,0x1406A5170,0x1406A5980,0x1406A57D0,0x14094E970,0x140F3AAE0,0x140F393E0,0x140DDCAC0,.?AVCUnitTaskAutomata_000COMMON_000COMMON_001_ThrowSaberRollingNoBindHit@EXVS2@@|.?AVCUnitTaskAutomata_000COMMON_000COMMON_001_ThrowSaberRolling@EXVS2@@|.?AVCUnitTaskAutomataThrowStopRotateOnStick@GAM@VDK@@|.?AVCUnitTaskAutomataThrow@GAM@VDK@@|.?AVCUnitTaskAutomataRadiconParentActor@GAM@VDK@@|.?AVCUnitTaskAutomataRadicon@GAM@VDK@@|.?AVCUnitTaskAutomataAbstract@GAM@VDK@@|.?AVCUnitTaskActorProjectileAbstract@GAM@VDK@@
000COMMON,000COMMON,001,ThrowSaberRollingStickToStage,EXVS2,ThrowStopRotateOnStick,0x1413E3768,465,0x1E0,12,0;22;59;76;78;79;81;84;87;88;89;91,0x14092A3E0,0x1406A5BA0,0x1406A5B30,0x1406A5170,0x1406A5980,0x1406A57D0,0x14094E970,0x140F3A210,0x140F3A1B0,0x140DDCAC0,.?AVCUnitTaskAutomata_000COMMON_000COMMON_001_ThrowSaberRollingStickToStage@EXVS2@@|.?AVCUnitTaskAutomata_000COMMON_000COMMON_001_ThrowSaberRolling@EXVS2@@|.?AVCUnitTaskAutomataThrowStopRotateOnStick@GAM@VDK@@|.?AVCUnitTaskAutomataThrow@GAM@VDK@@|.?AVCUnitTaskAutomataRadiconParentActor@GAM@VDK@@|.?AVCUnitTaskAutomataRadicon@GAM@VDK@@|.?AVCUnitTaskAutomataAbstract@GAM@VDK@@|.?AVCUnitTaskActorProjectileAbstract@GAM@VDK@@
000COMMON,000COMMON,001,TransparentMortarExplosion,EXVS2,ThrowMortar,0x1413E53E0,465,0x1C0,11,0;22;52;76;78;79;81;82;84;87;88,0x14092A3E0,0x1406A5BA0,0x1406A5B30,0x1406A5170,0x1406A5980,0x1406A57D0,0x14094E8C0,0x140F75DB0,0x140DDFF20,0x140DDCAC0,.?AVCUnitTaskAutomata_000COMMON_000COMMON_001_TransparentMortarExplosion@EXVS2@@|.?AVCUnitTaskAutomataThrowMortar@GAM@VDK@@|.?AVCUnitTaskAutomataThrow@GAM@VDK@@|.?AVCUnitTaskAutomataRadiconParentActor@GAM@VDK@@|.?AVCUnitTaskAutomataRadicon@GAM@VDK@@|.?AVCUnitTaskAutomataAbstract@GAM@VDK@@|.?AVCUnitTaskActorProjectileAbstract@GAM@VDK@@|.?AVCUnitTaskActorAbstract@GAM@VDK@@
001GUNDAM,001GUNDAM,001,BeamJavelin,EXVS2,ThrowMortar,0x1413E5A30,465,0x1C0,12,0;22;76;78;79;81;82;84;87;88;89;91,0x14092A3E0,0x1406A5BA0,0x1406A5B30,0x1406A5170,0x1406A5980,0x1406A57D0,0x14094E8C0,0x140F3AC10,0x140DDFF20,0x140F3B000,.?AVCUnitTaskAutomata_001GUNDAM_001GUNDAM_001_BeamJavelin@EXVS2@@|.?AVCUnitTaskAutomataThrowMortar@GAM@VDK@@|.?AVCUnitTaskAutomataThrow@GAM@VDK@@|.?AVCUnitTaskAutomataRadiconParentActor@GAM@VDK@@|.?AVCUnitTaskAutomataRadicon@GAM@VDK@@|.?AVCUnitTaskAutomataAbstract@GAM@VDK@@|.?AVCUnitTaskActorProjectileAbstract@GAM@VDK@@|.?AVCUnitTaskActorAbstract@GAM@VDK@@
001GUNDAM,001GUNDAM,001,HammerShot,EXVS2,AnchorThrow,0x1413E63A8,465,0x1F0,14,0;2;11;12;18;23;72;73;76;78;79;81;84;87,0x14092A700,0x140DE0460,0x140DE0B10,0x1406A5170,0x1406A5980,0x1406A57D0,0x14094DCE0,0x140F3AFA0,0x140F3AD60,0x140F3AE80,.?AVCUnitTaskAutomata_001GUNDAM_001GUNDAM_001_HammerShot@EXVS2@@|.?AVCUnitTaskAutomataAnchorThrow@GAM@VDK@@|.?AVCUnitTaskAutomataAnchorReturn@GAM@VDK@@|.?AVCUnitTaskAutomataAnchor@GAM@VDK@@|.?AVCUnitTaskAutomataRadiconParentActor@GAM@VDK@@|.?AVCUnitTaskAutomataRadicon@GAM@VDK@@|.?AVCUnitTaskAutomataAbstract@GAM@VDK@@|.?AVCUnitTaskActorProjectileAbstract@GAM@VDK@@
001GUNDAM,001GUNDAM,001,NapalmBomb,EXVS2,Detonator,0x1413E5D58,465,0x1C0,10,0;22;74;76;78;79;81;84;87;88,0x14092A3E0,0x1406A5BA0,0x1406A5B30,0x1406A5170,0x1406A5980,0x1406A57D0,0x14094E8C0,0x140E3DBF0,0x140F3AC40,0x140DDCAC0,.?AVCUnitTaskAutomata_001GUNDAM_001GUNDAM_001_NapalmBomb@EXVS2@@|.?AVCUnitTaskAutomataDetonator@GAM@VDK@@|.?AVCUnitTaskAutomataThrow@GAM@VDK@@|.?AVCUnitTaskAutomataRadiconParentActor@GAM@VDK@@|.?AVCUnitTaskAutomataRadicon@GAM@VDK@@|.?AVCUnitTaskAutomataAbstract@GAM@VDK@@|.?AVCUnitTaskActorProjectileAbstract@GAM@VDK@@|.?AVCUnitTaskActorAbstract@GAM@VDK@@
001GUNDAM,001GUNDAM,001,ThrowShield,EXVS2,Throw,0x1413E6080,465,0x1C0,11,0;22;76;78;79;81;84;86;87;88;91,0x14092A3E0,0x1406A5BA0,0x1406A5B30,0x1406A5170,0x1406A5980,0x1406A57D0,0x14094E8C0,0x140E382A0,0x140F3AD10,0x140DDCAC0,.?AVCUnitTaskAutomata_001GUNDAM_001GUNDAM_001_ThrowShield@EXVS2@@|.?AVCUnitTaskAutomataThrow@GAM@VDK@@|.?AVCUnitTaskAutomataRadiconParentActor@GAM@VDK@@|.?AVCUnitTaskAutomataRadicon@GAM@VDK@@|.?AVCUnitTaskAutomataAbstract@GAM@VDK@@|.?AVCUnitTaskActorProjectileAbstract@GAM@VDK@@|.?AVCUnitTaskActorAbstract@GAM@VDK@@|.?AVCUnitTaskBattleAbstract@GAM@VDK@@
001GUNDAM,001GUNDAM,002,BeamJavelin,EXVS2,ThrowMortar,0x1413E66D0,465,0x1C0,12,0;22;76;78;79;81;82;84;87;88;89;91,0x14092A3E0,0x1406A5BA0,0x1406A5B30,0x1406A5170,0x1406A5980,0x1406A57D0,0x14094E8C0,0x140F3AC10,0x140DDFF20,0x140F3B000,.?AVCUnitTaskAutomata_001GUNDAM_001GUNDAM_002_BeamJavelin@EXVS2@@|.?AVCUnitTaskAutomataThrowMortar@GAM@VDK@@|.?AVCUnitTaskAutomataThrow@GAM@VDK@@|.?AVCUnitTaskAutomataRadiconParentActor@GAM@VDK@@|.?AVCUnitTaskAutomataRadicon@GAM@VDK@@|.?AVCUnitTaskAutomataAbstract@GAM@VDK@@|.?AVCUnitTaskActorProjectileAbstract@GAM@VDK@@|.?AVCUnitTaskActorAbstract@GAM@VDK@@
001GUNDAM,001GUNDAM,002,HammerShot,EXVS2,AnchorThrow,0x1413E7048,465,0x1F0,14,0;2;11;12;18;23;72;73;76;78;79;81;84;87,0x14092A700,0x140DE0460,0x140DE0B10,0x1406A5170,0x1406A5980,0x1406A57D0,0x14094DCE0,0x140F3B530,0x140F3B390,0x140F3B410,.?AVCUnitTaskAutomata_001GUNDAM_001GUNDAM_002_HammerShot@EXVS2@@|.?AVCUnitTaskAutomataAnchorThrow@GAM@VDK@@|.?AVCUnitTaskAutomataAnchorReturn@GAM@VDK@@|.?AVCUnitTaskAutomataAnchor@GAM@VDK@@|.?AVCUnitTaskAutomataRadiconParentActor@GAM@VDK@@|.?AVCUnitTaskAutomataRadicon@GAM@VDK@@|.?AVCUnitTaskAutomataAbstract@GAM@VDK@@|.?AVCUnitTaskActorProjectileAbstract@GAM@VDK@@
001GUNDAM,001GUNDAM,002,NapalmBomb,EXVS2,Detonator,0x1413E69F8,465,0x1C0,10,0;22;74;76;78;79;81;84;87;88,0x14092A3E0,0x1406A5BA0,0x1406A5B30,0x1406A5170,0x1406A5980,0x1406A57D0,0x14094E8C0,0x140E3DBF0,0x140F3B200,0x140DDCAC0,.?AVCUnitTaskAutomata_001GUNDAM_001GUNDAM_002_NapalmBomb@EXVS2@@|.?AVCUnitTaskAutomataDetonator@GAM@VDK@@|.?AVCUnitTaskAutomataThrow@GAM@VDK@@|.?AVCUnitTaskAutomataRadiconParentActor@GAM@VDK@@|.?AVCUnitTaskAutomataRadicon@GAM@VDK@@|.?AVCUnitTaskAutomataAbstract@GAM@VDK@@|.?AVCUnitTaskActorProjectileAbstract@GAM@VDK@@|.?AVCUnitTaskActorAbstract@GAM@VDK@@
001GUNDAM,001GUNDAM,002,ThrowShield,EXVS2,Throw,0x1413E6D20,465,0x1C0,11,0;22;76;78;79;81;84;86;87;88;91,0x14092A3E0,0x1406A5BA0,0x1406A5B30,0x1406A5170,0x1406A5980,0x1406A57D0,0x14094E8C0,0x140E382A0,0x140F3B2D0,0x140DDCAC0,.?AVCUnitTaskAutomata_001GUNDAM_001GUNDAM_002_ThrowShield@EXVS2@@|.?AVCUnitTaskAutomataThrow@GAM@VDK@@|.?AVCUnitTaskAutomataRadiconParentActor@GAM@VDK@@|.?AVCUnitTaskAutomataRadicon@GAM@VDK@@|.?AVCUnitTaskAutomataAbstract@GAM@VDK@@|.?AVCUnitTaskActorProjectileAbstract@GAM@VDK@@|.?AVCUnitTaskActorAbstract@GAM@VDK@@|.?AVCUnitTaskBattleAbstract@GAM@VDK@@
001GUNDAM,002CHRGEL,001,BeamNaginata,EXVS2,ThrowMortar,0x1413E7370,465,0x1C0,13,0;22;73;76;78;79;81;82;84;87;88;89;91,0x14092A3E0,0x1406A5BA0,0x1406A5B30,0x1406A5170,0x1406A5980,0x1406A57D0,0x14094E8C0,0x140F3B830,0x140F3B590,0x140DDCAC0,.?AVCUnitTaskAutomata_001GUNDAM_002CHRGEL_001_BeamNaginata@EXVS2@@|.?AVCUnitTaskAutomataThrowMortar@GAM@VDK@@|.?AVCUnitTaskAutomataThrow@GAM@VDK@@|.?AVCUnitTaskAutomataRadiconParentActor@GAM@VDK@@|.?AVCUnitTaskAutomataRadicon@GAM@VDK@@|.?AVCUnitTaskAutomataAbstract@GAM@VDK@@|.?AVCUnitTaskActorProjectileAbstract@GAM@VDK@@|.?AVCUnitTaskActorAbstract@GAM@VDK@@
001GUNDAM,002CHRGEL,001,BeamNaginataBoomerang,EXVS2,BoomerangSpline,0x1413E7698,465,0x1C0,12,0;2;12;73;78;79;81;84;87;88;89;91,0x14092A700,0x140F8A350,0x140DDD470,0x1406A5170,0x1406A5980,0x1406A57D0,0x14094DF10,0x140F3BB00,0x140F3B860,0x140E2BFD0,.?AVCUnitTaskAutomata_001GUNDAM_002CHRGEL_001_BeamNaginataBoomerang@EXVS2@@|.?AVCUnitTaskAutomataBoomerangSpline@GAM@VDK@@|.?AVCUnitTaskAutomataBoomerang@GAM@VDK@@|.?AVCUnitTaskAutomataRadiconParentActor@GAM@VDK@@|.?AVCUnitTaskAutomataRadicon@GAM@VDK@@|.?AVCUnitTaskAutomataAbstract@GAM@VDK@@|.?AVCUnitTaskActorProjectileAbstract@GAM@VDK@@|.?AVCUnitTaskActorAbstract@GAM@VDK@@
001GUNDAM,002CHRGEL,001,BeamnaginataThrow,EXVS2,ThrowStopRotateOnStick,0x1413E8348,465,0x1E0,12,0;22;59;76;78;79;81;84;87;88;89;91,0x14092A700,0x1406A5BA0,0x1406A5B30,0x1406A5170,0x1406A5980,0x1406A57D0,0x14094E970,0x140F398B0,0x140F3C080,0x140DDCAC0,.?AVCUnitTaskAutomata_001GUNDAM_002CHRGEL_001_BeamnaginataThrow@EXVS2@@|.?AVCUnitTaskAutomata_000COMMON_000COMMON_001_ThrowSaberRolling@EXVS2@@|.?AVCUnitTaskAutomataThrowStopRotateOnStick@GAM@VDK@@|.?AVCUnitTaskAutomataThrow@GAM@VDK@@|.?AVCUnitTaskAutomataRadiconParentActor@GAM@VDK@@|.?AVCUnitTaskAutomataRadicon@GAM@VDK@@|.?AVCUnitTaskAutomataAbstract@GAM@VDK@@|.?AVCUnitTaskActorProjectileAbstract@GAM@VDK@@
001GUNDAM,002CHRGEL,001,HermesBit,EXVS2,FunnelMawarikomi,0x1413E8020,977,0x220,11,0;2;28;43;69;78;79;81;84;87;88,0x14092A100,0x140F75740,0x1406A5B30,0x14094F070,0x1406A5980,0x1406A57D0,0x14094E9E0,0x140F3C040,0x140F3BFB0,0x140DDCDC0,.?AVCUnitTaskAutomata_001GUNDAM_002CHRGEL_001_HermesBit@EXVS2@@|.?AVCUnitTaskAutomataFunnelMawarikomi@GAM@VDK@@|.?AVCUnitTaskAutomataFunnelFly@GAM@VDK@@|.?AVCUnitTaskAutomataFunnel@GAM@VDK@@|.?AVCUnitTaskAutomataRadiconParentActor@GAM@VDK@@|.?AVCUnitTaskAutomataRadicon@GAM@VDK@@|.?AVCUnitTaskAutomataAbstract@GAM@VDK@@|.?AVCUnitTaskActorProjectileAbstract@GAM@VDK@@
001GUNDAM,002CHRGEL,001,HermesBody,EXVS2,SummonRush,0x1413E7CF0,465,0x2C0,17,0;2;18;21;30;42;46;72;73;78;79;80;81;84;87;88;90,0x14092A700,0x140DE1070,0x1406A5B30,0x1406A5170,0x1406A5980,0x1406A57D0,0x14094E5B0,0x140F3BF80,0x140F3BEE0,0x140F3BF40,.?AVCUnitTaskAutomata_001GUNDAM_002CHRGEL_001_HermesBody@EXVS2@@|.?AVCUnitTaskAutomataSummonRush@GAM@VDK@@|.?AVCUnitTaskAutomataSummon@GAM@VDK@@|.?AVCUnitTaskAutomataRadiconParentActor@GAM@VDK@@|.?AVCUnitTaskAutomataRadicon@GAM@VDK@@|.?AVCUnitTaskAutomataAbstract@GAM@VDK@@|.?AVCUnitTaskActorProjectileAbstract@GAM@VDK@@|.?AVCUnitTaskActorAbstract@GAM@VDK@@
001GUNDAM,002CHRGEL,001,HissatsuHermes,EXVS2,SummonRush,0x1413E79C0,465,0x2C0,19,0;2;12;18;21;30;42;46;72;73;76;78;79;80;81;84;87;88;90,0x14092A700,0x140DE1070,0x140F3BB70,0x1406A5170,0x1406A5980,0x1406A57D0,0x14094E5B0,0x140F3BEB0,0x140F3BB10,0x140F3BE60,.?AVCUnitTaskAutomata_001GUNDAM_002CHRGEL_001_HissatsuHermes@EXVS2@@|.?AVCUnitTaskAutomataSummonRush@GAM@VDK@@|.?AVCUnitTaskAutomataSummon@GAM@VDK@@|.?AVCUnitTaskAutomataRadiconParentActor@GAM@VDK@@|.?AVCUnitTaskAutomataRadicon@GAM@VDK@@|.?AVCUnitTaskAutomataAbstract@GAM@VDK@@|.?AVCUnitTaskActorProjectileAbstract@GAM@VDK@@|.?AVCUnitTaskActorAbstract@GAM@VDK@@
001GUNDAM,003ACGUY0,001,AcguyBall,EXVS2,SummonRushGround,0x1413E8670,465,0x2E0,18,0;2;12;18;21;30;42;46;72;73;78;79;80;81;84;87;88;90,0x140929DB0,0x140F3CBF0,0x140F3C3F0,0x1406A5170,0x1406A5980,0x1406A57D0,0x14094E670,0x140F3CD80,0x140F3C390,0x140F3CD10,.?AVCUnitTaskAutomata_001GUNDAM_003ACGUY0_001_AcguyBall@EXVS2@@|.?AVCUnitTaskAutomataSummonRushGround@GAM@VDK@@|.?AVCUnitTaskAutomataSummonRush@GAM@VDK@@|.?AVCUnitTaskAutomataSummon@GAM@VDK@@|.?AVCUnitTaskAutomataRadiconParentActor@GAM@VDK@@|.?AVCUnitTaskAutomataRadicon@GAM@VDK@@|.?AVCUnitTaskAutomataAbstract@GAM@VDK@@|.?AVCUnitTaskActorProjectileAbstract@GAM@VDK@@
001GUNDAM,003ACGUY0,001,AcguyBall_Weak,EXVS2,SummonRushGround,0x1413E89A8,465,0x2E0,18,0;2;12;18;21;30;42;46;72;73;78;79;80;81;84;87;88;90,0x140929DB0,0x140F3CBF0,0x140F3C3F0,0x1406A5170,0x1406A5980,0x1406A57D0,0x14094E670,0x140F3CD80,0x140F3C390,0x140F3CD10,.?AVCUnitTaskAutomata_001GUNDAM_003ACGUY0_001_AcguyBall_Weak@EXVS2@@|.?AVCUnitTaskAutomata_001GUNDAM_003ACGUY0_001_AcguyBall@EXVS2@@|.?AVCUnitTaskAutomataSummonRushGround@GAM@VDK@@|.?AVCUnitTaskAutomataSummonRush@GAM@VDK@@|.?AVCUnitTaskAutomataSummon@GAM@VDK@@|.?AVCUnitTaskAutomataRadiconParentActor@GAM@VDK@@|.?AVCUnitTaskAutomataRadicon@GAM@VDK@@|.?AVCUnitTaskAutomataAbstract@GAM@VDK@@
001GUNDAM,003ACGUY0,001,AssistAcgAir,EXVS2,SummonRush,0x1413E9670,465,0x2C0,18,0;2;18;21;30;42;46;72;73;76;78;79;80;81;84;87;88;90,0x14092A700,0x140DE1070,0x1406A5B30,0x1406A5170,0x1406A5980,0x1406A57D0,0x14094E5B0,0x140F3D5A0,0x140F3D540,0x140F450D0,.?AVCUnitTaskAutomata_001GUNDAM_003ACGUY0_001_AssistAcgAir@EXVS2@@|.?AVCUnitTaskAutomataSummonRush@GAM@VDK@@|.?AVCUnitTaskAutomataSummon@GAM@VDK@@|.?AVCUnitTaskAutomataRadiconParentActor@GAM@VDK@@|.?AVCUnitTaskAutomataRadicon@GAM@VDK@@|.?AVCUnitTaskAutomataAbstract@GAM@VDK@@|.?AVCUnitTaskActorProjectileAbstract@GAM@VDK@@|.?AVCUnitTaskActorAbstract@GAM@VDK@@
001GUNDAM,003ACGUY0,001,AssistAcgGround,EXVS2,Summon,0x1413E9340,465,0x290,17,0;2;18;21;30;42;46;72;73;78;79;80;81;84;87;88;90,0x14092A700,0x140F3D450,0x1406A5B30,0x1406A5170,0x1406A5980,0x1406A57D0,0x14094E520,0x140F45280,0x140F3D400,0x140F3D500,.?AVCUnitTaskAutomata_001GUNDAM_003ACGUY0_001_AssistAcgGround@EXVS2@@|.?AVCUnitTaskAutomataSummon@GAM@VDK@@|.?AVCUnitTaskAutomataRadiconParentActor@GAM@VDK@@|.?AVCUnitTaskAutomataRadicon@GAM@VDK@@|.?AVCUnitTaskAutomataAbstract@GAM@VDK@@|.?AVCUnitTaskActorProjectileAbstract@GAM@VDK@@|.?AVCUnitTaskActorAbstract@GAM@VDK@@|.?AVCUnitTaskBattleAbstract@GAM@VDK@@
001GUNDAM,003ACGUY0,001,AssistAgguyGround,EXVS2,SummonRushGround,0x1413E9010,465,0x2E0,17,0;2;18;21;30;42;46;72;73;78;79;80;81;84;87;88;90,0x14092A700,0x140F3D1A0,0x1406A5B30,0x1406A5170,0x1406A5980,0x1406A57D0,0x14094E670,0x140F3D2D0,0x140F3CF60,0x140F3D1F0,.?AVCUnitTaskAutomata_001GUNDAM_003ACGUY0_001_AssistAgguyGround@EXVS2@@|.?AVCUnitTaskAutomataSummonRushGround@GAM@VDK@@|.?AVCUnitTaskAutomataSummonRush@GAM@VDK@@|.?AVCUnitTaskAutomataSummon@GAM@VDK@@|.?AVCUnitTaskAutomataRadiconParentActor@GAM@VDK@@|.?AVCUnitTaskAutomataRadicon@GAM@VDK@@|.?AVCUnitTaskAutomataAbstract@GAM@VDK@@|.?AVCUnitTaskActorProjectileAbstract@GAM@VDK@@
001GUNDAM,003ACGUY0,001,AssistJuagg,EXVS2,SummonRushShot,0x1413E8CE0,465,0x2F0,20,0;2;12;18;21;30;42;46;69;72;73;78;79;80;81;84;86;87;88;90,0x14092A310,0x140DE1070,0x140F3CE50,0x1406A5170,0x1406A5980,0x1406A57D0,0x14094E6F0,0x140F3CF20,0x140F3CDF0,0x140F3CEF0,.?AVCUnitTaskAutomata_001GUNDAM_003ACGUY0_001_AssistJuagg@EXVS2@@|.?AVCUnitTaskAutomataSummonRushShot@GAM@VDK@@|.?AVCUnitTaskAutomataSummonRush@GAM@VDK@@|.?AVCUnitTaskAutomataSummon@GAM@VDK@@|.?AVCUnitTaskAutomataRadiconParentActor@GAM@VDK@@|.?AVCUnitTaskAutomataRadicon@GAM@VDK@@|.?AVCUnitTaskAutomataAbstract@GAM@VDK@@|.?AVCUnitTaskActorProjectileAbstract@GAM@VDK@@
001GUNDAM,004ZEONG0,001,HandFly,EXVS2,FunnelFlySword,0x1413E9CC8,977,0x220,16,0;2;21;28;43;52;69;73;76;78;79;81;84;87;88;91,0x14092A100,0x140F75740,0x1406A5B30,0x14094F070,0x1406A5980,0x1406A57D0,0x14094E100,0x140F3DB20,0x140F3D9C0,0x140F3DAE0,.?AVCUnitTaskAutomata_001GUNDAM_004ZEONG0_001_HandFly@EXVS2@@|.?AVCUnitTaskAutomataFunnelFlySword@GAM@VDK@@|.?AVCUnitTaskAutomataFunnelMawarikomi@GAM@VDK@@|.?AVCUnitTaskAutomataFunnelFly@GAM@VDK@@|.?AVCUnitTaskAutomataFunnel@GAM@VDK@@|.?AVCUnitTaskAutomataRadiconParentActor@GAM@VDK@@|.?AVCUnitTaskAutomataRadicon@GAM@VDK@@|.?AVCUnitTaskAutomataAbstract@GAM@VDK@@
001GUNDAM,004ZEONG0,001,HandPunch,EXVS2,AnchorThrow,0x1413E99A0,465,0x1F0,15,0;2;11;12;18;23;73;76;78;79;81;84;87;88;89,0x14092A700,0x140DE0460,0x140DE0B10,0x1406A5170,0x1406A5980,0x1406A57D0,0x14094DCE0,0x140F3D770,0x140F3D5D0,0x140F40ED0,.?AVCUnitTaskAutomata_001GUNDAM_004ZEONG0_001_HandPunch@EXVS2@@|.?AVCUnitTaskAutomataAnchorThrow@GAM@VDK@@|.?AVCUnitTaskAutomataAnchorReturn@GAM@VDK@@|.?AVCUnitTaskAutomataAnchor@GAM@VDK@@|.?AVCUnitTaskAutomataRadiconParentActor@GAM@VDK@@|.?AVCUnitTaskAutomataRadicon@GAM@VDK@@|.?AVCUnitTaskAutomataAbstract@GAM@VDK@@|.?AVCUnitTaskActorProjectileAbstract@GAM@VDK@@
001GUNDAM,004ZEONG0,001,HeadBeam,EXVS2,FunnelShotImmediate,0x1413E9FF0,977,0x220,11,0;2;28;43;69;78;79;81;84;87;89,0x14092A700,0x140F75740,0x1406A5B30,0x14094F070,0x1406A5980,0x1406A57D0,0x14094E1E0,0x140F3DEB0,0x140F3DD40,0x140DDCDC0,.?AVCUnitTaskAutomata_001GUNDAM_004ZEONG0_001_HeadBeam@EXVS2@@|.?AVCUnitTaskAutomataFunnelShotImmediate@GAM@VDK@@|.?AVCUnitTaskAutomataFunnelMawarikomi@GAM@VDK@@|.?AVCUnitTaskAutomataFunnelFly@GAM@VDK@@|.?AVCUnitTaskAutomataFunnel@GAM@VDK@@|.?AVCUnitTaskAutomataRadiconParentActor@GAM@VDK@@|.?AVCUnitTaskAutomataRadicon@GAM@VDK@@|.?AVCUnitTaskAutomataAbstract@GAM@VDK@@
001GUNDAM,005GYAN00,001,AdzamBeamBody,EXVS2,SummonRushShot,0x1413EAFC0,465,0x2F0,19,0;2;12;18;21;30;42;46;69;72;73;78;79;80;81;84;87;88;90,0x14092A310,0x140DE1070,0x140DE1770,0x1406A5170,0x1406A5980,0x1406A57D0,0x14094E6F0,0x140F3E5A0,0x140F3E440,0x140F4E9D0,.?AVCUnitTaskAutomata_001GUNDAM_005GYAN00_001_AdzamBeamBody@EXVS2@@|.?AVCUnitTaskAutomataSummonRushShot@GAM@VDK@@|.?AVCUnitTaskAutomataSummonRush@GAM@VDK@@|.?AVCUnitTaskAutomataSummon@GAM@VDK@@|.?AVCUnitTaskAutomataRadiconParentActor@GAM@VDK@@|.?AVCUnitTaskAutomataRadicon@GAM@VDK@@|.?AVCUnitTaskAutomataAbstract@GAM@VDK@@|.?AVCUnitTaskActorProjectileAbstract@GAM@VDK@@
001GUNDAM,005GYAN00,001,AdzamBody,EXVS2,SummonRush,0x1413EA968,465,0x2C0,17,0;2;18;21;30;42;46;72;73;78;79;80;81;84;87;88;90,0x14092A700,0x140DE1070,0x1406A5B30,0x1406A5170,0x1406A5980,0x1406A57D0,0x14094E5B0,0x140F3E2B0,0x140F3E1F0,0x140DE1820,.?AVCUnitTaskAutomata_001GUNDAM_005GYAN00_001_AdzamBody@EXVS2@@|.?AVCUnitTaskAutomataSummonRush@GAM@VDK@@|.?AVCUnitTaskAutomataSummon@GAM@VDK@@|.?AVCUnitTaskAutomataRadiconParentActor@GAM@VDK@@|.?AVCUnitTaskAutomataRadicon@GAM@VDK@@|.?AVCUnitTaskAutomataAbstract@GAM@VDK@@|.?AVCUnitTaskActorProjectileAbstract@GAM@VDK@@|.?AVCUnitTaskActorAbstract@GAM@VDK@@
001GUNDAM,005GYAN00,001,AdzamLeader,EXVS2,Throw,0x1413EAC98,465,0x1C0,10,0;22;76;78;79;81;84;87;88;91,0x14092A3E0,0x1406A5BA0,0x1406A5B30,0x1406A5170,0x1406A5980,0x1406A57D0,0x14094E8C0,0x140F3E3F0,0x140F3E360,0x140F920A0,.?AVCUnitTaskAutomata_001GUNDAM_005GYAN00_001_AdzamLeader@EXVS2@@|.?AVCUnitTaskAutomataThrow@GAM@VDK@@|.?AVCUnitTaskAutomataRadiconParentActor@GAM@VDK@@|.?AVCUnitTaskAutomataRadicon@GAM@VDK@@|.?AVCUnitTaskAutomataAbstract@GAM@VDK@@|.?AVCUnitTaskActorProjectileAbstract@GAM@VDK@@|.?AVCUnitTaskActorAbstract@GAM@VDK@@|.?AVCUnitTaskBattleAbstract@GAM@VDK@@
001GUNDAM,005GYAN00,001,HydePump,EXVS2,Throw,0x1413EA318,465,0x1C0,9,0;22;76;78;79;81;84;87;88,0x14092A3E0,0x1406A5BA0,0x1406A5B30,0x1406A5170,0x1406A5980,0x1406A57D0,0x14094E8C0,0x140F444F0,0x140F3E040,0x140DDCAC0,.?AVCUnitTaskAutomata_001GUNDAM_005GYAN00_001_HydePump@EXVS2@@|.?AVCUnitTaskAutomataThrow@GAM@VDK@@|.?AVCUnitTaskAutomataRadiconParentActor@GAM@VDK@@|.?AVCUnitTaskAutomataRadicon@GAM@VDK@@|.?AVCUnitTaskAutomataAbstract@GAM@VDK@@|.?AVCUnitTaskActorProjectileAbstract@GAM@VDK@@|.?AVCUnitTaskActorAbstract@GAM@VDK@@|.?AVCUnitTaskBattleAbstract@GAM@VDK@@
001GUNDAM,005GYAN00,001,SuibakuMissile,EXVS2,Throw,0x1413EA640,465,0x1C0,10,0;22;76;78;79;81;84;87;88;89,0x14092A3E0,0x1406A5BA0,0x1406A5B30,0x1406A5170,0x1406A5980,0x1406A57D0,0x14094E8C0,0x140F3E1B0,0x140F3E100,0x140DDCAC0,.?AVCUnitTaskAutomata_001GUNDAM_005GYAN00_001_SuibakuMissile@EXVS2@@|.?AVCUnitTaskAutomataThrow@GAM@VDK@@|.?AVCUnitTaskAutomataRadiconParentActor@GAM@VDK@@|.?AVCUnitTaskAutomataRadicon@GAM@VDK@@|.?AVCUnitTaskAutomataAbstract@GAM@VDK@@|.?AVCUnitTaskActorProjectileAbstract@GAM@VDK@@|.?AVCUnitTaskActorAbstract@GAM@VDK@@|.?AVCUnitTaskBattleAbstract@GAM@VDK@@
001GUNDAM,006GMECHA,001,AssistHissatsuGFighter,EXVS2,Summon,0x1413EB2F0,465,0x290,18,0;2;18;21;30;42;46;72;73;78;79;80;81;84;87;88;90;91,0x14092A700,0x140DE1070,0x1406A5B30,0x1406A5170,0x1406A5980,0x1406A57D0,0x14094E520,0x140F3E7A0,0x140F3E690,0x140F3E740,.?AVCUnitTaskAutomata_001GUNDAM_006GMECHA_001_AssistHissatsuGFighter@EXVS2@@|.?AVCUnitTaskAutomataSummon@GAM@VDK@@|.?AVCUnitTaskAutomataRadiconParentActor@GAM@VDK@@|.?AVCUnitTaskAutomataRadicon@GAM@VDK@@|.?AVCUnitTaskAutomataAbstract@GAM@VDK@@|.?AVCUnitTaskActorProjectileAbstract@GAM@VDK@@|.?AVCUnitTaskActorAbstract@GAM@VDK@@|.?AVCUnitTaskBattleAbstract@GAM@VDK@@
001GUNDAM,006GMECHA,001,BullPurge,EXVS2,RadiconParentActor,0x1413EB620,465,0x1B0,4,0;79;81;88,0x14092A3E0,0x1406A5BA0,0x1406A5B30,0x1406A5170,0x1406A5980,0x1406A57D0,0x1406A50D0,0x140F3E8A0,0x140F3E7E0,0x140E26F80,.?AVCUnitTaskAutomata_001GUNDAM_006GMECHA_001_BullPurge@EXVS2@@|.?AVCUnitTaskAutomataRadiconParentActor@GAM@VDK@@|.?AVCUnitTaskAutomataRadicon@GAM@VDK@@|.?AVCUnitTaskAutomataAbstract@GAM@VDK@@|.?AVCUnitTaskActorProjectileAbstract@GAM@VDK@@|.?AVCUnitTaskActorAbstract@GAM@VDK@@|.?AVCUnitTaskBattleAbstract@GAM@VDK@@|.?AVCUnitTaskAbstract@FWK@VDK@@
001GUNDAM,006GMECHA,001,GFighterAParts,EXVS2,FreeFly,0x1413EB948,465,0x1C0,6,0;78;79;81;84;88,0x14092A3E0,0x1406A5BA0,0x1406A5B30,0x1406A5170,0x1406A5980,0x1406A57D0,0x14094DFB0,0x140F3E8F0,0x140F3A9E0,0x140DDF4F0,.?AVCUnitTaskAutomata_001GUNDAM_006GMECHA_001_GFighterAParts@EXVS2@@|.?AVCUnitTaskAutomata_000COMMON_000COMMON_001_PurgeFly@EXVS2@@|.?AVCUnitTaskAutomataFreeFly@GAM@VDK@@|.?AVCUnitTaskAutomataRadiconParentActor@GAM@VDK@@|.?AVCUnitTaskAutomataRadicon@GAM@VDK@@|.?AVCUnitTaskAutomataAbstract@GAM@VDK@@|.?AVCUnitTaskActorProjectileAbstract@GAM@VDK@@|.?AVCUnitTaskActorAbstract@GAM@VDK@@
001GUNDAM,006GMECHA,001,GFighterBParts,EXVS2,FreeFly,0x1413EBC70,465,0x1C0,6,0;78;79;81;84;88,0x14092A3E0,0x1406A5BA0,0x1406A5B30,0x1406A5170,0x1406A5980,0x1406A57D0,0x14094DFB0,0x140F3E920,0x140F3A9E0,0x140DDF4F0,.?AVCUnitTaskAutomata_001GUNDAM_006GMECHA_001_GFighterBParts@EXVS2@@|.?AVCUnitTaskAutomata_000COMMON_000COMMON_001_PurgeFly@EXVS2@@|.?AVCUnitTaskAutomataFreeFly@GAM@VDK@@|.?AVCUnitTaskAutomataRadiconParentActor@GAM@VDK@@|.?AVCUnitTaskAutomataRadicon@GAM@VDK@@|.?AVCUnitTaskAutomataAbstract@GAM@VDK@@|.?AVCUnitTaskActorProjectileAbstract@GAM@VDK@@|.?AVCUnitTaskActorAbstract@GAM@VDK@@
001GUNDAM,006GMECHA,001,MaPurge,EXVS2,RadiconParentActor,0x1413EBF98,465,0x1B0,5,0;2;79;81;88,0x14092A3E0,0x140F75740,0x1406A5B30,0x1406A5170,0x1406A5980,0x1406A57D0,0x1406A50D0,0x140F3E9E0,0x140F3E950,0x140E26F80,.?AVCUnitTaskAutomata_001GUNDAM_006GMECHA_001_MaPurge@EXVS2@@|.?AVCUnitTaskAutomataRadiconParentActor@GAM@VDK@@|.?AVCUnitTaskAutomataRadicon@GAM@VDK@@|.?AVCUnitTaskAutomataAbstract@GAM@VDK@@|.?AVCUnitTaskActorProjectileAbstract@GAM@VDK@@|.?AVCUnitTaskActorAbstract@GAM@VDK@@|.?AVCUnitTaskBattleAbstract@GAM@VDK@@|.?AVCUnitTaskAbstract@FWK@VDK@@
001GUNDAM,006GMECHA,001,ThrowShield,EXVS2,Throw,0x1413EC2C0,465,0x1C0,10,0;22;76;78;79;81;84;87;88;91,0x14092A3E0,0x1406A5BA0,0x1406A5B30,0x1406A5170,0x1406A5980,0x1406A57D0,0x14094E8C0,0x140F3EA20,0x140DDC8E0,0x140DDCAC0,.?AVCUnitTaskAutomata_001GUNDAM_006GMECHA_001_ThrowShield@EXVS2@@|.?AVCUnitTaskAutomataThrow@GAM@VDK@@|.?AVCUnitTaskAutomataRadiconParentActor@GAM@VDK@@|.?AVCUnitTaskAutomataRadicon@GAM@VDK@@|.?AVCUnitTaskAutomataAbstract@GAM@VDK@@|.?AVCUnitTaskActorProjectileAbstract@GAM@VDK@@|.?AVCUnitTaskActorAbstract@GAM@VDK@@|.?AVCUnitTaskBattleAbstract@GAM@VDK@@
001GUNDAM,007ZAKU2J,001,ThrowRockLarge,EXVS2,Throw,0x1413EC910,465,0x1C0,13,0;22;71;72;73;76;78;79;81;84;86;87;88,0x14092A3E0,0x1406A5BA0,0x1406A5B30,0x1406A5170,0x1406A5980,0x1406A57D0,0x14094E8C0,0x140F3F180,0x140F3EFD0,0x140DDCAC0,.?AVCUnitTaskAutomata_001GUNDAM_007ZAKU2J_001_ThrowRockLarge@EXVS2@@|.?AVCUnitTaskAutomataThrow@GAM@VDK@@|.?AVCUnitTaskAutomataRadiconParentActor@GAM@VDK@@|.?AVCUnitTaskAutomataRadicon@GAM@VDK@@|.?AVCUnitTaskAutomataAbstract@GAM@VDK@@|.?AVCUnitTaskActorProjectileAbstract@GAM@VDK@@|.?AVCUnitTaskActorAbstract@GAM@VDK@@|.?AVCUnitTaskBattleAbstract@GAM@VDK@@
001GUNDAM,007ZAKU2J,001,ThrowRockLargeMortar,EXVS2,ThrowMortar,0x1413ECC38,465,0x1C0,14,0;22;71;72;73;76;78;79;81;82;84;86;87;88,0x14092A3E0,0x1406A5BA0,0x1406A5B30,0x1406A5170,0x1406A5980,0x1406A57D0,0x14094E8C0,0x140F3ED00,0x140F3F3E0,0x140DDCAC0,.?AVCUnitTaskAutomata_001GUNDAM_007ZAKU2J_001_ThrowRockLargeMortar@EXVS2@@|.?AVCUnitTaskAutomataThrowMortar@GAM@VDK@@|.?AVCUnitTaskAutomataThrow@GAM@VDK@@|.?AVCUnitTaskAutomataRadiconParentActor@GAM@VDK@@|.?AVCUnitTaskAutomataRadicon@GAM@VDK@@|.?AVCUnitTaskAutomataAbstract@GAM@VDK@@|.?AVCUnitTaskActorProjectileAbstract@GAM@VDK@@|.?AVCUnitTaskActorAbstract@GAM@VDK@@
001GUNDAM,007ZAKU2J,001,ThrowRockSmall,EXVS2,ThrowMortar,0x1413EC5E8,465,0x1C0,13,0;22;71;72;73;76;78;79;81;82;84;87;88,0x14092A3E0,0x1406A5BA0,0x1406A5B30,0x1406A5170,0x1406A5980,0x1406A57D0,0x14094E8C0,0x140F3ED00,0x140DDFF20,0x140DDCAC0,.?AVCUnitTaskAutomata_001GUNDAM_007ZAKU2J_001_ThrowRockSmall@EXVS2@@|.?AVCUnitTaskAutomataThrowMortar@GAM@VDK@@|.?AVCUnitTaskAutomataThrow@GAM@VDK@@|.?AVCUnitTaskAutomataRadiconParentActor@GAM@VDK@@|.?AVCUnitTaskAutomataRadicon@GAM@VDK@@|.?AVCUnitTaskAutomataAbstract@GAM@VDK@@|.?AVCUnitTaskActorProjectileAbstract@GAM@VDK@@|.?AVCUnitTaskActorAbstract@GAM@VDK@@
001GUNDAM,008CHARZK,001,StickerExplosion,EXVS2,Sticker,0x1413ED288,465,0x1C0,7,0;2;78;79;81;84;91,0x14092A700,0x140DDD100,0x1406A5B30,0x1406A5170,0x1406A5980,0x1406A57D0,0x14094E4D0,0x140F3F6F0,0x140F3F690,0x140E28260,.?AVCUnitTaskAutomata_001GUNDAM_008CHARZK_001_StickerExplosion@EXVS2@@|.?AVCUnitTaskAutomataSticker@GAM@VDK@@|.?AVCUnitTaskAutomataRadiconParentActor@GAM@VDK@@|.?AVCUnitTaskAutomataRadicon@GAM@VDK@@|.?AVCUnitTaskAutomataAbstract@GAM@VDK@@|.?AVCUnitTaskActorProjectileAbstract@GAM@VDK@@|.?AVCUnitTaskActorAbstract@GAM@VDK@@|.?AVCUnitTaskBattleAbstract@GAM@VDK@@
001GUNDAM,008CHARZK,001,ThrowHeathawk,EXVS2,Throw,0x1413ECF60,465,0x1C0,10,0;22;76;78;79;81;84;87;88;91,0x14092A3E0,0x1406A5BA0,0x1406A5B30,0x1406A5170,0x1406A5980,0x1406A57D0,0x14094E8C0,0x140F3F660,0x140F3F610,0x140DDCAC0,.?AVCUnitTaskAutomata_001GUNDAM_008CHARZK_001_ThrowHeathawk@EXVS2@@|.?AVCUnitTaskAutomataThrow@GAM@VDK@@|.?AVCUnitTaskAutomataRadiconParentActor@GAM@VDK@@|.?AVCUnitTaskAutomataRadicon@GAM@VDK@@|.?AVCUnitTaskAutomataAbstract@GAM@VDK@@|.?AVCUnitTaskActorProjectileAbstract@GAM@VDK@@|.?AVCUnitTaskActorAbstract@GAM@VDK@@|.?AVCUnitTaskBattleAbstract@GAM@VDK@@
001GUNDAM,008GUNDAM,001,TankThrow,EXVS2,ThrowMortar,0x1413ED8E8,465,0x1C0,10,0;22;76;78;79;81;82;84;87;88,0x14092A3E0,0x1406A5BA0,0x1406A5B30,0x1406A5170,0x1406A5980,0x1406A57D0,0x14094E8C0,0x140F3F810,0x140DDFF20,0x140DDCAC0,.?AVCUnitTaskAutomata_001GUNDAM_008GUNDAM_001_TankThrow@EXVS2@@|.?AVCUnitTaskAutomataThrowMortar@GAM@VDK@@|.?AVCUnitTaskAutomataThrow@GAM@VDK@@|.?AVCUnitTaskAutomataRadiconParentActor@GAM@VDK@@|.?AVCUnitTaskAutomataRadicon@GAM@VDK@@|.?AVCUnitTaskAutomataAbstract@GAM@VDK@@|.?AVCUnitTaskActorProjectileAbstract@GAM@VDK@@|.?AVCUnitTaskActorAbstract@GAM@VDK@@
001GUNDAM,008GUNDAM,001,ThrowMeteo,EXVS2,Throw,0x1413ED5C0,465,0x1C0,11,0;22;49;76;78;79;81;84;86;87;88,0x14092A3E0,0x1406A5BA0,0x1406A5B30,0x1406A5170,0x1406A5980,0x1406A57D0,0x14094E8C0,0x140F3F7E0,0x140F3F790,0x140F41EF0,.?AVCUnitTaskAutomata_001GUNDAM_008GUNDAM_001_ThrowMeteo@EXVS2@@|.?AVCUnitTaskAutomataThrow@GAM@VDK@@|.?AVCUnitTaskAutomataRadiconParentActor@GAM@VDK@@|.?AVCUnitTaskAutomataRadicon@GAM@VDK@@|.?AVCUnitTaskAutomataAbstract@GAM@VDK@@|.?AVCUnitTaskActorProjectileAbstract@GAM@VDK@@|.?AVCUnitTaskActorAbstract@GAM@VDK@@|.?AVCUnitTaskBattleAbstract@GAM@VDK@@
001GUNDAM,010HMZK2M,001,AssistZaku,EXVS2,SummonRushShot,0x1413EDC10,465,0x2F0,19,0;2;12;18;21;30;42;46;69;72;73;78;79;80;81;84;87;88;90,0x14092A310,0x140DE1070,0x140DE1770,0x1406A5170,0x1406A5980,0x1406A57D0,0x14094E6F0,0x140F3F8A0,0x140F3F840,0x140DE1820,.?AVCUnitTaskAutomata_001GUNDAM_010HMZK2M_001_AssistZaku@EXVS2@@|.?AVCUnitTaskAutomataSummonRushShot@GAM@VDK@@|.?AVCUnitTaskAutomataSummonRush@GAM@VDK@@|.?AVCUnitTaskAutomataSummon@GAM@VDK@@|.?AVCUnitTaskAutomataRadiconParentActor@GAM@VDK@@|.?AVCUnitTaskAutomataRadicon@GAM@VDK@@|.?AVCUnitTaskAutomataAbstract@GAM@VDK@@|.?AVCUnitTaskActorProjectileAbstract@GAM@VDK@@
001GUNDAM,015GCANON,001,ThrowGrenade,EXVS2,ThrowMortar,0x1413EE590,465,0x1C0,10,0;22;76;78;79;81;82;84;87;88,0x14092A3E0,0x1406A5BA0,0x1406A5B30,0x1406A5170,0x1406A5980,0x1406A57D0,0x14094E8C0,0x140F40030,0x140F3FFE0,0x140DDCAC0,.?AVCUnitTaskAutomata_001GUNDAM_015GCANON_001_ThrowGrenade@EXVS2@@|.?AVCUnitTaskAutomataThrowMortar@GAM@VDK@@|.?AVCUnitTaskAutomataThrow@GAM@VDK@@|.?AVCUnitTaskAutomataRadiconParentActor@GAM@VDK@@|.?AVCUnitTaskAutomataRadicon@GAM@VDK@@|.?AVCUnitTaskAutomataAbstract@GAM@VDK@@|.?AVCUnitTaskActorProjectileAbstract@GAM@VDK@@|.?AVCUnitTaskActorAbstract@GAM@VDK@@
001GUNDAM,015GCANON,001,ThrowRockLarge,EXVS2,Throw,0x1413EE268,465,0x1C0,13,0;22;71;72;73;76;78;79;81;84;86;87;88,0x14092A3E0,0x1406A5BA0,0x1406A5B30,0x1406A5170,0x1406A5980,0x1406A57D0,0x14094E8C0,0x140F3FFB0,0x140F3FE60,0x140F3FF80,.?AVCUnitTaskAutomata_001GUNDAM_015GCANON_001_ThrowRockLarge@EXVS2@@|.?AVCUnitTaskAutomataThrow@GAM@VDK@@|.?AVCUnitTaskAutomataRadiconParentActor@GAM@VDK@@|.?AVCUnitTaskAutomataRadicon@GAM@VDK@@|.?AVCUnitTaskAutomataAbstract@GAM@VDK@@|.?AVCUnitTaskActorProjectileAbstract@GAM@VDK@@|.?AVCUnitTaskActorAbstract@GAM@VDK@@|.?AVCUnitTaskBattleAbstract@GAM@VDK@@
001GUNDAM,015GCANON,001,ThrowRockSmall,EXVS2,Throw,0x1413EDF40,465,0x1C0,13,0;22;71;72;73;76;78;79;81;84;86;87;88,0x14092A3E0,0x1406A5BA0,0x1406A5B30,0x1406A5170,0x1406A5980,0x1406A57D0,0x14094E8C0,0x140F3F180,0x140F3FB10,0x140DDCAC0,.?AVCUnitTaskAutomata_001GUNDAM_015GCANON_001_ThrowRockSmall@EXVS2@@|.?AVCUnitTaskAutomataThrow@GAM@VDK@@|.?AVCUnitTaskAutomataRadiconParentActor@GAM@VDK@@|.?AVCUnitTaskAutomataRadicon@GAM@VDK@@|.?AVCUnitTaskAutomataAbstract@GAM@VDK@@|.?AVCUnitTaskActorProjectileAbstract@GAM@VDK@@|.?AVCUnitTaskActorAbstract@GAM@VDK@@|.?AVCUnitTaskBattleAbstract@GAM@VDK@@
001GUNDAM,016GNTANK,001,ThrowCoreFighter,EXVS2,Throw,0x1413EE8B8,465,0x1C0,10,0;22;76;78;79;81;84;87;88;89,0x14092A3E0,0x1406A5BA0,0x1406A5B30,0x1406A5170,0x1406A5980,0x1406A57D0,0x14094E8C0,0x140F40120,0x140F400D0,0x140F3A140,.?AVCUnitTaskAutomata_001GUNDAM_016GNTANK_001_ThrowCoreFighter@EXVS2@@|.?AVCUnitTaskAutomata_000COMMON_000COMMON_001_ThrowMissile@EXVS2@@|.?AVCUnitTaskAutomataThrow@GAM@VDK@@|.?AVCUnitTaskAutomataRadiconParentActor@GAM@VDK@@|.?AVCUnitTaskAutomataRadicon@GAM@VDK@@|.?AVCUnitTaskAutomataAbstract@GAM@VDK@@|.?AVCUnitTaskActorProjectileAbstract@GAM@VDK@@|.?AVCUnitTaskActorAbstract@GAM@VDK@@
001GUNDAM,017DOM000,001,AssistDomGrap,EXVS2,SummonRushAttackNormal,0x1413EF238,465,0x330,19,0;2;18;21;30;42;46;71;72;73;78;79;80;81;83;84;87;88;90,0x14092A700,0x140DE1070,0x1406A5B30,0x1406A5170,0x1406A5980,0x1406A57D0,0x14094E5F0,0x140F40430,0x140F40330,0x140F40410,.?AVCUnitTaskAutomata_001GUNDAM_017DOM000_001_AssistDomGrap@EXVS2@@|.?AVCUnitTaskAutomataSummonRushAttackNormal@GAM@VDK@@|.?AVCUnitTaskAutomataSummonRushAttack@GAM@VDK@@|.?AVCUnitTaskAutomataSummonRush@GAM@VDK@@|.?AVCUnitTaskAutomataSummon@GAM@VDK@@|.?AVCUnitTaskAutomataRadiconParentActor@GAM@VDK@@|.?AVCUnitTaskAutomataRadicon@GAM@VDK@@|.?AVCUnitTaskAutomataAbstract@GAM@VDK@@
001GUNDAM,017DOM000,001,AssistDomHissatsu,EXVS2,SummonRushShot,0x1413EEF08,465,0x2F0,21,0;2;12;18;21;30;42;46;69;71;72;73;78;79;80;81;83;84;87;88;90,0x14092A310,0x140DE1070,0x140DE1770,0x1406A5170,0x1406A5980,0x1406A57D0,0x14094E6F0,0x140F40220,0x140F40140,0x140F40980,.?AVCUnitTaskAutomata_001GUNDAM_017DOM000_001_AssistDomHissatsu@EXVS2@@|.?AVCUnitTaskAutomataSummonRushShot@GAM@VDK@@|.?AVCUnitTaskAutomataSummonRush@GAM@VDK@@|.?AVCUnitTaskAutomataSummon@GAM@VDK@@|.?AVCUnitTaskAutomataRadiconParentActor@GAM@VDK@@|.?AVCUnitTaskAutomataRadicon@GAM@VDK@@|.?AVCUnitTaskAutomataAbstract@GAM@VDK@@|.?AVCUnitTaskActorProjectileAbstract@GAM@VDK@@
001GUNDAM,017DOM000,001,AssistDomShot,EXVS2,SummonRushShot,0x1413EF568,465,0x2F0,21,0;2;12;18;21;30;42;46;69;71;72;73;78;79;80;81;83;84;87;88;90,0x14092A310,0x140DE1070,0x140DE1770,0x1406A5170,0x1406A5980,0x1406A57D0,0x14094E6F0,0x140F40620,0x140DE1710,0x140F40980,.?AVCUnitTaskAutomata_001GUNDAM_017DOM000_001_AssistDomShot@EXVS2@@|.?AVCUnitTaskAutomataSummonRushShot@GAM@VDK@@|.?AVCUnitTaskAutomataSummonRush@GAM@VDK@@|.?AVCUnitTaskAutomataSummon@GAM@VDK@@|.?AVCUnitTaskAutomataRadiconParentActor@GAM@VDK@@|.?AVCUnitTaskAutomataRadicon@GAM@VDK@@|.?AVCUnitTaskAutomataAbstract@GAM@VDK@@|.?AVCUnitTaskActorProjectileAbstract@GAM@VDK@@
001GUNDAM,017DOM000,001,AssistDomShotSlide,EXVS2,SummonSlide,0x1413EF898,465,0x2E0,19,0;2;18;21;30;42;46;71;72;73;78;79;80;81;83;84;87;88;90,0x14092A700,0x140F76670,0x1406A5B30,0x1406A5170,0x1406A5980,0x1406A57D0,0x14094E770,0x140F407E0,0x140F40780,0x140F40980,.?AVCUnitTaskAutomata_001GUNDAM_017DOM000_001_AssistDomShotSlide@EXVS2@@|.?AVCUnitTaskAutomataSummonSlide@GAM@VDK@@|.?AVCUnitTaskAutomataSummon@GAM@VDK@@|.?AVCUnitTaskAutomataRadiconParentActor@GAM@VDK@@|.?AVCUnitTaskAutomataRadicon@GAM@VDK@@|.?AVCUnitTaskAutomataAbstract@GAM@VDK@@|.?AVCUnitTaskActorProjectileAbstract@GAM@VDK@@|.?AVCUnitTaskActorAbstract@GAM@VDK@@
001GUNDAM,017DOM000,001,AssistDomTsukimatoiShot,EXVS2,SummonTukimatoiAndActionSimple,0x1413EFBC8,465,0x2D0,19,0;2;18;21;30;42;46;71;72;73;78;79;80;81;83;84;87;88;90,0x14092A700,0x140DE1070,0x1406A5B30,0x1406A5170,0x1406A5980,0x1406A57D0,0x14094E840,0x140F409A0,0x140F408F0,0x140F40980,.?AVCUnitTaskAutomata_001GUNDAM_017DOM000_001_AssistDomTsukimatoiShot@EXVS2@@|.?AVCUnitTaskAutomataSummonTukimatoiAndActionSimple@GAM@VDK@@|.?AVCUnitTaskAutomataSummonTukimatoiAndAction@GAM@VDK@@|.?AVCUnitTaskAutomataSummonTukimatoi@GAM@VDK@@|.?AVCUnitTaskAutomataSummon@GAM@VDK@@|.?AVCUnitTaskAutomataRadiconParentActor@GAM@VDK@@|.?AVCUnitTaskAutomataRadicon@GAM@VDK@@|.?AVCUnitTaskAutomataAbstract@GAM@VDK@@
001GUNDAM,017DOM000,001,AssistDomWinloseLeft,EXVS2,PutObj,0x1413EFEF8,465,0x1D0,10,0;2;78;79;80;81;83;84;88;90,0x14092A040,0x140F76310,0x1406A5B30,0x1406A5170,0x1406A5980,0x1406A57D0,0x14094E380,0x140F40CD0,0x140F40A80,0x140E28260,.?AVCUnitTaskAutomata_001GUNDAM_017DOM000_001_AssistDomWinloseLeft@EXVS2@@|.?AVCUnitTaskAutomataPutObj@GAM@VDK@@|.?AVCUnitTaskAutomataRadiconParentActor@GAM@VDK@@|.?AVCUnitTaskAutomataRadicon@GAM@VDK@@|.?AVCUnitTaskAutomataAbstract@GAM@VDK@@|.?AVCUnitTaskActorProjectileAbstract@GAM@VDK@@|.?AVCUnitTaskActorAbstract@GAM@VDK@@|.?AVCUnitTaskBattleAbstract@GAM@VDK@@
001GUNDAM,017DOM000,001,AssistDomWinloseRight,EXVS2,PutObj,0x1413F0220,465,0x1D0,10,0;2;78;79;80;81;83;84;88;90,0x14092A040,0x140F76310,0x1406A5B30,0x1406A5170,0x1406A5980,0x1406A57D0,0x14094E380,0x140F40CD0,0x140DDCC00,0x140E28260,.?AVCUnitTaskAutomata_001GUNDAM_017DOM000_001_AssistDomWinloseRight@EXVS2@@|.?AVCUnitTaskAutomataPutObj@GAM@VDK@@|.?AVCUnitTaskAutomataRadiconParentActor@GAM@VDK@@|.?AVCUnitTaskAutomataRadicon@GAM@VDK@@|.?AVCUnitTaskAutomataAbstract@GAM@VDK@@|.?AVCUnitTaskActorProjectileAbstract@GAM@VDK@@|.?AVCUnitTaskActorAbstract@GAM@VDK@@|.?AVCUnitTaskBattleAbstract@GAM@VDK@@
001GUNDAM,017DOM000,001,ThrowBazooka,EXVS2,Throw,0x1413EEBE0,465,0x1C0,9,0;22;76;78;79;81;84;87;88,0x14092A3E0,0x1406A5BA0,0x1406A5B30,0x1406A5170,0x1406A5980,0x1406A57D0,0x14094E8C0,0x140F50880,0x140DDC8E0,0x140DDCAC0,.?AVCUnitTaskAutomata_001GUNDAM_017DOM000_001_ThrowBazooka@EXVS2@@|.?AVCUnitTaskAutomataThrow@GAM@VDK@@|.?AVCUnitTaskAutomataRadiconParentActor@GAM@VDK@@|.?AVCUnitTaskAutomataRadicon@GAM@VDK@@|.?AVCUnitTaskAutomataAbstract@GAM@VDK@@|.?AVCUnitTaskActorProjectileAbstract@GAM@VDK@@|.?AVCUnitTaskActorAbstract@GAM@VDK@@|.?AVCUnitTaskBattleAbstract@GAM@VDK@@
002ZGUNDM,001ZGUNDM,001,BeamConfuse,EXVS2,Detonator,0x1413F0548,465,0x1C0,13,0;2;22;74;76;78;79;81;84;86;87;88;89,0x14092A3E0,0x140F40DE0,0x1406A5B30,0x1406A5170,0x1406A5980,0x1406A57D0,0x14094E8C0,0x140F40F90,0x140F40D80,0x140F40ED0,.?AVCUnitTaskAutomata_002ZGUNDM_001ZGUNDM_001_BeamConfuse@EXVS2@@|.?AVCUnitTaskAutomataDetonator@GAM@VDK@@|.?AVCUnitTaskAutomataThrow@GAM@VDK@@|.?AVCUnitTaskAutomataRadiconParentActor@GAM@VDK@@|.?AVCUnitTaskAutomataRadicon@GAM@VDK@@|.?AVCUnitTaskAutomataAbstract@GAM@VDK@@|.?AVCUnitTaskActorProjectileAbstract@GAM@VDK@@|.?AVCUnitTaskActorAbstract@GAM@VDK@@
002ZGUNDM,001ZGUNDM,001,ThrowRifleSaber,EXVS2,Throw,0x1413F0870,465,0x1C0,12,0;22;76;78;79;81;83;84;87;88;89;91,0x14092A3E0,0x1406A5BA0,0x1406A5B30,0x1406A5170,0x1406A5980,0x1406A57D0,0x14094E8C0,0x140F391A0,0x140F38FD0,0x140F39070,.?AVCUnitTaskAutomata_002ZGUNDM_001ZGUNDM_001_ThrowRifleSaber@EXVS2@@|.?AVCUnitTaskAutomata_000COMMON_000COMMON_001_ThrowSaber@EXVS2@@|.?AVCUnitTaskAutomataThrow@GAM@VDK@@|.?AVCUnitTaskAutomataRadiconParentActor@GAM@VDK@@|.?AVCUnitTaskAutomataRadicon@GAM@VDK@@|.?AVCUnitTaskAutomataAbstract@GAM@VDK@@|.?AVCUnitTaskActorProjectileAbstract@GAM@VDK@@|.?AVCUnitTaskActorAbstract@GAM@VDK@@
002ZGUNDM,002HYAKUS,001,Dodai,EXVS2,Throw,0x1413F0EC8,465,0x1C0,10,0;2;22;76;78;79;81;84;87;88,0x14092A3E0,0x140F76310,0x1406A5B30,0x1406A5170,0x1406A5980,0x1406A57D0,0x14094E8C0,0x140F412E0,0x140F41290,0x140DDCAC0,.?AVCUnitTaskAutomata_002ZGUNDM_002HYAKUS_001_Dodai@EXVS2@@|.?AVCUnitTaskAutomataThrow@GAM@VDK@@|.?AVCUnitTaskAutomataRadiconParentActor@GAM@VDK@@|.?AVCUnitTaskAutomataRadicon@GAM@VDK@@|.?AVCUnitTaskAutomataAbstract@GAM@VDK@@|.?AVCUnitTaskActorProjectileAbstract@GAM@VDK@@|.?AVCUnitTaskActorAbstract@GAM@VDK@@|.?AVCUnitTaskBattleAbstract@GAM@VDK@@
002ZGUNDM,002HYAKUS,001,Mega,EXVS2,RadiconParentActor,0x1413F11F0,465,0x1B0,6,0;79;81;84;87;88,0x14092A3E0,0x1406A5BA0,0x1406A5B30,0x1406A5170,0x1406A5980,0x1406A57D0,0x1406A50D0,0x140F41690,0x140F41310,0x140F41650,.?AVCUnitTaskAutomata_002ZGUNDM_002HYAKUS_001_Mega@EXVS2@@|.?AVCUnitTaskAutomataRadiconParentActor@GAM@VDK@@|.?AVCUnitTaskAutomataRadicon@GAM@VDK@@|.?AVCUnitTaskAutomataAbstract@GAM@VDK@@|.?AVCUnitTaskActorProjectileAbstract@GAM@VDK@@|.?AVCUnitTaskActorAbstract@GAM@VDK@@|.?AVCUnitTaskBattleAbstract@GAM@VDK@@|.?AVCUnitTaskAbstract@FWK@VDK@@
002ZGUNDM,002HYAKUS,001,Methuss,EXVS2,Summon,0x1413F0B98,465,0x290,17,0;2;18;21;30;42;46;72;73;78;79;80;81;84;87;88;90,0x14092A700,0x140DE1070,0x1406A5B30,0x1406A5170,0x1406A5980,0x1406A57D0,0x14094E520,0x140F41210,0x140F41190,0x140F411E0,.?AVCUnitTaskAutomata_002ZGUNDM_002HYAKUS_001_Methuss@EXVS2@@|.?AVCUnitTaskAutomataSummon@GAM@VDK@@|.?AVCUnitTaskAutomataRadiconParentActor@GAM@VDK@@|.?AVCUnitTaskAutomataRadicon@GAM@VDK@@|.?AVCUnitTaskAutomataAbstract@GAM@VDK@@|.?AVCUnitTaskActorProjectileAbstract@GAM@VDK@@|.?AVCUnitTaskActorAbstract@GAM@VDK@@|.?AVCUnitTaskBattleAbstract@GAM@VDK@@
002ZGUNDM,004THEO00,001,AssistBolinoakSammahn,EXVS2,SummonDefence,0x14163CCE0,465,0x290,19,0;2;12;18;21;30;42;46;72;73;78;79;80;81;84;86;87;88;90,0x140F41AF0,0x140DE1070,0x140F435C0,0x1406A5170,0x1406A5980,0x1406A57D0,0x14094E520,0x140F41B90,0x140F41B30,0x140E184F0,.?AVCUnitTaskAutomata_002ZGUNDM_004THEO00_001_AssistBolinoakSammahn@EXVS2@@|.?AVCUnitTaskAutomataSummonDefence@GAM@VDK@@|.?AVCUnitTaskAutomataSummon@GAM@VDK@@|.?AVCUnitTaskAutomataRadiconParentActor@GAM@VDK@@|.?AVCUnitTaskAutomataRadicon@GAM@VDK@@|.?AVCUnitTaskAutomataAbstract@GAM@VDK@@|.?AVCUnitTaskActorProjectileAbstract@GAM@VDK@@|.?AVCUnitTaskActorAbstract@GAM@VDK@@
002ZGUNDM,004THEO00,001,AssistPalaceAthene,EXVS2,SummonRush,0x14163C890,465,0x2C0,18,0;2;18;21;30;42;46;72;73;78;79;80;81;84;87;88;89;90,0x140F416E0,0x140DE1070,0x1406A5B30,0x1406A5170,0x1406A5980,0x1406A57D0,0x14094E5B0,0x140F41A10,0x140F41720,0x140F41780,.?AVCUnitTaskAutomata_002ZGUNDM_004THEO00_001_AssistPalaceAthene@EXVS2@@|.?AVCUnitTaskAutomataSummonRush@GAM@VDK@@|.?AVCUnitTaskAutomataSummon@GAM@VDK@@|.?AVCUnitTaskAutomataRadiconParentActor@GAM@VDK@@|.?AVCUnitTaskAutomataRadicon@GAM@VDK@@|.?AVCUnitTaskAutomataAbstract@GAM@VDK@@|.?AVCUnitTaskActorProjectileAbstract@GAM@VDK@@|.?AVCUnitTaskActorAbstract@GAM@VDK@@
002ZGUNDM,005GUNMK2,001,GDefenserBody,EXVS2,Throw,0x1413F1B68,465,0x1C0,10,0;22;76;78;79;81;84;87;88;90,0x14092A3E0,0x1406A5BA0,0x1406A5B30,0x1406A5170,0x1406A5980,0x1406A57D0,0x14094E8C0,0x140F41F00,0x140F41E10,0x140F41EF0,.?AVCUnitTaskAutomata_002ZGUNDM_005GUNMK2_001_GDefenserBody@EXVS2@@|.?AVCUnitTaskAutomataThrow@GAM@VDK@@|.?AVCUnitTaskAutomataRadiconParentActor@GAM@VDK@@|.?AVCUnitTaskAutomataRadicon@GAM@VDK@@|.?AVCUnitTaskAutomataAbstract@GAM@VDK@@|.?AVCUnitTaskActorProjectileAbstract@GAM@VDK@@|.?AVCUnitTaskActorAbstract@GAM@VDK@@|.?AVCUnitTaskBattleAbstract@GAM@VDK@@
002ZGUNDM,005GUNMK2,001,GDefenserKatu,EXVS2,Throw,0x1413F1840,465,0x1C0,9,0;22;76;78;79;81;84;87;88,0x14092A3E0,0x1406A5BA0,0x1406A5B30,0x1406A5170,0x1406A5980,0x1406A57D0,0x14094E8C0,0x140F41D70,0x140F41D20,0x140F41EF0,.?AVCUnitTaskAutomata_002ZGUNDM_005GUNMK2_001_GDefenserKatu@EXVS2@@|.?AVCUnitTaskAutomataThrow@GAM@VDK@@|.?AVCUnitTaskAutomataRadiconParentActor@GAM@VDK@@|.?AVCUnitTaskAutomataRadicon@GAM@VDK@@|.?AVCUnitTaskAutomataAbstract@GAM@VDK@@|.?AVCUnitTaskActorProjectileAbstract@GAM@VDK@@|.?AVCUnitTaskActorAbstract@GAM@VDK@@|.?AVCUnitTaskBattleAbstract@GAM@VDK@@
002ZGUNDM,005GUNMK2,001,ThrowKatu,EXVS2,Throw,0x1413F1518,465,0x1C0,9,0;22;76;78;79;81;84;87;88,0x14092A3E0,0x1406A5BA0,0x1406A5B30,0x1406A5170,0x1406A5980,0x1406A57D0,0x14094E8C0,0x140F41C80,0x140F41C30,0x140DDCAC0,.?AVCUnitTaskAutomata_002ZGUNDM_005GUNMK2_001_ThrowKatu@EXVS2@@|.?AVCUnitTaskAutomataThrow@GAM@VDK@@|.?AVCUnitTaskAutomataRadiconParentActor@GAM@VDK@@|.?AVCUnitTaskAutomataRadicon@GAM@VDK@@|.?AVCUnitTaskAutomataAbstract@GAM@VDK@@|.?AVCUnitTaskActorProjectileAbstract@GAM@VDK@@|.?AVCUnitTaskActorAbstract@GAM@VDK@@|.?AVCUnitTaskBattleAbstract@GAM@VDK@@
002ZGUNDM,006HAMBRB,001,AssistHambrabi,EXVS2,_002ZGUNDM_006HAMBRB_001_AssistHambrabiAbstract,0x1413F1E90,465,0x2A0,17,0;2;18;21;30;42;46;72;73;78;79;80;81;84;87;88;90,0x14092A100,0x140F42110,0x1406A5B30,0x1406A5170,0x1406A5980,0x1406A57D0,0x14094E7B0,0x140F42240,0x140F41F80,0x140DE1820,.?AVCUnitTaskAutomata_002ZGUNDM_006HAMBRB_001_AssistHambrabi@EXVS2@@|.?AVCUnitTaskAutomata_002ZGUNDM_006HAMBRB_001_AssistHambrabiAbstract@GAM@VDK@@|.?AVCUnitTaskAutomataSummonTukimatoi@GAM@VDK@@|.?AVCUnitTaskAutomataSummon@GAM@VDK@@|.?AVCUnitTaskAutomataRadiconParentActor@GAM@VDK@@|.?AVCUnitTaskAutomataRadicon@GAM@VDK@@|.?AVCUnitTaskAutomataAbstract@GAM@VDK@@|.?AVCUnitTaskActorProjectileAbstract@GAM@VDK@@
002ZGUNDM,006HAMBRB,001,UmihebiExplosion,EXVS2,Sticker,0x1413F21C0,465,0x1C0,8,0;2;74;78;79;81;84;91,0x14092A700,0x140DDD100,0x1406A5B30,0x1406A5170,0x1406A5980,0x1406A57D0,0x14094E4D0,0x140F42410,0x140F422E0,0x140F47080,.?AVCUnitTaskAutomata_002ZGUNDM_006HAMBRB_001_UmihebiExplosion@EXVS2@@|.?AVCUnitTaskAutomataSticker@GAM@VDK@@|.?AVCUnitTaskAutomataRadiconParentActor@GAM@VDK@@|.?AVCUnitTaskAutomataRadicon@GAM@VDK@@|.?AVCUnitTaskAutomataAbstract@GAM@VDK@@|.?AVCUnitTaskActorProjectileAbstract@GAM@VDK@@|.?AVCUnitTaskActorAbstract@GAM@VDK@@|.?AVCUnitTaskBattleAbstract@GAM@VDK@@
002ZGUNDM,006HAMBRB,001,UmihebiModoki,EXVS2,Throw,0x1413F24F8,465,0x1C0,11,0;22;73;76;78;79;81;84;87;88;91,0x14092A3E0,0x1406A5BA0,0x1406A5B30,0x1406A5170,0x1406A5980,0x1406A57D0,0x14094E8C0,0x140F42680,0x140F424C0,0x140F425C0,.?AVCUnitTaskAutomata_002ZGUNDM_006HAMBRB_001_UmihebiModoki@EXVS2@@|.?AVCUnitTaskAutomataThrow@GAM@VDK@@|.?AVCUnitTaskAutomataRadiconParentActor@GAM@VDK@@|.?AVCUnitTaskAutomataRadicon@GAM@VDK@@|.?AVCUnitTaskAutomataAbstract@GAM@VDK@@|.?AVCUnitTaskActorProjectileAbstract@GAM@VDK@@|.?AVCUnitTaskActorAbstract@GAM@VDK@@|.?AVCUnitTaskBattleAbstract@GAM@VDK@@
002ZGUNDM,011RKDIAS,001,MochiLauncher,EXVS2,Throw,0x1413F2820,465,0x1C0,11,0;22;73;76;78;79;81;84;87;88;91,0x14092A3E0,0x1406A5BA0,0x1406A5B30,0x1406A5170,0x1406A5980,0x1406A57D0,0x14094E8C0,0x140F429A0,0x140F42730,0x140DDCAC0,.?AVCUnitTaskAutomata_002ZGUNDM_011RKDIAS_001_MochiLauncher@EXVS2@@|.?AVCUnitTaskAutomataThrow@GAM@VDK@@|.?AVCUnitTaskAutomataRadiconParentActor@GAM@VDK@@|.?AVCUnitTaskAutomataRadicon@GAM@VDK@@|.?AVCUnitTaskAutomataAbstract@GAM@VDK@@|.?AVCUnitTaskActorProjectileAbstract@GAM@VDK@@|.?AVCUnitTaskActorAbstract@GAM@VDK@@|.?AVCUnitTaskBattleAbstract@GAM@VDK@@
002ZGUNDM,013MARASI,001,AssistMarasai,EXVS2,SummonTukimatoiAndActionSimple,0x1413F2B48,465,0x2D0,17,0;2;18;21;30;42;46;72;73;78;79;80;81;84;87;88;90,0x14092A700,0x140DE1070,0x1406A5B30,0x1406A5170,0x1406A5980,0x1406A57D0,0x14094E840,0x140F64990,0x140F42A10,0x140DE1820,.?AVCUnitTaskAutomata_002ZGUNDM_013MARASI_001_AssistMarasai@EXVS2@@|.?AVCUnitTaskAutomataSummonTukimatoiAndActionSimple@GAM@VDK@@|.?AVCUnitTaskAutomataSummonTukimatoiAndAction@GAM@VDK@@|.?AVCUnitTaskAutomataSummonTukimatoi@GAM@VDK@@|.?AVCUnitTaskAutomataSummon@GAM@VDK@@|.?AVCUnitTaskAutomataRadiconParentActor@GAM@VDK@@|.?AVCUnitTaskAutomataRadicon@GAM@VDK@@|.?AVCUnitTaskAutomataAbstract@GAM@VDK@@
002ZGUNDM,014GABTLY,001,AssistGabthley,EXVS2,SummonRushAttackNormal,0x1413F31B0,465,0x330,19,0;2;18;21;30;42;46;72;73;78;79;80;81;83;84;87;88;89;90,0x14092A700,0x140E345B0,0x1406A5B30,0x1406A5170,0x1406A5980,0x1406A57D0,0x14094E5F0,0x140F42CA0,0x140DE1B80,0x140DE1960,.?AVCUnitTaskAutomata_002ZGUNDM_014GABTLY_001_AssistGabthley@EXVS2@@|.?AVCUnitTaskAutomataSummonRushAttackNormal@GAM@VDK@@|.?AVCUnitTaskAutomataSummonRushAttack@GAM@VDK@@|.?AVCUnitTaskAutomataSummonRush@GAM@VDK@@|.?AVCUnitTaskAutomataSummon@GAM@VDK@@|.?AVCUnitTaskAutomataRadiconParentActor@GAM@VDK@@|.?AVCUnitTaskAutomataRadicon@GAM@VDK@@|.?AVCUnitTaskAutomataAbstract@GAM@VDK@@
002ZGUNDM,014GABTLY,001,ExplosionSaber,EXVS2,Sticker,0x1413F2E78,465,0x1C0,8,0;2;78;79;81;84;89;91,0x14092A700,0x140DDD100,0x1406A5B30,0x1406A5170,0x1406A5980,0x1406A57D0,0x14094E4D0,0x140F46350,0x140F42A70,0x140E28260,.?AVCUnitTaskAutomata_002ZGUNDM_014GABTLY_001_ExplosionSaber@EXVS2@@|.?AVCUnitTaskAutomataSticker@GAM@VDK@@|.?AVCUnitTaskAutomataRadiconParentActor@GAM@VDK@@|.?AVCUnitTaskAutomataRadicon@GAM@VDK@@|.?AVCUnitTaskAutomataAbstract@GAM@VDK@@|.?AVCUnitTaskActorProjectileAbstract@GAM@VDK@@|.?AVCUnitTaskActorAbstract@GAM@VDK@@|.?AVCUnitTaskBattleAbstract@GAM@VDK@@
002ZGUNDM,018DIJEH0,001,BeamRifleThrow,EXVS2,ThrowStopRotateOnStick,0x1413F34E0,465,0x1E0,10,0;22;76;78;79;81;84;87;88;91,0x14092A3E0,0x1406A5BA0,0x1406A5B30,0x1406A5170,0x1406A5980,0x1406A57D0,0x14094E970,0x140F42EF0,0x140F42D40,0x140F42DA0,.?AVCUnitTaskAutomata_002ZGUNDM_018DIJEH0_001_BeamRifleThrow@EXVS2@@|.?AVCUnitTaskAutomataThrowStopRotateOnStick@GAM@VDK@@|.?AVCUnitTaskAutomataThrow@GAM@VDK@@|.?AVCUnitTaskAutomataRadiconParentActor@GAM@VDK@@|.?AVCUnitTaskAutomataRadicon@GAM@VDK@@|.?AVCUnitTaskAutomataAbstract@GAM@VDK@@|.?AVCUnitTaskActorProjectileAbstract@GAM@VDK@@|.?AVCUnitTaskActorAbstract@GAM@VDK@@
002ZGUNDM,018DIJEH0,001,Dodai,EXVS2,Throw,0x1413F3808,465,0x1C0,10,0;2;22;76;78;79;81;84;87;88,0x14092A3E0,0x140F76310,0x1406A5B30,0x1406A5170,0x1406A5980,0x1406A57D0,0x14094E8C0,0x140F42FF0,0x140F42FA0,0x140DDCAC0,.?AVCUnitTaskAutomata_002ZGUNDM_018DIJEH0_001_Dodai@EXVS2@@|.?AVCUnitTaskAutomataThrow@GAM@VDK@@|.?AVCUnitTaskAutomataRadiconParentActor@GAM@VDK@@|.?AVCUnitTaskAutomataRadicon@GAM@VDK@@|.?AVCUnitTaskAutomataAbstract@GAM@VDK@@|.?AVCUnitTaskActorProjectileAbstract@GAM@VDK@@|.?AVCUnitTaskActorAbstract@GAM@VDK@@|.?AVCUnitTaskBattleAbstract@GAM@VDK@@
003ZZGNDM,002QUBMK2,001,AssistBawoo,EXVS2,SummonDefence,0x1413F4E20,465,0x290,19,0;2;12;18;21;30;42;46;72;73;78;79;80;81;84;86;87;88;90,0x14092A700,0x140DE1070,0x140F435C0,0x1406A5170,0x1406A5980,0x1406A57D0,0x14094E520,0x140F43610,0x140F43560,0x140E184F0,.?AVCUnitTaskAutomata_003ZZGNDM_002QUBMK2_001_AssistBawoo@EXVS2@@|.?AVCUnitTaskAutomataSummonDefence@GAM@VDK@@|.?AVCUnitTaskAutomataSummon@GAM@VDK@@|.?AVCUnitTaskAutomataRadiconParentActor@GAM@VDK@@|.?AVCUnitTaskAutomataRadicon@GAM@VDK@@|.?AVCUnitTaskAutomataAbstract@GAM@VDK@@|.?AVCUnitTaskActorProjectileAbstract@GAM@VDK@@|.?AVCUnitTaskActorAbstract@GAM@VDK@@
003ZZGNDM,002QUBMK2,001,AssistBawooTokimatoiShot,EXVS2,SummonTukimatoi,0x1413F5478,465,0x2A0,18,0;2;18;21;30;42;46;72;73;78;79;80;81;84;86;87;88;90,0x14092A700,0x140DE1070,0x1406A5B30,0x1406A5170,0x1406A5980,0x1406A57D0,0x14094E7B0,0x140F43930,0x140F437E0,0x140DE1820,.?AVCUnitTaskAutomata_003ZZGNDM_002QUBMK2_001_AssistBawooTokimatoiShot@EXVS2@@|.?AVCUnitTaskAutomataSummonTukimatoi@GAM@VDK@@|.?AVCUnitTaskAutomataSummon@GAM@VDK@@|.?AVCUnitTaskAutomataRadiconParentActor@GAM@VDK@@|.?AVCUnitTaskAutomataRadicon@GAM@VDK@@|.?AVCUnitTaskAutomataAbstract@GAM@VDK@@|.?AVCUnitTaskActorProjectileAbstract@GAM@VDK@@|.?AVCUnitTaskActorAbstract@GAM@VDK@@
003ZZGNDM,002QUBMK2,001,FunnelControl,EXVS2,FunnelMawarikomi,0x1413F4180,977,0x210,10,0;2;28;43;69;78;79;81;84;87,0x140929E00,0x140F75740,0x1406A5B30,0x14094F070,0x1406A5980,0x1406A57D0,0x14094E050,0x140E3EBE0,0x140F43200,0x140DDCDC0,.?AVCUnitTaskAutomata_003ZZGNDM_002QUBMK2_001_FunnelControl@EXVS2@@|.?AVCUnitTaskAutomataFunnelMawarikomi@GAM@VDK@@|.?AVCUnitTaskAutomataFunnelFly@GAM@VDK@@|.?AVCUnitTaskAutomataFunnel@GAM@VDK@@|.?AVCUnitTaskAutomataRadiconParentActor@GAM@VDK@@|.?AVCUnitTaskAutomataRadicon@GAM@VDK@@|.?AVCUnitTaskAutomataAbstract@GAM@VDK@@|.?AVCUnitTaskActorProjectileAbstract@GAM@VDK@@
003ZZGNDM,002QUBMK2,001,FunnelFly,EXVS2,FunnelMawarikomi,0x1413F3B30,977,0x210,10,0;2;28;43;69;78;79;81;84;87,0x14092A700,0x140F75740,0x1406A5B30,0x14094F070,0x1406A5980,0x1406A57D0,0x14094E050,0x140F43100,0x140F43020,0x140DDCDC0,.?AVCUnitTaskAutomata_003ZZGNDM_002QUBMK2_001_FunnelFly@EXVS2@@|.?AVCUnitTaskAutomata_003ZZGNDM_002QUBMK2_001_FunnelPutAbstract@EXVS2@@|.?AVCUnitTaskAutomataFunnelMawarikomi@GAM@VDK@@|.?AVCUnitTaskAutomataFunnelFly@GAM@VDK@@|.?AVCUnitTaskAutomataFunnel@GAM@VDK@@|.?AVCUnitTaskAutomataRadiconParentActor@GAM@VDK@@|.?AVCUnitTaskAutomataRadicon@GAM@VDK@@|.?AVCUnitTaskAutomataAbstract@GAM@VDK@@
003ZZGNDM,002QUBMK2,001,FunnelFlyShot,EXVS2,FunnelFlyScatter,0x1413F57A8,977,0x210,10,0;2;28;43;69;78;79;81;84;87,0x14092A700,0x140F75740,0x1406A5B30,0x14094F070,0x1406A5980,0x1406A57D0,0x14094E050,0x140E3F190,0x140F43990,0x140DDCDC0,.?AVCUnitTaskAutomata_003ZZGNDM_002QUBMK2_001_FunnelFlyShot@EXVS2@@|.?AVCUnitTaskAutomataFunnelFlyScatter@GAM@VDK@@|.?AVCUnitTaskAutomataFunnelMawarikomi@GAM@VDK@@|.?AVCUnitTaskAutomataFunnelFly@GAM@VDK@@|.?AVCUnitTaskAutomataFunnel@GAM@VDK@@|.?AVCUnitTaskAutomataRadiconParentActor@GAM@VDK@@|.?AVCUnitTaskAutomataRadicon@GAM@VDK@@|.?AVCUnitTaskAutomataAbstract@GAM@VDK@@
003ZZGNDM,002QUBMK2,001,FunnelShot,EXVS2,FunnelMawarikomi,0x1413F3E58,977,0x210,10,0;2;28;43;69;78;79;81;84;87,0x14092A700,0x140F75740,0x1406A5B30,0x14094F070,0x1406A5980,0x1406A57D0,0x14094E050,0x140F431E0,0x140F43130,0x140DDCDC0,.?AVCUnitTaskAutomata_003ZZGNDM_002QUBMK2_001_FunnelShot@EXVS2@@|.?AVCUnitTaskAutomata_003ZZGNDM_002QUBMK2_001_FunnelPutAbstract@EXVS2@@|.?AVCUnitTaskAutomataFunnelMawarikomi@GAM@VDK@@|.?AVCUnitTaskAutomataFunnelFly@GAM@VDK@@|.?AVCUnitTaskAutomataFunnel@GAM@VDK@@|.?AVCUnitTaskAutomataRadiconParentActor@GAM@VDK@@|.?AVCUnitTaskAutomataRadicon@GAM@VDK@@|.?AVCUnitTaskAutomataAbstract@GAM@VDK@@
003ZZGNDM,002QUBMK2,001,FunnelYokoretsuDynamic,EXVS2,FunnelShotStayShift,0x1413F44A8,977,0x210,10,0;2;28;43;78;79;81;84;87;88,0x14092A3E0,0x140F75740,0x1406A5B30,0x14094F070,0x1406A5980,0x1406A57D0,0x14094E2A0,0x140F433A0,0x140F432B0,0x140F43380,.?AVCUnitTaskAutomata_003ZZGNDM_002QUBMK2_001_FunnelYokoretsuDynamic@EXVS2@@|.?AVCUnitTaskAutomataFunnelShotStayShift@GAM@VDK@@|.?AVCUnitTaskAutomataFunnelShiftPos@GAM@VDK@@|.?AVCUnitTaskAutomataFunnel@GAM@VDK@@|.?AVCUnitTaskAutomataRadiconParentActor@GAM@VDK@@|.?AVCUnitTaskAutomataRadicon@GAM@VDK@@|.?AVCUnitTaskAutomataAbstract@GAM@VDK@@|.?AVCUnitTaskActorProjectileAbstract@GAM@VDK@@
003ZZGNDM,002QUBMK2,001,HissatsuAutoFunnel,EXVS2,FunnelSwarm,0x1413F5150,977,0x230,11,0;2;28;43;69;78;79;81;84;87;88,0x140929E00,0x140F75740,0x1406A5B30,0x14094F070,0x1406A5980,0x1406A57D0,0x14094E2F0,0x140F434F0,0x140F43670,0x140DDCDC0,.?AVCUnitTaskAutomata_003ZZGNDM_002QUBMK2_001_HissatsuAutoFunnel@EXVS2@@|.?AVCUnitTaskAutomataFunnelSwarm@GAM@VDK@@|.?AVCUnitTaskAutomataFunnelMawarikomi@GAM@VDK@@|.?AVCUnitTaskAutomataFunnelFly@GAM@VDK@@|.?AVCUnitTaskAutomataFunnel@GAM@VDK@@|.?AVCUnitTaskAutomataRadiconParentActor@GAM@VDK@@|.?AVCUnitTaskAutomataRadicon@GAM@VDK@@|.?AVCUnitTaskAutomataAbstract@GAM@VDK@@
003ZZGNDM,002QUBMK2,001,HissatsuFunnel,EXVS2,FunnelSwarm,0x1413F4AF8,977,0x230,11,0;2;28;43;69;78;79;81;84;87;88,0x140929E00,0x140F75740,0x1406A5B30,0x14094F070,0x1406A5980,0x1406A57D0,0x14094E2F0,0x140F434F0,0x140F433F0,0x140DDCDC0,.?AVCUnitTaskAutomata_003ZZGNDM_002QUBMK2_001_HissatsuFunnel@EXVS2@@|.?AVCUnitTaskAutomataFunnelSwarm@GAM@VDK@@|.?AVCUnitTaskAutomataFunnelMawarikomi@GAM@VDK@@|.?AVCUnitTaskAutomataFunnelFly@GAM@VDK@@|.?AVCUnitTaskAutomataFunnel@GAM@VDK@@|.?AVCUnitTaskAutomataRadiconParentActor@GAM@VDK@@|.?AVCUnitTaskAutomataRadicon@GAM@VDK@@|.?AVCUnitTaskAutomataAbstract@GAM@VDK@@
003ZZGNDM,002QUBMK2,001,ResidingObjectQubeleyFunnel,EXVS2,Resident,0x1413F5AD0,465,0x1C0,6,0;2;78;79;81;84,0x14092A700,0x140F43A50,0x1406A5B30,0x1406A5170,0x1406A5980,0x1406A57D0,0x14094EEB0,0x140E3F100,0x140F439F0,0x140E28260,.?AVCUnitTaskAutomata_003ZZGNDM_002QUBMK2_001_ResidingObjectQubeleyFunnel@EXVS2@@|.?AVCUnitTaskAutomataResident@GAM@VDK@@|.?AVCUnitTaskAutomataRadiconParentActor@GAM@VDK@@|.?AVCUnitTaskAutomataRadicon@GAM@VDK@@|.?AVCUnitTaskAutomataAbstract@GAM@VDK@@|.?AVCUnitTaskActorProjectileAbstract@GAM@VDK@@|.?AVCUnitTaskActorAbstract@GAM@VDK@@|.?AVCUnitTaskBattleAbstract@GAM@VDK@@
003ZZGNDM,003QUBELY,001,AssistHammahamma,EXVS2,SummonDefence,0x1413F7410,465,0x290,20,0;2;12;18;21;30;42;46;71;72;73;78;79;80;81;84;86;87;88;90,0x14092A700,0x140DE1070,0x140F435C0,0x1406A5170,0x1406A5980,0x1406A57D0,0x14094E520,0x140F44160,0x140F44060,0x140E184F0,.?AVCUnitTaskAutomata_003ZZGNDM_003QUBELY_001_AssistHammahamma@EXVS2@@|.?AVCUnitTaskAutomataSummonDefence@GAM@VDK@@|.?AVCUnitTaskAutomataSummon@GAM@VDK@@|.?AVCUnitTaskAutomataRadiconParentActor@GAM@VDK@@|.?AVCUnitTaskAutomataRadicon@GAM@VDK@@|.?AVCUnitTaskAutomataAbstract@GAM@VDK@@|.?AVCUnitTaskActorProjectileAbstract@GAM@VDK@@|.?AVCUnitTaskActorAbstract@GAM@VDK@@
003ZZGNDM,003QUBELY,001,AssistRjarja,EXVS2,SummonTukimatoi,0x1413F7740,465,0x2A0,18,0;2;18;21;30;42;46;72;73;78;79;80;81;84;87;88;90;91,0x14092A700,0x140F76670,0x1406A5B30,0x1406A5170,0x1406A5980,0x1406A57D0,0x14094E7B0,0x140F442B0,0x140F441C0,0x140F44220,.?AVCUnitTaskAutomata_003ZZGNDM_003QUBELY_001_AssistRjarja@EXVS2@@|.?AVCUnitTaskAutomataSummonTukimatoi@GAM@VDK@@|.?AVCUnitTaskAutomataSummon@GAM@VDK@@|.?AVCUnitTaskAutomataRadiconParentActor@GAM@VDK@@|.?AVCUnitTaskAutomataRadicon@GAM@VDK@@|.?AVCUnitTaskAutomataAbstract@GAM@VDK@@|.?AVCUnitTaskActorProjectileAbstract@GAM@VDK@@|.?AVCUnitTaskActorAbstract@GAM@VDK@@
003ZZGNDM,003QUBELY,001,FunnelFly,EXVS2,FunnelMawarikomi,0x1413F5DF8,977,0x210,10,0;2;28;43;69;78;79;81;84;87,0x14092A700,0x140F75740,0x1406A5B30,0x14094F070,0x1406A5980,0x1406A57D0,0x14094E050,0x140F43BB0,0x140F43AC0,0x140DDCDC0,.?AVCUnitTaskAutomata_003ZZGNDM_003QUBELY_001_FunnelFly@EXVS2@@|.?AVCUnitTaskAutomata_003ZZGNDM_003QUBELY_001_FunnelPutAbstract@EXVS2@@|.?AVCUnitTaskAutomataFunnelMawarikomi@GAM@VDK@@|.?AVCUnitTaskAutomataFunnelFly@GAM@VDK@@|.?AVCUnitTaskAutomataFunnel@GAM@VDK@@|.?AVCUnitTaskAutomataRadiconParentActor@GAM@VDK@@|.?AVCUnitTaskAutomataRadicon@GAM@VDK@@|.?AVCUnitTaskAutomataAbstract@GAM@VDK@@
003ZZGNDM,003QUBELY,001,FunnelLaser,EXVS2,FunnelShotStayShift,0x1413F70E8,977,0x210,9,0;2;28;43;78;79;81;84;87,0x14092A3E0,0x140F75740,0x1406A5B30,0x14094F070,0x1406A5980,0x1406A57D0,0x14094E2A0,0x140F44040,0x140F43FB0,0x140F95870,.?AVCUnitTaskAutomata_003ZZGNDM_003QUBELY_001_FunnelLaser@EXVS2@@|.?AVCUnitTaskAutomataFunnelShotStayShift@GAM@VDK@@|.?AVCUnitTaskAutomataFunnelShiftPos@GAM@VDK@@|.?AVCUnitTaskAutomataFunnel@GAM@VDK@@|.?AVCUnitTaskAutomataRadiconParentActor@GAM@VDK@@|.?AVCUnitTaskAutomataRadicon@GAM@VDK@@|.?AVCUnitTaskAutomataAbstract@GAM@VDK@@|.?AVCUnitTaskActorProjectileAbstract@GAM@VDK@@
003ZZGNDM,003QUBELY,001,FunnelNet,EXVS2,FunnelShotStayShift,0x1413F6DC0,977,0x210,9,0;2;28;43;78;79;81;84;87,0x14092A3E0,0x140F75740,0x1406A5B30,0x14094F070,0x1406A5980,0x1406A57D0,0x14094E2A0,0x140F44040,0x140F43F20,0x140F95870,.?AVCUnitTaskAutomata_003ZZGNDM_003QUBELY_001_FunnelNet@EXVS2@@|.?AVCUnitTaskAutomataFunnelShotStayShift@GAM@VDK@@|.?AVCUnitTaskAutomataFunnelShiftPos@GAM@VDK@@|.?AVCUnitTaskAutomataFunnel@GAM@VDK@@|.?AVCUnitTaskAutomataRadiconParentActor@GAM@VDK@@|.?AVCUnitTaskAutomataRadicon@GAM@VDK@@|.?AVCUnitTaskAutomataAbstract@GAM@VDK@@|.?AVCUnitTaskActorProjectileAbstract@GAM@VDK@@
003ZZGNDM,003QUBELY,001,FunnelPodlaunch,EXVS2,FunnelMawarikomi,0x1413F6770,977,0x210,10,0;2;28;43;69;78;79;81;84;87,0x14092A700,0x140E06020,0x1406A5B30,0x14094F070,0x1406A5980,0x1406A57D0,0x14094E050,0x140F43E00,0x140F43D40,0x140DDCDC0,.?AVCUnitTaskAutomata_003ZZGNDM_003QUBELY_001_FunnelPodlaunch@EXVS2@@|.?AVCUnitTaskAutomataFunnelMawarikomi@GAM@VDK@@|.?AVCUnitTaskAutomataFunnelFly@GAM@VDK@@|.?AVCUnitTaskAutomataFunnel@GAM@VDK@@|.?AVCUnitTaskAutomataRadiconParentActor@GAM@VDK@@|.?AVCUnitTaskAutomataRadicon@GAM@VDK@@|.?AVCUnitTaskAutomataAbstract@GAM@VDK@@|.?AVCUnitTaskActorProjectileAbstract@GAM@VDK@@
003ZZGNDM,003QUBELY,001,FunnelStay,EXVS2,FunnelMawarikomi,0x1413F6120,977,0x210,10,0;2;28;43;69;78;79;81;84;87,0x14092A700,0x140F75740,0x1406A5B30,0x14094F070,0x1406A5980,0x1406A57D0,0x14094E050,0x140F43C70,0x140F43BC0,0x140DDCDC0,.?AVCUnitTaskAutomata_003ZZGNDM_003QUBELY_001_FunnelStay@EXVS2@@|.?AVCUnitTaskAutomata_003ZZGNDM_003QUBELY_001_FunnelPutAbstract@EXVS2@@|.?AVCUnitTaskAutomataFunnelMawarikomi@GAM@VDK@@|.?AVCUnitTaskAutomataFunnelFly@GAM@VDK@@|.?AVCUnitTaskAutomataFunnel@GAM@VDK@@|.?AVCUnitTaskAutomataRadiconParentActor@GAM@VDK@@|.?AVCUnitTaskAutomataRadicon@GAM@VDK@@|.?AVCUnitTaskAutomataAbstract@GAM@VDK@@
003ZZGNDM,003QUBELY,001,HissatsuFunnel,EXVS2,FunnelSwarm,0x1413F6A98,977,0x230,10,0;2;28;43;69;78;79;81;84;87,0x140929E00,0x140F75740,0x1406A5B30,0x14094F070,0x1406A5980,0x1406A57D0,0x14094E2F0,0x140F43EE0,0x140F43E30,0x140DDCDC0,.?AVCUnitTaskAutomata_003ZZGNDM_003QUBELY_001_HissatsuFunnel@EXVS2@@|.?AVCUnitTaskAutomataFunnelSwarm@GAM@VDK@@|.?AVCUnitTaskAutomataFunnelMawarikomi@GAM@VDK@@|.?AVCUnitTaskAutomataFunnelFly@GAM@VDK@@|.?AVCUnitTaskAutomataFunnel@GAM@VDK@@|.?AVCUnitTaskAutomataRadiconParentActor@GAM@VDK@@|.?AVCUnitTaskAutomataRadicon@GAM@VDK@@|.?AVCUnitTaskAutomataAbstract@GAM@VDK@@
003ZZGNDM,003QUBELY,001,ResidingObjectQubeleyFunnel,EXVS2,Resident,0x1413F6448,465,0x1C0,6,0;2;78;79;81;84,0x14092A700,0x140F43CF0,0x1406A5B30,0x1406A5170,0x1406A5980,0x1406A57D0,0x14094EEB0,0x140E3F100,0x140F43C90,0x140E28260,.?AVCUnitTaskAutomata_003ZZGNDM_003QUBELY_001_ResidingObjectQubeleyFunnel@EXVS2@@|.?AVCUnitTaskAutomataResident@GAM@VDK@@|.?AVCUnitTaskAutomataRadiconParentActor@GAM@VDK@@|.?AVCUnitTaskAutomataRadicon@GAM@VDK@@|.?AVCUnitTaskAutomataAbstract@GAM@VDK@@|.?AVCUnitTaskActorProjectileAbstract@GAM@VDK@@|.?AVCUnitTaskActorAbstract@GAM@VDK@@|.?AVCUnitTaskBattleAbstract@GAM@VDK@@
003ZZGNDM,003QUBELY,001,Winlose,EXVS2,PutObj,0x1413F7A70,465,0x1D0,8,0;2;78;79;80;81;84;88,0x14092A040,0x140F543E0,0x1406A5B30,0x1406A5170,0x1406A5980,0x1406A57D0,0x14094E380,0x140F44400,0x140F44300,0x140E28260,.?AVCUnitTaskAutomata_003ZZGNDM_003QUBELY_001_Winlose@EXVS2@@|.?AVCUnitTaskAutomataPutObj@GAM@VDK@@|.?AVCUnitTaskAutomataRadiconParentActor@GAM@VDK@@|.?AVCUnitTaskAutomataRadicon@GAM@VDK@@|.?AVCUnitTaskAutomataAbstract@GAM@VDK@@|.?AVCUnitTaskActorProjectileAbstract@GAM@VDK@@|.?AVCUnitTaskActorAbstract@GAM@VDK@@|.?AVCUnitTaskBattleAbstract@GAM@VDK@@
003ZZGNDM,004ZAK3CM,001,HydePump,EXVS2,Throw,0x1413F7D98,465,0x1C0,9,0;22;76;78;79;81;84;87;88,0x14092A3E0,0x1406A5BA0,0x1406A5B30,0x1406A5170,0x1406A5980,0x1406A57D0,0x14094E8C0,0x140F444F0,0x140F444A0,0x140DDCAC0,.?AVCUnitTaskAutomata_003ZZGNDM_004ZAK3CM_001_HydePump@EXVS2@@|.?AVCUnitTaskAutomataThrow@GAM@VDK@@|.?AVCUnitTaskAutomataRadiconParentActor@GAM@VDK@@|.?AVCUnitTaskAutomataRadicon@GAM@VDK@@|.?AVCUnitTaskAutomataAbstract@GAM@VDK@@|.?AVCUnitTaskActorProjectileAbstract@GAM@VDK@@|.?AVCUnitTaskActorAbstract@GAM@VDK@@|.?AVCUnitTaskBattleAbstract@GAM@VDK@@
003ZZGNDM,005ACGYHM,001,AssistAcgAir,EXVS2,SummonRush,0x1413F93C8,465,0x2C0,18,0;2;18;21;30;42;46;72;73;76;78;79;80;81;84;87;88;90,0x14092A700,0x140DE1070,0x1406A5B30,0x1406A5170,0x1406A5980,0x1406A57D0,0x14094E5B0,0x140F3D5A0,0x140F45030,0x140F450D0,.?AVCUnitTaskAutomata_003ZZGNDM_005ACGYHM_001_AssistAcgAir@EXVS2@@|.?AVCUnitTaskAutomataSummonRush@GAM@VDK@@|.?AVCUnitTaskAutomataSummon@GAM@VDK@@|.?AVCUnitTaskAutomataRadiconParentActor@GAM@VDK@@|.?AVCUnitTaskAutomataRadicon@GAM@VDK@@|.?AVCUnitTaskAutomataAbstract@GAM@VDK@@|.?AVCUnitTaskActorProjectileAbstract@GAM@VDK@@|.?AVCUnitTaskActorAbstract@GAM@VDK@@
003ZZGNDM,005ACGYHM,001,AssistAcgGround,EXVS2,Summon,0x1413F96F8,465,0x290,17,0;2;18;21;30;42;46;72;73;78;79;80;81;84;87;88;90,0x14092A700,0x140F451D0,0x1406A5B30,0x1406A5170,0x1406A5980,0x1406A57D0,0x14094E520,0x140F45280,0x140F45180,0x140F3D500,.?AVCUnitTaskAutomata_003ZZGNDM_005ACGYHM_001_AssistAcgGround@EXVS2@@|.?AVCUnitTaskAutomataSummon@GAM@VDK@@|.?AVCUnitTaskAutomataRadiconParentActor@GAM@VDK@@|.?AVCUnitTaskAutomataRadicon@GAM@VDK@@|.?AVCUnitTaskAutomataAbstract@GAM@VDK@@|.?AVCUnitTaskActorProjectileAbstract@GAM@VDK@@|.?AVCUnitTaskActorAbstract@GAM@VDK@@|.?AVCUnitTaskBattleAbstract@GAM@VDK@@
003ZZGNDM,005ACGYHM,001,AssistAgguyGround,EXVS2,SummonRushGround,0x1413F9A28,465,0x2E0,17,0;2;18;21;30;42;46;72;73;78;79;80;81;84;87;88;90,0x14092A700,0x140F3D1A0,0x1406A5B30,0x1406A5170,0x1406A5980,0x1406A57D0,0x14094E670,0x140F455D0,0x140F452B0,0x140F454F0,.?AVCUnitTaskAutomata_003ZZGNDM_005ACGYHM_001_AssistAgguyGround@EXVS2@@|.?AVCUnitTaskAutomataSummonRushGround@GAM@VDK@@|.?AVCUnitTaskAutomataSummonRush@GAM@VDK@@|.?AVCUnitTaskAutomataSummon@GAM@VDK@@|.?AVCUnitTaskAutomataRadiconParentActor@GAM@VDK@@|.?AVCUnitTaskAutomataRadicon@GAM@VDK@@|.?AVCUnitTaskAutomataAbstract@GAM@VDK@@|.?AVCUnitTaskActorProjectileAbstract@GAM@VDK@@
003ZZGNDM,005ACGYHM,001,AssistJuagg,EXVS2,SummonRushShot,0x1413F9D58,465,0x2F0,20,0;2;12;18;21;30;42;46;69;72;73;78;79;80;81;84;86;87;88;90,0x14092A310,0x140DE1070,0x140F3CE50,0x1406A5170,0x1406A5980,0x1406A57D0,0x14094E6F0,0x140F3CF20,0x140F45690,0x140F3CEF0,.?AVCUnitTaskAutomata_003ZZGNDM_005ACGYHM_001_AssistJuagg@EXVS2@@|.?AVCUnitTaskAutomataSummonRushShot@GAM@VDK@@|.?AVCUnitTaskAutomataSummonRush@GAM@VDK@@|.?AVCUnitTaskAutomataSummon@GAM@VDK@@|.?AVCUnitTaskAutomataRadiconParentActor@GAM@VDK@@|.?AVCUnitTaskAutomataRadicon@GAM@VDK@@|.?AVCUnitTaskAutomataAbstract@GAM@VDK@@|.?AVCUnitTaskActorProjectileAbstract@GAM@VDK@@
003ZZGNDM,006ZGNDRU,001,ShotWireAnchor,EXVS2,AnchorReturn,0x1413FA088,465,0x1F0,13,0;2;11;12;18;23;73;76;78;79;81;84;89,0x14092A100,0x140DE0460,0x140DE01B0,0x1406A5170,0x1406A5980,0x1406A57D0,0x14094DCE0,0x140F458E0,0x140F45780,0x140F40ED0,.?AVCUnitTaskAutomata_003ZZGNDM_006ZGNDRU_001_ShotWireAnchor@EXVS2@@|.?AVCUnitTaskAutomataAnchorReturn@GAM@VDK@@|.?AVCUnitTaskAutomataAnchor@GAM@VDK@@|.?AVCUnitTaskAutomataRadiconParentActor@GAM@VDK@@|.?AVCUnitTaskAutomataRadicon@GAM@VDK@@|.?AVCUnitTaskAutomataAbstract@GAM@VDK@@|.?AVCUnitTaskActorProjectileAbstract@GAM@VDK@@|.?AVCUnitTaskActorAbstract@GAM@VDK@@
003ZZGNDM,012ZZNRML,001,AssistCoreBase,EXVS2,SummonTukimatoiAndActionSimple,0x1413F9098,465,0x2D0,17,0;2;18;21;30;42;46;72;73;78;79;80;81;84;87;88;90,0x14092A700,0x140F76670,0x1406A5B30,0x1406A5170,0x1406A5980,0x1406A57D0,0x14094E840,0x140F44FE0,0x140F44F50,0x140F44FB0,.?AVCUnitTaskAutomata_003ZZGNDM_012ZZNRML_001_AssistCoreBase@EXVS2@@|.?AVCUnitTaskAutomataSummonTukimatoiAndActionSimple@GAM@VDK@@|.?AVCUnitTaskAutomataSummonTukimatoiAndAction@GAM@VDK@@|.?AVCUnitTaskAutomataSummonTukimatoi@GAM@VDK@@|.?AVCUnitTaskAutomataSummon@GAM@VDK@@|.?AVCUnitTaskAutomataRadiconParentActor@GAM@VDK@@|.?AVCUnitTaskAutomataRadicon@GAM@VDK@@|.?AVCUnitTaskAutomataAbstract@GAM@VDK@@
003ZZGNDM,012ZZNRML,001,AssistCoreTop,EXVS2,SummonTukimatoiAndActionSimple,0x1413F8D68,465,0x2D0,17,0;2;18;21;30;42;46;72;73;78;79;80;81;84;87;88;90,0x14092A700,0x140F76670,0x1406A5B30,0x1406A5170,0x1406A5980,0x1406A57D0,0x14094E840,0x140F44F00,0x140F44EA0,0x140F44FB0,.?AVCUnitTaskAutomata_003ZZGNDM_012ZZNRML_001_AssistCoreTop@EXVS2@@|.?AVCUnitTaskAutomataSummonTukimatoiAndActionSimple@GAM@VDK@@|.?AVCUnitTaskAutomataSummonTukimatoiAndAction@GAM@VDK@@|.?AVCUnitTaskAutomataSummonTukimatoi@GAM@VDK@@|.?AVCUnitTaskAutomataSummon@GAM@VDK@@|.?AVCUnitTaskAutomataRadiconParentActor@GAM@VDK@@|.?AVCUnitTaskAutomataRadicon@GAM@VDK@@|.?AVCUnitTaskAutomataAbstract@GAM@VDK@@
003ZZGNDM,012ZZNRML,001,AssistNeoCoreFighter,EXVS2,SummonTukimatoiAndActionSimple,0x1413F8A38,465,0x2D0,17,0;2;18;21;30;42;46;72;73;78;79;80;81;84;87;88;90,0x14092A700,0x140F76670,0x1406A5B30,0x1406A5170,0x1406A5980,0x1406A57D0,0x14094E840,0x140F44E50,0x140F44DF0,0x140F44FB0,.?AVCUnitTaskAutomata_003ZZGNDM_012ZZNRML_001_AssistNeoCoreFighter@EXVS2@@|.?AVCUnitTaskAutomataSummonTukimatoiAndActionSimple@GAM@VDK@@|.?AVCUnitTaskAutomataSummonTukimatoiAndAction@GAM@VDK@@|.?AVCUnitTaskAutomataSummonTukimatoi@GAM@VDK@@|.?AVCUnitTaskAutomataSummon@GAM@VDK@@|.?AVCUnitTaskAutomataRadiconParentActor@GAM@VDK@@|.?AVCUnitTaskAutomataRadicon@GAM@VDK@@|.?AVCUnitTaskAutomataAbstract@GAM@VDK@@
003ZZGNDM,012ZZNRML,001,BunriBottom,EXVS2,Attach,0x1413F80C0,465,0x220,10,0;2;78;79;81;84;88;89;90;91,0x14092A3E0,0x140F44660,0x1406A5B30,0x1406A5170,0x1406A5980,0x1406A57D0,0x14094DD20,0x140F44840,0x140F44520,0x140DE1E80,.?AVCUnitTaskAutomata_003ZZGNDM_012ZZNRML_001_BunriBottom@EXVS2@@|.?AVCUnitTaskAutomataAttach@GAM@VDK@@|.?AVCUnitTaskAutomataAttachAbstract@GAM@VDK@@|.?AVCUnitTaskAutomataRadiconParentActor@GAM@VDK@@|.?AVCUnitTaskAutomataRadicon@GAM@VDK@@|.?AVCUnitTaskAutomataAbstract@GAM@VDK@@|.?AVCUnitTaskActorProjectileAbstract@GAM@VDK@@|.?AVCUnitTaskActorAbstract@GAM@VDK@@
003ZZGNDM,012ZZNRML,001,HissatsuParts_Bottom,EXVS2,Attach,0x1413F8710,465,0x230,10,0;2;78;79;81;84;88;89;90;91,0x14092A3E0,0x140F44660,0x1406A5B30,0x1406A5170,0x1406A5980,0x1406A57D0,0x14094EA40,0x140F44C10,0x140F44A10,0x140F62E20,.?AVCUnitTaskAutomata_003ZZGNDM_012ZZNRML_001_HissatsuParts_Bottom@EXVS2@@|.?AVCUnitTaskAutomata_003ZZGNDM_012ZZNRML_001_HissatsuPartsAbstract@EXVS2@@|.?AVCUnitTaskAutomataAttach@GAM@VDK@@|.?AVCUnitTaskAutomataAttachAbstract@GAM@VDK@@|.?AVCUnitTaskAutomataRadiconParentActor@GAM@VDK@@|.?AVCUnitTaskAutomataRadicon@GAM@VDK@@|.?AVCUnitTaskAutomataAbstract@GAM@VDK@@|.?AVCUnitTaskActorProjectileAbstract@GAM@VDK@@
003ZZGNDM,012ZZNRML,001,HissatsuParts_Top,EXVS2,Attach,0x1413F83E8,465,0x230,9,0;2;78;79;81;84;89;90;91,0x14092A3E0,0x140F44660,0x1406A5B30,0x1406A5170,0x1406A5980,0x1406A57D0,0x14094EA40,0x140F44D00,0x140F44A10,0x140F62E20,.?AVCUnitTaskAutomata_003ZZGNDM_012ZZNRML_001_HissatsuParts_Top@EXVS2@@|.?AVCUnitTaskAutomata_003ZZGNDM_012ZZNRML_001_HissatsuPartsAbstract@EXVS2@@|.?AVCUnitTaskAutomataAttach@GAM@VDK@@|.?AVCUnitTaskAutomataAttachAbstract@GAM@VDK@@|.?AVCUnitTaskAutomataRadiconParentActor@GAM@VDK@@|.?AVCUnitTaskAutomataRadicon@GAM@VDK@@|.?AVCUnitTaskAutomataAbstract@GAM@VDK@@|.?AVCUnitTaskActorProjectileAbstract@GAM@VDK@@
003ZZGNDM,013QUB2BL,001,DodaiAttack,EXVS2,Throw,0x1413FA3B0,465,0x1C0,9,0;22;76;78;79;81;84;87;88,0x14092A3E0,0x1406A5BA0,0x1406A5B30,0x1406A5170,0x1406A5980,0x1406A57D0,0x14094E8C0,0x140F45990,0x140DDC8E0,0x140DDCAC0,.?AVCUnitTaskAutomata_003ZZGNDM_013QUB2BL_001_DodaiAttack@EXVS2@@|.?AVCUnitTaskAutomataThrow@GAM@VDK@@|.?AVCUnitTaskAutomataRadiconParentActor@GAM@VDK@@|.?AVCUnitTaskAutomataRadicon@GAM@VDK@@|.?AVCUnitTaskAutomataAbstract@GAM@VDK@@|.?AVCUnitTaskActorProjectileAbstract@GAM@VDK@@|.?AVCUnitTaskActorAbstract@GAM@VDK@@|.?AVCUnitTaskBattleAbstract@GAM@VDK@@
003ZZGNDM,013QUB2BL,001,FunnelFlyShot,EXVS2,FunnelMawarikomi,0x1413FB9C8,977,0x210,10,0;2;28;43;69;78;79;81;84;87,0x14092A700,0x140F75740,0x1406A5B30,0x14094F070,0x1406A5980,0x1406A57D0,0x14094E050,0x140F45E10,0x140F45DC0,0x140DDCDC0,.?AVCUnitTaskAutomata_003ZZGNDM_013QUB2BL_001_FunnelFlyShot@EXVS2@@|.?AVCUnitTaskAutomataFunnelMawarikomi@GAM@VDK@@|.?AVCUnitTaskAutomataFunnelFly@GAM@VDK@@|.?AVCUnitTaskAutomataFunnel@GAM@VDK@@|.?AVCUnitTaskAutomataRadiconParentActor@GAM@VDK@@|.?AVCUnitTaskAutomataRadicon@GAM@VDK@@|.?AVCUnitTaskAutomataAbstract@GAM@VDK@@|.?AVCUnitTaskActorProjectileAbstract@GAM@VDK@@
003ZZGNDM,013QUB2BL,001,FunnelFlyShotUnizon,EXVS2,FunnelMawarikomiMultipleShot,0x1413FBCF0,977,0x220,10,0;2;28;43;69;78;79;81;84;87,0x14092A100,0x140F75740,0x1406A5B30,0x14094F070,0x1406A5980,0x1406A57D0,0x14094E9E0,0x140F45E90,0x140F45E40,0x140DDCDC0,.?AVCUnitTaskAutomata_003ZZGNDM_013QUB2BL_001_FunnelFlyShotUnizon@EXVS2@@|.?AVCUnitTaskAutomataFunnelMawarikomiMultipleShot@GAM@VDK@@|.?AVCUnitTaskAutomataFunnelMawarikomi@GAM@VDK@@|.?AVCUnitTaskAutomataFunnelFly@GAM@VDK@@|.?AVCUnitTaskAutomataFunnel@GAM@VDK@@|.?AVCUnitTaskAutomataRadiconParentActor@GAM@VDK@@|.?AVCUnitTaskAutomataRadicon@GAM@VDK@@|.?AVCUnitTaskAutomataAbstract@GAM@VDK@@
003ZZGNDM,013QUB2BL,001,FunnelShot,EXVS2,FunnelShotStayShift,0x1413FA6D8,977,0x210,9,0;2;28;43;78;79;81;84;87,0x14092A3E0,0x140F75740,0x1406A5B30,0x14094F070,0x1406A5980,0x1406A57D0,0x14094E2A0,0x140F45A30,0x140F459C0,0x140DDCDC0,.?AVCUnitTaskAutomata_003ZZGNDM_013QUB2BL_001_FunnelShot@EXVS2@@|.?AVCUnitTaskAutomataFunnelShotStayShift@GAM@VDK@@|.?AVCUnitTaskAutomataFunnelShiftPos@GAM@VDK@@|.?AVCUnitTaskAutomataFunnel@GAM@VDK@@|.?AVCUnitTaskAutomataRadiconParentActor@GAM@VDK@@|.?AVCUnitTaskAutomataRadicon@GAM@VDK@@|.?AVCUnitTaskAutomataAbstract@GAM@VDK@@|.?AVCUnitTaskActorProjectileAbstract@GAM@VDK@@
003ZZGNDM,013QUB2BL,001,FunnelShotDoubleMove,EXVS2,FunnelShiftPos,0x1413FAA00,977,0x200,9,0;2;28;43;78;79;81;84;87,0x14092A3E0,0x140F75740,0x1406A5B30,0x14094F070,0x1406A5980,0x1406A57D0,0x14094E010,0x140F45B40,0x140F45A60,0x140DDCDC0,.?AVCUnitTaskAutomata_003ZZGNDM_013QUB2BL_001_FunnelShotDoubleMove@EXVS2@@|.?AVCUnitTaskAutomataFunnelShiftPos@GAM@VDK@@|.?AVCUnitTaskAutomataFunnel@GAM@VDK@@|.?AVCUnitTaskAutomataRadiconParentActor@GAM@VDK@@|.?AVCUnitTaskAutomataRadicon@GAM@VDK@@|.?AVCUnitTaskAutomataAbstract@GAM@VDK@@|.?AVCUnitTaskActorProjectileAbstract@GAM@VDK@@|.?AVCUnitTaskActorAbstract@GAM@VDK@@
003ZZGNDM,013QUB2BL,001,FunnelShotDoubleStay,EXVS2,FunnelShiftPos,0x1413FAD28,977,0x200,9,0;2;28;43;78;79;81;84;87,0x14092A3E0,0x140F75740,0x1406A5B30,0x14094F070,0x1406A5980,0x1406A57D0,0x14094E010,0x140F45B40,0x140F45AD0,0x140DDCDC0,.?AVCUnitTaskAutomata_003ZZGNDM_013QUB2BL_001_FunnelShotDoubleStay@EXVS2@@|.?AVCUnitTaskAutomataFunnelShiftPos@GAM@VDK@@|.?AVCUnitTaskAutomataFunnel@GAM@VDK@@|.?AVCUnitTaskAutomataRadiconParentActor@GAM@VDK@@|.?AVCUnitTaskAutomataRadicon@GAM@VDK@@|.?AVCUnitTaskAutomataAbstract@GAM@VDK@@|.?AVCUnitTaskActorProjectileAbstract@GAM@VDK@@|.?AVCUnitTaskActorAbstract@GAM@VDK@@
003ZZGNDM,013QUB2BL,001,FunnelShotUnizonHissatsu,EXVS2,FunnelShiftPos,0x1413FB050,977,0x200,9,0;2;28;43;78;79;81;84;87,0x14092A3E0,0x140F75740,0x1406A5B30,0x14094F070,0x1406A5980,0x1406A57D0,0x14094E010,0x140F45BF0,0x140F45B80,0x140DDCDC0,.?AVCUnitTaskAutomata_003ZZGNDM_013QUB2BL_001_FunnelShotUnizonHissatsu@EXVS2@@|.?AVCUnitTaskAutomataFunnelShiftPos@GAM@VDK@@|.?AVCUnitTaskAutomataFunnel@GAM@VDK@@|.?AVCUnitTaskAutomataRadiconParentActor@GAM@VDK@@|.?AVCUnitTaskAutomataRadicon@GAM@VDK@@|.?AVCUnitTaskAutomataAbstract@GAM@VDK@@|.?AVCUnitTaskActorProjectileAbstract@GAM@VDK@@|.?AVCUnitTaskActorAbstract@GAM@VDK@@
003ZZGNDM,013QUB2BL,001,FunnelShotUnizonNormal,EXVS2,FunnelShiftPos,0x1413FB378,977,0x200,9,0;2;28;43;78;79;81;84;87,0x14092A3E0,0x140F75740,0x1406A5B30,0x14094F070,0x1406A5980,0x1406A57D0,0x14094E010,0x140F45B40,0x140F45C30,0x140DDCDC0,.?AVCUnitTaskAutomata_003ZZGNDM_013QUB2BL_001_FunnelShotUnizonNormal@EXVS2@@|.?AVCUnitTaskAutomataFunnelShiftPos@GAM@VDK@@|.?AVCUnitTaskAutomataFunnel@GAM@VDK@@|.?AVCUnitTaskAutomataRadiconParentActor@GAM@VDK@@|.?AVCUnitTaskAutomataRadicon@GAM@VDK@@|.?AVCUnitTaskAutomataAbstract@GAM@VDK@@|.?AVCUnitTaskActorProjectileAbstract@GAM@VDK@@|.?AVCUnitTaskActorAbstract@GAM@VDK@@
003ZZGNDM,013QUB2BL,001,WinloseFunnel,EXVS2,FunnelTukimatoi_ShotOrder,0x1413FB6A0,977,0x230,9,0;2;28;43;69;78;79;81;84,0x14092A700,0x140F75740,0x1406A5B30,0x14094F070,0x1406A5980,0x1406A57D0,0x14094E170,0x140F45D90,0x140F45CA0,0x140F45D60,.?AVCUnitTaskAutomata_003ZZGNDM_013QUB2BL_001_WinloseFunnel@EXVS2@@|.?AVCUnitTaskAutomataFunnelTukimatoi_ShotOrder@GAM@VDK@@|.?AVCUnitTaskAutomataFunnelMawarikomi_ShotOrder@GAM@VDK@@|.?AVCUnitTaskAutomataFunnelShotImmediate@GAM@VDK@@|.?AVCUnitTaskAutomataFunnelMawarikomi@GAM@VDK@@|.?AVCUnitTaskAutomataFunnelFly@GAM@VDK@@|.?AVCUnitTaskAutomataFunnel@GAM@VDK@@|.?AVCUnitTaskAutomataRadiconParentActor@GAM@VDK@@
003ZZGNDM,015DVNWLF,001,BeamHandFlySworldSticker,EXVS2,FunnelFlySword,0x1413FC018,977,0x220,15,0;2;28;43;52;69;73;76;78;79;81;84;87;88;91,0x14092A700,0x140F75740,0x1406A5B30,0x14094F070,0x1406A5980,0x1406A57D0,0x14094E100,0x140F461C0,0x140F45ED0,0x140F46150,.?AVCUnitTaskAutomata_003ZZGNDM_015DVNWLF_001_BeamHandFlySworldSticker@EXVS2@@|.?AVCUnitTaskAutomataFunnelFlySword@GAM@VDK@@|.?AVCUnitTaskAutomataFunnelMawarikomi@GAM@VDK@@|.?AVCUnitTaskAutomataFunnelFly@GAM@VDK@@|.?AVCUnitTaskAutomataFunnel@GAM@VDK@@|.?AVCUnitTaskAutomataRadiconParentActor@GAM@VDK@@|.?AVCUnitTaskAutomataRadicon@GAM@VDK@@|.?AVCUnitTaskAutomataAbstract@GAM@VDK@@
003ZZGNDM,015DVNWLF,001,ExplosionSaber,EXVS2,Sticker,0x1413FC348,465,0x1C0,8,0;2;78;79;81;84;89;91,0x14092A700,0x140DDD100,0x1406A5B30,0x1406A5170,0x1406A5980,0x1406A57D0,0x14094E4D0,0x140F46350,0x140F46260,0x140E28260,.?AVCUnitTaskAutomata_003ZZGNDM_015DVNWLF_001_ExplosionSaber@EXVS2@@|.?AVCUnitTaskAutomataSticker@GAM@VDK@@|.?AVCUnitTaskAutomataRadiconParentActor@GAM@VDK@@|.?AVCUnitTaskAutomataRadicon@GAM@VDK@@|.?AVCUnitTaskAutomataAbstract@GAM@VDK@@|.?AVCUnitTaskActorProjectileAbstract@GAM@VDK@@|.?AVCUnitTaskActorAbstract@GAM@VDK@@|.?AVCUnitTaskBattleAbstract@GAM@VDK@@
003ZZGNDM,015DVNWLF,001,HissatsuSpaceWolfCorps,EXVS2,SummonRushShot,0x1413FC680,465,0x2F0,19,0;2;12;18;21;30;42;46;69;72;73;78;79;80;81;84;87;88;90,0x14092A310,0x140DE1070,0x140DE1770,0x1406A5170,0x1406A5980,0x1406A57D0,0x14094E6F0,0x140F467A0,0x140F46370,0x140DE1820,.?AVCUnitTaskAutomata_003ZZGNDM_015DVNWLF_001_HissatsuSpaceWolfCorps@EXVS2@@|.?AVCUnitTaskAutomataSummonRushShot@GAM@VDK@@|.?AVCUnitTaskAutomataSummonRush@GAM@VDK@@|.?AVCUnitTaskAutomataSummon@GAM@VDK@@|.?AVCUnitTaskAutomataRadiconParentActor@GAM@VDK@@|.?AVCUnitTaskAutomataRadicon@GAM@VDK@@|.?AVCUnitTaskAutomataAbstract@GAM@VDK@@|.?AVCUnitTaskActorProjectileAbstract@GAM@VDK@@
003ZZGNDM,015DVNWLF,001,IncomFly,EXVS2,FunnelMawarikomi,0x1413FCCE8,977,0x210,13,0;2;18;28;43;59;69;78;79;81;84;87;89,0x14092A100,0x140E06020,0x1406A5B30,0x14094F070,0x1406A5980,0x1406A57D0,0x14094E050,0x140F46E10,0x140F46CD0,0x140DDCDC0,.?AVCUnitTaskAutomata_003ZZGNDM_015DVNWLF_001_IncomFly@EXVS2@@|.?AVCUnitTaskAutomataFunnelMawarikomi@GAM@VDK@@|.?AVCUnitTaskAutomataFunnelFly@GAM@VDK@@|.?AVCUnitTaskAutomataFunnel@GAM@VDK@@|.?AVCUnitTaskAutomataRadiconParentActor@GAM@VDK@@|.?AVCUnitTaskAutomataRadicon@GAM@VDK@@|.?AVCUnitTaskAutomataAbstract@GAM@VDK@@|.?AVCUnitTaskActorProjectileAbstract@GAM@VDK@@
003ZZGNDM,015DVNWLF,001,IncomRelay,EXVS2,Relay,0x1413FD020,465,0x1B0,7,0;2;18;59;79;81;84,0x14092A3E0,0x140F76310,0x1406A5B30,0x1406A5170,0x1406A5980,0x1406A57D0,0x1406A50D0,0x140F46FA0,0x140F46F30,0x140F67C90,.?AVCUnitTaskAutomata_003ZZGNDM_015DVNWLF_001_IncomRelay@EXVS2@@|.?AVCUnitTaskAutomataRelay@GAM@VDK@@|.?AVCUnitTaskAutomataRadiconParentActor@GAM@VDK@@|.?AVCUnitTaskAutomataRadicon@GAM@VDK@@|.?AVCUnitTaskAutomataAbstract@GAM@VDK@@|.?AVCUnitTaskActorProjectileAbstract@GAM@VDK@@|.?AVCUnitTaskActorAbstract@GAM@VDK@@|.?AVCUnitTaskBattleAbstract@GAM@VDK@@
003ZZGNDM,015DVNWLF,001,SwDvnWlfWire,EXVS2,Throw,0x1413FC9B0,465,0x1C0,11,0;12;22;76;78;79;81;84;87;88;91,0x14092A700,0x1406A5BA0,0x140F469F0,0x1406A5170,0x1406A5980,0x1406A57D0,0x14094E8C0,0x140F46BF0,0x140F469A0,0x140DDF870,.?AVCUnitTaskAutomata_003ZZGNDM_015DVNWLF_001_SwDvnWlfWire@EXVS2@@|.?AVCUnitTaskAutomataThrow@GAM@VDK@@|.?AVCUnitTaskAutomataRadiconParentActor@GAM@VDK@@|.?AVCUnitTaskAutomataRadicon@GAM@VDK@@|.?AVCUnitTaskAutomataAbstract@GAM@VDK@@|.?AVCUnitTaskActorProjectileAbstract@GAM@VDK@@|.?AVCUnitTaskActorAbstract@GAM@VDK@@|.?AVCUnitTaskBattleAbstract@GAM@VDK@@
003ZZGNDM,015DVNWLF,001,WireExplosion,EXVS2,Sticker,0x1413FD350,465,0x1C0,7,0;2;78;79;81;84;91,0x14092A700,0x140DDD100,0x1406A5B30,0x1406A5170,0x1406A5980,0x1406A57D0,0x14094E4D0,0x140E23F90,0x140F47000,0x140F47080,.?AVCUnitTaskAutomata_003ZZGNDM_015DVNWLF_001_WireExplosion@EXVS2@@|.?AVCUnitTaskAutomataSticker@GAM@VDK@@|.?AVCUnitTaskAutomataRadiconParentActor@GAM@VDK@@|.?AVCUnitTaskAutomataRadicon@GAM@VDK@@|.?AVCUnitTaskAutomataAbstract@GAM@VDK@@|.?AVCUnitTaskActorProjectileAbstract@GAM@VDK@@|.?AVCUnitTaskActorAbstract@GAM@VDK@@|.?AVCUnitTaskBattleAbstract@GAM@VDK@@
004GUNF91,001GUNF91,001,ThrowShield,EXVS2,Throw,0x1413FD688,465,0x1C0,11,0;22;76;78;79;81;84;86;87;88;89,0x14092A3E0,0x1406A5BA0,0x1406A5B30,0x1406A5170,0x1406A5980,0x1406A57D0,0x14094E8C0,0x140F47270,0x140DDC8E0,0x140F7FD90,.?AVCUnitTaskAutomata_004GUNF91_001GUNF91_001_ThrowShield@EXVS2@@|.?AVCUnitTaskAutomataThrow@GAM@VDK@@|.?AVCUnitTaskAutomataRadiconParentActor@GAM@VDK@@|.?AVCUnitTaskAutomataRadicon@GAM@VDK@@|.?AVCUnitTaskAutomataAbstract@GAM@VDK@@|.?AVCUnitTaskActorProjectileAbstract@GAM@VDK@@|.?AVCUnitTaskActorAbstract@GAM@VDK@@|.?AVCUnitTaskBattleAbstract@GAM@VDK@@
004GUNF91,002BRGGRS,001,Bagu,EXVS2,SummonRush,0x1413FE988,465,0x2C0,20,0;2;18;21;30;42;46;71;72;73;78;79;80;81;83;84;87;88;89;90,0x14092A700,0x140F76670,0x1406A5B30,0x1406A5170,0x1406A5980,0x1406A57D0,0x14094E5B0,0x140F47AE0,0x140F47830,0x140F47980,.?AVCUnitTaskAutomata_004GUNF91_002BRGGRS_001_Bagu@EXVS2@@|.?AVCUnitTaskAutomataSummonRush@GAM@VDK@@|.?AVCUnitTaskAutomataSummon@GAM@VDK@@|.?AVCUnitTaskAutomataRadiconParentActor@GAM@VDK@@|.?AVCUnitTaskAutomataRadicon@GAM@VDK@@|.?AVCUnitTaskAutomataAbstract@GAM@VDK@@|.?AVCUnitTaskActorProjectileAbstract@GAM@VDK@@|.?AVCUnitTaskActorAbstract@GAM@VDK@@
004GUNF91,002BRGGRS,001,DenanzonHissatsu,EXVS2,SummonRush,0x1413FE328,465,0x2C0,19,0;2;18;21;30;42;46;72;73;76;78;79;80;81;83;84;87;88;90,0x14092A100,0x140DE1070,0x1406A5B30,0x1406A5170,0x1406A5980,0x1406A57D0,0x14094E5B0,0x140F47640,0x140F47510,0x140F475F0,.?AVCUnitTaskAutomata_004GUNF91_002BRGGRS_001_DenanzonHissatsu@EXVS2@@|.?AVCUnitTaskAutomataSummonRush@GAM@VDK@@|.?AVCUnitTaskAutomataSummon@GAM@VDK@@|.?AVCUnitTaskAutomataRadiconParentActor@GAM@VDK@@|.?AVCUnitTaskAutomataRadicon@GAM@VDK@@|.?AVCUnitTaskAutomataAbstract@GAM@VDK@@|.?AVCUnitTaskActorProjectileAbstract@GAM@VDK@@|.?AVCUnitTaskActorAbstract@GAM@VDK@@
004GUNF91,002BRGGRS,001,DenanzonMachinegun,EXVS2,SummonRushShot,0x1413FECB8,465,0x2F0,20,0;2;12;18;21;30;42;46;69;72;73;78;79;80;81;83;84;87;88;90,0x14092A310,0x140F76670,0x140DE1770,0x1406A5170,0x1406A5980,0x1406A57D0,0x14094E6F0,0x140F47B80,0x140F47B20,0x140DE1820,.?AVCUnitTaskAutomata_004GUNF91_002BRGGRS_001_DenanzonMachinegun@EXVS2@@|.?AVCUnitTaskAutomataSummonRushShot@GAM@VDK@@|.?AVCUnitTaskAutomataSummonRush@GAM@VDK@@|.?AVCUnitTaskAutomataSummon@GAM@VDK@@|.?AVCUnitTaskAutomataRadiconParentActor@GAM@VDK@@|.?AVCUnitTaskAutomataRadicon@GAM@VDK@@|.?AVCUnitTaskAutomataAbstract@GAM@VDK@@|.?AVCUnitTaskActorProjectileAbstract@GAM@VDK@@
004GUNF91,002BRGGRS,001,DenanzonShot,EXVS2,SummonRushShot,0x1413FE658,465,0x2F0,20,0;2;12;18;21;30;42;46;69;72;73;78;79;80;81;83;84;87;88;90,0x14092A310,0x140F76670,0x140DE1770,0x1406A5170,0x1406A5980,0x1406A57D0,0x14094E6F0,0x140F477A0,0x140F476B0,0x140DE1820,.?AVCUnitTaskAutomata_004GUNF91_002BRGGRS_001_DenanzonShot@EXVS2@@|.?AVCUnitTaskAutomataSummonRushShot@GAM@VDK@@|.?AVCUnitTaskAutomataSummonRush@GAM@VDK@@|.?AVCUnitTaskAutomataSummon@GAM@VDK@@|.?AVCUnitTaskAutomataRadiconParentActor@GAM@VDK@@|.?AVCUnitTaskAutomataRadicon@GAM@VDK@@|.?AVCUnitTaskAutomataAbstract@GAM@VDK@@|.?AVCUnitTaskActorProjectileAbstract@GAM@VDK@@
004GUNF91,002BRGGRS,001,Shelfnozzle,EXVS2,ThrowMortar,0x1413FDCD8,465,0x1C0,10,0;22;76;78;79;81;82;84;87;88,0x14092A3E0,0x1406A5BA0,0x1406A5B30,0x1406A5170,0x1406A5980,0x1406A57D0,0x14094E8C0,0x140F47410,0x140F473C0,0x140DDCAC0,.?AVCUnitTaskAutomata_004GUNF91_002BRGGRS_001_Shelfnozzle@EXVS2@@|.?AVCUnitTaskAutomataThrowMortar@GAM@VDK@@|.?AVCUnitTaskAutomataThrow@GAM@VDK@@|.?AVCUnitTaskAutomataRadiconParentActor@GAM@VDK@@|.?AVCUnitTaskAutomataRadicon@GAM@VDK@@|.?AVCUnitTaskAutomataAbstract@GAM@VDK@@|.?AVCUnitTaskActorProjectileAbstract@GAM@VDK@@|.?AVCUnitTaskActorAbstract@GAM@VDK@@
004GUNF91,002BRGGRS,001,ShelfnozzleStraight,EXVS2,Throw,0x1413FE000,465,0x1C0,9,0;22;76;78;79;81;84;87;88,0x14092A3E0,0x1406A5BA0,0x1406A5B30,0x1406A5170,0x1406A5980,0x1406A57D0,0x14094E8C0,0x140F474E0,0x140F47440,0x140DDCAC0,.?AVCUnitTaskAutomata_004GUNF91_002BRGGRS_001_ShelfnozzleStraight@EXVS2@@|.?AVCUnitTaskAutomataThrow@GAM@VDK@@|.?AVCUnitTaskAutomataRadiconParentActor@GAM@VDK@@|.?AVCUnitTaskAutomataRadicon@GAM@VDK@@|.?AVCUnitTaskAutomataAbstract@GAM@VDK@@|.?AVCUnitTaskActorProjectileAbstract@GAM@VDK@@|.?AVCUnitTaskActorAbstract@GAM@VDK@@|.?AVCUnitTaskBattleAbstract@GAM@VDK@@
004GUNF91,002BRGGRS,001,Shotlancer,EXVS2,ThrowStopRotateOnStick,0x1413FD9B0,465,0x1E0,11,0;22;76;78;79;81;84;87;88;89;91,0x14092A3E0,0x1406A5BA0,0x1406A5B30,0x1406A5170,0x1406A5980,0x1406A57D0,0x14094E970,0x140F47390,0x140F472B0,0x140DDCAC0,.?AVCUnitTaskAutomata_004GUNF91_002BRGGRS_001_Shotlancer@EXVS2@@|.?AVCUnitTaskAutomataThrowStopRotateOnStick@GAM@VDK@@|.?AVCUnitTaskAutomataThrow@GAM@VDK@@|.?AVCUnitTaskAutomataRadiconParentActor@GAM@VDK@@|.?AVCUnitTaskAutomataRadicon@GAM@VDK@@|.?AVCUnitTaskAutomataAbstract@GAM@VDK@@|.?AVCUnitTaskActorProjectileAbstract@GAM@VDK@@|.?AVCUnitTaskActorAbstract@GAM@VDK@@
005VGUNDM,001V2GNDM,001,MgShield,EXVS2,RadiconParentActor,0x1413FEFE8,465,0x1B0,9,0;2;79;81;84;86;87;88;89,0x14092A3E0,0x140F76310,0x1406A5B30,0x1406A5170,0x1406A5980,0x1406A57D0,0x1406A50D0,0x140F47EF0,0x140F47C00,0x140F47E30,.?AVCUnitTaskAutomata_005VGUNDM_001V2GNDM_001_MgShield@EXVS2@@|.?AVCUnitTaskAutomataRadiconParentActor@GAM@VDK@@|.?AVCUnitTaskAutomataRadicon@GAM@VDK@@|.?AVCUnitTaskAutomataAbstract@GAM@VDK@@|.?AVCUnitTaskActorProjectileAbstract@GAM@VDK@@|.?AVCUnitTaskActorAbstract@GAM@VDK@@|.?AVCUnitTaskBattleAbstract@GAM@VDK@@|.?AVCUnitTaskAbstract@FWK@VDK@@
005VGUNDM,001V2GNDM,001,ThrowKirai,EXVS2,Throw,0x1413FF310,465,0x1C0,10,0;22;76;78;79;81;84;86;87;88,0x14092A3E0,0x1406A5BA0,0x1406A5B30,0x1406A5170,0x1406A5980,0x1406A57D0,0x14094E8C0,0x140F47FB0,0x140DDC8E0,0x140F7FD90,.?AVCUnitTaskAutomata_005VGUNDM_001V2GNDM_001_ThrowKirai@EXVS2@@|.?AVCUnitTaskAutomataThrow@GAM@VDK@@|.?AVCUnitTaskAutomataRadiconParentActor@GAM@VDK@@|.?AVCUnitTaskAutomataRadicon@GAM@VDK@@|.?AVCUnitTaskAutomataAbstract@GAM@VDK@@|.?AVCUnitTaskActorProjectileAbstract@GAM@VDK@@|.?AVCUnitTaskActorAbstract@GAM@VDK@@|.?AVCUnitTaskBattleAbstract@GAM@VDK@@
005VGUNDM,002GUNEZ0,001,AssistGunezMatedefence,EXVS2,SummonDefenceFormationFriend,0x1413FF9A0,465,0x290,23,0;2;11;18;21;30;42;46;69;72;73;78;79;80;81;82;83;84;86;87;88;89;90,0x140929E40,0x140F48180,0x1406A5B30,0x1406A5170,0x1406A5980,0x1406A57D0,0x14094E520,0x140F482C0,0x140F48090,0x140DE24B0,.?AVCUnitTaskAutomata_005VGUNDM_002GUNEZ0_001_AssistGunezMatedefence@EXVS2@@|.?AVCUnitTaskAutomataSummonDefenceFormationFriend@GAM@VDK@@|.?AVCUnitTaskAutomataSummonDefenceFormation@GAM@VDK@@|.?AVCUnitTaskAutomataSummon@GAM@VDK@@|.?AVCUnitTaskAutomataRadiconParentActor@GAM@VDK@@|.?AVCUnitTaskAutomataRadicon@GAM@VDK@@|.?AVCUnitTaskAutomataAbstract@GAM@VDK@@|.?AVCUnitTaskActorProjectileAbstract@GAM@VDK@@
005VGUNDM,002GUNEZ0,001,AssistGunezRush,EXVS2,SummonRush,0x141641970,465,0x2C0,21,0;2;12;18;21;30;42;46;69;71;72;73;78;79;80;81;83;84;87;88;90,0x140F48310,0x140DE1070,0x140F483D0,0x1406A5170,0x1406A5980,0x1406A57D0,0x14094E5B0,0x140F484B0,0x140F48350,0x140F48930,.?AVCUnitTaskAutomata_005VGUNDM_002GUNEZ0_001_AssistGunezRush@EXVS2@@|.?AVCUnitTaskAutomataSummonRush@GAM@VDK@@|.?AVCUnitTaskAutomataSummon@GAM@VDK@@|.?AVCUnitTaskAutomataRadiconParentActor@GAM@VDK@@|.?AVCUnitTaskAutomataRadicon@GAM@VDK@@|.?AVCUnitTaskAutomataAbstract@GAM@VDK@@|.?AVCUnitTaskActorProjectileAbstract@GAM@VDK@@|.?AVCUnitTaskActorAbstract@GAM@VDK@@
005VGUNDM,002GUNEZ0,001,AssistGunezSelfdefence,EXVS2,SummonDefenceFormation,0x1413FF638,465,0x290,24,0;2;11;18;21;30;42;46;69;71;72;73;78;79;80;81;82;83;84;86;87;88;89;90,0x140929EA0,0x140DE1070,0x1406A5B30,0x1406A5170,0x1406A5980,0x1406A57D0,0x14094E520,0x140F48080,0x140F47FE0,0x140DE24B0,.?AVCUnitTaskAutomata_005VGUNDM_002GUNEZ0_001_AssistGunezSelfdefence@EXVS2@@|.?AVCUnitTaskAutomataSummonDefenceFormation@GAM@VDK@@|.?AVCUnitTaskAutomataSummon@GAM@VDK@@|.?AVCUnitTaskAutomataRadiconParentActor@GAM@VDK@@|.?AVCUnitTaskAutomataRadicon@GAM@VDK@@|.?AVCUnitTaskAutomataAbstract@GAM@VDK@@|.?AVCUnitTaskActorProjectileAbstract@GAM@VDK@@|.?AVCUnitTaskActorAbstract@GAM@VDK@@
005VGUNDM,002GUNEZ0,001,AssistGunezShot,EXVS2,SummonRushShot,0x141641DC0,465,0x2F0,19,0;2;12;18;21;30;42;46;69;72;73;78;79;80;81;84;87;88;90,0x140F48570,0x140DE1070,0x140DE1770,0x1406A5170,0x1406A5980,0x1406A57D0,0x14094E6F0,0x140DE1460,0x140DE1710,0x140F486D0,.?AVCUnitTaskAutomata_005VGUNDM_002GUNEZ0_001_AssistGunezShot@EXVS2@@|.?AVCUnitTaskAutomataSummonRushShot@GAM@VDK@@|.?AVCUnitTaskAutomataSummonRush@GAM@VDK@@|.?AVCUnitTaskAutomataSummon@GAM@VDK@@|.?AVCUnitTaskAutomataRadiconParentActor@GAM@VDK@@|.?AVCUnitTaskAutomataRadicon@GAM@VDK@@|.?AVCUnitTaskAutomataAbstract@GAM@VDK@@|.?AVCUnitTaskActorProjectileAbstract@GAM@VDK@@
005VGUNDM,002GUNEZ0,001,AssistGunezShotMissile,EXVS2,SummonRushShot,0x141400038,465,0x2F0,19,0;2;12;18;21;30;42;46;69;72;73;78;79;80;81;84;87;88;90,0x140929F00,0x140DE1070,0x140DE1770,0x1406A5170,0x1406A5980,0x1406A57D0,0x14094E6F0,0x140F48700,0x140F485D0,0x140F486D0,.?AVCUnitTaskAutomata_005VGUNDM_002GUNEZ0_001_AssistGunezShotMissile@EXVS2@@|.?AVCUnitTaskAutomata_005VGUNDM_002GUNEZ0_001_AssistGunezShot@EXVS2@@|.?AVCUnitTaskAutomataSummonRushShot@GAM@VDK@@|.?AVCUnitTaskAutomataSummonRush@GAM@VDK@@|.?AVCUnitTaskAutomataSummon@GAM@VDK@@|.?AVCUnitTaskAutomataRadiconParentActor@GAM@VDK@@|.?AVCUnitTaskAutomataRadicon@GAM@VDK@@|.?AVCUnitTaskAutomataAbstract@GAM@VDK@@
005VGUNDM,002GUNEZ0,001,AssistGunezShotRifle,EXVS2,SummonRushShot,0x1413FFD08,465,0x2F0,20,0;2;12;18;21;30;42;46;69;72;73;78;79;80;81;83;84;87;88;90,0x140929F40,0x140DE1070,0x140DE1770,0x1406A5170,0x1406A5980,0x1406A57D0,0x14094E6F0,0x140F48730,0x140F48630,0x140F486D0,.?AVCUnitTaskAutomata_005VGUNDM_002GUNEZ0_001_AssistGunezShotRifle@EXVS2@@|.?AVCUnitTaskAutomata_005VGUNDM_002GUNEZ0_001_AssistGunezShot@EXVS2@@|.?AVCUnitTaskAutomataSummonRushShot@GAM@VDK@@|.?AVCUnitTaskAutomataSummonRush@GAM@VDK@@|.?AVCUnitTaskAutomataSummon@GAM@VDK@@|.?AVCUnitTaskAutomataRadiconParentActor@GAM@VDK@@|.?AVCUnitTaskAutomataRadicon@GAM@VDK@@|.?AVCUnitTaskAutomataAbstract@GAM@VDK@@
005VGUNDM,002GUNEZ0,001,AssistHexaShot,EXVS2,SummonTukimatoiAndActionSimple,0x1414009C8,465,0x2D0,17,0;2;18;21;30;42;46;72;73;78;79;80;81;84;87;88;90,0x14092A700,0x140DE1070,0x1406A5B30,0x1406A5170,0x1406A5980,0x1406A57D0,0x14094E840,0x140F48BC0,0x140F48B60,0x140DE1820,.?AVCUnitTaskAutomata_005VGUNDM_002GUNEZ0_001_AssistHexaShot@EXVS2@@|.?AVCUnitTaskAutomataSummonTukimatoiAndActionSimple@GAM@VDK@@|.?AVCUnitTaskAutomataSummonTukimatoiAndAction@GAM@VDK@@|.?AVCUnitTaskAutomataSummonTukimatoi@GAM@VDK@@|.?AVCUnitTaskAutomataSummon@GAM@VDK@@|.?AVCUnitTaskAutomataRadiconParentActor@GAM@VDK@@|.?AVCUnitTaskAutomataRadicon@GAM@VDK@@|.?AVCUnitTaskAutomataAbstract@GAM@VDK@@
005VGUNDM,002GUNEZ0,001,AssistSpGrap,EXVS2,SummonRush,0x141400698,465,0x2C0,18,0;2;18;21;30;42;46;72;73;78;79;80;81;83;84;87;88;90,0x14092A700,0x140DE1070,0x1406A5B30,0x1406A5170,0x1406A5980,0x1406A57D0,0x14094E5B0,0x140F48B00,0x140F48890,0x140F48930,.?AVCUnitTaskAutomata_005VGUNDM_002GUNEZ0_001_AssistSpGrap@EXVS2@@|.?AVCUnitTaskAutomataSummonRush@GAM@VDK@@|.?AVCUnitTaskAutomataSummon@GAM@VDK@@|.?AVCUnitTaskAutomataRadiconParentActor@GAM@VDK@@|.?AVCUnitTaskAutomataRadicon@GAM@VDK@@|.?AVCUnitTaskAutomataAbstract@GAM@VDK@@|.?AVCUnitTaskActorProjectileAbstract@GAM@VDK@@|.?AVCUnitTaskActorAbstract@GAM@VDK@@
005VGUNDM,002GUNEZ0,001,AssistSpShot,EXVS2,SummonRushShot,0x141400368,465,0x2F0,20,0;2;12;18;21;30;42;46;69;72;73;78;79;80;81;83;84;87;88;90,0x14092A310,0x140DE1070,0x140DE1770,0x1406A5170,0x1406A5980,0x1406A57D0,0x14094E6F0,0x140F48830,0x140F48760,0x140F48930,.?AVCUnitTaskAutomata_005VGUNDM_002GUNEZ0_001_AssistSpShot@EXVS2@@|.?AVCUnitTaskAutomataSummonRushShot@GAM@VDK@@|.?AVCUnitTaskAutomataSummonRush@GAM@VDK@@|.?AVCUnitTaskAutomataSummon@GAM@VDK@@|.?AVCUnitTaskAutomataRadiconParentActor@GAM@VDK@@|.?AVCUnitTaskAutomataRadicon@GAM@VDK@@|.?AVCUnitTaskAutomataAbstract@GAM@VDK@@|.?AVCUnitTaskActorProjectileAbstract@GAM@VDK@@
005VGUNDM,003GOTRTN,001,ConnectLazer,EXVS2,StickerConnectLazer,0x141401020,465,0x1C0,12,0;2;12;18;29;59;68;78;79;81;84;91,0x140929F80,0x140DE2C70,0x140DE2C30,0x1406A5170,0x1406A5980,0x1406A57D0,0x14094E4D0,0x140F48D20,0x140DE28C0,0x140E28260,.?AVCUnitTaskAutomata_005VGUNDM_003GOTRTN_001_ConnectLazer@EXVS2@@|.?AVCUnitTaskAutomataStickerConnectLazer@GAM@VDK@@|.?AVCUnitTaskAutomataSticker@GAM@VDK@@|.?AVCUnitTaskAutomataRadiconParentActor@GAM@VDK@@|.?AVCUnitTaskAutomataRadicon@GAM@VDK@@|.?AVCUnitTaskAutomataAbstract@GAM@VDK@@|.?AVCUnitTaskActorProjectileAbstract@GAM@VDK@@|.?AVCUnitTaskActorAbstract@GAM@VDK@@
005VGUNDM,003GOTRTN,001,V2Shield,EXVS2,FunnelShiftPos,0x141400CF8,977,0x200,10,0;2;28;43;78;79;81;84;87;88,0x14092A3E0,0x140F48CB0,0x1406A5B30,0x14094F070,0x1406A5980,0x1406A57D0,0x14094E010,0x140F48CD0,0x140F48C10,0x140E28260,.?AVCUnitTaskAutomata_005VGUNDM_003GOTRTN_001_V2Shield@EXVS2@@|.?AVCUnitTaskAutomataFunnelShiftPos@GAM@VDK@@|.?AVCUnitTaskAutomataFunnel@GAM@VDK@@|.?AVCUnitTaskAutomataRadiconParentActor@GAM@VDK@@|.?AVCUnitTaskAutomataRadicon@GAM@VDK@@|.?AVCUnitTaskAutomataAbstract@GAM@VDK@@|.?AVCUnitTaskActorProjectileAbstract@GAM@VDK@@|.?AVCUnitTaskActorAbstract@GAM@VDK@@
005VGUNDM,004VGUNDM,001,PororiOverHangPack,EXVS2,FreeFall,0x141402990,465,0x1C0,11,0;2;22;25;49;78;79;81;84;89;90,0x14092A3E0,0x140F76310,0x1406A5B30,0x1406A5170,0x1406A5980,0x1406A57D0,0x14094DF60,0x140E09870,0x140DDC810,0x140DDC890,.?AVCUnitTaskAutomata_005VGUNDM_004VGUNDM_001_PororiOverHangPack@EXVS2@@|.?AVCUnitTaskAutomataFreeFall@GAM@VDK@@|.?AVCUnitTaskAutomataRadiconParentActor@GAM@VDK@@|.?AVCUnitTaskAutomataRadicon@GAM@VDK@@|.?AVCUnitTaskAutomataAbstract@GAM@VDK@@|.?AVCUnitTaskActorProjectileAbstract@GAM@VDK@@|.?AVCUnitTaskActorAbstract@GAM@VDK@@|.?AVCUnitTaskBattleAbstract@GAM@VDK@@
005VGUNDM,004VGUNDM,001,ShootParts,EXVS2,Throw,0x141402338,465,0x1C0,12,0;2;22;76;78;79;81;84;86;87;88;89,0x14092A3E0,0x140F49EB0,0x1406A5B30,0x1406A5170,0x1406A5980,0x1406A57D0,0x14094E8C0,0x140F4A370,0x140F49DB0,0x140DDCAC0,.?AVCUnitTaskAutomata_005VGUNDM_004VGUNDM_001_ShootParts@EXVS2@@|.?AVCUnitTaskAutomataThrow@GAM@VDK@@|.?AVCUnitTaskAutomataRadiconParentActor@GAM@VDK@@|.?AVCUnitTaskAutomataRadicon@GAM@VDK@@|.?AVCUnitTaskAutomataAbstract@GAM@VDK@@|.?AVCUnitTaskActorProjectileAbstract@GAM@VDK@@|.?AVCUnitTaskActorAbstract@GAM@VDK@@|.?AVCUnitTaskBattleAbstract@GAM@VDK@@
005VGUNDM,004VGUNDM,001,SubstituteGunEz,EXVS2,SummonDefenceFormation,0x141402CB8,465,0x290,22,0;2;11;18;21;30;42;46;69;72;73;78;79;80;81;82;84;86;87;88;89;90,0x140929EA0,0x140DE1070,0x1406A5B30,0x1406A5170,0x1406A5980,0x1406A57D0,0x14094E520,0x140F4A830,0x140F4A5C0,0x140DE24B0,.?AVCUnitTaskAutomata_005VGUNDM_004VGUNDM_001_SubstituteGunEz@EXVS2@@|.?AVCUnitTaskAutomataSummonDefenceFormation@GAM@VDK@@|.?AVCUnitTaskAutomataSummon@GAM@VDK@@|.?AVCUnitTaskAutomataRadiconParentActor@GAM@VDK@@|.?AVCUnitTaskAutomataRadicon@GAM@VDK@@|.?AVCUnitTaskAutomataAbstract@GAM@VDK@@|.?AVCUnitTaskActorProjectileAbstract@GAM@VDK@@|.?AVCUnitTaskActorAbstract@GAM@VDK@@
005VGUNDM,004VGUNDM,001,ThrowSaberRolling,EXVS2,ThrowStopRotateOnStick,0x141403020,465,0x1E0,12,0;22;59;76;78;79;81;84;87;88;89;91,0x14092A3E0,0x1406A5BA0,0x1406A5B30,0x1406A5170,0x1406A5980,0x1406A57D0,0x14094E970,0x140F4A890,0x140F393E0,0x140DDCAC0,.?AVCUnitTaskAutomata_005VGUNDM_004VGUNDM_001_ThrowSaberRolling@EXVS2@@|.?AVCUnitTaskAutomata_000COMMON_000COMMON_001_ThrowSaberRolling@EXVS2@@|.?AVCUnitTaskAutomataThrowStopRotateOnStick@GAM@VDK@@|.?AVCUnitTaskAutomataThrow@GAM@VDK@@|.?AVCUnitTaskAutomataRadiconParentActor@GAM@VDK@@|.?AVCUnitTaskAutomataRadicon@GAM@VDK@@|.?AVCUnitTaskAutomataAbstract@GAM@VDK@@|.?AVCUnitTaskActorProjectileAbstract@GAM@VDK@@
005VGUNDM,004VGUNDM,001,TukimatoiParts,EXVS2,SummonTukimatoiAndActionSimple,0x141402660,465,0x2D0,17,0;2;18;21;30;42;46;72;73;78;79;80;81;84;87;88;90,0x14092A700,0x140DE1070,0x1406A5B30,0x1406A5170,0x1406A5980,0x1406A57D0,0x14094E840,0x140F4A430,0x140F4A3D0,0x140DE1820,.?AVCUnitTaskAutomata_005VGUNDM_004VGUNDM_001_TukimatoiParts@EXVS2@@|.?AVCUnitTaskAutomataSummonTukimatoiAndActionSimple@GAM@VDK@@|.?AVCUnitTaskAutomataSummonTukimatoiAndAction@GAM@VDK@@|.?AVCUnitTaskAutomataSummonTukimatoi@GAM@VDK@@|.?AVCUnitTaskAutomataSummon@GAM@VDK@@|.?AVCUnitTaskAutomataRadiconParentActor@GAM@VDK@@|.?AVCUnitTaskAutomataRadicon@GAM@VDK@@|.?AVCUnitTaskAutomataAbstract@GAM@VDK@@
005VGUNDM,012RIGCNT,001,ShotClawFlyRush,EXVS2,FunnelFlySword,0x141401688,977,0x230,15,0;2;28;43;52;69;76;78;79;81;84;87;88;89;91,0x14092A100,0x140E06020,0x1406A5B30,0x14094F070,0x1406A5980,0x1406A57D0,0x14094EE40,0x140F49120,0x140F48FB0,0x140E37D90,.?AVCUnitTaskAutomata_005VGUNDM_012RIGCNT_001_ShotClawFlyRush@EXVS2@@|.?AVCUnitTaskAutomataFunnelFlySword@GAM@VDK@@|.?AVCUnitTaskAutomataFunnelMawarikomi@GAM@VDK@@|.?AVCUnitTaskAutomataFunnelFly@GAM@VDK@@|.?AVCUnitTaskAutomataFunnel@GAM@VDK@@|.?AVCUnitTaskAutomataRadiconParentActor@GAM@VDK@@|.?AVCUnitTaskAutomataRadicon@GAM@VDK@@|.?AVCUnitTaskAutomataAbstract@GAM@VDK@@
005VGUNDM,012RIGCNT,001,ShotClawTsukimatoiSelf,EXVS2,FunnelTukimatoi_ShotOrder,0x141401360,977,0x230,12,0;2;28;43;69;78;79;81;84;88;89;96,0x14092A700,0x140F75740,0x1406A5B30,0x14094F070,0x1406A5980,0x1406A57D0,0x14094E170,0x140F48EA0,0x140F48D50,0x140DDCDC0,.?AVCUnitTaskAutomata_005VGUNDM_012RIGCNT_001_ShotClawTsukimatoiSelf@EXVS2@@|.?AVCUnitTaskAutomataFunnelTukimatoi_ShotOrder@GAM@VDK@@|.?AVCUnitTaskAutomataFunnelMawarikomi_ShotOrder@GAM@VDK@@|.?AVCUnitTaskAutomataFunnelShotImmediate@GAM@VDK@@|.?AVCUnitTaskAutomataFunnelMawarikomi@GAM@VDK@@|.?AVCUnitTaskAutomataFunnelFly@GAM@VDK@@|.?AVCUnitTaskAutomataFunnel@GAM@VDK@@|.?AVCUnitTaskAutomataRadiconParentActor@GAM@VDK@@
005VGUNDM,012RIGCNT,001,SpShotClawRush,EXVS2,FunnelFlySwordPenetrate,0x1414019B8,977,0x220,18,0;2;28;43;52;69;71;72;76;78;79;81;84;87;88;89;91;96,0x14092A700,0x140E37A90,0x1406A5B30,0x14094F070,0x1406A5980,0x1406A57D0,0x14094E100,0x140F493A0,0x140F49270,0x140F492E0,.?AVCUnitTaskAutomata_005VGUNDM_012RIGCNT_001_SpShotClawRush@EXVS2@@|.?AVCUnitTaskAutomataFunnelFlySwordPenetrate@GAM@VDK@@|.?AVCUnitTaskAutomataFunnelFlySword@GAM@VDK@@|.?AVCUnitTaskAutomataFunnelMawarikomi@GAM@VDK@@|.?AVCUnitTaskAutomataFunnelFly@GAM@VDK@@|.?AVCUnitTaskAutomataFunnel@GAM@VDK@@|.?AVCUnitTaskAutomataRadiconParentActor@GAM@VDK@@|.?AVCUnitTaskAutomataRadicon@GAM@VDK@@
005VGUNDM,012RIGCNT,001,SpShotClawShot,EXVS2,FunnelMawarikomi,0x141401CE0,977,0x210,12,0;2;28;43;69;78;79;81;84;87;88;89,0x14092A700,0x140F49520,0x1406A5B30,0x14094F070,0x1406A5980,0x1406A57D0,0x14094E050,0x140F49550,0x140F494C0,0x140DDCDC0,.?AVCUnitTaskAutomata_005VGUNDM_012RIGCNT_001_SpShotClawShot@EXVS2@@|.?AVCUnitTaskAutomataFunnelMawarikomi@GAM@VDK@@|.?AVCUnitTaskAutomataFunnelFly@GAM@VDK@@|.?AVCUnitTaskAutomataFunnel@GAM@VDK@@|.?AVCUnitTaskAutomataRadiconParentActor@GAM@VDK@@|.?AVCUnitTaskAutomataRadicon@GAM@VDK@@|.?AVCUnitTaskAutomataAbstract@GAM@VDK@@|.?AVCUnitTaskActorProjectileAbstract@GAM@VDK@@
005VGUNDM,013GEDLAV,001,AnchorThrowTaiya,EXVS2,AnchorThrow,0x141643168,465,0x1F0,13,0;2;11;12;18;23;73;76;78;79;81;84;87,0x140F49A70,0x140DE0460,0x140DE0B10,0x1406A5170,0x1406A5980,0x1406A57D0,0x14094DCE0,0x140F49B40,0x140F49AB0,0x140F40ED0,.?AVCUnitTaskAutomata_005VGUNDM_013GEDLAV_001_AnchorThrowTaiya@EXVS2@@|.?AVCUnitTaskAutomataAnchorThrow@GAM@VDK@@|.?AVCUnitTaskAutomataAnchorReturn@GAM@VDK@@|.?AVCUnitTaskAutomataAnchor@GAM@VDK@@|.?AVCUnitTaskAutomataRadiconParentActor@GAM@VDK@@|.?AVCUnitTaskAutomataRadicon@GAM@VDK@@|.?AVCUnitTaskAutomataAbstract@GAM@VDK@@|.?AVCUnitTaskActorProjectileAbstract@GAM@VDK@@
005VGUNDM,013GEDLAV,001,TaiyaPorori,EXVS2,FreeFall,0x141402010,465,0x1C0,11,0;2;22;25;49;78;79;81;84;88;89,0x14092A3E0,0x140F76310,0x1406A5B30,0x1406A5170,0x1406A5980,0x1406A57D0,0x14094DF60,0x140DDC8C0,0x140F387C0,0x140DDC890,.?AVCUnitTaskAutomata_005VGUNDM_013GEDLAV_001_TaiyaPorori@EXVS2@@|.?AVCUnitTaskAutomata_000COMMON_000COMMON_001_FreeFall@EXVS2@@|.?AVCUnitTaskAutomataFreeFall@GAM@VDK@@|.?AVCUnitTaskAutomataRadiconParentActor@GAM@VDK@@|.?AVCUnitTaskAutomataRadicon@GAM@VDK@@|.?AVCUnitTaskAutomataAbstract@GAM@VDK@@|.?AVCUnitTaskActorProjectileAbstract@GAM@VDK@@|.?AVCUnitTaskActorAbstract@GAM@VDK@@
005VGUNDM,013GEDLAV,001,TaiyaThrow,EXVS2,Throw,0x141642D10,465,0x1C0,10,0;22;76;78;79;81;84;87;88;91,0x140F49720,0x1406A5BA0,0x1406A5B30,0x1406A5170,0x1406A5980,0x1406A57D0,0x14094E8C0,0x140F497E0,0x140F49760,0x140DDCAC0,.?AVCUnitTaskAutomata_005VGUNDM_013GEDLAV_001_TaiyaThrow@EXVS2@@|.?AVCUnitTaskAutomataThrow@GAM@VDK@@|.?AVCUnitTaskAutomataRadiconParentActor@GAM@VDK@@|.?AVCUnitTaskAutomataRadicon@GAM@VDK@@|.?AVCUnitTaskAutomataAbstract@GAM@VDK@@|.?AVCUnitTaskActorProjectileAbstract@GAM@VDK@@|.?AVCUnitTaskActorAbstract@GAM@VDK@@|.?AVCUnitTaskBattleAbstract@GAM@VDK@@
007GUNDMX,001GNDMDX,001,AssistGFalconRushShot,EXVS2,Funnel,0x141404320,977,0x200,12,0;2;28;43;72;78;79;81;83;84;87;88,0x14092A3E0,0x140F75740,0x1406A5B30,0x14094F070,0x1406A5980,0x1406A57D0,0x14094E010,0x140F4B3D0,0x140F4B160,0x140F4B380,.?AVCUnitTaskAutomata_007GUNDMX_001GNDMDX_001_AssistGFalconRushShot@EXVS2@@|.?AVCUnitTaskAutomataFunnel@GAM@VDK@@|.?AVCUnitTaskAutomataRadiconParentActor@GAM@VDK@@|.?AVCUnitTaskAutomataRadicon@GAM@VDK@@|.?AVCUnitTaskAutomataAbstract@GAM@VDK@@|.?AVCUnitTaskActorProjectileAbstract@GAM@VDK@@|.?AVCUnitTaskActorAbstract@GAM@VDK@@|.?AVCUnitTaskBattleAbstract@GAM@VDK@@
007GUNDMX,001GNDMDX,001,AssistGbit,EXVS2,SummonTukimatoiAndActionSimple,0x141403FF0,465,0x2D0,17,0;2;18;21;30;42;46;72;73;78;79;80;81;84;87;88;90,0x14092A700,0x140DE1070,0x1406A5B30,0x1406A5170,0x1406A5980,0x1406A57D0,0x14094E840,0x140F4B0E0,0x140F4B000,0x140DE1820,.?AVCUnitTaskAutomata_007GUNDMX_001GNDMDX_001_AssistGbit@EXVS2@@|.?AVCUnitTaskAutomataSummonTukimatoiAndActionSimple@GAM@VDK@@|.?AVCUnitTaskAutomataSummonTukimatoiAndAction@GAM@VDK@@|.?AVCUnitTaskAutomataSummonTukimatoi@GAM@VDK@@|.?AVCUnitTaskAutomataSummon@GAM@VDK@@|.?AVCUnitTaskAutomataRadiconParentActor@GAM@VDK@@|.?AVCUnitTaskAutomataRadicon@GAM@VDK@@|.?AVCUnitTaskAutomataAbstract@GAM@VDK@@
007GUNDMX,001GNDMDX,001,AssistGbitSatellite,EXVS2,SummonRushShot,0x141403CC0,465,0x2F0,19,0;2;12;18;21;30;42;46;69;72;73;78;79;80;81;84;87;88;90,0x14092A310,0x140DE1070,0x140DE1770,0x1406A5170,0x1406A5980,0x1406A57D0,0x14094E6F0,0x140F4AFC0,0x140F4AA80,0x140DE1820,.?AVCUnitTaskAutomata_007GUNDMX_001GNDMDX_001_AssistGbitSatellite@EXVS2@@|.?AVCUnitTaskAutomataSummonRushShot@GAM@VDK@@|.?AVCUnitTaskAutomataSummonRush@GAM@VDK@@|.?AVCUnitTaskAutomataSummon@GAM@VDK@@|.?AVCUnitTaskAutomataRadiconParentActor@GAM@VDK@@|.?AVCUnitTaskAutomataRadicon@GAM@VDK@@|.?AVCUnitTaskAutomataAbstract@GAM@VDK@@|.?AVCUnitTaskActorProjectileAbstract@GAM@VDK@@
007GUNDMX,001GNDMDX,001,BeamJavelin,EXVS2,ThrowMortar,0x141403348,465,0x1C0,12,0;22;76;78;79;81;82;84;87;88;89;91,0x14092A3E0,0x1406A5BA0,0x1406A5B30,0x1406A5170,0x1406A5980,0x1406A57D0,0x14094E8C0,0x140F4A9B0,0x140F4A8B0,0x140F3B000,.?AVCUnitTaskAutomata_007GUNDMX_001GNDMDX_001_BeamJavelin@EXVS2@@|.?AVCUnitTaskAutomataThrowMortar@GAM@VDK@@|.?AVCUnitTaskAutomataThrow@GAM@VDK@@|.?AVCUnitTaskAutomataRadiconParentActor@GAM@VDK@@|.?AVCUnitTaskAutomataRadicon@GAM@VDK@@|.?AVCUnitTaskAutomataAbstract@GAM@VDK@@|.?AVCUnitTaskActorProjectileAbstract@GAM@VDK@@|.?AVCUnitTaskActorAbstract@GAM@VDK@@
007GUNDMX,001GNDMDX,001,GFalconAParts,EXVS2,FreeFly,0x141403670,465,0x1C0,6,0;78;79;81;84;88,0x14092A3E0,0x1406A5BA0,0x1406A5B30,0x1406A5170,0x1406A5980,0x1406A57D0,0x14094DFB0,0x140F4AA40,0x140F4A9E0,0x140DDF4F0,.?AVCUnitTaskAutomata_007GUNDMX_001GNDMDX_001_GFalconAParts@EXVS2@@|.?AVCUnitTaskAutomata_000COMMON_000COMMON_001_PurgeFly@EXVS2@@|.?AVCUnitTaskAutomataFreeFly@GAM@VDK@@|.?AVCUnitTaskAutomataRadiconParentActor@GAM@VDK@@|.?AVCUnitTaskAutomataRadicon@GAM@VDK@@|.?AVCUnitTaskAutomataAbstract@GAM@VDK@@|.?AVCUnitTaskActorProjectileAbstract@GAM@VDK@@|.?AVCUnitTaskActorAbstract@GAM@VDK@@
007GUNDMX,001GNDMDX,001,GFalconBParts,EXVS2,FreeFly,0x141403998,465,0x1C0,6,0;78;79;81;84;88,0x14092A3E0,0x1406A5BA0,0x1406A5B30,0x1406A5170,0x1406A5980,0x1406A57D0,0x14094DFB0,0x140F4AA60,0x140F3A9E0,0x140DDF4F0,.?AVCUnitTaskAutomata_007GUNDMX_001GNDMDX_001_GFalconBParts@EXVS2@@|.?AVCUnitTaskAutomata_000COMMON_000COMMON_001_PurgeFly@EXVS2@@|.?AVCUnitTaskAutomataFreeFly@GAM@VDK@@|.?AVCUnitTaskAutomataRadiconParentActor@GAM@VDK@@|.?AVCUnitTaskAutomataRadicon@GAM@VDK@@|.?AVCUnitTaskAutomataAbstract@GAM@VDK@@|.?AVCUnitTaskActorProjectileAbstract@GAM@VDK@@|.?AVCUnitTaskActorAbstract@GAM@VDK@@
007GUNDMX,002GNVSCB,001,AutomataAshtaron,EXVS2,SummonRushShot,0x141404648,465,0x2F0,22,0;2;12;18;21;30;42;46;69;71;72;73;76;78;79;80;81;84;87;88;90;91,0x14092A310,0x140E12E30,0x140DE1770,0x1406A5170,0x1406A5980,0x1406A57D0,0x14094E6F0,0x140F4B670,0x140F4B440,0x140F4B5D0,.?AVCUnitTaskAutomata_007GUNDMX_002GNVSCB_001_AutomataAshtaron@EXVS2@@|.?AVCUnitTaskAutomataSummonRushShot@GAM@VDK@@|.?AVCUnitTaskAutomataSummonRush@GAM@VDK@@|.?AVCUnitTaskAutomataSummon@GAM@VDK@@|.?AVCUnitTaskAutomataRadiconParentActor@GAM@VDK@@|.?AVCUnitTaskAutomataRadicon@GAM@VDK@@|.?AVCUnitTaskAutomataAbstract@GAM@VDK@@|.?AVCUnitTaskActorProjectileAbstract@GAM@VDK@@
007GUNDMX,003GUNXDV,001,AssistGbitSatelliteNeet,EXVS2,SummonRushShot,0x141404978,465,0x340,19,0;2;12;18;21;30;42;46;69;72;73;78;79;80;81;84;87;88;90,0x14092A460,0x140DE1070,0x140F4C210,0x1406A5170,0x1406A5980,0x1406A57D0,0x14094EAB0,0x140F4C2B0,0x140F4C020,0x140DE1820,.?AVCUnitTaskAutomata_007GUNDMX_003GUNXDV_001_AssistGbitSatelliteNeet@EXVS2@@|.?AVCUnitTaskAutomataSummonRushShot@GAM@VDK@@|.?AVCUnitTaskAutomataSummonRush@GAM@VDK@@|.?AVCUnitTaskAutomataSummon@GAM@VDK@@|.?AVCUnitTaskAutomataRadiconParentActor@GAM@VDK@@|.?AVCUnitTaskAutomataRadicon@GAM@VDK@@|.?AVCUnitTaskAutomataAbstract@GAM@VDK@@|.?AVCUnitTaskActorProjectileAbstract@GAM@VDK@@
007GUNDMX,003GUNXDV,001,AssistGbitSatelliteNeetEx,EXVS2,SummonRushShot,0x141404CA8,465,0x320,19,0;2;12;18;21;30;42;46;69;72;73;78;79;80;81;84;87;88;90,0x14092A310,0x140F76670,0x140F3CE50,0x1406A5170,0x1406A5980,0x1406A57D0,0x14094EAF0,0x140F4CA10,0x140DE1710,0x140DE1820,.?AVCUnitTaskAutomata_007GUNDMX_003GUNXDV_001_AssistGbitSatelliteNeetEx@EXVS2@@|.?AVCUnitTaskAutomataSummonRushShot@GAM@VDK@@|.?AVCUnitTaskAutomataSummonRush@GAM@VDK@@|.?AVCUnitTaskAutomataSummon@GAM@VDK@@|.?AVCUnitTaskAutomataRadiconParentActor@GAM@VDK@@|.?AVCUnitTaskAutomataRadicon@GAM@VDK@@|.?AVCUnitTaskAutomataAbstract@GAM@VDK@@|.?AVCUnitTaskActorProjectileAbstract@GAM@VDK@@
007GUNDMX,003GUNXDV,001,AssistGbitWinlose,EXVS2,PutObj,0x141404FD8,465,0x1F0,9,0;2;78;79;80;81;84;88;90,0x140929FC0,0x140F543E0,0x1406A5B30,0x1406A5170,0x1406A5980,0x1406A57D0,0x14094EB30,0x140F4D160,0x140DDCC00,0x140E28260,.?AVCUnitTaskAutomata_007GUNDMX_003GUNXDV_001_AssistGbitWinlose@EXVS2@@|.?AVCUnitTaskAutomataPutObj@GAM@VDK@@|.?AVCUnitTaskAutomataRadiconParentActor@GAM@VDK@@|.?AVCUnitTaskAutomataRadicon@GAM@VDK@@|.?AVCUnitTaskAutomataAbstract@GAM@VDK@@|.?AVCUnitTaskActorProjectileAbstract@GAM@VDK@@|.?AVCUnitTaskActorAbstract@GAM@VDK@@|.?AVCUnitTaskBattleAbstract@GAM@VDK@@
007GUNDMX,004GUNDMX,001,AssistAirMasterRush,EXVS2,SummonRushShot,0x141406530,465,0x2F0,19,0;2;12;18;21;30;42;46;69;72;73;78;79;80;81;84;87;88;90,0x14092A310,0x140DE1070,0x140DE1770,0x1406A5170,0x1406A5980,0x1406A57D0,0x14094E6F0,0x140F4DA40,0x140F4D9E0,0x140F4E9D0,.?AVCUnitTaskAutomata_007GUNDMX_004GUNDMX_001_AssistAirMasterRush@EXVS2@@|.?AVCUnitTaskAutomataSummonRushShot@GAM@VDK@@|.?AVCUnitTaskAutomataSummonRush@GAM@VDK@@|.?AVCUnitTaskAutomataSummon@GAM@VDK@@|.?AVCUnitTaskAutomataRadiconParentActor@GAM@VDK@@|.?AVCUnitTaskAutomataRadicon@GAM@VDK@@|.?AVCUnitTaskAutomataAbstract@GAM@VDK@@|.?AVCUnitTaskActorProjectileAbstract@GAM@VDK@@
007GUNDMX,004GUNDMX,001,AssistAirMasterShot,EXVS2,SummonRushShot,0x141406EC8,465,0x2F0,20,0;2;12;18;21;30;42;46;69;72;73;78;79;80;81;84;87;88;89;90,0x14092A310,0x140F76670,0x140DE1770,0x1406A5170,0x1406A5980,0x1406A57D0,0x14094E6F0,0x140F4E1E0,0x140F4E010,0x140DE1820,.?AVCUnitTaskAutomata_007GUNDMX_004GUNDMX_001_AssistAirMasterShot@EXVS2@@|.?AVCUnitTaskAutomataSummonRushShot@GAM@VDK@@|.?AVCUnitTaskAutomataSummonRush@GAM@VDK@@|.?AVCUnitTaskAutomataSummon@GAM@VDK@@|.?AVCUnitTaskAutomataRadiconParentActor@GAM@VDK@@|.?AVCUnitTaskAutomataRadicon@GAM@VDK@@|.?AVCUnitTaskAutomataAbstract@GAM@VDK@@|.?AVCUnitTaskActorProjectileAbstract@GAM@VDK@@
007GUNDMX,004GUNDMX,001,AssistGbitSatelliteGaro,EXVS2,SummonRushShot,0x141405300,465,0x340,19,0;2;12;18;21;30;42;46;69;72;73;78;79;80;81;84;87;88;90,0x14092A460,0x140DE1070,0x140F4C210,0x1406A5170,0x1406A5980,0x1406A57D0,0x14094EAB0,0x140F4D1F0,0x140F4C020,0x140DE1820,.?AVCUnitTaskAutomata_007GUNDMX_004GUNDMX_001_AssistGbitSatelliteGaro@EXVS2@@|.?AVCUnitTaskAutomata_007GUNDMX_003GUNXDV_001_AssistGbitSatelliteNeet@EXVS2@@|.?AVCUnitTaskAutomataSummonRushShot@GAM@VDK@@|.?AVCUnitTaskAutomataSummonRush@GAM@VDK@@|.?AVCUnitTaskAutomataSummon@GAM@VDK@@|.?AVCUnitTaskAutomataRadiconParentActor@GAM@VDK@@|.?AVCUnitTaskAutomataRadicon@GAM@VDK@@|.?AVCUnitTaskAutomataAbstract@GAM@VDK@@
007GUNDMX,004GUNDMX,001,AssistGbitSatelliteGaroEx,EXVS2,SummonRushShot,0x141405630,465,0x320,19,0;2;12;18;21;30;42;46;69;72;73;78;79;80;81;84;87;88;90,0x14092A310,0x140F76670,0x140F3CE50,0x1406A5170,0x1406A5980,0x1406A57D0,0x14094EAF0,0x140F4D290,0x140DE1710,0x140DE1820,.?AVCUnitTaskAutomata_007GUNDMX_004GUNDMX_001_AssistGbitSatelliteGaroEx@EXVS2@@|.?AVCUnitTaskAutomata_007GUNDMX_003GUNXDV_001_AssistGbitSatelliteNeetEx@EXVS2@@|.?AVCUnitTaskAutomataSummonRushShot@GAM@VDK@@|.?AVCUnitTaskAutomataSummonRush@GAM@VDK@@|.?AVCUnitTaskAutomataSummon@GAM@VDK@@|.?AVCUnitTaskAutomataRadiconParentActor@GAM@VDK@@|.?AVCUnitTaskAutomataRadicon@GAM@VDK@@|.?AVCUnitTaskAutomataAbstract@GAM@VDK@@
007GUNDMX,004GUNDMX,001,AssistGbitWinlose,EXVS2,PutObj,0x141405960,465,0x1F0,9,0;2;78;79;80;81;84;88;90,0x140929FC0,0x140F543E0,0x1406A5B30,0x1406A5170,0x1406A5980,0x1406A57D0,0x14094EB30,0x140F4D300,0x140DDCC00,0x140E28260,.?AVCUnitTaskAutomata_007GUNDMX_004GUNDMX_001_AssistGbitWinlose@EXVS2@@|.?AVCUnitTaskAutomata_007GUNDMX_003GUNXDV_001_AssistGbitWinlose@EXVS2@@|.?AVCUnitTaskAutomataPutObj@GAM@VDK@@|.?AVCUnitTaskAutomataRadiconParentActor@GAM@VDK@@|.?AVCUnitTaskAutomataRadicon@GAM@VDK@@|.?AVCUnitTaskAutomataAbstract@GAM@VDK@@|.?AVCUnitTaskActorProjectileAbstract@GAM@VDK@@|.?AVCUnitTaskActorAbstract@GAM@VDK@@
007GUNDMX,004GUNDMX,001,AssistLeopardRush,EXVS2,SummonRushGround,0x141406200,465,0x2E0,17,0;2;18;21;30;42;46;72;73;78;79;80;81;84;87;88;90,0x14092A700,0x140F4D930,0x1406A5B30,0x1406A5170,0x1406A5980,0x1406A57D0,0x14094E670,0x140F4E8E0,0x140F4D610,0x140F4E6C0,.?AVCUnitTaskAutomata_007GUNDMX_004GUNDMX_001_AssistLeopardRush@EXVS2@@|.?AVCUnitTaskAutomataSummonRushGround@GAM@VDK@@|.?AVCUnitTaskAutomataSummonRush@GAM@VDK@@|.?AVCUnitTaskAutomataSummon@GAM@VDK@@|.?AVCUnitTaskAutomataRadiconParentActor@GAM@VDK@@|.?AVCUnitTaskAutomataRadicon@GAM@VDK@@|.?AVCUnitTaskAutomataAbstract@GAM@VDK@@|.?AVCUnitTaskActorProjectileAbstract@GAM@VDK@@
007GUNDMX,004GUNDMX,001,AssistLeopardRushCombo,EXVS2,SummonGrap,0x141406860,465,0x290,17,0;2;18;21;30;42;46;72;73;78;79;80;81;84;87;88;90,0x14092A100,0x140DE1070,0x1406A5B30,0x1406A5170,0x1406A5980,0x1406A57D0,0x14094E560,0x140F4EDB0,0x140F4DA70,0x140F4DB10,.?AVCUnitTaskAutomata_007GUNDMX_004GUNDMX_001_AssistLeopardRushCombo@EXVS2@@|.?AVCUnitTaskAutomataSummonGrap@GAM@VDK@@|.?AVCUnitTaskAutomataSummon@GAM@VDK@@|.?AVCUnitTaskAutomataRadiconParentActor@GAM@VDK@@|.?AVCUnitTaskAutomataRadicon@GAM@VDK@@|.?AVCUnitTaskAutomataAbstract@GAM@VDK@@|.?AVCUnitTaskActorProjectileAbstract@GAM@VDK@@|.?AVCUnitTaskActorAbstract@GAM@VDK@@
007GUNDMX,004GUNDMX,001,AssistLeopardShot,EXVS2,SummonRushShot,0x141406B98,465,0x2F0,19,0;2;12;18;21;30;42;46;69;72;73;78;79;80;81;84;87;88;90,0x14092A310,0x140F76670,0x140DE1770,0x1406A5170,0x1406A5980,0x1406A57D0,0x14094E6F0,0x140F4EFE0,0x140F4DE10,0x140DE1820,.?AVCUnitTaskAutomata_007GUNDMX_004GUNDMX_001_AssistLeopardShot@EXVS2@@|.?AVCUnitTaskAutomataSummonRushShot@GAM@VDK@@|.?AVCUnitTaskAutomataSummonRush@GAM@VDK@@|.?AVCUnitTaskAutomataSummon@GAM@VDK@@|.?AVCUnitTaskAutomataRadiconParentActor@GAM@VDK@@|.?AVCUnitTaskAutomataRadicon@GAM@VDK@@|.?AVCUnitTaskAutomataAbstract@GAM@VDK@@|.?AVCUnitTaskActorProjectileAbstract@GAM@VDK@@
007GUNDMX,004GUNDMX,001,Microwave,EXVS2,SummonRushShot,0x141405C88,465,0x2F0,19,0;2;12;18;21;30;42;46;69;72;73;78;79;80;81;84;87;88;90,0x14092A460,0x140F4D3E0,0x140F4D3B0,0x1406A5170,0x1406A5980,0x1406A57D0,0x14094E6F0,0x140F4D5C0,0x140F4D370,0x140F41EF0,.?AVCUnitTaskAutomata_007GUNDMX_004GUNDMX_001_Microwave@EXVS2@@|.?AVCUnitTaskAutomataSummonRushShot@GAM@VDK@@|.?AVCUnitTaskAutomataSummonRush@GAM@VDK@@|.?AVCUnitTaskAutomataSummon@GAM@VDK@@|.?AVCUnitTaskAutomataRadiconParentActor@GAM@VDK@@|.?AVCUnitTaskAutomataRadicon@GAM@VDK@@|.?AVCUnitTaskAutomataAbstract@GAM@VDK@@|.?AVCUnitTaskActorProjectileAbstract@GAM@VDK@@
007GUNDMX,004GUNDMX,001,Microwave_Laser,EXVS2,Unknown,0x141405FB8,49,,78,0;2;3;8;9;11;12;15;16;17;18;19;20;21;22;23;24;28;29;31;32;37;39;40;41;42;44;45;47;48;49;50;51;53;54;55;56;58;59;60;61;62;63;64;65;66;67;68;69;70;71;72;73;74;75;76;77;78;79;80;81;82;83;84;85;86;88;89;90;91;92;93;94;95;96;97;98;99,0x14092A000,0x140DD9EA0,0x140DD9AC0,0x140BA2F50,0x14066E870,0x14066E860,0x14035E830,0x14035E810,0x14063C250,0x1406733F0,.?AVCUnitTaskAutomata_007GUNDMX_004GUNDMX_001_Microwave_Laser@EXVS2@@|.?AVCUnitTaskActorProjBulletLaser@GAM@VDK@@|.?AVCUnitTaskActorProjBulletAbstract@GAM@VDK@@|.?AVCUnitTaskActorProjectileAbstract@GAM@VDK@@|.?AVCUnitTaskActorAbstract@GAM@VDK@@|.?AVCUnitTaskBattleAbstract@GAM@VDK@@|.?AVCUnitTaskAbstract@FWK@VDK@@|.?AVCTaskEntityActAbstract@DEV@VDK@@
007GUNDMX,004GUNDMX,002,AssistAirMasterRush,EXVS2,SummonRushShot,0x141407EB0,465,0x2F0,19,0;2;12;18;21;30;42;46;69;72;73;78;79;80;81;84;87;88;90,0x14092A310,0x140DE1070,0x140DE1770,0x1406A5170,0x1406A5980,0x1406A57D0,0x14094E6F0,0x140F4DA40,0x140F4E970,0x140F4E9D0,.?AVCUnitTaskAutomata_007GUNDMX_004GUNDMX_002_AssistAirMasterRush@EXVS2@@|.?AVCUnitTaskAutomataSummonRushShot@GAM@VDK@@|.?AVCUnitTaskAutomataSummonRush@GAM@VDK@@|.?AVCUnitTaskAutomataSummon@GAM@VDK@@|.?AVCUnitTaskAutomataRadiconParentActor@GAM@VDK@@|.?AVCUnitTaskAutomataRadicon@GAM@VDK@@|.?AVCUnitTaskAutomataAbstract@GAM@VDK@@|.?AVCUnitTaskActorProjectileAbstract@GAM@VDK@@
007GUNDMX,004GUNDMX,002,AssistAirMasterShot,EXVS2,SummonRushShot,0x141408848,465,0x2F0,20,0;2;12;18;21;30;42;46;69;72;73;78;79;80;81;84;87;88;89;90,0x14092A310,0x140F76670,0x140DE1770,0x1406A5170,0x1406A5980,0x1406A57D0,0x14094E6F0,0x140F4E1E0,0x140F4F020,0x140DE1820,.?AVCUnitTaskAutomata_007GUNDMX_004GUNDMX_002_AssistAirMasterShot@EXVS2@@|.?AVCUnitTaskAutomataSummonRushShot@GAM@VDK@@|.?AVCUnitTaskAutomataSummonRush@GAM@VDK@@|.?AVCUnitTaskAutomataSummon@GAM@VDK@@|.?AVCUnitTaskAutomataRadiconParentActor@GAM@VDK@@|.?AVCUnitTaskAutomataRadicon@GAM@VDK@@|.?AVCUnitTaskAutomataAbstract@GAM@VDK@@|.?AVCUnitTaskActorProjectileAbstract@GAM@VDK@@
007GUNDMX,004GUNDMX,002,AssistGbitSatelliteGaro,EXVS2,SummonRushShot,0x1414071F8,465,0x340,19,0;2;12;18;21;30;42;46;69;72;73;78;79;80;81;84;87;88;90,0x14092A460,0x140DE1070,0x140F4C210,0x1406A5170,0x1406A5980,0x1406A57D0,0x14094EAB0,0x140F4E220,0x140F4C020,0x140DE1820,.?AVCUnitTaskAutomata_007GUNDMX_004GUNDMX_002_AssistGbitSatelliteGaro@EXVS2@@|.?AVCUnitTaskAutomata_007GUNDMX_003GUNXDV_001_AssistGbitSatelliteNeet@EXVS2@@|.?AVCUnitTaskAutomataSummonRushShot@GAM@VDK@@|.?AVCUnitTaskAutomataSummonRush@GAM@VDK@@|.?AVCUnitTaskAutomataSummon@GAM@VDK@@|.?AVCUnitTaskAutomataRadiconParentActor@GAM@VDK@@|.?AVCUnitTaskAutomataRadicon@GAM@VDK@@|.?AVCUnitTaskAutomataAbstract@GAM@VDK@@
007GUNDMX,004GUNDMX,002,AssistGbitSatelliteGaroEx,EXVS2,SummonRushShot,0x141407528,465,0x320,19,0;2;12;18;21;30;42;46;69;72;73;78;79;80;81;84;87;88;90,0x14092A310,0x140F76670,0x140F3CE50,0x1406A5170,0x1406A5980,0x1406A57D0,0x14094EAF0,0x140F4E2C0,0x140DE1710,0x140DE1820,.?AVCUnitTaskAutomata_007GUNDMX_004GUNDMX_002_AssistGbitSatelliteGaroEx@EXVS2@@|.?AVCUnitTaskAutomata_007GUNDMX_003GUNXDV_001_AssistGbitSatelliteNeetEx@EXVS2@@|.?AVCUnitTaskAutomataSummonRushShot@GAM@VDK@@|.?AVCUnitTaskAutomataSummonRush@GAM@VDK@@|.?AVCUnitTaskAutomataSummon@GAM@VDK@@|.?AVCUnitTaskAutomataRadiconParentActor@GAM@VDK@@|.?AVCUnitTaskAutomataRadicon@GAM@VDK@@|.?AVCUnitTaskAutomataAbstract@GAM@VDK@@
007GUNDMX,004GUNDMX,002,AssistGbitWinlose,EXVS2,PutObj,0x141407858,465,0x1F0,9,0;2;78;79;80;81;84;88;90,0x140929FC0,0x140F543E0,0x1406A5B30,0x1406A5170,0x1406A5980,0x1406A57D0,0x14094EB30,0x140F4E330,0x140DDCC00,0x140E28260,.?AVCUnitTaskAutomata_007GUNDMX_004GUNDMX_002_AssistGbitWinlose@EXVS2@@|.?AVCUnitTaskAutomata_007GUNDMX_003GUNXDV_001_AssistGbitWinlose@EXVS2@@|.?AVCUnitTaskAutomataPutObj@GAM@VDK@@|.?AVCUnitTaskAutomataRadiconParentActor@GAM@VDK@@|.?AVCUnitTaskAutomataRadicon@GAM@VDK@@|.?AVCUnitTaskAutomataAbstract@GAM@VDK@@|.?AVCUnitTaskActorProjectileAbstract@GAM@VDK@@|.?AVCUnitTaskActorAbstract@GAM@VDK@@
007GUNDMX,004GUNDMX,002,AssistLeopardRush,EXVS2,SummonRushGround,0x141407B80,465,0x2E0,17,0;2;18;21;30;42;46;72;73;78;79;80;81;84;87;88;90,0x14092A700,0x140F4D930,0x1406A5B30,0x1406A5170,0x1406A5980,0x1406A57D0,0x14094E670,0x140F4E8E0,0x140F4E3A0,0x140F4E6C0,.?AVCUnitTaskAutomata_007GUNDMX_004GUNDMX_002_AssistLeopardRush@EXVS2@@|.?AVCUnitTaskAutomataSummonRushGround@GAM@VDK@@|.?AVCUnitTaskAutomataSummonRush@GAM@VDK@@|.?AVCUnitTaskAutomataSummon@GAM@VDK@@|.?AVCUnitTaskAutomataRadiconParentActor@GAM@VDK@@|.?AVCUnitTaskAutomataRadicon@GAM@VDK@@|.?AVCUnitTaskAutomataAbstract@GAM@VDK@@|.?AVCUnitTaskActorProjectileAbstract@GAM@VDK@@
007GUNDMX,004GUNDMX,002,AssistLeopardRushCombo,EXVS2,SummonGrap,0x1414081E0,465,0x290,17,0;2;18;21;30;42;46;72;73;78;79;80;81;84;87;88;90,0x14092A100,0x140DE1070,0x1406A5B30,0x1406A5170,0x1406A5980,0x1406A57D0,0x14094E560,0x140F4EDB0,0x140F4EA30,0x140F4EAB0,.?AVCUnitTaskAutomata_007GUNDMX_004GUNDMX_002_AssistLeopardRushCombo@EXVS2@@|.?AVCUnitTaskAutomataSummonGrap@GAM@VDK@@|.?AVCUnitTaskAutomataSummon@GAM@VDK@@|.?AVCUnitTaskAutomataRadiconParentActor@GAM@VDK@@|.?AVCUnitTaskAutomataRadicon@GAM@VDK@@|.?AVCUnitTaskAutomataAbstract@GAM@VDK@@|.?AVCUnitTaskActorProjectileAbstract@GAM@VDK@@|.?AVCUnitTaskActorAbstract@GAM@VDK@@
007GUNDMX,004GUNDMX,002,AssistLeopardShot,EXVS2,SummonRushShot,0x141408518,465,0x2F0,19,0;2;12;18;21;30;42;46;69;72;73;78;79;80;81;84;87;88;90,0x14092A310,0x140F76670,0x140DE1770,0x1406A5170,0x1406A5980,0x1406A57D0,0x14094E6F0,0x140F4EFE0,0x140F4EDE0,0x140DE1820,.?AVCUnitTaskAutomata_007GUNDMX_004GUNDMX_002_AssistLeopardShot@EXVS2@@|.?AVCUnitTaskAutomataSummonRushShot@GAM@VDK@@|.?AVCUnitTaskAutomataSummonRush@GAM@VDK@@|.?AVCUnitTaskAutomataSummon@GAM@VDK@@|.?AVCUnitTaskAutomataRadiconParentActor@GAM@VDK@@|.?AVCUnitTaskAutomataRadicon@GAM@VDK@@|.?AVCUnitTaskAutomataAbstract@GAM@VDK@@|.?AVCUnitTaskActorProjectileAbstract@GAM@VDK@@
007GUNDMX,006BERTIG,001,AssistJuraguGround,EXVS2,SummonRushGround,0x1414091C8,465,0x2E0,17,0;2;18;21;30;42;46;72;73;78;79;80;81;84;87;88;90,0x14092A700,0x140F4F530,0x1406A5B30,0x1406A5170,0x1406A5980,0x1406A57D0,0x14094E670,0x140F4F7C0,0x140F4F370,0x140F4F570,.?AVCUnitTaskAutomata_007GUNDMX_006BERTIG_001_AssistJuraguGround@EXVS2@@|.?AVCUnitTaskAutomataSummonRushGround@GAM@VDK@@|.?AVCUnitTaskAutomataSummonRush@GAM@VDK@@|.?AVCUnitTaskAutomataSummon@GAM@VDK@@|.?AVCUnitTaskAutomataRadiconParentActor@GAM@VDK@@|.?AVCUnitTaskAutomataRadicon@GAM@VDK@@|.?AVCUnitTaskAutomataAbstract@GAM@VDK@@|.?AVCUnitTaskActorProjectileAbstract@GAM@VDK@@
007GUNDMX,006BERTIG,001,FunnelFly,EXVS2,FunnelMawarikomi,0x141408B78,977,0x210,11,0;2;28;43;69;78;79;81;84;87;88,0x14092A700,0x140F75740,0x1406A5B30,0x14094F070,0x1406A5980,0x1406A57D0,0x14094E050,0x140F4F250,0x140F4F1F0,0x140DDCDC0,.?AVCUnitTaskAutomata_007GUNDMX_006BERTIG_001_FunnelFly@EXVS2@@|.?AVCUnitTaskAutomataFunnelMawarikomi@GAM@VDK@@|.?AVCUnitTaskAutomataFunnelFly@GAM@VDK@@|.?AVCUnitTaskAutomataFunnel@GAM@VDK@@|.?AVCUnitTaskAutomataRadiconParentActor@GAM@VDK@@|.?AVCUnitTaskAutomataRadicon@GAM@VDK@@|.?AVCUnitTaskAutomataAbstract@GAM@VDK@@|.?AVCUnitTaskActorProjectileAbstract@GAM@VDK@@
007GUNDMX,006BERTIG,001,FunnelFlyShot,EXVS2,FunnelMawarikomi,0x141409B50,977,0x210,10,0;2;28;43;69;78;79;81;84;87,0x14092A700,0x140F75740,0x1406A5B30,0x14094F070,0x1406A5980,0x1406A57D0,0x14094E050,0x140F4FB80,0x140F4FB20,0x140DDCDC0,.?AVCUnitTaskAutomata_007GUNDMX_006BERTIG_001_FunnelFlyShot@EXVS2@@|.?AVCUnitTaskAutomataFunnelMawarikomi@GAM@VDK@@|.?AVCUnitTaskAutomataFunnelFly@GAM@VDK@@|.?AVCUnitTaskAutomataFunnel@GAM@VDK@@|.?AVCUnitTaskAutomataRadiconParentActor@GAM@VDK@@|.?AVCUnitTaskAutomataRadicon@GAM@VDK@@|.?AVCUnitTaskAutomataAbstract@GAM@VDK@@|.?AVCUnitTaskActorProjectileAbstract@GAM@VDK@@
007GUNDMX,006BERTIG,001,FunnelNet,EXVS2,FunnelShotStayShift,0x141409820,977,0x210,9,0;2;28;43;78;79;81;84;87,0x14092A3E0,0x140E37A90,0x1406A5B30,0x14094F070,0x1406A5980,0x1406A57D0,0x14094E2A0,0x140F4FAE0,0x140F4FA70,0x140E04A60,.?AVCUnitTaskAutomata_007GUNDMX_006BERTIG_001_FunnelNet@EXVS2@@|.?AVCUnitTaskAutomataFunnelShotStayShift@GAM@VDK@@|.?AVCUnitTaskAutomataFunnelShiftPos@GAM@VDK@@|.?AVCUnitTaskAutomataFunnel@GAM@VDK@@|.?AVCUnitTaskAutomataRadiconParentActor@GAM@VDK@@|.?AVCUnitTaskAutomataRadicon@GAM@VDK@@|.?AVCUnitTaskAutomataAbstract@GAM@VDK@@|.?AVCUnitTaskActorProjectileAbstract@GAM@VDK@@
007GUNDMX,006BERTIG,001,FunnelShot,EXVS2,FunnelTukimatoi_ShotOrder,0x141408EA0,977,0x230,10,0;2;12;28;43;69;78;79;81;84,0x14092A700,0x140E06020,0x140F4F300,0x14094F070,0x1406A5980,0x1406A57D0,0x14094E170,0x140F4F330,0x140F4F290,0x140DDCDC0,.?AVCUnitTaskAutomata_007GUNDMX_006BERTIG_001_FunnelShot@EXVS2@@|.?AVCUnitTaskAutomataFunnelTukimatoi_ShotOrder@GAM@VDK@@|.?AVCUnitTaskAutomataFunnelMawarikomi_ShotOrder@GAM@VDK@@|.?AVCUnitTaskAutomataFunnelShotImmediate@GAM@VDK@@|.?AVCUnitTaskAutomataFunnelMawarikomi@GAM@VDK@@|.?AVCUnitTaskAutomataFunnelFly@GAM@VDK@@|.?AVCUnitTaskAutomataFunnel@GAM@VDK@@|.?AVCUnitTaskAutomataRadiconParentActor@GAM@VDK@@
007GUNDMX,006BERTIG,001,WinJuragu,EXVS2,PutObj,0x1414094F8,465,0x1D0,9,0;2;78;79;80;81;84;88;90,0x14092A040,0x140F76310,0x1406A5B30,0x1406A5170,0x1406A5980,0x1406A57D0,0x14094E380,0x140F4FA10,0x140F4F960,0x140E28260,.?AVCUnitTaskAutomata_007GUNDMX_006BERTIG_001_WinJuragu@EXVS2@@|.?AVCUnitTaskAutomataPutObj@GAM@VDK@@|.?AVCUnitTaskAutomataRadiconParentActor@GAM@VDK@@|.?AVCUnitTaskAutomataRadicon@GAM@VDK@@|.?AVCUnitTaskAutomataAbstract@GAM@VDK@@|.?AVCUnitTaskActorProjectileAbstract@GAM@VDK@@|.?AVCUnitTaskActorAbstract@GAM@VDK@@|.?AVCUnitTaskBattleAbstract@GAM@VDK@@
008GNDAM08,001GNDEZ8,001,HissatuThrowSaberRolling,EXVS2,ThrowStopRotateOnStick,0x14140AB30,465,0x1E0,12,0;22;59;76;78;79;81;84;87;88;89;91,0x14092A3E0,0x1406A5BA0,0x1406A5B30,0x1406A5170,0x1406A5980,0x1406A57D0,0x14094E970,0x140F50170,0x140F393E0,0x140DDCAC0,.?AVCUnitTaskAutomata_008GNDAM08_001GNDEZ8_001_HissatuThrowSaberRolling@EXVS2@@|.?AVCUnitTaskAutomata_000COMMON_000COMMON_001_ThrowSaberRolling@EXVS2@@|.?AVCUnitTaskAutomataThrowStopRotateOnStick@GAM@VDK@@|.?AVCUnitTaskAutomataThrow@GAM@VDK@@|.?AVCUnitTaskAutomataRadiconParentActor@GAM@VDK@@|.?AVCUnitTaskAutomataRadicon@GAM@VDK@@|.?AVCUnitTaskAutomataAbstract@GAM@VDK@@|.?AVCUnitTaskActorProjectileAbstract@GAM@VDK@@
008GNDM08,001GNDEZ8,001,AssistGmhead,EXVS2,SummonRushShot,0x141409E78,465,0x2F0,19,0;2;12;18;21;30;42;46;69;72;73;78;79;80;81;84;87;88;90,0x14092A310,0x140DE1070,0x140DE1770,0x1406A5170,0x1406A5980,0x1406A57D0,0x14094E6F0,0x140F4FD70,0x140F4FC20,0x140DE1820,.?AVCUnitTaskAutomata_008GNDM08_001GNDEZ8_001_AssistGmhead@EXVS2@@|.?AVCUnitTaskAutomataSummonRushShot@GAM@VDK@@|.?AVCUnitTaskAutomataSummonRush@GAM@VDK@@|.?AVCUnitTaskAutomataSummon@GAM@VDK@@|.?AVCUnitTaskAutomataRadiconParentActor@GAM@VDK@@|.?AVCUnitTaskAutomataRadicon@GAM@VDK@@|.?AVCUnitTaskAutomataAbstract@GAM@VDK@@|.?AVCUnitTaskActorProjectileAbstract@GAM@VDK@@
008GNDM08,001GNDEZ8,001,AssistGngrnd,EXVS2,SummonRushShot,0x14140A1A8,465,0x2F0,19,0;2;12;18;21;30;42;46;69;72;73;78;79;80;81;84;87;88;90,0x14092A310,0x140DE1070,0x140DE1770,0x1406A5170,0x1406A5980,0x1406A57D0,0x14094E6F0,0x140F4FD70,0x140F4FD10,0x140DE1820,.?AVCUnitTaskAutomata_008GNDM08_001GNDEZ8_001_AssistGngrnd@EXVS2@@|.?AVCUnitTaskAutomataSummonRushShot@GAM@VDK@@|.?AVCUnitTaskAutomataSummonRush@GAM@VDK@@|.?AVCUnitTaskAutomataSummon@GAM@VDK@@|.?AVCUnitTaskAutomataRadiconParentActor@GAM@VDK@@|.?AVCUnitTaskAutomataRadicon@GAM@VDK@@|.?AVCUnitTaskAutomataAbstract@GAM@VDK@@|.?AVCUnitTaskActorProjectileAbstract@GAM@VDK@@
008GNDM08,001GNDEZ8,001,AssistHoverTrack,EXVS2,SummonRushGround,0x14140A4D8,465,0x310,19,0;2;12;18;21;30;42;46;69;72;73;78;79;80;81;84;87;88;90,0x14092A310,0x140DE1070,0x140DE1770,0x1406A5170,0x1406A5980,0x1406A57D0,0x14094EB70,0x140F4FF80,0x140F4FEB0,0x140F6F850,.?AVCUnitTaskAutomata_008GNDM08_001GNDEZ8_001_AssistHoverTrack@EXVS2@@|.?AVCUnitTaskAutomataSummonRushGround@GAM@VDK@@|.?AVCUnitTaskAutomataSummonRush@GAM@VDK@@|.?AVCUnitTaskAutomataSummon@GAM@VDK@@|.?AVCUnitTaskAutomataRadiconParentActor@GAM@VDK@@|.?AVCUnitTaskAutomataRadicon@GAM@VDK@@|.?AVCUnitTaskAutomataAbstract@GAM@VDK@@|.?AVCUnitTaskActorProjectileAbstract@GAM@VDK@@
008GNDM08,001GNDEZ8,001,Webnet,EXVS2,Throw,0x14140A808,465,0x1C0,10,0;22;76;78;79;81;84;87;88;91,0x14092A3E0,0x1406A5BA0,0x1406A5B30,0x1406A5170,0x1406A5980,0x1406A57D0,0x14094E8C0,0x140F50130,0x140F50050,0x140DDCAC0,.?AVCUnitTaskAutomata_008GNDM08_001GNDEZ8_001_Webnet@EXVS2@@|.?AVCUnitTaskAutomataThrow@GAM@VDK@@|.?AVCUnitTaskAutomataRadiconParentActor@GAM@VDK@@|.?AVCUnitTaskAutomataRadicon@GAM@VDK@@|.?AVCUnitTaskAutomataAbstract@GAM@VDK@@|.?AVCUnitTaskActorProjectileAbstract@GAM@VDK@@|.?AVCUnitTaskActorAbstract@GAM@VDK@@|.?AVCUnitTaskBattleAbstract@GAM@VDK@@
008GNDM08,002GOUFCS,001,CrackerThrow,EXVS2,ThrowMortar,0x14140BE38,465,0x1C0,10,0;22;76;78;79;81;82;84;87;88,0x14092A3E0,0x1406A5BA0,0x1406A5B30,0x1406A5170,0x1406A5980,0x1406A57D0,0x14094E8C0,0x140F50960,0x140DDFF20,0x140DDCAC0,.?AVCUnitTaskAutomata_008GNDM08_002GOUFCS_001_CrackerThrow@EXVS2@@|.?AVCUnitTaskAutomataThrowMortar@GAM@VDK@@|.?AVCUnitTaskAutomataThrow@GAM@VDK@@|.?AVCUnitTaskAutomataRadiconParentActor@GAM@VDK@@|.?AVCUnitTaskAutomataRadicon@GAM@VDK@@|.?AVCUnitTaskAutomataAbstract@GAM@VDK@@|.?AVCUnitTaskActorProjectileAbstract@GAM@VDK@@|.?AVCUnitTaskActorAbstract@GAM@VDK@@
008GNDM08,002GOUFCS,001,Heatrod,EXVS2,Anchor,0x14140AE58,465,0x1E0,13,0;2;11;12;18;23;73;76;78;79;81;84;88,0x14092A700,0x140DE0460,0x140DE01B0,0x1406A5170,0x1406A5980,0x1406A57D0,0x14094DC60,0x140F50260,0x140F50190,0x140F40ED0,.?AVCUnitTaskAutomata_008GNDM08_002GOUFCS_001_Heatrod@EXVS2@@|.?AVCUnitTaskAutomataAnchor@GAM@VDK@@|.?AVCUnitTaskAutomataRadiconParentActor@GAM@VDK@@|.?AVCUnitTaskAutomataRadicon@GAM@VDK@@|.?AVCUnitTaskAutomataAbstract@GAM@VDK@@|.?AVCUnitTaskActorProjectileAbstract@GAM@VDK@@|.?AVCUnitTaskActorAbstract@GAM@VDK@@|.?AVCUnitTaskBattleAbstract@GAM@VDK@@
008GNDM08,002GOUFCS,001,JetcoreBooster,EXVS2,Summon,0x14140B4A8,465,0x290,19,0;2;12;18;21;30;42;46;72;73;74;78;79;80;81;84;87;88;90,0x140929E00,0x140DE1070,0x140F50760,0x1406A5170,0x1406A5980,0x1406A57D0,0x14094E520,0x140F50820,0x140F50720,0x140F507E0,.?AVCUnitTaskAutomata_008GNDM08_002GOUFCS_001_JetcoreBooster@EXVS2@@|.?AVCUnitTaskAutomataSummon@GAM@VDK@@|.?AVCUnitTaskAutomataRadiconParentActor@GAM@VDK@@|.?AVCUnitTaskAutomataRadicon@GAM@VDK@@|.?AVCUnitTaskAutomataAbstract@GAM@VDK@@|.?AVCUnitTaskActorProjectileAbstract@GAM@VDK@@|.?AVCUnitTaskActorAbstract@GAM@VDK@@|.?AVCUnitTaskBattleAbstract@GAM@VDK@@
008GNDM08,002GOUFCS,001,PororiRoad,EXVS2,FreeFall_Interaction,0x14140BB10,465,0x1C0,14,0;2;22;49;71;72;73;78;79;81;84;86;87;89,0x14092A3E0,0x140F75740,0x1406A5B30,0x1406A5170,0x1406A5980,0x1406A57D0,0x14094DF60,0x140F50930,0x140DDCD60,0x140DDCAC0,.?AVCUnitTaskAutomata_008GNDM08_002GOUFCS_001_PororiRoad@EXVS2@@|.?AVCUnitTaskAutomataFreeFall_Interaction@GAM@VDK@@|.?AVCUnitTaskAutomataRadiconParentActor@GAM@VDK@@|.?AVCUnitTaskAutomataRadicon@GAM@VDK@@|.?AVCUnitTaskAutomataAbstract@GAM@VDK@@|.?AVCUnitTaskActorProjectileAbstract@GAM@VDK@@|.?AVCUnitTaskActorAbstract@GAM@VDK@@|.?AVCUnitTaskBattleAbstract@GAM@VDK@@
008GNDM08,002GOUFCS,001,ThrowJetcore,EXVS2,Throw,0x14140B7E8,465,0x1C0,9,0;22;76;78;79;81;84;87;88,0x14092A3E0,0x1406A5BA0,0x1406A5B30,0x1406A5170,0x1406A5980,0x1406A57D0,0x14094E8C0,0x140F50880,0x140DDC8E0,0x140DDCAC0,.?AVCUnitTaskAutomata_008GNDM08_002GOUFCS_001_ThrowJetcore@EXVS2@@|.?AVCUnitTaskAutomataThrow@GAM@VDK@@|.?AVCUnitTaskAutomataRadiconParentActor@GAM@VDK@@|.?AVCUnitTaskAutomataRadicon@GAM@VDK@@|.?AVCUnitTaskAutomataAbstract@GAM@VDK@@|.?AVCUnitTaskActorProjectileAbstract@GAM@VDK@@|.?AVCUnitTaskActorAbstract@GAM@VDK@@|.?AVCUnitTaskBattleAbstract@GAM@VDK@@
008GNDM08,002GOUFCS,001,ThrowRoad,EXVS2,ThrowMortar,0x14140B180,465,0x1C0,14,0;22;71;72;73;76;78;79;81;82;84;86;87;88,0x14092A3E0,0x1406A5BA0,0x1406A5B30,0x1406A5170,0x1406A5980,0x1406A57D0,0x14094E8C0,0x140F50650,0x140DDFF20,0x140F50640,.?AVCUnitTaskAutomata_008GNDM08_002GOUFCS_001_ThrowRoad@EXVS2@@|.?AVCUnitTaskAutomataThrowMortar@GAM@VDK@@|.?AVCUnitTaskAutomataThrow@GAM@VDK@@|.?AVCUnitTaskAutomataRadiconParentActor@GAM@VDK@@|.?AVCUnitTaskAutomataRadicon@GAM@VDK@@|.?AVCUnitTaskAutomataAbstract@GAM@VDK@@|.?AVCUnitTaskActorProjectileAbstract@GAM@VDK@@|.?AVCUnitTaskActorAbstract@GAM@VDK@@
010TURNAG,001TRUNAG,001,NuclearMissile,EXVS2,ThrowMortar,0x14140C488,465,0x1C0,10,0;22;76;78;79;81;82;84;87;88,0x14092A3E0,0x1406A5BA0,0x1406A5B30,0x1406A5170,0x1406A5980,0x1406A57D0,0x14094E8C0,0x140F40030,0x140DDFF20,0x140DDCAC0,.?AVCUnitTaskAutomata_010TURNAG_001TRUNAG_001_NuclearMissile@EXVS2@@|.?AVCUnitTaskAutomataThrowMortar@GAM@VDK@@|.?AVCUnitTaskAutomataThrow@GAM@VDK@@|.?AVCUnitTaskAutomataRadiconParentActor@GAM@VDK@@|.?AVCUnitTaskAutomataRadicon@GAM@VDK@@|.?AVCUnitTaskAutomataAbstract@GAM@VDK@@|.?AVCUnitTaskActorProjectileAbstract@GAM@VDK@@|.?AVCUnitTaskActorAbstract@GAM@VDK@@
010TURNAG,001TURNAG,001,HammerShot,EXVS2,RadiconParentActor,0x14140C7B0,465,0x1B0,4,0;79;81;84,0x14092A3E0,0x1406A5BA0,0x1406A5B30,0x1406A5170,0x1406A5980,0x1406A57D0,0x1406A50D0,0x140F51340,0x140F512B0,0x140DDCAC0,.?AVCUnitTaskAutomata_010TURNAG_001TURNAG_001_HammerShot@EXVS2@@|.?AVCUnitTaskAutomataRadiconParentActor@GAM@VDK@@|.?AVCUnitTaskAutomataRadicon@GAM@VDK@@|.?AVCUnitTaskAutomataAbstract@GAM@VDK@@|.?AVCUnitTaskActorProjectileAbstract@GAM@VDK@@|.?AVCUnitTaskActorAbstract@GAM@VDK@@|.?AVCUnitTaskBattleAbstract@GAM@VDK@@|.?AVCUnitTaskAbstract@FWK@VDK@@
010TURNAG,001TURNAG,001,ResidingHammer,EXVS2,Resident,0x14140C160,465,0x1B0,8,0;2;12;32;42;79;81;84,0x14092A700,0x140F50C10,0x140F50B80,0x1406A5170,0x1406A5980,0x1406A57D0,0x1406A50D0,0x140F51280,0x140F50990,0x140DDCDC0,.?AVCUnitTaskAutomata_010TURNAG_001TURNAG_001_ResidingHammer@EXVS2@@|.?AVCUnitTaskAutomataResident@GAM@VDK@@|.?AVCUnitTaskAutomataRadiconParentActor@GAM@VDK@@|.?AVCUnitTaskAutomataRadicon@GAM@VDK@@|.?AVCUnitTaskAutomataAbstract@GAM@VDK@@|.?AVCUnitTaskActorProjectileAbstract@GAM@VDK@@|.?AVCUnitTaskActorAbstract@GAM@VDK@@|.?AVCUnitTaskBattleAbstract@GAM@VDK@@
010TURNAG,002TURNX0,001,FunnelBloodySiegeArm,EXVS2,FunnelFlySword,0x14140CE08,977,0x220,12,0;2;28;43;69;76;78;79;81;84;89;91,0x14092A700,0x140F75740,0x1406A5B30,0x14094F070,0x1406A5980,0x1406A57D0,0x14094E100,0x140F51A60,0x140F51970,0x140F40ED0,.?AVCUnitTaskAutomata_010TURNAG_002TURNX0_001_FunnelBloodySiegeArm@EXVS2@@|.?AVCUnitTaskAutomata_010TURNAG_002TURNX0_001_FunnelBase@EXVS2@@|.?AVCUnitTaskAutomataFunnelFlySword@GAM@VDK@@|.?AVCUnitTaskAutomataFunnelMawarikomi@GAM@VDK@@|.?AVCUnitTaskAutomataFunnelFly@GAM@VDK@@|.?AVCUnitTaskAutomataFunnel@GAM@VDK@@|.?AVCUnitTaskAutomataRadiconParentActor@GAM@VDK@@|.?AVCUnitTaskAutomataRadicon@GAM@VDK@@
010TURNAG,002TURNX0,001,FunnelBloodySiegeMune,EXVS2,FunnelFlySword,0x14140CAE0,977,0x220,14,0;2;28;43;69;73;76;78;79;81;84;88;89;91,0x14092A700,0x140F75740,0x1406A5B30,0x14094F070,0x1406A5980,0x1406A57D0,0x14094E100,0x140F51950,0x140F51820,0x140F518D0,.?AVCUnitTaskAutomata_010TURNAG_002TURNX0_001_FunnelBloodySiegeMune@EXVS2@@|.?AVCUnitTaskAutomata_010TURNAG_002TURNX0_001_FunnelBase@EXVS2@@|.?AVCUnitTaskAutomataFunnelFlySword@GAM@VDK@@|.?AVCUnitTaskAutomataFunnelMawarikomi@GAM@VDK@@|.?AVCUnitTaskAutomataFunnelFly@GAM@VDK@@|.?AVCUnitTaskAutomataFunnel@GAM@VDK@@|.?AVCUnitTaskAutomataRadiconParentActor@GAM@VDK@@|.?AVCUnitTaskAutomataRadicon@GAM@VDK@@
010TURNAG,002TURNX0,001,FunnelFly,EXVS2,FunnelFlySword,0x14140D130,977,0x220,15,0;2;12;28;43;52;69;76;78;79;81;84;87;89;91,0x14092A700,0x140F75740,0x140F89630,0x14094F070,0x1406A5980,0x1406A57D0,0x14094E100,0x140F51CC0,0x140F51A80,0x140E2BFD0,.?AVCUnitTaskAutomata_010TURNAG_002TURNX0_001_FunnelFly@EXVS2@@|.?AVCUnitTaskAutomata_010TURNAG_002TURNX0_001_FunnelBase@EXVS2@@|.?AVCUnitTaskAutomataFunnelFlySword@GAM@VDK@@|.?AVCUnitTaskAutomataFunnelMawarikomi@GAM@VDK@@|.?AVCUnitTaskAutomataFunnelFly@GAM@VDK@@|.?AVCUnitTaskAutomataFunnel@GAM@VDK@@|.?AVCUnitTaskAutomataRadiconParentActor@GAM@VDK@@|.?AVCUnitTaskAutomataRadicon@GAM@VDK@@
010TURNAG,002TURNX0,001,FunnelPunch,EXVS2,FunnelFlySword,0x14140D458,977,0x220,15,0;2;28;43;52;69;73;76;78;79;81;84;87;89;91,0x14092A700,0x140F75740,0x1406A5B30,0x14094F070,0x1406A5980,0x1406A57D0,0x14094E100,0x140F51CC0,0x140F51B00,0x140E2BFD0,.?AVCUnitTaskAutomata_010TURNAG_002TURNX0_001_FunnelPunch@EXVS2@@|.?AVCUnitTaskAutomata_010TURNAG_002TURNX0_001_FunnelBase@EXVS2@@|.?AVCUnitTaskAutomataFunnelFlySword@GAM@VDK@@|.?AVCUnitTaskAutomataFunnelMawarikomi@GAM@VDK@@|.?AVCUnitTaskAutomataFunnelFly@GAM@VDK@@|.?AVCUnitTaskAutomataFunnel@GAM@VDK@@|.?AVCUnitTaskAutomataRadiconParentActor@GAM@VDK@@|.?AVCUnitTaskAutomataRadicon@GAM@VDK@@
010TURNAG,002TURNX0,001,FunnelShot,EXVS2,FunnelFlySword,0x14140D780,977,0x230,12,0;2;28;43;69;76;78;79;81;84;89;91,0x14092A700,0x140F75740,0x1406A5B30,0x14094F070,0x1406A5980,0x1406A57D0,0x14094EBB0,0x140F51D40,0x140F51CD0,0x140E2BFD0,.?AVCUnitTaskAutomata_010TURNAG_002TURNX0_001_FunnelShot@EXVS2@@|.?AVCUnitTaskAutomata_010TURNAG_002TURNX0_001_FunnelShotBase@EXVS2@@|.?AVCUnitTaskAutomata_010TURNAG_002TURNX0_001_FunnelBase@EXVS2@@|.?AVCUnitTaskAutomataFunnelFlySword@GAM@VDK@@|.?AVCUnitTaskAutomataFunnelMawarikomi@GAM@VDK@@|.?AVCUnitTaskAutomataFunnelFly@GAM@VDK@@|.?AVCUnitTaskAutomataFunnel@GAM@VDK@@|.?AVCUnitTaskAutomataRadiconParentActor@GAM@VDK@@
010TURNAG,002TURNX0,001,FunnelShotMahiroo,EXVS2,FunnelFlySword,0x14140DDD0,977,0x220,15,0;2;12;28;43;52;69;76;78;79;81;84;87;89;91,0x14092A700,0x140F75740,0x140F89630,0x14094F070,0x1406A5980,0x1406A57D0,0x14094E100,0x140F51E00,0x140F51DA0,0x140E2BFD0,.?AVCUnitTaskAutomata_010TURNAG_002TURNX0_001_FunnelShotMahiroo@EXVS2@@|.?AVCUnitTaskAutomata_010TURNAG_002TURNX0_001_FunnelBase@EXVS2@@|.?AVCUnitTaskAutomataFunnelFlySword@GAM@VDK@@|.?AVCUnitTaskAutomataFunnelMawarikomi@GAM@VDK@@|.?AVCUnitTaskAutomataFunnelFly@GAM@VDK@@|.?AVCUnitTaskAutomataFunnel@GAM@VDK@@|.?AVCUnitTaskAutomataRadiconParentActor@GAM@VDK@@|.?AVCUnitTaskAutomataRadicon@GAM@VDK@@
010TURNAG,002TURNX0,001,Mahiroo,EXVS2,Summon,0x14140E0F8,465,0x290,19,0;2;11;18;21;30;42;46;72;73;74;78;79;80;81;84;87;88;90,0x14092A100,0x140E345B0,0x1406A5B30,0x1406A5170,0x1406A5980,0x1406A57D0,0x14094E520,0x140F52030,0x140F51EA0,0x140F51FD0,.?AVCUnitTaskAutomata_010TURNAG_002TURNX0_001_Mahiroo@EXVS2@@|.?AVCUnitTaskAutomataSummon@GAM@VDK@@|.?AVCUnitTaskAutomataRadiconParentActor@GAM@VDK@@|.?AVCUnitTaskAutomataRadicon@GAM@VDK@@|.?AVCUnitTaskAutomataAbstract@GAM@VDK@@|.?AVCUnitTaskActorProjectileAbstract@GAM@VDK@@|.?AVCUnitTaskActorAbstract@GAM@VDK@@|.?AVCUnitTaskBattleAbstract@GAM@VDK@@
010TURNAG,002TURNX0,001,WireClaw,EXVS2,Anchor,0x14140DAA8,465,0x1E0,12,0;2;11;12;18;23;73;76;78;79;81;84,0x14092A700,0x140DE0460,0x140DE01B0,0x1406A5170,0x1406A5980,0x1406A57D0,0x14094DC60,0x140F51D70,0x140DE0130,0x140F40ED0,.?AVCUnitTaskAutomata_010TURNAG_002TURNX0_001_WireClaw@EXVS2@@|.?AVCUnitTaskAutomataAnchor@GAM@VDK@@|.?AVCUnitTaskAutomataRadiconParentActor@GAM@VDK@@|.?AVCUnitTaskAutomataRadicon@GAM@VDK@@|.?AVCUnitTaskAutomataAbstract@GAM@VDK@@|.?AVCUnitTaskActorProjectileAbstract@GAM@VDK@@|.?AVCUnitTaskActorAbstract@GAM@VDK@@|.?AVCUnitTaskBattleAbstract@GAM@VDK@@
010TURNAG,003GDSUMO,001,AssistSilversumoLaser,EXVS2,SummonRushShot,0x14140EDA8,465,0x2F0,19,0;2;12;18;21;30;42;46;69;72;73;78;79;80;81;84;87;88;90,0x14092A310,0x140DE1070,0x140DE1770,0x1406A5170,0x1406A5980,0x1406A57D0,0x14094E6F0,0x140F52570,0x140F524C0,0x140DE1820,.?AVCUnitTaskAutomata_010TURNAG_003GDSUMO_001_AssistSilversumoLaser@EXVS2@@|.?AVCUnitTaskAutomataSummonRushShot@GAM@VDK@@|.?AVCUnitTaskAutomataSummonRush@GAM@VDK@@|.?AVCUnitTaskAutomataSummon@GAM@VDK@@|.?AVCUnitTaskAutomataRadiconParentActor@GAM@VDK@@|.?AVCUnitTaskAutomataRadicon@GAM@VDK@@|.?AVCUnitTaskAutomataAbstract@GAM@VDK@@|.?AVCUnitTaskActorProjectileAbstract@GAM@VDK@@
010TURNAG,003GDSUMO,001,AssistSilversumoNagiharai,EXVS2,SummonRushShot,0x14140EA78,465,0x2F0,19,0;2;12;18;21;30;42;46;69;72;73;78;79;80;81;84;87;88;90,0x14092A310,0x140DE1070,0x140DE1770,0x1406A5170,0x1406A5980,0x1406A57D0,0x14094E6F0,0x140F52420,0x140F523C0,0x140DE1820,.?AVCUnitTaskAutomata_010TURNAG_003GDSUMO_001_AssistSilversumoNagiharai@EXVS2@@|.?AVCUnitTaskAutomataSummonRushShot@GAM@VDK@@|.?AVCUnitTaskAutomataSummonRush@GAM@VDK@@|.?AVCUnitTaskAutomataSummon@GAM@VDK@@|.?AVCUnitTaskAutomataRadiconParentActor@GAM@VDK@@|.?AVCUnitTaskAutomataRadicon@GAM@VDK@@|.?AVCUnitTaskAutomataAbstract@GAM@VDK@@|.?AVCUnitTaskActorProjectileAbstract@GAM@VDK@@
010TURNAG,003GDSUMO,001,AssistSumoRushUniverse,EXVS2,SummonRushAttackTaiatari,0x14140F0D8,465,0x320,18,0;2;18;21;30;42;46;72;73;78;79;80;81;84;86;87;88;90,0x14092A700,0x140DE1070,0x1406A5B30,0x1406A5170,0x1406A5980,0x1406A57D0,0x14094E630,0x140F526E0,0x140F525E0,0x140F52690,.?AVCUnitTaskAutomata_010TURNAG_003GDSUMO_001_AssistSumoRushUniverse@EXVS2@@|.?AVCUnitTaskAutomataSummonRushAttackTaiatari@GAM@VDK@@|.?AVCUnitTaskAutomataSummonRushAttack@GAM@VDK@@|.?AVCUnitTaskAutomataSummonRush@GAM@VDK@@|.?AVCUnitTaskAutomataSummon@GAM@VDK@@|.?AVCUnitTaskAutomataRadiconParentActor@GAM@VDK@@|.?AVCUnitTaskAutomataRadicon@GAM@VDK@@|.?AVCUnitTaskAutomataAbstract@GAM@VDK@@
010TURNAG,003GDSUMO,001,HissatsuSumo,EXVS2,FunnelMawarikomi,0x14140E750,977,0x210,12,0;2;28;43;69;78;79;81;84;87;88;90,0x14092A700,0x140F75740,0x1406A5B30,0x14094F070,0x1406A5980,0x1406A57D0,0x14094E050,0x140F52380,0x140F522A0,0x140DDCDC0,.?AVCUnitTaskAutomata_010TURNAG_003GDSUMO_001_HissatsuSumo@EXVS2@@|.?AVCUnitTaskAutomataFunnelMawarikomi@GAM@VDK@@|.?AVCUnitTaskAutomataFunnelFly@GAM@VDK@@|.?AVCUnitTaskAutomataFunnel@GAM@VDK@@|.?AVCUnitTaskAutomataRadiconParentActor@GAM@VDK@@|.?AVCUnitTaskAutomataRadicon@GAM@VDK@@|.?AVCUnitTaskAutomataAbstract@GAM@VDK@@|.?AVCUnitTaskActorProjectileAbstract@GAM@VDK@@
010TURNAG,003GDSUMO,001,SkirtPorori,EXVS2,FreeFall_Interaction,0x14140F408,465,0x1C0,10,0;2;22;49;78;79;81;84;87;89,0x14092A3E0,0x140F75740,0x1406A5B30,0x1406A5170,0x1406A5980,0x1406A57D0,0x14094DF60,0x140F52980,0x140DDCD60,0x140F52860,.?AVCUnitTaskAutomata_010TURNAG_003GDSUMO_001_SkirtPorori@EXVS2@@|.?AVCUnitTaskAutomataFreeFall_Interaction@GAM@VDK@@|.?AVCUnitTaskAutomataRadiconParentActor@GAM@VDK@@|.?AVCUnitTaskAutomataRadicon@GAM@VDK@@|.?AVCUnitTaskAutomataAbstract@GAM@VDK@@|.?AVCUnitTaskActorProjectileAbstract@GAM@VDK@@|.?AVCUnitTaskActorAbstract@GAM@VDK@@|.?AVCUnitTaskBattleAbstract@GAM@VDK@@
010TURNAG,003GDSUMO,001,SkirtThrow,EXVS2,Throw,0x14140E428,465,0x1C0,10,0;22;76;78;79;81;84;87;88;89,0x14092A3E0,0x1406A5BA0,0x1406A5B30,0x1406A5170,0x1406A5980,0x1406A57D0,0x14094E8C0,0x140F52270,0x140F52080,0x140DDCAC0,.?AVCUnitTaskAutomata_010TURNAG_003GDSUMO_001_SkirtThrow@EXVS2@@|.?AVCUnitTaskAutomataThrow@GAM@VDK@@|.?AVCUnitTaskAutomataRadiconParentActor@GAM@VDK@@|.?AVCUnitTaskAutomataRadicon@GAM@VDK@@|.?AVCUnitTaskAutomataAbstract@GAM@VDK@@|.?AVCUnitTaskActorProjectileAbstract@GAM@VDK@@|.?AVCUnitTaskActorAbstract@GAM@VDK@@|.?AVCUnitTaskBattleAbstract@GAM@VDK@@
010TURNAG,004KAPOOL,001,HammerShot,EXVS2,AnchorThrow,0x14140F730,465,0x1F0,14,0;2;11;12;18;23;72;73;76;78;79;81;84;87,0x14092A700,0x140DE0460,0x140DE0B10,0x1406A5170,0x1406A5980,0x1406A57D0,0x14094DCE0,0x140F52AF0,0x140F529B0,0x140F52A30,.?AVCUnitTaskAutomata_010TURNAG_004KAPOOL_001_HammerShot@EXVS2@@|.?AVCUnitTaskAutomataAnchorThrow@GAM@VDK@@|.?AVCUnitTaskAutomataAnchorReturn@GAM@VDK@@|.?AVCUnitTaskAutomataAnchor@GAM@VDK@@|.?AVCUnitTaskAutomataRadiconParentActor@GAM@VDK@@|.?AVCUnitTaskAutomataRadicon@GAM@VDK@@|.?AVCUnitTaskAutomataAbstract@GAM@VDK@@|.?AVCUnitTaskActorProjectileAbstract@GAM@VDK@@
010TURNAG,005CRNKPL,001,StickerDash,EXVS2,StickerLaunchBone,0x1414100A8,465,0x1C0,10,0;2;12;71;78;79;81;84;88;91,0x14092A700,0x140F52FA0,0x140F52F60,0x1406A5170,0x1406A5980,0x1406A57D0,0x14094E4D0,0x140F53000,0x140F52EE0,0x140F52FD0,.?AVCUnitTaskAutomata_010TURNAG_005CRNKPL_001_StickerDash@EXVS2@@|.?AVCUnitTaskAutomataStickerLaunchBone@GAM@VDK@@|.?AVCUnitTaskAutomataSticker@GAM@VDK@@|.?AVCUnitTaskAutomataRadiconParentActor@GAM@VDK@@|.?AVCUnitTaskAutomataRadicon@GAM@VDK@@|.?AVCUnitTaskAutomataAbstract@GAM@VDK@@|.?AVCUnitTaskActorProjectileAbstract@GAM@VDK@@|.?AVCUnitTaskActorAbstract@GAM@VDK@@
010TURNAG,005CRNKPL,001,StickerHissatsu,EXVS2,StickerLaunchBone,0x141410718,465,0x1C0,10,0;2;12;71;78;79;81;84;88;91,0x14092A700,0x140DDD100,0x140F52F60,0x1406A5170,0x1406A5980,0x1406A57D0,0x14094E4D0,0x140F53420,0x140F53450,0x140F52FD0,.?AVCUnitTaskAutomata_010TURNAG_005CRNKPL_001_StickerHissatsu@EXVS2@@|.?AVCUnitTaskAutomataStickerLaunchBone@GAM@VDK@@|.?AVCUnitTaskAutomataSticker@GAM@VDK@@|.?AVCUnitTaskAutomataRadiconParentActor@GAM@VDK@@|.?AVCUnitTaskAutomataRadicon@GAM@VDK@@|.?AVCUnitTaskAutomataAbstract@GAM@VDK@@|.?AVCUnitTaskActorProjectileAbstract@GAM@VDK@@|.?AVCUnitTaskActorAbstract@GAM@VDK@@
010TURNAG,005CRNKPL,001,StickerHumituke,EXVS2,StickerLaunchBone,0x1414103E0,465,0x1C0,10,0;2;12;71;78;79;81;84;88;91,0x14092A080,0x140DDD100,0x140F531A0,0x1406A5170,0x1406A5980,0x1406A57D0,0x14094E4D0,0x140F53420,0x140F53030,0x140F52FD0,.?AVCUnitTaskAutomata_010TURNAG_005CRNKPL_001_StickerHumituke@EXVS2@@|.?AVCUnitTaskAutomataStickerLaunchBone@GAM@VDK@@|.?AVCUnitTaskAutomataSticker@GAM@VDK@@|.?AVCUnitTaskAutomataRadiconParentActor@GAM@VDK@@|.?AVCUnitTaskAutomataRadicon@GAM@VDK@@|.?AVCUnitTaskAutomataAbstract@GAM@VDK@@|.?AVCUnitTaskActorProjectileAbstract@GAM@VDK@@|.?AVCUnitTaskActorAbstract@GAM@VDK@@
010TURNAG,005CRNKPL,001,ThrowMiashei,EXVS2,ThrowMortar,0x14140FA58,465,0x1C0,14,0;2;22;76;78;79;81;82;84;87;88;89;90;91,0x14092A3E0,0x140F75740,0x1406A5B30,0x1406A5170,0x1406A5980,0x1406A57D0,0x14094E8C0,0x140F52D60,0x140F52B40,0x140F52C60,.?AVCUnitTaskAutomata_010TURNAG_005CRNKPL_001_ThrowMiashei@EXVS2@@|.?AVCUnitTaskAutomataThrowMortar@GAM@VDK@@|.?AVCUnitTaskAutomataThrow@GAM@VDK@@|.?AVCUnitTaskAutomataRadiconParentActor@GAM@VDK@@|.?AVCUnitTaskAutomataRadicon@GAM@VDK@@|.?AVCUnitTaskAutomataAbstract@GAM@VDK@@|.?AVCUnitTaskActorProjectileAbstract@GAM@VDK@@|.?AVCUnitTaskActorAbstract@GAM@VDK@@
010TURNAG,005CRNKPL,001,ThrowRocketpunch,EXVS2,Throw,0x14140FD80,465,0x1C0,9,0;22;76;78;79;81;84;87;88,0x14092A3E0,0x1406A5BA0,0x1406A5B30,0x1406A5170,0x1406A5980,0x1406A57D0,0x14094E8C0,0x140F52EA0,0x140F52DA0,0x140DDCAC0,.?AVCUnitTaskAutomata_010TURNAG_005CRNKPL_001_ThrowRocketpunch@EXVS2@@|.?AVCUnitTaskAutomataThrow@GAM@VDK@@|.?AVCUnitTaskAutomataRadiconParentActor@GAM@VDK@@|.?AVCUnitTaskAutomataRadicon@GAM@VDK@@|.?AVCUnitTaskAutomataAbstract@GAM@VDK@@|.?AVCUnitTaskActorProjectileAbstract@GAM@VDK@@|.?AVCUnitTaskActorAbstract@GAM@VDK@@|.?AVCUnitTaskBattleAbstract@GAM@VDK@@
010TURNAG,005CRNKPL,001,Winlose,EXVS2,PutObj,0x141410A50,465,0x1D0,9,0;2;78;79;80;81;84;88;90,0x14092A040,0x140F76310,0x1406A5B30,0x1406A5170,0x1406A5980,0x1406A57D0,0x14094E380,0x140F535F0,0x140DDCC00,0x140E28260,.?AVCUnitTaskAutomata_010TURNAG_005CRNKPL_001_Winlose@EXVS2@@|.?AVCUnitTaskAutomataPutObj@GAM@VDK@@|.?AVCUnitTaskAutomataRadiconParentActor@GAM@VDK@@|.?AVCUnitTaskAutomataRadicon@GAM@VDK@@|.?AVCUnitTaskAutomataAbstract@GAM@VDK@@|.?AVCUnitTaskActorProjectileAbstract@GAM@VDK@@|.?AVCUnitTaskActorAbstract@GAM@VDK@@|.?AVCUnitTaskBattleAbstract@GAM@VDK@@
012POCKET,002ZAK2FZ,001,AssistLinebombContainer,EXVS2,SummonRush,0x1414113A0,465,0x2C0,17,0;2;18;21;30;42;46;72;73;78;79;80;81;84;87;88;90,0x14092A700,0x140DE1070,0x1406A5B30,0x1406A5170,0x1406A5980,0x1406A57D0,0x14094E5B0,0x140F54020,0x140F53FC0,0x140E28260,.?AVCUnitTaskAutomata_012POCKET_002ZAK2FZ_001_AssistLinebombContainer@EXVS2@@|.?AVCUnitTaskAutomataSummonRush@GAM@VDK@@|.?AVCUnitTaskAutomataSummon@GAM@VDK@@|.?AVCUnitTaskAutomataRadiconParentActor@GAM@VDK@@|.?AVCUnitTaskAutomataRadicon@GAM@VDK@@|.?AVCUnitTaskAutomataAbstract@GAM@VDK@@|.?AVCUnitTaskActorProjectileAbstract@GAM@VDK@@|.?AVCUnitTaskActorAbstract@GAM@VDK@@
012POCKET,002ZAK2FZ,001,GrenadeThrow,EXVS2,Radicon,0x141410D78,209,0x150,21,0;2;12;21;28;54;55;72;77;78;79;80;81;84;87;88;95;96;97;98;99,0x14092A0C0,0x14066DAA0,0x140F53A70,0x14066D8F0,0x14066E870,0x14066E860,0x14066D6D0,0x140F53C20,0x140F53730,0x140F53BF0,.?AVCUnitTaskAutomata_012POCKET_002ZAK2FZ_001_GrenadeThrow@EXVS2@@|.?AVCUnitTaskAutomataRadicon@GAM@VDK@@|.?AVCUnitTaskAutomataAbstract@GAM@VDK@@|.?AVCUnitTaskActorProjectileAbstract@GAM@VDK@@|.?AVCUnitTaskActorAbstract@GAM@VDK@@|.?AVCUnitTaskBattleAbstract@GAM@VDK@@|.?AVCUnitTaskAbstract@FWK@VDK@@|.?AVCTaskEntityActAbstract@DEV@VDK@@
012POCKET,002ZAK2FZ,001,LineBombThrow,EXVS2,ThrowMortar,0x1414116D0,465,0x1C0,11,0;22;76;78;79;81;82;84;87;88;91,0x14092A3E0,0x1406A5BA0,0x1406A5B30,0x1406A5170,0x1406A5980,0x1406A57D0,0x14094E8C0,0x140F540D0,0x140F54070,0x140F41EF0,.?AVCUnitTaskAutomata_012POCKET_002ZAK2FZ_001_LineBombThrow@EXVS2@@|.?AVCUnitTaskAutomataThrowMortar@GAM@VDK@@|.?AVCUnitTaskAutomataThrow@GAM@VDK@@|.?AVCUnitTaskAutomataRadiconParentActor@GAM@VDK@@|.?AVCUnitTaskAutomataRadicon@GAM@VDK@@|.?AVCUnitTaskAutomataAbstract@GAM@VDK@@|.?AVCUnitTaskActorProjectileAbstract@GAM@VDK@@|.?AVCUnitTaskActorAbstract@GAM@VDK@@
012POCKET,002ZAK2FZ,001,Santa,EXVS2,Throw,0x141411078,465,0x1C0,11,0;22;76;78;79;81;84;86;87;88;89,0x14092A3E0,0x1406A5BA0,0x1406A5B30,0x1406A5170,0x1406A5980,0x1406A57D0,0x14094E8C0,0x140F53F70,0x140F53CD0,0x140F53E90,.?AVCUnitTaskAutomata_012POCKET_002ZAK2FZ_001_Santa@EXVS2@@|.?AVCUnitTaskAutomataThrow@GAM@VDK@@|.?AVCUnitTaskAutomataRadiconParentActor@GAM@VDK@@|.?AVCUnitTaskAutomataRadicon@GAM@VDK@@|.?AVCUnitTaskAutomataAbstract@GAM@VDK@@|.?AVCUnitTaskActorProjectileAbstract@GAM@VDK@@|.?AVCUnitTaskActorAbstract@GAM@VDK@@|.?AVCUnitTaskBattleAbstract@GAM@VDK@@
012POCKET,004KAMPFR,001,ChainMine,EXVS2,Sticker,0x1414119F8,465,0x1C0,8,0;2;78;79;81;84;88;91,0x14092A700,0x140DDD100,0x1406A5B30,0x1406A5170,0x1406A5980,0x1406A57D0,0x14094E4D0,0x140F541F0,0x140F54110,0x140E28260,.?AVCUnitTaskAutomata_012POCKET_004KAMPFR_001_ChainMine@EXVS2@@|.?AVCUnitTaskAutomataSticker@GAM@VDK@@|.?AVCUnitTaskAutomataRadiconParentActor@GAM@VDK@@|.?AVCUnitTaskAutomataRadicon@GAM@VDK@@|.?AVCUnitTaskAutomataAbstract@GAM@VDK@@|.?AVCUnitTaskActorProjectileAbstract@GAM@VDK@@|.?AVCUnitTaskActorAbstract@GAM@VDK@@|.?AVCUnitTaskBattleAbstract@GAM@VDK@@
012POCKET,004KAMPFR,001,PororiChainmine,EXVS2,FreeFall,0x141411D30,465,0x1C0,12,0;2;22;25;49;78;79;81;84;88;89;90,0x14092A3E0,0x140F543E0,0x1406A5B30,0x1406A5170,0x1406A5980,0x1406A57D0,0x14094DF60,0x140E09870,0x140DDC810,0x140DDC890,.?AVCUnitTaskAutomata_012POCKET_004KAMPFR_001_PororiChainmine@EXVS2@@|.?AVCUnitTaskAutomataFreeFall@GAM@VDK@@|.?AVCUnitTaskAutomataRadiconParentActor@GAM@VDK@@|.?AVCUnitTaskAutomataRadicon@GAM@VDK@@|.?AVCUnitTaskAutomataAbstract@GAM@VDK@@|.?AVCUnitTaskActorProjectileAbstract@GAM@VDK@@|.?AVCUnitTaskActorAbstract@GAM@VDK@@|.?AVCUnitTaskBattleAbstract@GAM@VDK@@
012POCKET,004KAMPFR,001,PororiStrumfaust,EXVS2,FreeFall,0x141412058,465,0x1C0,11,0;2;22;25;49;78;79;81;84;88;89,0x14092A3E0,0x140F543E0,0x1406A5B30,0x1406A5170,0x1406A5980,0x1406A57D0,0x14094DF60,0x140F543F0,0x140DDC810,0x140DDC890,.?AVCUnitTaskAutomata_012POCKET_004KAMPFR_001_PororiStrumfaust@EXVS2@@|.?AVCUnitTaskAutomataFreeFall@GAM@VDK@@|.?AVCUnitTaskAutomataRadiconParentActor@GAM@VDK@@|.?AVCUnitTaskAutomataRadicon@GAM@VDK@@|.?AVCUnitTaskAutomataAbstract@GAM@VDK@@|.?AVCUnitTaskActorProjectileAbstract@GAM@VDK@@|.?AVCUnitTaskActorAbstract@GAM@VDK@@|.?AVCUnitTaskBattleAbstract@GAM@VDK@@
013GNDMSM,001GP01FB,001,BParts,EXVS2,RadiconParentActor,0x141412380,465,0x1B0,8,0;2;18;79;81;84;88;90,0x14092A3E0,0x140F75740,0x1406A5B30,0x1406A5170,0x1406A5980,0x1406A57D0,0x1406A50D0,0x140F54510,0x140F54400,0x140F6F850,.?AVCUnitTaskAutomata_013GNDMSM_001GP01FB_001_BParts@EXVS2@@|.?AVCUnitTaskAutomataRadiconParentActor@GAM@VDK@@|.?AVCUnitTaskAutomataRadicon@GAM@VDK@@|.?AVCUnitTaskAutomataAbstract@GAM@VDK@@|.?AVCUnitTaskActorProjectileAbstract@GAM@VDK@@|.?AVCUnitTaskActorAbstract@GAM@VDK@@|.?AVCUnitTaskBattleAbstract@GAM@VDK@@|.?AVCUnitTaskAbstract@FWK@VDK@@
013GNDMSM,001GP01FB,001,Bpartsbomb,EXVS2,RadiconParentActor,0x1414126A8,465,0x1B0,9,0;2;18;74;79;81;84;88;90,0x14092A3E0,0x140F75740,0x1406A5B30,0x1406A5170,0x1406A5980,0x1406A57D0,0x1406A50D0,0x140F547B0,0x140F54650,0x140F6F850,.?AVCUnitTaskAutomata_013GNDMSM_001GP01FB_001_Bpartsbomb@EXVS2@@|.?AVCUnitTaskAutomataRadiconParentActor@GAM@VDK@@|.?AVCUnitTaskAutomataRadicon@GAM@VDK@@|.?AVCUnitTaskAutomataAbstract@GAM@VDK@@|.?AVCUnitTaskActorProjectileAbstract@GAM@VDK@@|.?AVCUnitTaskActorAbstract@GAM@VDK@@|.?AVCUnitTaskBattleAbstract@GAM@VDK@@|.?AVCUnitTaskAbstract@FWK@VDK@@
013GNDMSM,003GRBRTT,001,AssistGelgoogmGrap,EXVS2,SummonRushAttackNormal,0x141412CF8,465,0x330,17,0;2;18;21;30;42;46;72;73;78;79;80;81;84;87;88;90,0x14092A700,0x140DE1070,0x1406A5B30,0x1406A5170,0x1406A5980,0x1406A57D0,0x14094E5F0,0x140F54AA0,0x140F549F0,0x140DE1960,.?AVCUnitTaskAutomata_013GNDMSM_003GRBRTT_001_AssistGelgoogmGrap@EXVS2@@|.?AVCUnitTaskAutomataSummonRushAttackNormal@GAM@VDK@@|.?AVCUnitTaskAutomataSummonRushAttack@GAM@VDK@@|.?AVCUnitTaskAutomataSummonRush@GAM@VDK@@|.?AVCUnitTaskAutomataSummon@GAM@VDK@@|.?AVCUnitTaskAutomataRadiconParentActor@GAM@VDK@@|.?AVCUnitTaskAutomataRadicon@GAM@VDK@@|.?AVCUnitTaskAutomataAbstract@GAM@VDK@@
013GNDMSM,003GRBRTT,001,AssistGelgoogmShot,EXVS2,SummonRushShot,0x141413028,465,0x2F0,19,0;2;12;18;21;30;42;46;69;72;73;78;79;80;81;84;87;88;90,0x14092A310,0x140DE1070,0x140DE1770,0x1406A5170,0x1406A5980,0x1406A57D0,0x14094E6F0,0x140F54C70,0x140F54C10,0x140DE1820,.?AVCUnitTaskAutomata_013GNDMSM_003GRBRTT_001_AssistGelgoogmShot@EXVS2@@|.?AVCUnitTaskAutomataSummonRushShot@GAM@VDK@@|.?AVCUnitTaskAutomataSummonRush@GAM@VDK@@|.?AVCUnitTaskAutomataSummon@GAM@VDK@@|.?AVCUnitTaskAutomataRadiconParentActor@GAM@VDK@@|.?AVCUnitTaskAutomataRadicon@GAM@VDK@@|.?AVCUnitTaskAutomataAbstract@GAM@VDK@@|.?AVCUnitTaskActorProjectileAbstract@GAM@VDK@@
013GNDMSM,003GRBRTT,001,HissatsuGelgoogm,EXVS2,FunnelFlySword,0x1414129D0,977,0x220,13,0;2;28;43;69;76;78;79;81;84;87;88;91,0x14092A700,0x140F75740,0x1406A5B30,0x14094F070,0x1406A5980,0x1406A57D0,0x14094E100,0x140F549A0,0x140F547E0,0x140F54960,.?AVCUnitTaskAutomata_013GNDMSM_003GRBRTT_001_HissatsuGelgoogm@EXVS2@@|.?AVCUnitTaskAutomataFunnelFlySword@GAM@VDK@@|.?AVCUnitTaskAutomataFunnelMawarikomi@GAM@VDK@@|.?AVCUnitTaskAutomataFunnelFly@GAM@VDK@@|.?AVCUnitTaskAutomataFunnel@GAM@VDK@@|.?AVCUnitTaskAutomataRadiconParentActor@GAM@VDK@@|.?AVCUnitTaskAutomataRadicon@GAM@VDK@@|.?AVCUnitTaskAutomataAbstract@GAM@VDK@@
013GNDMSM,003GRBRTT,001,ThrowSaber,EXVS2,Throw,0x141413358,465,0x1C0,11,0;22;76;78;79;81;84;87;88;89;91,0x14092A3E0,0x1406A5BA0,0x1406A5B30,0x1406A5170,0x1406A5980,0x1406A57D0,0x14094E8C0,0x140F54E00,0x140F38FD0,0x140F39070,.?AVCUnitTaskAutomata_013GNDMSM_003GRBRTT_001_ThrowSaber@EXVS2@@|.?AVCUnitTaskAutomata_000COMMON_000COMMON_001_ThrowSaber@EXVS2@@|.?AVCUnitTaskAutomataThrow@GAM@VDK@@|.?AVCUnitTaskAutomataRadiconParentActor@GAM@VDK@@|.?AVCUnitTaskAutomataRadicon@GAM@VDK@@|.?AVCUnitTaskAutomataAbstract@GAM@VDK@@|.?AVCUnitTaskActorProjectileAbstract@GAM@VDK@@|.?AVCUnitTaskActorAbstract@GAM@VDK@@
013GNDMSM,004GNGP03,001,AssistContainerL,EXVS2,SummonRushShot,0x141414008,465,0x2F0,19,0;2;12;18;21;30;42;46;69;72;73;78;79;80;81;84;87;88;90,0x14092A310,0x140DE1070,0x140DE1770,0x1406A5170,0x1406A5980,0x1406A57D0,0x14094E6F0,0x140F552D0,0x140F55210,0x140DE1820,.?AVCUnitTaskAutomata_013GNDMSM_004GNGP03_001_AssistContainerL@EXVS2@@|.?AVCUnitTaskAutomataSummonRushShot@GAM@VDK@@|.?AVCUnitTaskAutomataSummonRush@GAM@VDK@@|.?AVCUnitTaskAutomataSummon@GAM@VDK@@|.?AVCUnitTaskAutomataRadiconParentActor@GAM@VDK@@|.?AVCUnitTaskAutomataRadicon@GAM@VDK@@|.?AVCUnitTaskAutomataAbstract@GAM@VDK@@|.?AVCUnitTaskActorProjectileAbstract@GAM@VDK@@
013GNDMSM,004GNGP03,001,AssistContainerR,EXVS2,SummonRushShot,0x141414338,465,0x2F0,19,0;2;12;18;21;30;42;46;69;72;73;78;79;80;81;84;87;88;90,0x14092A310,0x140DE1070,0x140DE1770,0x1406A5170,0x1406A5980,0x1406A57D0,0x14094E6F0,0x140F552D0,0x140F55270,0x140DE1820,.?AVCUnitTaskAutomata_013GNDMSM_004GNGP03_001_AssistContainerR@EXVS2@@|.?AVCUnitTaskAutomataSummonRushShot@GAM@VDK@@|.?AVCUnitTaskAutomataSummonRush@GAM@VDK@@|.?AVCUnitTaskAutomataSummon@GAM@VDK@@|.?AVCUnitTaskAutomataRadiconParentActor@GAM@VDK@@|.?AVCUnitTaskAutomataRadicon@GAM@VDK@@|.?AVCUnitTaskAutomataAbstract@GAM@VDK@@|.?AVCUnitTaskActorProjectileAbstract@GAM@VDK@@
013GNDMSM,004GNGP03,001,BakuhuuExploder,EXVS2,RadiconParentActor,0x141413CE0,465,0x1B0,6,0;2;58;79;81;84,0x14092A700,0x140F551B0,0x1406A5B30,0x1406A5170,0x1406A5980,0x1406A57D0,0x1406A50D0,0x140F551F0,0x140F54FC0,0x140F41EF0,.?AVCUnitTaskAutomata_013GNDMSM_004GNGP03_001_BakuhuuExploder@EXVS2@@|.?AVCUnitTaskAutomataRadiconParentActor@GAM@VDK@@|.?AVCUnitTaskAutomataRadicon@GAM@VDK@@|.?AVCUnitTaskAutomataAbstract@GAM@VDK@@|.?AVCUnitTaskActorProjectileAbstract@GAM@VDK@@|.?AVCUnitTaskActorAbstract@GAM@VDK@@|.?AVCUnitTaskBattleAbstract@GAM@VDK@@|.?AVCUnitTaskAbstract@FWK@VDK@@
013GNDMSM,004GNGP03,001,FreeFallFuta,EXVS2,FreeFall,0x141414668,465,0x1C0,10,0;2;22;25;49;78;79;81;84;89,0x14092A3E0,0x140F76310,0x1406A5B30,0x1406A5170,0x1406A5980,0x1406A57D0,0x14094DF60,0x140F55300,0x140DDC810,0x140DDC890,.?AVCUnitTaskAutomata_013GNDMSM_004GNGP03_001_FreeFallFuta@EXVS2@@|.?AVCUnitTaskAutomataFreeFall@GAM@VDK@@|.?AVCUnitTaskAutomataRadiconParentActor@GAM@VDK@@|.?AVCUnitTaskAutomataRadicon@GAM@VDK@@|.?AVCUnitTaskAutomataAbstract@GAM@VDK@@|.?AVCUnitTaskActorProjectileAbstract@GAM@VDK@@|.?AVCUnitTaskActorAbstract@GAM@VDK@@|.?AVCUnitTaskBattleAbstract@GAM@VDK@@
013GNDMSM,004GNGP03,001,StickerBakudousakuRoot,EXVS2,Sticker,0x141413680,465,0x1C0,7,0;2;78;79;81;84;91,0x14092A700,0x140DDD100,0x1406A5B30,0x1406A5170,0x1406A5980,0x1406A57D0,0x14094E4D0,0x140F54EB0,0x140DDCFB0,0x140E28260,.?AVCUnitTaskAutomata_013GNDMSM_004GNGP03_001_StickerBakudousakuRoot@EXVS2@@|.?AVCUnitTaskAutomataSticker@GAM@VDK@@|.?AVCUnitTaskAutomataRadiconParentActor@GAM@VDK@@|.?AVCUnitTaskAutomataRadicon@GAM@VDK@@|.?AVCUnitTaskAutomataAbstract@GAM@VDK@@|.?AVCUnitTaskActorProjectileAbstract@GAM@VDK@@|.?AVCUnitTaskActorAbstract@GAM@VDK@@|.?AVCUnitTaskBattleAbstract@GAM@VDK@@
013GNDMSM,004GNGP03,001,ThrowBakudousakuHead,EXVS2,Throw,0x1414139B8,465,0x1C0,10,0;2;22;76;78;79;81;84;87;88,0x14092A3E0,0x140F76310,0x1406A5B30,0x1406A5170,0x1406A5980,0x1406A57D0,0x14094E8C0,0x140F54F90,0x140F54F40,0x140F41EF0,.?AVCUnitTaskAutomata_013GNDMSM_004GNGP03_001_ThrowBakudousakuHead@EXVS2@@|.?AVCUnitTaskAutomataThrow@GAM@VDK@@|.?AVCUnitTaskAutomataRadiconParentActor@GAM@VDK@@|.?AVCUnitTaskAutomataRadicon@GAM@VDK@@|.?AVCUnitTaskAutomataAbstract@GAM@VDK@@|.?AVCUnitTaskActorProjectileAbstract@GAM@VDK@@|.?AVCUnitTaskActorAbstract@GAM@VDK@@|.?AVCUnitTaskBattleAbstract@GAM@VDK@@
013GNDMSM,004GNGP03,001,ThrowCluster,EXVS2,Throw,0x141414990,465,0x1C0,11,0;2;22;76;78;79;81;84;87;88;89,0x14092A3E0,0x140F75740,0x1406A5B30,0x1406A5170,0x1406A5980,0x1406A57D0,0x14094E8C0,0x140F55510,0x140F55390,0x140F44FB0,.?AVCUnitTaskAutomata_013GNDMSM_004GNGP03_001_ThrowCluster@EXVS2@@|.?AVCUnitTaskAutomataThrow@GAM@VDK@@|.?AVCUnitTaskAutomataRadiconParentActor@GAM@VDK@@|.?AVCUnitTaskAutomataRadicon@GAM@VDK@@|.?AVCUnitTaskAutomataAbstract@GAM@VDK@@|.?AVCUnitTaskActorProjectileAbstract@GAM@VDK@@|.?AVCUnitTaskActorAbstract@GAM@VDK@@|.?AVCUnitTaskBattleAbstract@GAM@VDK@@
013GNDMSM,004GNGP03,001,ThrowMicroSet,EXVS2,Throw,0x141414FE0,465,0x1C0,12,0;2;22;52;76;78;79;81;84;87;88;89,0x14092A3E0,0x140F75740,0x1406A5B30,0x1406A5170,0x1406A5980,0x1406A57D0,0x14094E8C0,0x140F557C0,0x140F55700,0x140F44FB0,.?AVCUnitTaskAutomata_013GNDMSM_004GNGP03_001_ThrowMicroSet@EXVS2@@|.?AVCUnitTaskAutomataThrow@GAM@VDK@@|.?AVCUnitTaskAutomataRadiconParentActor@GAM@VDK@@|.?AVCUnitTaskAutomataRadicon@GAM@VDK@@|.?AVCUnitTaskAutomataAbstract@GAM@VDK@@|.?AVCUnitTaskActorProjectileAbstract@GAM@VDK@@|.?AVCUnitTaskActorAbstract@GAM@VDK@@|.?AVCUnitTaskBattleAbstract@GAM@VDK@@
013GNDMSM,004GNGP03,001,ThrowMissile,EXVS2,Throw,0x141414CB8,465,0x1C0,10,0;22;76;78;79;81;84;87;88;89,0x14092A3E0,0x1406A5BA0,0x1406A5B30,0x1406A5170,0x1406A5980,0x1406A57D0,0x14094E8C0,0x140F55660,0x140DDC8E0,0x140F55540,.?AVCUnitTaskAutomata_013GNDMSM_004GNGP03_001_ThrowMissile@EXVS2@@|.?AVCUnitTaskAutomataThrow@GAM@VDK@@|.?AVCUnitTaskAutomataRadiconParentActor@GAM@VDK@@|.?AVCUnitTaskAutomataRadicon@GAM@VDK@@|.?AVCUnitTaskAutomataAbstract@GAM@VDK@@|.?AVCUnitTaskActorProjectileAbstract@GAM@VDK@@|.?AVCUnitTaskActorAbstract@GAM@VDK@@|.?AVCUnitTaskBattleAbstract@GAM@VDK@@
013GNDMSM,004GNGP03,001,ThrowOrchis,EXVS2,Throw,0x141415318,465,0x1C0,10,0;22;76;78;79;81;84;87;88;89,0x14092A3E0,0x1406A5BA0,0x1406A5B30,0x1406A5170,0x1406A5980,0x1406A57D0,0x14094E8C0,0x140F55A40,0x140F55860,0x140F41EF0,.?AVCUnitTaskAutomata_013GNDMSM_004GNGP03_001_ThrowOrchis@EXVS2@@|.?AVCUnitTaskAutomataThrow@GAM@VDK@@|.?AVCUnitTaskAutomataRadiconParentActor@GAM@VDK@@|.?AVCUnitTaskAutomataRadicon@GAM@VDK@@|.?AVCUnitTaskAutomataAbstract@GAM@VDK@@|.?AVCUnitTaskActorProjectileAbstract@GAM@VDK@@|.?AVCUnitTaskActorAbstract@GAM@VDK@@|.?AVCUnitTaskBattleAbstract@GAM@VDK@@
014GNDM00,001GNEXIA,001,GnBlade,EXVS2,Boomerang,0x141647A58,465,0x1C0,11,0;12;73;78;79;81;84;87;88;89;91,0x14092A700,0x1406A5BA0,0x140DDD470,0x1406A5170,0x1406A5980,0x1406A57D0,0x14094DF10,0x140F55D30,0x140DDD2D0,0x140DDCAC0,.?AVCUnitTaskAutomata_014GNDM00_001GNEXIA_001_GnBlade@EXVS2@@|.?AVCUnitTaskAutomataBoomerang@GAM@VDK@@|.?AVCUnitTaskAutomataRadiconParentActor@GAM@VDK@@|.?AVCUnitTaskAutomataRadicon@GAM@VDK@@|.?AVCUnitTaskAutomataAbstract@GAM@VDK@@|.?AVCUnitTaskActorProjectileAbstract@GAM@VDK@@|.?AVCUnitTaskActorAbstract@GAM@VDK@@|.?AVCUnitTaskBattleAbstract@GAM@VDK@@
014GNDM00,001GNEXIA,001,GnDagger,EXVS2,Throw,0x141415648,465,0x1C0,11,0;22;76;78;79;81;84;87;88;89;91,0x14092A3E0,0x1406A5BA0,0x1406A5B30,0x1406A5170,0x1406A5980,0x1406A57D0,0x14094E8C0,0x140F562C0,0x140F55AE0,0x140DDCAC0,.?AVCUnitTaskAutomata_014GNDM00_001GNEXIA_001_GnDagger@EXVS2@@|.?AVCUnitTaskAutomataThrow@GAM@VDK@@|.?AVCUnitTaskAutomataRadiconParentActor@GAM@VDK@@|.?AVCUnitTaskAutomataRadicon@GAM@VDK@@|.?AVCUnitTaskAutomataAbstract@GAM@VDK@@|.?AVCUnitTaskActorProjectileAbstract@GAM@VDK@@|.?AVCUnitTaskActorAbstract@GAM@VDK@@|.?AVCUnitTaskBattleAbstract@GAM@VDK@@
014GNDM00,001GNEXIA,001,PurgeGnArmor,EXVS2,Throw,0x141415FD0,465,0x1C0,9,0;22;76;78;79;81;84;87;88,0x14092A3E0,0x1406A5BA0,0x1406A5B30,0x1406A5170,0x1406A5980,0x1406A57D0,0x14094E8C0,0x140F56020,0x140F55FA0,0x140F55FF0,.?AVCUnitTaskAutomata_014GNDM00_001GNEXIA_001_PurgeGnArmor@EXVS2@@|.?AVCUnitTaskAutomataThrow@GAM@VDK@@|.?AVCUnitTaskAutomataRadiconParentActor@GAM@VDK@@|.?AVCUnitTaskAutomataRadicon@GAM@VDK@@|.?AVCUnitTaskAutomataAbstract@GAM@VDK@@|.?AVCUnitTaskActorProjectileAbstract@GAM@VDK@@|.?AVCUnitTaskActorAbstract@GAM@VDK@@|.?AVCUnitTaskBattleAbstract@GAM@VDK@@
014GNDM00,001GNEXIA,001,StickerGnArmor,EXVS2,Sticker,0x141415C98,465,0x1C0,7,0;2;78;79;81;84;91,0x14092A700,0x140DDD100,0x1406A5B30,0x1406A5170,0x1406A5980,0x1406A57D0,0x14094E4D0,0x140F55F00,0x140F55E80,0x140E28260,.?AVCUnitTaskAutomata_014GNDM00_001GNEXIA_001_StickerGnArmor@EXVS2@@|.?AVCUnitTaskAutomataSticker@GAM@VDK@@|.?AVCUnitTaskAutomataRadiconParentActor@GAM@VDK@@|.?AVCUnitTaskAutomataRadicon@GAM@VDK@@|.?AVCUnitTaskAutomataAbstract@GAM@VDK@@|.?AVCUnitTaskActorProjectileAbstract@GAM@VDK@@|.?AVCUnitTaskActorAbstract@GAM@VDK@@|.?AVCUnitTaskBattleAbstract@GAM@VDK@@
014GNDM00,001GNEXIA,001,ThrowGnShortBlade,EXVS2,Throw,0x141415970,465,0x1C0,10,0;22;76;78;79;81;84;87;88;91,0x14092A3E0,0x1406A5BA0,0x1406A5B30,0x1406A5170,0x1406A5980,0x1406A57D0,0x14094E8C0,0x140F55E50,0x140F55DC0,0x140F55E10,.?AVCUnitTaskAutomata_014GNDM00_001GNEXIA_001_ThrowGnShortBlade@EXVS2@@|.?AVCUnitTaskAutomataThrow@GAM@VDK@@|.?AVCUnitTaskAutomataRadiconParentActor@GAM@VDK@@|.?AVCUnitTaskAutomataRadicon@GAM@VDK@@|.?AVCUnitTaskAutomataAbstract@GAM@VDK@@|.?AVCUnitTaskActorProjectileAbstract@GAM@VDK@@|.?AVCUnitTaskActorAbstract@GAM@VDK@@|.?AVCUnitTaskBattleAbstract@GAM@VDK@@
014GNDM00,002OOGNDM,001,GNDagger,EXVS2,Throw,0x1414162F8,465,0x1C0,11,0;22;76;78;79;81;84;87;88;89;91,0x14092A3E0,0x1406A5BA0,0x1406A5B30,0x1406A5170,0x1406A5980,0x1406A57D0,0x14094E8C0,0x140F562C0,0x140F560C0,0x140DDCAC0,.?AVCUnitTaskAutomata_014GNDM00_002OOGNDM_001_GNDagger@EXVS2@@|.?AVCUnitTaskAutomataThrow@GAM@VDK@@|.?AVCUnitTaskAutomataRadiconParentActor@GAM@VDK@@|.?AVCUnitTaskAutomataRadicon@GAM@VDK@@|.?AVCUnitTaskAutomataAbstract@GAM@VDK@@|.?AVCUnitTaskActorProjectileAbstract@GAM@VDK@@|.?AVCUnitTaskActorAbstract@GAM@VDK@@|.?AVCUnitTaskBattleAbstract@GAM@VDK@@
014GNDM00,002OOGNDM,001,GNSword,EXVS2,Throw,0x141416620,465,0x1C0,11,0;2;12;22;76;78;79;81;84;87;88,0x14092A3E0,0x140F76310,0x140F89630,0x1406A5170,0x1406A5980,0x1406A57D0,0x14094E8C0,0x140F56350,0x140DDC8E0,0x140DDCAC0,.?AVCUnitTaskAutomata_014GNDM00_002OOGNDM_001_GNSword@EXVS2@@|.?AVCUnitTaskAutomataThrow@GAM@VDK@@|.?AVCUnitTaskAutomataRadiconParentActor@GAM@VDK@@|.?AVCUnitTaskAutomataRadicon@GAM@VDK@@|.?AVCUnitTaskAutomataAbstract@GAM@VDK@@|.?AVCUnitTaskActorProjectileAbstract@GAM@VDK@@|.?AVCUnitTaskActorAbstract@GAM@VDK@@|.?AVCUnitTaskBattleAbstract@GAM@VDK@@
014GNDM00,002OOGNDM,001,ThrowBlade,EXVS2,ThrowBlade,0x141416948,465,0x1D0,11,0;2;22;76;78;79;81;84;87;88;89,0x14092A100,0x140DDE490,0x1406A5B30,0x1406A5170,0x1406A5980,0x1406A57D0,0x14094E910,0x140F56440,0x140F563E0,0x140F41EF0,.?AVCUnitTaskAutomata_014GNDM00_002OOGNDM_001_ThrowBlade@EXVS2@@|.?AVCUnitTaskAutomataThrowBlade@GAM@VDK@@|.?AVCUnitTaskAutomataThrow@GAM@VDK@@|.?AVCUnitTaskAutomataRadiconParentActor@GAM@VDK@@|.?AVCUnitTaskAutomataRadicon@GAM@VDK@@|.?AVCUnitTaskAutomataAbstract@GAM@VDK@@|.?AVCUnitTaskActorProjectileAbstract@GAM@VDK@@|.?AVCUnitTaskActorAbstract@GAM@VDK@@
014GNDM00,003SUSANO,001,BeamChakram,EXVS2,Throw,0x141416C70,465,0x1C0,11,0;2;22;76;78;79;81;84;87;88;89,0x14092A3E0,0x140F76310,0x1406A5B30,0x1406A5170,0x1406A5980,0x1406A57D0,0x14094E8C0,0x140F56560,0x140DDC8E0,0x140DDCAC0,.?AVCUnitTaskAutomata_014GNDM00_003SUSANO_001_BeamChakram@EXVS2@@|.?AVCUnitTaskAutomataThrow@GAM@VDK@@|.?AVCUnitTaskAutomataRadiconParentActor@GAM@VDK@@|.?AVCUnitTaskAutomataRadicon@GAM@VDK@@|.?AVCUnitTaskAutomataAbstract@GAM@VDK@@|.?AVCUnitTaskActorProjectileAbstract@GAM@VDK@@|.?AVCUnitTaskActorAbstract@GAM@VDK@@|.?AVCUnitTaskBattleAbstract@GAM@VDK@@
014GNDM00,003SUSANO,001,Tripunisher,EXVS2,Throw,0x141416F98,465,0x1C0,10,0;2;22;76;78;79;81;84;87;88,0x14092A3E0,0x140F76310,0x1406A5B30,0x1406A5170,0x1406A5980,0x1406A57D0,0x14094E8C0,0x140F56590,0x140DDC8E0,0x140DDCAC0,.?AVCUnitTaskAutomata_014GNDM00_003SUSANO_001_Tripunisher@EXVS2@@|.?AVCUnitTaskAutomataThrow@GAM@VDK@@|.?AVCUnitTaskAutomataRadiconParentActor@GAM@VDK@@|.?AVCUnitTaskAutomataRadicon@GAM@VDK@@|.?AVCUnitTaskAutomataAbstract@GAM@VDK@@|.?AVCUnitTaskActorProjectileAbstract@GAM@VDK@@|.?AVCUnitTaskActorAbstract@GAM@VDK@@|.?AVCUnitTaskBattleAbstract@GAM@VDK@@
014GNDM00,004CHERDM,001,FunnelAssault,EXVS2,FunnelMawarikomi_ShotOrder,0x1414182A8,977,0x230,11,0;2;12;28;43;69;78;79;81;84;87,0x14092A700,0x140E37A90,0x140F56C00,0x14094F070,0x1406A5980,0x1406A57D0,0x14094E170,0x140F56C50,0x140F56B90,0x140F95870,.?AVCUnitTaskAutomata_014GNDM00_004CHERDM_001_FunnelAssault@EXVS2@@|.?AVCUnitTaskAutomataFunnelMawarikomi_ShotOrder@GAM@VDK@@|.?AVCUnitTaskAutomataFunnelShotImmediate@GAM@VDK@@|.?AVCUnitTaskAutomataFunnelMawarikomi@GAM@VDK@@|.?AVCUnitTaskAutomataFunnelFly@GAM@VDK@@|.?AVCUnitTaskAutomataFunnel@GAM@VDK@@|.?AVCUnitTaskAutomataRadiconParentActor@GAM@VDK@@|.?AVCUnitTaskAutomataRadicon@GAM@VDK@@
014GNDM00,004CHERDM,001,FunnelAttachAssault,EXVS2,AttachToRadicon,0x141418C20,465,0x1D0,7,0;2;12;78;79;81;84,0x14092A3E0,0x140F76310,0x140F56C00,0x1406A5170,0x1406A5980,0x1406A57D0,0x14094DE40,0x140F57270,0x140F57130,0x140E28260,.?AVCUnitTaskAutomata_014GNDM00_004CHERDM_001_FunnelAttachAssault@EXVS2@@|.?AVCUnitTaskAutomataAttachToRadicon@GAM@VDK@@|.?AVCUnitTaskAutomataRadiconParentActor@GAM@VDK@@|.?AVCUnitTaskAutomataRadicon@GAM@VDK@@|.?AVCUnitTaskAutomataAbstract@GAM@VDK@@|.?AVCUnitTaskActorProjectileAbstract@GAM@VDK@@|.?AVCUnitTaskActorAbstract@GAM@VDK@@|.?AVCUnitTaskBattleAbstract@GAM@VDK@@
014GNDM00,004CHERDM,001,FunnelFly,EXVS2,FunnelMawarikomi,0x1414172C0,977,0x210,11,0;2;12;28;43;69;78;79;81;84;87,0x14092A700,0x140F75740,0x140F56C00,0x14094F070,0x1406A5980,0x1406A57D0,0x14094E050,0x140F56630,0x140F565D0,0x140DDCDC0,.?AVCUnitTaskAutomata_014GNDM00_004CHERDM_001_FunnelFly@EXVS2@@|.?AVCUnitTaskAutomataFunnelMawarikomi@GAM@VDK@@|.?AVCUnitTaskAutomataFunnelFly@GAM@VDK@@|.?AVCUnitTaskAutomataFunnel@GAM@VDK@@|.?AVCUnitTaskAutomataRadiconParentActor@GAM@VDK@@|.?AVCUnitTaskAutomataRadicon@GAM@VDK@@|.?AVCUnitTaskAutomataAbstract@GAM@VDK@@|.?AVCUnitTaskActorProjectileAbstract@GAM@VDK@@
014GNDM00,004CHERDM,001,FunnelMateDefense,EXVS2,FunnelDefenceFormation,0x141417910,1489,0x210,11,0;2;12;28;43;78;79;81;84;91;93,0x140929E00,0x140F75740,0x140F56C00,0x14094F080,0x1406A5980,0x1406A57D0,0x14094E0A0,0x140F56870,0x140F56980,0x140E28260,.?AVCUnitTaskAutomata_014GNDM00_004CHERDM_001_FunnelMateDefense@EXVS2@@|.?AVCUnitTaskAutomata_014GNDM00_004CHERDM_001_FunnelCommonDefense@EXVS2@@|.?AVCUnitTaskAutomataFunnelDefenceFormation@GAM@VDK@@|.?AVCUnitTaskAutomataFunnelDefence@GAM@VDK@@|.?AVCUnitTaskAutomataFunnelFlyStick@GAM@VDK@@|.?AVCUnitTaskAutomataFunnelShiftPos@GAM@VDK@@|.?AVCUnitTaskAutomataFunnel@GAM@VDK@@|.?AVCUnitTaskAutomataRadiconParentActor@GAM@VDK@@
014GNDM00,004CHERDM,001,FunnelSelfDefense,EXVS2,FunnelDefenceFormation,0x141417C48,1489,0x210,11,0;2;12;28;43;78;79;81;84;91;93,0x140929E00,0x140F75740,0x140F56C00,0x14094F080,0x1406A5980,0x1406A57D0,0x14094E0A0,0x140F56870,0x140F569F0,0x140E28260,.?AVCUnitTaskAutomata_014GNDM00_004CHERDM_001_FunnelSelfDefense@EXVS2@@|.?AVCUnitTaskAutomata_014GNDM00_004CHERDM_001_FunnelCommonDefense@EXVS2@@|.?AVCUnitTaskAutomataFunnelDefenceFormation@GAM@VDK@@|.?AVCUnitTaskAutomataFunnelDefence@GAM@VDK@@|.?AVCUnitTaskAutomataFunnelFlyStick@GAM@VDK@@|.?AVCUnitTaskAutomataFunnelShiftPos@GAM@VDK@@|.?AVCUnitTaskAutomataFunnel@GAM@VDK@@|.?AVCUnitTaskAutomataRadiconParentActor@GAM@VDK@@
014GNDM00,004CHERDM,001,FunnelShot,EXVS2,FunnelMawarikomi_ShotOrder,0x1414175E8,977,0x230,11,0;2;12;28;43;69;78;79;81;84;87,0x14092A700,0x140F75740,0x140F56C00,0x14094F070,0x1406A5980,0x1406A57D0,0x14094E170,0x140F56770,0x140F56700,0x140DDCDC0,.?AVCUnitTaskAutomata_014GNDM00_004CHERDM_001_FunnelShot@EXVS2@@|.?AVCUnitTaskAutomataFunnelMawarikomi_ShotOrder@GAM@VDK@@|.?AVCUnitTaskAutomataFunnelShotImmediate@GAM@VDK@@|.?AVCUnitTaskAutomataFunnelMawarikomi@GAM@VDK@@|.?AVCUnitTaskAutomataFunnelFly@GAM@VDK@@|.?AVCUnitTaskAutomataFunnel@GAM@VDK@@|.?AVCUnitTaskAutomataRadiconParentActor@GAM@VDK@@|.?AVCUnitTaskAutomataRadicon@GAM@VDK@@
014GNDM00,004CHERDM,001,FunnelTsukimatoiAssault,EXVS2,FunnelTukimatoi_ShotOrder,0x1414188F8,977,0x230,9,0;2;28;43;69;78;79;81;84,0x14092A700,0x140E37A90,0x1406A5B30,0x14094F070,0x1406A5980,0x1406A57D0,0x14094E170,0x140F57040,0x140F56FA0,0x140F57010,.?AVCUnitTaskAutomata_014GNDM00_004CHERDM_001_FunnelTsukimatoiAssault@EXVS2@@|.?AVCUnitTaskAutomataFunnelTukimatoi_ShotOrder@GAM@VDK@@|.?AVCUnitTaskAutomataFunnelMawarikomi_ShotOrder@GAM@VDK@@|.?AVCUnitTaskAutomataFunnelShotImmediate@GAM@VDK@@|.?AVCUnitTaskAutomataFunnelMawarikomi@GAM@VDK@@|.?AVCUnitTaskAutomataFunnelFly@GAM@VDK@@|.?AVCUnitTaskAutomataFunnel@GAM@VDK@@|.?AVCUnitTaskAutomataRadiconParentActor@GAM@VDK@@
014GNDM00,004CHERDM,001,Missile,EXVS2,Throw,0x1414185D0,465,0x1C0,10,0;22;76;78;79;81;84;87;88;91,0x14092A3E0,0x1406A5BA0,0x1406A5B30,0x1406A5170,0x1406A5980,0x1406A57D0,0x14094E8C0,0x140F56F70,0x140F56DF0,0x140DDCAC0,.?AVCUnitTaskAutomata_014GNDM00_004CHERDM_001_Missile@EXVS2@@|.?AVCUnitTaskAutomataThrow@GAM@VDK@@|.?AVCUnitTaskAutomataRadiconParentActor@GAM@VDK@@|.?AVCUnitTaskAutomataRadicon@GAM@VDK@@|.?AVCUnitTaskAutomataAbstract@GAM@VDK@@|.?AVCUnitTaskActorProjectileAbstract@GAM@VDK@@|.?AVCUnitTaskActorAbstract@GAM@VDK@@|.?AVCUnitTaskBattleAbstract@GAM@VDK@@
014GNDM00,004CHERDM,001,WinLose,EXVS2,PutObj,0x141417F80,465,0x1D0,8,0;2;12;78;79;80;81;84,0x14092A040,0x140F76310,0x140F56A60,0x1406A5170,0x1406A5980,0x1406A57D0,0x14094E380,0x140F56AB0,0x140DDCC00,0x140E28260,.?AVCUnitTaskAutomata_014GNDM00_004CHERDM_001_WinLose@EXVS2@@|.?AVCUnitTaskAutomataPutObj@GAM@VDK@@|.?AVCUnitTaskAutomataRadiconParentActor@GAM@VDK@@|.?AVCUnitTaskAutomataRadicon@GAM@VDK@@|.?AVCUnitTaskAutomataAbstract@GAM@VDK@@|.?AVCUnitTaskActorProjectileAbstract@GAM@VDK@@|.?AVCUnitTaskActorAbstract@GAM@VDK@@|.?AVCUnitTaskBattleAbstract@GAM@VDK@@
014GNDM00,005ARCHEG,001,FangEnemy,EXVS2,FunnelMawarikomi,0x141418F58,977,0x210,10,0;2;28;43;69;78;79;81;84;87,0x14092A700,0x140E06020,0x1406A5B30,0x14094F070,0x1406A5980,0x1406A57D0,0x14094E050,0x140F57400,0x140F573A0,0x140F95870,.?AVCUnitTaskAutomata_014GNDM00_005ARCHEG_001_FangEnemy@EXVS2@@|.?AVCUnitTaskAutomataFunnelMawarikomi@GAM@VDK@@|.?AVCUnitTaskAutomataFunnelFly@GAM@VDK@@|.?AVCUnitTaskAutomataFunnel@GAM@VDK@@|.?AVCUnitTaskAutomataRadiconParentActor@GAM@VDK@@|.?AVCUnitTaskAutomataRadicon@GAM@VDK@@|.?AVCUnitTaskAutomataAbstract@GAM@VDK@@|.?AVCUnitTaskActorProjectileAbstract@GAM@VDK@@
014GNDM00,005ARCHEG,001,FangFront,EXVS2,FunnelShotStayShift,0x141419280,977,0x210,9,0;2;28;43;78;79;81;84;87,0x14092A3E0,0x140E06020,0x1406A5B30,0x14094F070,0x1406A5980,0x1406A57D0,0x14094E2A0,0x140F57630,0x140F575C0,0x140F95870,.?AVCUnitTaskAutomata_014GNDM00_005ARCHEG_001_FangFront@EXVS2@@|.?AVCUnitTaskAutomataFunnelShotStayShift@GAM@VDK@@|.?AVCUnitTaskAutomataFunnelShiftPos@GAM@VDK@@|.?AVCUnitTaskAutomataFunnel@GAM@VDK@@|.?AVCUnitTaskAutomataRadiconParentActor@GAM@VDK@@|.?AVCUnitTaskAutomataRadicon@GAM@VDK@@|.?AVCUnitTaskAutomataAbstract@GAM@VDK@@|.?AVCUnitTaskActorProjectileAbstract@GAM@VDK@@
014GNDM00,005ARCHEG,001,FangRush,EXVS2,FunnelFlySwordPenetrate,0x141419F30,977,0x220,14,0;2;28;43;52;69;76;78;79;81;84;87;89;91,0x14092A700,0x140E06020,0x1406A5B30,0x14094F070,0x1406A5980,0x1406A57D0,0x14094E100,0x140F58110,0x140F57DF0,0x140F57E50,.?AVCUnitTaskAutomata_014GNDM00_005ARCHEG_001_FangRush@EXVS2@@|.?AVCUnitTaskAutomataFunnelFlySwordPenetrate@GAM@VDK@@|.?AVCUnitTaskAutomataFunnelFlySword@GAM@VDK@@|.?AVCUnitTaskAutomataFunnelMawarikomi@GAM@VDK@@|.?AVCUnitTaskAutomataFunnelFly@GAM@VDK@@|.?AVCUnitTaskAutomataFunnel@GAM@VDK@@|.?AVCUnitTaskAutomataRadiconParentActor@GAM@VDK@@|.?AVCUnitTaskAutomataRadicon@GAM@VDK@@
014GNDM00,005ARCHEG,001,FangSword,EXVS2,FunnelFlySword,0x1414195A8,977,0x220,14,0;2;28;43;52;69;76;78;79;81;84;87;89;91,0x14092A700,0x140F75740,0x1406A5B30,0x14094F070,0x1406A5980,0x1406A57D0,0x14094E100,0x140F57820,0x140F576B0,0x140F59F40,.?AVCUnitTaskAutomata_014GNDM00_005ARCHEG_001_FangSword@EXVS2@@|.?AVCUnitTaskAutomataFunnelFlySword@GAM@VDK@@|.?AVCUnitTaskAutomataFunnelMawarikomi@GAM@VDK@@|.?AVCUnitTaskAutomataFunnelFly@GAM@VDK@@|.?AVCUnitTaskAutomataFunnel@GAM@VDK@@|.?AVCUnitTaskAutomataRadiconParentActor@GAM@VDK@@|.?AVCUnitTaskAutomataRadicon@GAM@VDK@@|.?AVCUnitTaskAutomataAbstract@GAM@VDK@@
014GNDM00,005ARCHEG,001,FungSwordShot,EXVS2,FunnelFlySword,0x141419C00,977,0x220,14,0;2;28;43;52;69;76;78;79;81;84;87;89;91,0x14092A700,0x140E06020,0x1406A5B30,0x14094F070,0x1406A5980,0x1406A57D0,0x14094E100,0x140F57D90,0x140F57AE0,0x140F57B40,.?AVCUnitTaskAutomata_014GNDM00_005ARCHEG_001_FungSwordShot@EXVS2@@|.?AVCUnitTaskAutomataFunnelFlySword@GAM@VDK@@|.?AVCUnitTaskAutomataFunnelMawarikomi@GAM@VDK@@|.?AVCUnitTaskAutomataFunnelFly@GAM@VDK@@|.?AVCUnitTaskAutomataFunnel@GAM@VDK@@|.?AVCUnitTaskAutomataRadiconParentActor@GAM@VDK@@|.?AVCUnitTaskAutomataRadicon@GAM@VDK@@|.?AVCUnitTaskAutomataAbstract@GAM@VDK@@
014GNDM00,005ARCHEG,001,WinLosePod,EXVS2,Throw,0x1414198D8,465,0x1C0,10,0;22;76;78;79;81;84;87;88;89,0x14092A3E0,0x1406A5BA0,0x1406A5B30,0x1406A5170,0x1406A5980,0x1406A57D0,0x14094E8C0,0x140E09000,0x140DDC8E0,0x140DDCAC0,.?AVCUnitTaskAutomata_014GNDM00_005ARCHEG_001_WinLosePod@EXVS2@@|.?AVCUnitTaskAutomataThrow@GAM@VDK@@|.?AVCUnitTaskAutomataRadiconParentActor@GAM@VDK@@|.?AVCUnitTaskAutomataRadicon@GAM@VDK@@|.?AVCUnitTaskAutomataAbstract@GAM@VDK@@|.?AVCUnitTaskActorProjectileAbstract@GAM@VDK@@|.?AVCUnitTaskActorAbstract@GAM@VDK@@|.?AVCUnitTaskBattleAbstract@GAM@VDK@@
014GNDM00,006DYNAMS,001,Battery,EXVS2,Summon,0x14141A258,465,0x290,17,0;2;18;21;30;42;46;72;73;78;79;80;81;84;87;88;90,0x14092A700,0x140DE1070,0x1406A5B30,0x1406A5170,0x1406A5980,0x1406A57D0,0x14094E520,0x140F582F0,0x140F582A0,0x140F95870,.?AVCUnitTaskAutomata_014GNDM00_006DYNAMS_001_Battery@EXVS2@@|.?AVCUnitTaskAutomataSummon@GAM@VDK@@|.?AVCUnitTaskAutomataRadiconParentActor@GAM@VDK@@|.?AVCUnitTaskAutomataRadicon@GAM@VDK@@|.?AVCUnitTaskAutomataAbstract@GAM@VDK@@|.?AVCUnitTaskActorProjectileAbstract@GAM@VDK@@|.?AVCUnitTaskActorAbstract@GAM@VDK@@|.?AVCUnitTaskBattleAbstract@GAM@VDK@@
014GNDM00,006DYNAMS,001,GuidedMissile1st,EXVS2,Throw,0x14141A8B0,465,0x1C0,11,0;22;70;76;78;79;81;84;87;88;91,0x14092A700,0x1406A5BA0,0x1406A5B30,0x1406A5170,0x1406A5980,0x1406A57D0,0x14094E8C0,0x140F584D0,0x140F58460,0x140DDCAC0,.?AVCUnitTaskAutomata_014GNDM00_006DYNAMS_001_GuidedMissile1st@EXVS2@@|.?AVCUnitTaskAutomataThrow@GAM@VDK@@|.?AVCUnitTaskAutomataRadiconParentActor@GAM@VDK@@|.?AVCUnitTaskAutomataRadicon@GAM@VDK@@|.?AVCUnitTaskAutomataAbstract@GAM@VDK@@|.?AVCUnitTaskActorProjectileAbstract@GAM@VDK@@|.?AVCUnitTaskActorAbstract@GAM@VDK@@|.?AVCUnitTaskBattleAbstract@GAM@VDK@@
014GNDM00,006DYNAMS,001,GuidedMissile2nd,EXVS2,Throw,0x14141ABD8,465,0x1C0,10,0;22;76;78;79;81;84;87;88;91,0x14092A3E0,0x1406A5BA0,0x1406A5B30,0x1406A5170,0x1406A5980,0x1406A57D0,0x14094E8C0,0x140F64600,0x140F58580,0x140DDCAC0,.?AVCUnitTaskAutomata_014GNDM00_006DYNAMS_001_GuidedMissile2nd@EXVS2@@|.?AVCUnitTaskAutomataThrow@GAM@VDK@@|.?AVCUnitTaskAutomataRadiconParentActor@GAM@VDK@@|.?AVCUnitTaskAutomataRadicon@GAM@VDK@@|.?AVCUnitTaskAutomataAbstract@GAM@VDK@@|.?AVCUnitTaskActorProjectileAbstract@GAM@VDK@@|.?AVCUnitTaskActorAbstract@GAM@VDK@@|.?AVCUnitTaskBattleAbstract@GAM@VDK@@
014GNDM00,006DYNAMS,001,Missile,EXVS2,Throw,0x14141A588,465,0x1C0,10,0;22;76;78;79;81;84;87;88;91,0x14092A3E0,0x1406A5BA0,0x1406A5B30,0x1406A5170,0x1406A5980,0x1406A57D0,0x14094E8C0,0x140F64600,0x140F583A0,0x140DDCAC0,.?AVCUnitTaskAutomata_014GNDM00_006DYNAMS_001_Missile@EXVS2@@|.?AVCUnitTaskAutomataThrow@GAM@VDK@@|.?AVCUnitTaskAutomataRadiconParentActor@GAM@VDK@@|.?AVCUnitTaskAutomataRadicon@GAM@VDK@@|.?AVCUnitTaskAutomataAbstract@GAM@VDK@@|.?AVCUnitTaskActorProjectileAbstract@GAM@VDK@@|.?AVCUnitTaskActorAbstract@GAM@VDK@@|.?AVCUnitTaskBattleAbstract@GAM@VDK@@
014GNDM00,007REBONS,001,AssistGaga,EXVS2,SummonGrap,0x14141B8B0,465,0x290,17,0;2;18;21;30;42;46;72;73;78;79;80;81;84;87;88;90,0x14092A700,0x140F76670,0x1406A5B30,0x1406A5170,0x1406A5980,0x1406A57D0,0x14094E560,0x140F58D50,0x140F58CD0,0x140F58D30,.?AVCUnitTaskAutomata_014GNDM00_007REBONS_001_AssistGaga@EXVS2@@|.?AVCUnitTaskAutomataSummonGrap@GAM@VDK@@|.?AVCUnitTaskAutomataSummon@GAM@VDK@@|.?AVCUnitTaskAutomataRadiconParentActor@GAM@VDK@@|.?AVCUnitTaskAutomataRadicon@GAM@VDK@@|.?AVCUnitTaskAutomataAbstract@GAM@VDK@@|.?AVCUnitTaskActorProjectileAbstract@GAM@VDK@@|.?AVCUnitTaskActorAbstract@GAM@VDK@@
014GNDM00,007REBONS,001,EggnerWhip,EXVS2,AnchorReturn,0x14141B568,465,0x1F0,13,0;2;11;12;18;23;73;76;78;79;81;84;92,0x14092A100,0x140E1CDD0,0x140F58B40,0x1406A5170,0x1406A5980,0x1406A57D0,0x14094DCE0,0x140F58B90,0x140F58A80,0x140F40ED0,.?AVCUnitTaskAutomata_014GNDM00_007REBONS_001_EggnerWhip@EXVS2@@|.?AVCUnitTaskAutomataAnchorReturn@GAM@VDK@@|.?AVCUnitTaskAutomataAnchor@GAM@VDK@@|.?AVCUnitTaskAutomataRadiconParentActor@GAM@VDK@@|.?AVCUnitTaskAutomataRadicon@GAM@VDK@@|.?AVCUnitTaskAutomataAbstract@GAM@VDK@@|.?AVCUnitTaskActorProjectileAbstract@GAM@VDK@@|.?AVCUnitTaskActorAbstract@GAM@VDK@@
014GNDM00,007REBONS,001,FinFangSmall,EXVS2,FunnelFlySword,0x14141B228,977,0x220,18,0;2;12;28;43;52;69;76;78;79;81;84;87;91;92;96;97;98,0x14092A100,0x140F847D0,0x140E24650,0x14094F070,0x1406A5980,0x1406A57D0,0x14094E100,0x140F58A40,0x140F58790,0x140F59F40,.?AVCUnitTaskAutomata_014GNDM00_007REBONS_001_FinFangSmall@EXVS2@@|.?AVCUnitTaskAutomataFunnelFlySword@GAM@VDK@@|.?AVCUnitTaskAutomataFunnelMawarikomi@GAM@VDK@@|.?AVCUnitTaskAutomataFunnelFly@GAM@VDK@@|.?AVCUnitTaskAutomataFunnel@GAM@VDK@@|.?AVCUnitTaskAutomataRadiconParentActor@GAM@VDK@@|.?AVCUnitTaskAutomataRadicon@GAM@VDK@@|.?AVCUnitTaskAutomataAbstract@GAM@VDK@@
014GNDM00,007REBONS,001,FinFang_Large,EXVS2,FunnelMawarikomi,0x14141AF00,977,0x210,15,0;2;12;28;43;69;78;79;81;84;87;92;96;97;98,0x14092A100,0x140F847D0,0x140E24650,0x14094F070,0x1406A5980,0x1406A57D0,0x14094E050,0x140F8E8A0,0x140F585D0,0x140DDCDC0,.?AVCUnitTaskAutomata_014GNDM00_007REBONS_001_FinFang_Large@EXVS2@@|.?AVCUnitTaskAutomataFunnelMawarikomi@GAM@VDK@@|.?AVCUnitTaskAutomataFunnelFly@GAM@VDK@@|.?AVCUnitTaskAutomataFunnel@GAM@VDK@@|.?AVCUnitTaskAutomataRadiconParentActor@GAM@VDK@@|.?AVCUnitTaskAutomataRadicon@GAM@VDK@@|.?AVCUnitTaskAutomataAbstract@GAM@VDK@@|.?AVCUnitTaskActorProjectileAbstract@GAM@VDK@@
014GNDM00,007REBONS,001,SpwnerAssistGaga,EXVS2,RadiconParentActor,0x14141BBE8,465,0x1B0,5,0;2;79;81;84,0x14092A3E0,0x140F76310,0x1406A5B30,0x1406A5170,0x1406A5980,0x1406A57D0,0x1406A50D0,0x140F58E20,0x140F58DA0,0x140F58E00,.?AVCUnitTaskAutomata_014GNDM00_007REBONS_001_SpwnerAssistGaga@EXVS2@@|.?AVCUnitTaskAutomataRadiconParentActor@GAM@VDK@@|.?AVCUnitTaskAutomataRadicon@GAM@VDK@@|.?AVCUnitTaskAutomataAbstract@GAM@VDK@@|.?AVCUnitTaskActorProjectileAbstract@GAM@VDK@@|.?AVCUnitTaskActorAbstract@GAM@VDK@@|.?AVCUnitTaskBattleAbstract@GAM@VDK@@|.?AVCUnitTaskAbstract@FWK@VDK@@
014GNDM00,008THDREI,001,AssistThroneEineLaser,EXVS2,SummonRushShot,0x14141C578,465,0x2F0,21,0;2;12;18;21;30;42;46;69;72;73;78;79;80;81;84;86;87;88;89;90,0x14092A310,0x140DE1070,0x140F59660,0x1406A5170,0x1406A5980,0x1406A57D0,0x14094E6F0,0x140F597F0,0x140F59290,0x140DE1820,.?AVCUnitTaskAutomata_014GNDM00_008THDREI_001_AssistThroneEineLaser@EXVS2@@|.?AVCUnitTaskAutomataSummonRushShot@GAM@VDK@@|.?AVCUnitTaskAutomataSummonRush@GAM@VDK@@|.?AVCUnitTaskAutomataSummon@GAM@VDK@@|.?AVCUnitTaskAutomataRadiconParentActor@GAM@VDK@@|.?AVCUnitTaskAutomataRadicon@GAM@VDK@@|.?AVCUnitTaskAutomataAbstract@GAM@VDK@@|.?AVCUnitTaskActorProjectileAbstract@GAM@VDK@@
014GNDM00,008THDREI,001,AssistThroneEineShot,EXVS2,SummonRushShot,0x14141C248,465,0x2F0,21,0;2;12;18;21;30;42;46;69;72;73;78;79;80;81;84;86;87;88;89;90,0x14092A310,0x140DE1070,0x140F59660,0x1406A5170,0x1406A5980,0x1406A57D0,0x14094E6F0,0x140F591F0,0x140F59040,0x140DE1820,.?AVCUnitTaskAutomata_014GNDM00_008THDREI_001_AssistThroneEineShot@EXVS2@@|.?AVCUnitTaskAutomataSummonRushShot@GAM@VDK@@|.?AVCUnitTaskAutomataSummonRush@GAM@VDK@@|.?AVCUnitTaskAutomataSummon@GAM@VDK@@|.?AVCUnitTaskAutomataRadiconParentActor@GAM@VDK@@|.?AVCUnitTaskAutomataRadicon@GAM@VDK@@|.?AVCUnitTaskAutomataAbstract@GAM@VDK@@|.?AVCUnitTaskActorProjectileAbstract@GAM@VDK@@
014GNDM00,008THDREI,001,AssistThroneTweiRush,EXVS2,SummonGrap,0x14141C8A8,465,0x290,20,0;2;12;18;21;30;42;46;72;73;78;79;80;81;84;86;87;88;89;90,0x14092A700,0x140DE1070,0x140F598C0,0x1406A5170,0x1406A5980,0x1406A57D0,0x14094E560,0x140F59C10,0x140F59860,0x140F59A70,.?AVCUnitTaskAutomata_014GNDM00_008THDREI_001_AssistThroneTweiRush@EXVS2@@|.?AVCUnitTaskAutomataSummonGrap@GAM@VDK@@|.?AVCUnitTaskAutomataSummon@GAM@VDK@@|.?AVCUnitTaskAutomataRadiconParentActor@GAM@VDK@@|.?AVCUnitTaskAutomataRadicon@GAM@VDK@@|.?AVCUnitTaskAutomataAbstract@GAM@VDK@@|.?AVCUnitTaskActorProjectileAbstract@GAM@VDK@@|.?AVCUnitTaskActorAbstract@GAM@VDK@@
014GNDM00,008THDREI,001,AssistThroneTweiShot,EXVS2,SummonRushShot,0x14141CBE0,465,0x2F0,21,0;2;12;18;21;30;42;46;69;72;73;78;79;80;81;84;86;87;88;89;90,0x14092A310,0x140DE1070,0x140F59660,0x1406A5170,0x1406A5980,0x1406A57D0,0x14094E6F0,0x140F6AC10,0x140F59C80,0x140DE1820,.?AVCUnitTaskAutomata_014GNDM00_008THDREI_001_AssistThroneTweiShot@EXVS2@@|.?AVCUnitTaskAutomataSummonRushShot@GAM@VDK@@|.?AVCUnitTaskAutomataSummonRush@GAM@VDK@@|.?AVCUnitTaskAutomataSummon@GAM@VDK@@|.?AVCUnitTaskAutomataRadiconParentActor@GAM@VDK@@|.?AVCUnitTaskAutomataRadicon@GAM@VDK@@|.?AVCUnitTaskAutomataAbstract@GAM@VDK@@|.?AVCUnitTaskActorProjectileAbstract@GAM@VDK@@
014GNDM00,008THDREI,001,AssistThroneTweiShotPowerUp,EXVS2,SummonRushShot,0x14141D240,465,0x2F0,21,0;2;12;18;21;30;42;46;69;72;73;78;79;80;81;84;86;87;88;89;90,0x14092A310,0x140DE1070,0x140F59660,0x1406A5170,0x1406A5980,0x1406A57D0,0x14094E6F0,0x140F6AC10,0x140F5A190,0x140DE1820,.?AVCUnitTaskAutomata_014GNDM00_008THDREI_001_AssistThroneTweiShotPowerUp@EXVS2@@|.?AVCUnitTaskAutomata_014GNDM00_008THDREI_001_AssistThroneTweiShot@EXVS2@@|.?AVCUnitTaskAutomataSummonRushShot@GAM@VDK@@|.?AVCUnitTaskAutomataSummonRush@GAM@VDK@@|.?AVCUnitTaskAutomataSummon@GAM@VDK@@|.?AVCUnitTaskAutomataRadiconParentActor@GAM@VDK@@|.?AVCUnitTaskAutomataRadicon@GAM@VDK@@|.?AVCUnitTaskAutomataAbstract@GAM@VDK@@
014GNDM00,008THDREI,001,NotifyStealth,EXVS2,Sticker,0x14141BF10,465,0x1C0,9,0;2;78;79;81;82;84;89;91,0x14092A700,0x140DDD100,0x1406A5B30,0x1406A5170,0x1406A5980,0x1406A57D0,0x14094E4D0,0x140F59010,0x140F58E50,0x140E28260,.?AVCUnitTaskAutomata_014GNDM00_008THDREI_001_NotifyStealth@EXVS2@@|.?AVCUnitTaskAutomataSticker@GAM@VDK@@|.?AVCUnitTaskAutomataRadiconParentActor@GAM@VDK@@|.?AVCUnitTaskAutomataRadicon@GAM@VDK@@|.?AVCUnitTaskAutomataAbstract@GAM@VDK@@|.?AVCUnitTaskActorProjectileAbstract@GAM@VDK@@|.?AVCUnitTaskActorAbstract@GAM@VDK@@|.?AVCUnitTaskBattleAbstract@GAM@VDK@@
014GNDM00,008THDREI,001,TweiFang,EXVS2,FunnelFlySword,0x14141CF10,977,0x220,14,0;2;28;43;52;69;76;78;79;81;84;87;89;91,0x14092A700,0x140F75740,0x1406A5B30,0x14094F070,0x1406A5980,0x1406A57D0,0x14094E100,0x140F5A160,0x140F59EA0,0x140F59F40,.?AVCUnitTaskAutomata_014GNDM00_008THDREI_001_TweiFang@EXVS2@@|.?AVCUnitTaskAutomataFunnelFlySword@GAM@VDK@@|.?AVCUnitTaskAutomataFunnelMawarikomi@GAM@VDK@@|.?AVCUnitTaskAutomataFunnelFly@GAM@VDK@@|.?AVCUnitTaskAutomataFunnel@GAM@VDK@@|.?AVCUnitTaskAutomataRadiconParentActor@GAM@VDK@@|.?AVCUnitTaskAutomataRadicon@GAM@VDK@@|.?AVCUnitTaskAutomataAbstract@GAM@VDK@@
014GNDM00,009ARIOSG,001,GNArcherBeamShot,EXVS2,SummonRushShot,0x14141E230,465,0x2F0,19,0;2;12;18;21;30;42;46;69;72;73;78;79;80;81;84;87;88;90,0x14092A310,0x140DE1070,0x140DE1770,0x1406A5170,0x1406A5980,0x1406A57D0,0x14094E6F0,0x140F5A690,0x140F5A5B0,0x140F5A890,.?AVCUnitTaskAutomata_014GNDM00_009ARIOSG_001_GNArcherBeamShot@EXVS2@@|.?AVCUnitTaskAutomataSummonRushShot@GAM@VDK@@|.?AVCUnitTaskAutomataSummonRush@GAM@VDK@@|.?AVCUnitTaskAutomataSummon@GAM@VDK@@|.?AVCUnitTaskAutomataRadiconParentActor@GAM@VDK@@|.?AVCUnitTaskAutomataRadicon@GAM@VDK@@|.?AVCUnitTaskAutomataAbstract@GAM@VDK@@|.?AVCUnitTaskActorProjectileAbstract@GAM@VDK@@
014GNDM00,009ARIOSG,001,GNArcherComboBeam,EXVS2,SummonRushShot,0x14141E560,465,0x2F0,19,0;2;12;18;21;30;42;46;69;72;73;78;79;80;81;84;87;88;90,0x14092A310,0x140DE1070,0x140DE1770,0x1406A5170,0x1406A5980,0x1406A57D0,0x14094E6F0,0x140F5A690,0x140F5A620,0x140F5A890,.?AVCUnitTaskAutomata_014GNDM00_009ARIOSG_001_GNArcherComboBeam@EXVS2@@|.?AVCUnitTaskAutomataSummonRushShot@GAM@VDK@@|.?AVCUnitTaskAutomataSummonRush@GAM@VDK@@|.?AVCUnitTaskAutomataSummon@GAM@VDK@@|.?AVCUnitTaskAutomataRadiconParentActor@GAM@VDK@@|.?AVCUnitTaskAutomataRadicon@GAM@VDK@@|.?AVCUnitTaskAutomataAbstract@GAM@VDK@@|.?AVCUnitTaskActorProjectileAbstract@GAM@VDK@@
014GNDM00,009ARIOSG,001,GNArcherComboHissatsu,EXVS2,SummonRushShot,0x14141EEF0,465,0x2F0,19,0;2;12;18;21;30;42;46;69;72;73;78;79;80;81;84;87;88;90,0x14092A310,0x140DE1070,0x140DE1770,0x1406A5170,0x1406A5980,0x1406A57D0,0x14094E6F0,0x140F5AA70,0x140F5A970,0x140F5AA30,.?AVCUnitTaskAutomata_014GNDM00_009ARIOSG_001_GNArcherComboHissatsu@EXVS2@@|.?AVCUnitTaskAutomataSummonRushShot@GAM@VDK@@|.?AVCUnitTaskAutomataSummonRush@GAM@VDK@@|.?AVCUnitTaskAutomataSummon@GAM@VDK@@|.?AVCUnitTaskAutomataRadiconParentActor@GAM@VDK@@|.?AVCUnitTaskAutomataRadicon@GAM@VDK@@|.?AVCUnitTaskAutomataAbstract@GAM@VDK@@|.?AVCUnitTaskActorProjectileAbstract@GAM@VDK@@
014GNDM00,009ARIOSG,001,GNArcherComboRoundLeft,EXVS2,Summon,0x14141E890,465,0x290,17,0;2;18;21;30;42;46;72;73;78;79;80;81;84;87;88;90,0x14092A700,0x140DE1070,0x1406A5B30,0x1406A5170,0x1406A5980,0x1406A57D0,0x14094E520,0x140F5A8D0,0x140F5A750,0x140F5A890,.?AVCUnitTaskAutomata_014GNDM00_009ARIOSG_001_GNArcherComboRoundLeft@EXVS2@@|.?AVCUnitTaskAutomataSummon@GAM@VDK@@|.?AVCUnitTaskAutomataRadiconParentActor@GAM@VDK@@|.?AVCUnitTaskAutomataRadicon@GAM@VDK@@|.?AVCUnitTaskAutomataAbstract@GAM@VDK@@|.?AVCUnitTaskActorProjectileAbstract@GAM@VDK@@|.?AVCUnitTaskActorAbstract@GAM@VDK@@|.?AVCUnitTaskBattleAbstract@GAM@VDK@@
014GNDM00,009ARIOSG,001,GNArcherComboRoundRight,EXVS2,Summon,0x14141EBC0,465,0x290,17,0;2;18;21;30;42;46;72;73;78;79;80;81;84;87;88;90,0x14092A700,0x140DE1070,0x1406A5B30,0x1406A5170,0x1406A5980,0x1406A57D0,0x14094E520,0x140F5A8D0,0x140F5A840,0x140F5A890,.?AVCUnitTaskAutomata_014GNDM00_009ARIOSG_001_GNArcherComboRoundRight@EXVS2@@|.?AVCUnitTaskAutomataSummon@GAM@VDK@@|.?AVCUnitTaskAutomataRadiconParentActor@GAM@VDK@@|.?AVCUnitTaskAutomataRadicon@GAM@VDK@@|.?AVCUnitTaskAutomataAbstract@GAM@VDK@@|.?AVCUnitTaskActorProjectileAbstract@GAM@VDK@@|.?AVCUnitTaskActorAbstract@GAM@VDK@@|.?AVCUnitTaskBattleAbstract@GAM@VDK@@
014GNDM00,009ARIOSG,001,GNArcherTransformToMA,EXVS2,Summon,0x14141DBD0,465,0x290,17,0;2;18;21;30;42;46;72;73;78;79;80;81;84;87;88;90,0x14092A700,0x140DE1070,0x1406A5B30,0x1406A5170,0x1406A5980,0x1406A57D0,0x14094E520,0x140F5A440,0x140F5A3F0,0x140F5A890,.?AVCUnitTaskAutomata_014GNDM00_009ARIOSG_001_GNArcherTransformToMA@EXVS2@@|.?AVCUnitTaskAutomataSummon@GAM@VDK@@|.?AVCUnitTaskAutomataRadiconParentActor@GAM@VDK@@|.?AVCUnitTaskAutomataRadicon@GAM@VDK@@|.?AVCUnitTaskAutomataAbstract@GAM@VDK@@|.?AVCUnitTaskActorProjectileAbstract@GAM@VDK@@|.?AVCUnitTaskActorAbstract@GAM@VDK@@|.?AVCUnitTaskBattleAbstract@GAM@VDK@@
014GNDM00,009ARIOSG,001,GNArcherTransformToMS,EXVS2,Summon,0x14141DF00,465,0x290,17,0;2;18;21;30;42;46;72;73;78;79;80;81;84;87;88;90,0x14092A700,0x140DE1070,0x1406A5B30,0x1406A5170,0x1406A5980,0x1406A57D0,0x14094E520,0x140F5A560,0x140F5A510,0x140F5A890,.?AVCUnitTaskAutomata_014GNDM00_009ARIOSG_001_GNArcherTransformToMS@EXVS2@@|.?AVCUnitTaskAutomataSummon@GAM@VDK@@|.?AVCUnitTaskAutomataRadiconParentActor@GAM@VDK@@|.?AVCUnitTaskAutomataRadicon@GAM@VDK@@|.?AVCUnitTaskAutomataAbstract@GAM@VDK@@|.?AVCUnitTaskActorProjectileAbstract@GAM@VDK@@|.?AVCUnitTaskActorAbstract@GAM@VDK@@|.?AVCUnitTaskBattleAbstract@GAM@VDK@@
014GNDM00,009ARIOSG,001,GNArcherTsukimatoi,EXVS2,SummonTukimatoi,0x14141D570,465,0x2A0,17,0;2;18;21;30;42;46;72;73;78;79;80;81;84;87;88;90,0x14092A700,0x140DE1070,0x1406A5B30,0x1406A5170,0x1406A5980,0x1406A57D0,0x14094E7B0,0x140F5A260,0x140F5A1F0,0x140F5A890,.?AVCUnitTaskAutomata_014GNDM00_009ARIOSG_001_GNArcherTsukimatoi@EXVS2@@|.?AVCUnitTaskAutomataSummonTukimatoi@GAM@VDK@@|.?AVCUnitTaskAutomataSummon@GAM@VDK@@|.?AVCUnitTaskAutomataRadiconParentActor@GAM@VDK@@|.?AVCUnitTaskAutomataRadicon@GAM@VDK@@|.?AVCUnitTaskAutomataAbstract@GAM@VDK@@|.?AVCUnitTaskActorProjectileAbstract@GAM@VDK@@|.?AVCUnitTaskActorAbstract@GAM@VDK@@
014GNDM00,009ARIOSG,001,GNArcherTsukimatoiRecall,EXVS2,SummonTukimatoi,0x14141D8A0,465,0x2A0,17,0;2;18;21;30;42;46;72;73;78;79;80;81;84;87;88;90,0x14092A700,0x140DE1070,0x1406A5B30,0x1406A5170,0x1406A5980,0x1406A57D0,0x14094E7B0,0x140F5A320,0x140F5A2B0,0x140F5A890,.?AVCUnitTaskAutomata_014GNDM00_009ARIOSG_001_GNArcherTsukimatoiRecall@EXVS2@@|.?AVCUnitTaskAutomataSummonTukimatoi@GAM@VDK@@|.?AVCUnitTaskAutomataSummon@GAM@VDK@@|.?AVCUnitTaskAutomataRadiconParentActor@GAM@VDK@@|.?AVCUnitTaskAutomataRadicon@GAM@VDK@@|.?AVCUnitTaskAutomataAbstract@GAM@VDK@@|.?AVCUnitTaskActorProjectileAbstract@GAM@VDK@@|.?AVCUnitTaskActorAbstract@GAM@VDK@@
014GNDM00,009ARIOSG,001,GNArcherWinloseAwake,EXVS2,PutObj,0x14141F548,465,0x1D0,8,0;2;78;79;80;81;84;88,0x14092A040,0x140E26410,0x1406A5B30,0x1406A5170,0x1406A5980,0x1406A57D0,0x14094E380,0x140F5ABA0,0x140F5AB30,0x140E28260,.?AVCUnitTaskAutomata_014GNDM00_009ARIOSG_001_GNArcherWinloseAwake@EXVS2@@|.?AVCUnitTaskAutomataPutObj@GAM@VDK@@|.?AVCUnitTaskAutomataRadiconParentActor@GAM@VDK@@|.?AVCUnitTaskAutomataRadicon@GAM@VDK@@|.?AVCUnitTaskAutomataAbstract@GAM@VDK@@|.?AVCUnitTaskActorProjectileAbstract@GAM@VDK@@|.?AVCUnitTaskActorAbstract@GAM@VDK@@|.?AVCUnitTaskBattleAbstract@GAM@VDK@@
014GNDM00,009ARIOSG,001,GNArcherWinloseNormal,EXVS2,PutObj,0x14141F220,465,0x1D0,8,0;2;78;79;80;81;84;88,0x14092A040,0x140E26410,0x1406A5B30,0x1406A5170,0x1406A5980,0x1406A57D0,0x14094E380,0x140F5ABA0,0x140F5AAC0,0x140E28260,.?AVCUnitTaskAutomata_014GNDM00_009ARIOSG_001_GNArcherWinloseNormal@EXVS2@@|.?AVCUnitTaskAutomataPutObj@GAM@VDK@@|.?AVCUnitTaskAutomataRadiconParentActor@GAM@VDK@@|.?AVCUnitTaskAutomataRadicon@GAM@VDK@@|.?AVCUnitTaskAutomataAbstract@GAM@VDK@@|.?AVCUnitTaskActorProjectileAbstract@GAM@VDK@@|.?AVCUnitTaskActorAbstract@GAM@VDK@@|.?AVCUnitTaskBattleAbstract@GAM@VDK@@
014GNDM00,011AVAEXA,001,HissatuThrowDagger,EXVS2,ThrowStopRotateOnStick,0x14141FB98,465,0x1E0,12,0;22;59;76;78;79;81;84;87;88;89;91,0x14092A3E0,0x1406A5BA0,0x1406A5B30,0x1406A5170,0x1406A5980,0x1406A57D0,0x14094E970,0x140F5AC20,0x140F393E0,0x140DDCAC0,.?AVCUnitTaskAutomata_014GNDM00_011AVAEXA_001_HissatuThrowDagger@EXVS2@@|.?AVCUnitTaskAutomata_000COMMON_000COMMON_001_ThrowSaberRolling@EXVS2@@|.?AVCUnitTaskAutomataThrowStopRotateOnStick@GAM@VDK@@|.?AVCUnitTaskAutomataThrow@GAM@VDK@@|.?AVCUnitTaskAutomataRadiconParentActor@GAM@VDK@@|.?AVCUnitTaskAutomataRadicon@GAM@VDK@@|.?AVCUnitTaskAutomataAbstract@GAM@VDK@@|.?AVCUnitTaskActorProjectileAbstract@GAM@VDK@@
014GNDM00,011AVAEXA,001,ThrowBeamSaber,EXVS2,Throw,0x14141FEC0,465,0x1C0,11,0;22;76;78;79;81;84;87;88;89;91,0x14092A3E0,0x1406A5BA0,0x1406A5B30,0x1406A5170,0x1406A5980,0x1406A57D0,0x14094E8C0,0x140F5AD60,0x140F38FD0,0x140F39070,.?AVCUnitTaskAutomata_014GNDM00_011AVAEXA_001_ThrowBeamSaber@EXVS2@@|.?AVCUnitTaskAutomata_000COMMON_000COMMON_001_ThrowSaber@EXVS2@@|.?AVCUnitTaskAutomataThrow@GAM@VDK@@|.?AVCUnitTaskAutomataRadiconParentActor@GAM@VDK@@|.?AVCUnitTaskAutomataRadicon@GAM@VDK@@|.?AVCUnitTaskAutomataAbstract@GAM@VDK@@|.?AVCUnitTaskActorProjectileAbstract@GAM@VDK@@|.?AVCUnitTaskActorAbstract@GAM@VDK@@
014GNDM00,011AVAEXA,001,ThrowDagger,EXVS2,ThrowStopRotateOnStick,0x14141F870,465,0x1E0,12,0;22;59;76;78;79;81;84;87;88;89;91,0x14092A3E0,0x1406A5BA0,0x1406A5B30,0x1406A5170,0x1406A5980,0x1406A57D0,0x14094E970,0x140F3A210,0x140F3A1B0,0x140DDCAC0,.?AVCUnitTaskAutomata_014GNDM00_011AVAEXA_001_ThrowDagger@EXVS2@@|.?AVCUnitTaskAutomata_000COMMON_000COMMON_001_ThrowSaberRollingStickToStage@EXVS2@@|.?AVCUnitTaskAutomata_000COMMON_000COMMON_001_ThrowSaberRolling@EXVS2@@|.?AVCUnitTaskAutomataThrowStopRotateOnStick@GAM@VDK@@|.?AVCUnitTaskAutomataThrow@GAM@VDK@@|.?AVCUnitTaskAutomataRadiconParentActor@GAM@VDK@@|.?AVCUnitTaskAutomataRadicon@GAM@VDK@@|.?AVCUnitTaskAutomataAbstract@GAM@VDK@@
014GNDM00,012OOG7SG,001,Anchor,EXVS2,AnchorReturn,0x141420510,465,0x1F0,13,0;2;11;12;18;23;73;76;78;79;81;84;89,0x14092A700,0x140E1CDD0,0x140DE01B0,0x1406A5170,0x1406A5980,0x1406A57D0,0x14094DCE0,0x140F5AEF0,0x140F5AE70,0x140F40ED0,.?AVCUnitTaskAutomata_014GNDM00_012OOG7SG_001_Anchor@EXVS2@@|.?AVCUnitTaskAutomataAnchorReturn@GAM@VDK@@|.?AVCUnitTaskAutomataAnchor@GAM@VDK@@|.?AVCUnitTaskAutomataRadiconParentActor@GAM@VDK@@|.?AVCUnitTaskAutomataRadicon@GAM@VDK@@|.?AVCUnitTaskAutomataAbstract@GAM@VDK@@|.?AVCUnitTaskActorProjectileAbstract@GAM@VDK@@|.?AVCUnitTaskActorAbstract@GAM@VDK@@
014GNDM00,012OOG7SG,001,AssistDynamesRush,EXVS2,SummonRushAttackNormal,0x1414221A0,465,0x330,18,0;2;18;21;30;42;46;72;73;78;79;80;81;84;87;88;89;90,0x14092A700,0x140DE1070,0x1406A5B30,0x1406A5170,0x1406A5980,0x1406A57D0,0x14094E5F0,0x140F5BB10,0x140F5B850,0x140F5B950,.?AVCUnitTaskAutomata_014GNDM00_012OOG7SG_001_AssistDynamesRush@EXVS2@@|.?AVCUnitTaskAutomataSummonRushAttackNormal@GAM@VDK@@|.?AVCUnitTaskAutomataSummonRushAttack@GAM@VDK@@|.?AVCUnitTaskAutomataSummonRush@GAM@VDK@@|.?AVCUnitTaskAutomataSummon@GAM@VDK@@|.?AVCUnitTaskAutomataRadiconParentActor@GAM@VDK@@|.?AVCUnitTaskAutomataRadicon@GAM@VDK@@|.?AVCUnitTaskAutomataAbstract@GAM@VDK@@
014GNDM00,012OOG7SG,001,AssistDynamesShotMissile,EXVS2,SummonRushShot,0x141421818,465,0x2F0,19,0;2;12;18;21;30;42;46;69;72;73;78;79;80;81;84;87;88;90,0x14092A310,0x140DE1070,0x140DE1770,0x1406A5170,0x1406A5980,0x1406A57D0,0x14094E6F0,0x140F5BFF0,0x140F5B550,0x140DE1820,.?AVCUnitTaskAutomata_014GNDM00_012OOG7SG_001_AssistDynamesShotMissile@EXVS2@@|.?AVCUnitTaskAutomataSummonRushShot@GAM@VDK@@|.?AVCUnitTaskAutomataSummonRush@GAM@VDK@@|.?AVCUnitTaskAutomataSummon@GAM@VDK@@|.?AVCUnitTaskAutomataRadiconParentActor@GAM@VDK@@|.?AVCUnitTaskAutomataRadicon@GAM@VDK@@|.?AVCUnitTaskAutomataAbstract@GAM@VDK@@|.?AVCUnitTaskActorProjectileAbstract@GAM@VDK@@
014GNDM00,012OOG7SG,001,AssistDynamesShotMissile_6_3,EXVS2,SummonRushShot,0x141421E70,465,0x2F0,19,0;2;12;18;21;30;42;46;69;72;73;78;79;80;81;84;87;88;90,0x14092A310,0x140DE1070,0x140DE1770,0x1406A5170,0x1406A5980,0x1406A57D0,0x14094E6F0,0x140F5BFF0,0x140F5B7E0,0x140DE1820,.?AVCUnitTaskAutomata_014GNDM00_012OOG7SG_001_AssistDynamesShotMissile_6_3@EXVS2@@|.?AVCUnitTaskAutomata_014GNDM00_012OOG7SG_001_AssistDynamesShotMissile@EXVS2@@|.?AVCUnitTaskAutomataSummonRushShot@GAM@VDK@@|.?AVCUnitTaskAutomataSummonRush@GAM@VDK@@|.?AVCUnitTaskAutomataSummon@GAM@VDK@@|.?AVCUnitTaskAutomataRadiconParentActor@GAM@VDK@@|.?AVCUnitTaskAutomataRadicon@GAM@VDK@@|.?AVCUnitTaskAutomataAbstract@GAM@VDK@@
014GNDM00,012OOG7SG,001,AssistDynamesShotRifle,EXVS2,SummonRushShot,0x1414214E8,465,0x2F0,19,0;2;12;18;21;30;42;46;69;72;73;78;79;80;81;84;87;88;90,0x14092A310,0x140DE1070,0x140DE1770,0x1406A5170,0x1406A5980,0x1406A57D0,0x14094E6F0,0x140F5B510,0x140F5B4B0,0x140DE1820,.?AVCUnitTaskAutomata_014GNDM00_012OOG7SG_001_AssistDynamesShotRifle@EXVS2@@|.?AVCUnitTaskAutomataSummonRushShot@GAM@VDK@@|.?AVCUnitTaskAutomataSummonRush@GAM@VDK@@|.?AVCUnitTaskAutomataSummon@GAM@VDK@@|.?AVCUnitTaskAutomataRadiconParentActor@GAM@VDK@@|.?AVCUnitTaskAutomataRadicon@GAM@VDK@@|.?AVCUnitTaskAutomataAbstract@GAM@VDK@@|.?AVCUnitTaskActorProjectileAbstract@GAM@VDK@@
014GNDM00,012OOG7SG,001,BusterDocking,EXVS2,AttachAbstract,0x1414201E8,465,0x210,10,0;2;78;79;81;84;88;96;97;98,0x14092A3E0,0x140F88D10,0x1406A5B30,0x1406A5170,0x1406A5980,0x1406A57D0,0x14094DD70,0x140F5AE20,0x140F5AD80,0x140DE1E80,.?AVCUnitTaskAutomata_014GNDM00_012OOG7SG_001_BusterDocking@EXVS2@@|.?AVCUnitTaskAutomataAttachAbstract@GAM@VDK@@|.?AVCUnitTaskAutomataRadiconParentActor@GAM@VDK@@|.?AVCUnitTaskAutomataRadicon@GAM@VDK@@|.?AVCUnitTaskAutomataAbstract@GAM@VDK@@|.?AVCUnitTaskActorProjectileAbstract@GAM@VDK@@|.?AVCUnitTaskActorAbstract@GAM@VDK@@|.?AVCUnitTaskBattleAbstract@GAM@VDK@@
014GNDM00,012OOG7SG,001,SpawnerRedlockBullet,EXVS2,StickerLaunchBone,0x1414211B0,465,0x1C0,7,0;2;78;79;81;84;91,0x14092A700,0x140F5B460,0x1406A5B30,0x1406A5170,0x1406A5980,0x1406A57D0,0x14094E4D0,0x140F5B490,0x140F5B400,0x140F41EF0,.?AVCUnitTaskAutomata_014GNDM00_012OOG7SG_001_SpawnerRedlockBullet@EXVS2@@|.?AVCUnitTaskAutomataStickerLaunchBone@GAM@VDK@@|.?AVCUnitTaskAutomataSticker@GAM@VDK@@|.?AVCUnitTaskAutomataRadiconParentActor@GAM@VDK@@|.?AVCUnitTaskAutomataRadicon@GAM@VDK@@|.?AVCUnitTaskAutomataAbstract@GAM@VDK@@|.?AVCUnitTaskActorProjectileAbstract@GAM@VDK@@|.?AVCUnitTaskActorAbstract@GAM@VDK@@
014GNDM00,012OOG7SG,001,ThrowDynamesMissile,EXVS2,Throw,0x141421B48,465,0x1C0,10,0;22;76;78;79;81;84;87;88;91,0x14092A3E0,0x1406A5BA0,0x1406A5B30,0x1406A5170,0x1406A5980,0x1406A57D0,0x14094E8C0,0x140F5C0F0,0x140F5B630,0x140DDCAC0,.?AVCUnitTaskAutomata_014GNDM00_012OOG7SG_001_ThrowDynamesMissile@EXVS2@@|.?AVCUnitTaskAutomataThrow@GAM@VDK@@|.?AVCUnitTaskAutomataRadiconParentActor@GAM@VDK@@|.?AVCUnitTaskAutomataRadicon@GAM@VDK@@|.?AVCUnitTaskAutomataAbstract@GAM@VDK@@|.?AVCUnitTaskActorProjectileAbstract@GAM@VDK@@|.?AVCUnitTaskActorAbstract@GAM@VDK@@|.?AVCUnitTaskBattleAbstract@GAM@VDK@@
014GNDM00,012OOG7SG,001,ThrowGNDagger,EXVS2,Throw,0x141420E88,465,0x1C0,12,0;22;74;76;78;79;81;84;87;88;89;91,0x14092A3E0,0x1406A5BA0,0x1406A5B30,0x1406A5170,0x1406A5980,0x1406A57D0,0x14094E8C0,0x140F5C530,0x140F5B290,0x140DDCAC0,.?AVCUnitTaskAutomata_014GNDM00_012OOG7SG_001_ThrowGNDagger@EXVS2@@|.?AVCUnitTaskAutomataThrow@GAM@VDK@@|.?AVCUnitTaskAutomataRadiconParentActor@GAM@VDK@@|.?AVCUnitTaskAutomataRadicon@GAM@VDK@@|.?AVCUnitTaskAutomataAbstract@GAM@VDK@@|.?AVCUnitTaskActorProjectileAbstract@GAM@VDK@@|.?AVCUnitTaskActorAbstract@GAM@VDK@@|.?AVCUnitTaskBattleAbstract@GAM@VDK@@
014GNDM00,012OOG7SG,001,ThrowGNQatar,EXVS2,Throw,0x141420838,465,0x1C0,10,0;22;76;78;79;81;84;87;88;91,0x14092A3E0,0x1406A5BA0,0x1406A5B30,0x1406A5170,0x1406A5980,0x1406A57D0,0x14094E8C0,0x140F5B0A0,0x140F5B010,0x140DDCAC0,.?AVCUnitTaskAutomata_014GNDM00_012OOG7SG_001_ThrowGNQatar@EXVS2@@|.?AVCUnitTaskAutomataThrow@GAM@VDK@@|.?AVCUnitTaskAutomataRadiconParentActor@GAM@VDK@@|.?AVCUnitTaskAutomataRadicon@GAM@VDK@@|.?AVCUnitTaskAutomataAbstract@GAM@VDK@@|.?AVCUnitTaskActorProjectileAbstract@GAM@VDK@@|.?AVCUnitTaskActorAbstract@GAM@VDK@@|.?AVCUnitTaskBattleAbstract@GAM@VDK@@
014GNDM00,012OOG7SG,001,ThrowGNQatarTwin,EXVS2,Throw,0x141420B60,465,0x1C0,10,0;22;76;78;79;81;84;87;88;91,0x14092A3E0,0x1406A5BA0,0x1406A5B30,0x1406A5170,0x1406A5980,0x1406A57D0,0x14094E8C0,0x140F5B1E0,0x140F5B190,0x140DDCAC0,.?AVCUnitTaskAutomata_014GNDM00_012OOG7SG_001_ThrowGNQatarTwin@EXVS2@@|.?AVCUnitTaskAutomataThrow@GAM@VDK@@|.?AVCUnitTaskAutomataRadiconParentActor@GAM@VDK@@|.?AVCUnitTaskAutomataRadicon@GAM@VDK@@|.?AVCUnitTaskAutomataAbstract@GAM@VDK@@|.?AVCUnitTaskActorProjectileAbstract@GAM@VDK@@|.?AVCUnitTaskActorAbstract@GAM@VDK@@|.?AVCUnitTaskBattleAbstract@GAM@VDK@@
014GNDM00,012OOG7SG,002,Anchor,EXVS2,AnchorReturn,0x1414227F8,465,0x1F0,13,0;2;11;12;18;23;73;76;78;79;81;84;89,0x14092A700,0x140E1CDD0,0x140DE01B0,0x1406A5170,0x1406A5980,0x1406A57D0,0x14094DCE0,0x140F5BE70,0x140F5BD10,0x140F40ED0,.?AVCUnitTaskAutomata_014GNDM00_012OOG7SG_002_Anchor@EXVS2@@|.?AVCUnitTaskAutomataAnchorReturn@GAM@VDK@@|.?AVCUnitTaskAutomataAnchor@GAM@VDK@@|.?AVCUnitTaskAutomataRadiconParentActor@GAM@VDK@@|.?AVCUnitTaskAutomataRadicon@GAM@VDK@@|.?AVCUnitTaskAutomataAbstract@GAM@VDK@@|.?AVCUnitTaskActorProjectileAbstract@GAM@VDK@@|.?AVCUnitTaskActorAbstract@GAM@VDK@@
014GNDM00,012OOG7SG,002,AssistDynamesRush,EXVS2,SummonRushAttackNormal,0x1414237D8,465,0x330,18,0;2;18;21;30;42;46;72;73;78;79;80;81;84;87;88;89;90,0x14092A700,0x140DE1070,0x1406A5B30,0x1406A5170,0x1406A5980,0x1406A57D0,0x14094E5F0,0x140F5BB10,0x140F5C1A0,0x140F5B950,.?AVCUnitTaskAutomata_014GNDM00_012OOG7SG_002_AssistDynamesRush@EXVS2@@|.?AVCUnitTaskAutomataSummonRushAttackNormal@GAM@VDK@@|.?AVCUnitTaskAutomataSummonRushAttack@GAM@VDK@@|.?AVCUnitTaskAutomataSummonRush@GAM@VDK@@|.?AVCUnitTaskAutomataSummon@GAM@VDK@@|.?AVCUnitTaskAutomataRadiconParentActor@GAM@VDK@@|.?AVCUnitTaskAutomataRadicon@GAM@VDK@@|.?AVCUnitTaskAutomataAbstract@GAM@VDK@@
014GNDM00,012OOG7SG,002,AssistDynamesShotMissile,EXVS2,SummonRushShot,0x141422E50,465,0x2F0,19,0;2;12;18;21;30;42;46;69;72;73;78;79;80;81;84;87;88;90,0x14092A310,0x140DE1070,0x140DE1770,0x1406A5170,0x1406A5980,0x1406A57D0,0x14094E6F0,0x140F5BFF0,0x140F5BF80,0x140DE1820,.?AVCUnitTaskAutomata_014GNDM00_012OOG7SG_002_AssistDynamesShotMissile@EXVS2@@|.?AVCUnitTaskAutomataSummonRushShot@GAM@VDK@@|.?AVCUnitTaskAutomataSummonRush@GAM@VDK@@|.?AVCUnitTaskAutomataSummon@GAM@VDK@@|.?AVCUnitTaskAutomataRadiconParentActor@GAM@VDK@@|.?AVCUnitTaskAutomataRadicon@GAM@VDK@@|.?AVCUnitTaskAutomataAbstract@GAM@VDK@@|.?AVCUnitTaskActorProjectileAbstract@GAM@VDK@@
014GNDM00,012OOG7SG,002,AssistDynamesShotMissile_6_3,EXVS2,SummonRushShot,0x1414234A8,465,0x2F0,19,0;2;12;18;21;30;42;46;69;72;73;78;79;80;81;84;87;88;90,0x14092A310,0x140DE1070,0x140DE1770,0x1406A5170,0x1406A5980,0x1406A57D0,0x14094E6F0,0x140F5BFF0,0x140F5C130,0x140DE1820,.?AVCUnitTaskAutomata_014GNDM00_012OOG7SG_002_AssistDynamesShotMissile_6_3@EXVS2@@|.?AVCUnitTaskAutomata_014GNDM00_012OOG7SG_002_AssistDynamesShotMissile@EXVS2@@|.?AVCUnitTaskAutomataSummonRushShot@GAM@VDK@@|.?AVCUnitTaskAutomataSummonRush@GAM@VDK@@|.?AVCUnitTaskAutomataSummon@GAM@VDK@@|.?AVCUnitTaskAutomataRadiconParentActor@GAM@VDK@@|.?AVCUnitTaskAutomataRadicon@GAM@VDK@@|.?AVCUnitTaskAutomataAbstract@GAM@VDK@@
014GNDM00,012OOG7SG,002,AssistDynamesShotRifle,EXVS2,SummonRushShot,0x141422B20,465,0x2F0,19,0;2;12;18;21;30;42;46;69;72;73;78;79;80;81;84;87;88;90,0x14092A310,0x140DE1070,0x140DE1770,0x1406A5170,0x1406A5980,0x1406A57D0,0x14094E6F0,0x140F5B510,0x140F5BF20,0x140DE1820,.?AVCUnitTaskAutomata_014GNDM00_012OOG7SG_002_AssistDynamesShotRifle@EXVS2@@|.?AVCUnitTaskAutomataSummonRushShot@GAM@VDK@@|.?AVCUnitTaskAutomataSummonRush@GAM@VDK@@|.?AVCUnitTaskAutomataSummon@GAM@VDK@@|.?AVCUnitTaskAutomataRadiconParentActor@GAM@VDK@@|.?AVCUnitTaskAutomataRadicon@GAM@VDK@@|.?AVCUnitTaskAutomataAbstract@GAM@VDK@@|.?AVCUnitTaskActorProjectileAbstract@GAM@VDK@@
014GNDM00,012OOG7SG,002,BusterDocking,EXVS2,AttachAbstract,0x1414224D0,465,0x210,10,0;2;78;79;81;84;88;96;97;98,0x14092A3E0,0x140F88D10,0x1406A5B30,0x1406A5170,0x1406A5980,0x1406A57D0,0x14094DD70,0x140F5BCC0,0x140F5BC40,0x140DE1E80,.?AVCUnitTaskAutomata_014GNDM00_012OOG7SG_002_BusterDocking@EXVS2@@|.?AVCUnitTaskAutomataAttachAbstract@GAM@VDK@@|.?AVCUnitTaskAutomataRadiconParentActor@GAM@VDK@@|.?AVCUnitTaskAutomataRadicon@GAM@VDK@@|.?AVCUnitTaskAutomataAbstract@GAM@VDK@@|.?AVCUnitTaskActorProjectileAbstract@GAM@VDK@@|.?AVCUnitTaskActorAbstract@GAM@VDK@@|.?AVCUnitTaskBattleAbstract@GAM@VDK@@
014GNDM00,012OOG7SG,002,ThrowDynamesMissile,EXVS2,Throw,0x141423180,465,0x1C0,10,0;22;76;78;79;81;84;87;88;91,0x14092A3E0,0x1406A5BA0,0x1406A5B30,0x1406A5170,0x1406A5980,0x1406A57D0,0x14094E8C0,0x140F5C0F0,0x140F5C0A0,0x140DDCAC0,.?AVCUnitTaskAutomata_014GNDM00_012OOG7SG_002_ThrowDynamesMissile@EXVS2@@|.?AVCUnitTaskAutomataThrow@GAM@VDK@@|.?AVCUnitTaskAutomataRadiconParentActor@GAM@VDK@@|.?AVCUnitTaskAutomataRadicon@GAM@VDK@@|.?AVCUnitTaskAutomataAbstract@GAM@VDK@@|.?AVCUnitTaskActorProjectileAbstract@GAM@VDK@@|.?AVCUnitTaskActorAbstract@GAM@VDK@@|.?AVCUnitTaskBattleAbstract@GAM@VDK@@
014GNDM00,012OOG7SG,002,ThrowGNDagger,EXVS2,Throw,0x141423B08,465,0x1C0,12,0;22;74;76;78;79;81;84;87;88;89;91,0x14092A3E0,0x1406A5BA0,0x1406A5B30,0x1406A5170,0x1406A5980,0x1406A57D0,0x14094E8C0,0x140F5C530,0x140F5C3B0,0x140DDCAC0,.?AVCUnitTaskAutomata_014GNDM00_012OOG7SG_002_ThrowGNDagger@EXVS2@@|.?AVCUnitTaskAutomataThrow@GAM@VDK@@|.?AVCUnitTaskAutomataRadiconParentActor@GAM@VDK@@|.?AVCUnitTaskAutomataRadicon@GAM@VDK@@|.?AVCUnitTaskAutomataAbstract@GAM@VDK@@|.?AVCUnitTaskActorProjectileAbstract@GAM@VDK@@|.?AVCUnitTaskActorAbstract@GAM@VDK@@|.?AVCUnitTaskBattleAbstract@GAM@VDK@@
014GNDM00,014TITAOZ,001,AssistTierenNormalCapture,EXVS2,SummonRushAttackNormal,0x141423E30,465,0x330,18,0;2;18;21;30;42;46;72;73;78;79;80;81;84;87;88;90;91,0x14092A700,0x140DE1070,0x1406A5B30,0x1406A5170,0x1406A5980,0x1406A57D0,0x14094E5F0,0x140F5C6A0,0x140F5C570,0x140F5C660,.?AVCUnitTaskAutomata_014GNDM00_014TITAOZ_001_AssistTierenNormalCapture@EXVS2@@|.?AVCUnitTaskAutomataSummonRushAttackNormal@GAM@VDK@@|.?AVCUnitTaskAutomataSummonRushAttack@GAM@VDK@@|.?AVCUnitTaskAutomataSummonRush@GAM@VDK@@|.?AVCUnitTaskAutomataSummon@GAM@VDK@@|.?AVCUnitTaskAutomataRadiconParentActor@GAM@VDK@@|.?AVCUnitTaskAutomataRadicon@GAM@VDK@@|.?AVCUnitTaskAutomataAbstract@GAM@VDK@@
014GNDM00,014TITAOZ,001,AssistTierenNormalRush,EXVS2,SummonRushAttackNormal,0x141424160,465,0x330,17,0;2;18;21;30;42;46;72;73;78;79;80;81;84;87;88;90,0x14092A700,0x140DE1070,0x1406A5B30,0x1406A5170,0x1406A5980,0x1406A57D0,0x14094E5F0,0x140F5C7B0,0x140DE1B80,0x140F5C660,.?AVCUnitTaskAutomata_014GNDM00_014TITAOZ_001_AssistTierenNormalRush@EXVS2@@|.?AVCUnitTaskAutomataSummonRushAttackNormal@GAM@VDK@@|.?AVCUnitTaskAutomataSummonRushAttack@GAM@VDK@@|.?AVCUnitTaskAutomataSummonRush@GAM@VDK@@|.?AVCUnitTaskAutomataSummon@GAM@VDK@@|.?AVCUnitTaskAutomataRadiconParentActor@GAM@VDK@@|.?AVCUnitTaskAutomataRadicon@GAM@VDK@@|.?AVCUnitTaskAutomataAbstract@GAM@VDK@@
014GNDM00,014TITAOZ,001,AssistTierenNormalShotCannon,EXVS2,SummonRushShot,0x141424490,465,0x2F0,20,0;2;12;18;21;30;42;46;69;72;73;78;79;80;81;84;86;87;88;90,0x14092A310,0x140DE1070,0x140DE1770,0x1406A5170,0x1406A5980,0x1406A57D0,0x14094E6F0,0x140F5CA20,0x140DE1710,0x140F5CA00,.?AVCUnitTaskAutomata_014GNDM00_014TITAOZ_001_AssistTierenNormalShotCannon@EXVS2@@|.?AVCUnitTaskAutomataSummonRushShot@GAM@VDK@@|.?AVCUnitTaskAutomataSummonRush@GAM@VDK@@|.?AVCUnitTaskAutomataSummon@GAM@VDK@@|.?AVCUnitTaskAutomataRadiconParentActor@GAM@VDK@@|.?AVCUnitTaskAutomataRadicon@GAM@VDK@@|.?AVCUnitTaskAutomataAbstract@GAM@VDK@@|.?AVCUnitTaskActorProjectileAbstract@GAM@VDK@@
014GNDM00,014TITAOZ,001,AssistTierenNormalShotCarbonNet,EXVS2,SummonRushShot,0x1414247C0,465,0x2F0,19,0;2;12;18;21;30;42;46;69;72;73;78;79;80;81;84;87;88;90,0x14092A310,0x140DE1070,0x140DE1770,0x1406A5170,0x1406A5980,0x1406A57D0,0x14094E6F0,0x140F5CE20,0x140DE1710,0x140F5CA00,.?AVCUnitTaskAutomata_014GNDM00_014TITAOZ_001_AssistTierenNormalShotCarbonNet@EXVS2@@|.?AVCUnitTaskAutomataSummonRushShot@GAM@VDK@@|.?AVCUnitTaskAutomataSummonRush@GAM@VDK@@|.?AVCUnitTaskAutomataSummon@GAM@VDK@@|.?AVCUnitTaskAutomataRadiconParentActor@GAM@VDK@@|.?AVCUnitTaskAutomataRadicon@GAM@VDK@@|.?AVCUnitTaskAutomataAbstract@GAM@VDK@@|.?AVCUnitTaskActorProjectileAbstract@GAM@VDK@@
014GNDM00,014TITAOZ,001,AssistTierenSmirnovCapture,EXVS2,SummonRushAttackNormal,0x141424AF0,465,0x330,18,0;2;18;21;30;42;46;72;73;78;79;80;81;84;87;88;90;91,0x14092A700,0x140DE1070,0x1406A5B30,0x1406A5170,0x1406A5980,0x1406A57D0,0x14094E5F0,0x140F5CFC0,0x140F5CEF0,0x140DE1960,.?AVCUnitTaskAutomata_014GNDM00_014TITAOZ_001_AssistTierenSmirnovCapture@EXVS2@@|.?AVCUnitTaskAutomataSummonRushAttackNormal@GAM@VDK@@|.?AVCUnitTaskAutomataSummonRushAttack@GAM@VDK@@|.?AVCUnitTaskAutomataSummonRush@GAM@VDK@@|.?AVCUnitTaskAutomataSummon@GAM@VDK@@|.?AVCUnitTaskAutomataRadiconParentActor@GAM@VDK@@|.?AVCUnitTaskAutomataRadicon@GAM@VDK@@|.?AVCUnitTaskAutomataAbstract@GAM@VDK@@
014GNDM00,014TITAOZ,001,AssistTierenSmirnovHissatsu,EXVS2,StickerLaunchBone,0x141424E20,465,0x1C0,10,0;2;12;78;79;81;84;88;90;91,0x14092A700,0x140F52FA0,0x140F52F60,0x1406A5170,0x1406A5980,0x1406A57D0,0x14094E4D0,0x140F5D200,0x140F5D100,0x140E29790,.?AVCUnitTaskAutomata_014GNDM00_014TITAOZ_001_AssistTierenSmirnovHissatsu@EXVS2@@|.?AVCUnitTaskAutomataStickerLaunchBone@GAM@VDK@@|.?AVCUnitTaskAutomataSticker@GAM@VDK@@|.?AVCUnitTaskAutomataRadiconParentActor@GAM@VDK@@|.?AVCUnitTaskAutomataRadicon@GAM@VDK@@|.?AVCUnitTaskAutomataAbstract@GAM@VDK@@|.?AVCUnitTaskActorProjectileAbstract@GAM@VDK@@|.?AVCUnitTaskActorAbstract@GAM@VDK@@
014GNDM00,014TITAOZ,001,AssistTierenSmirnovRush,EXVS2,SummonRushAttackNormal,0x141425158,465,0x330,17,0;2;18;21;30;42;46;72;73;78;79;80;81;84;87;88;90,0x14092A700,0x140DE1070,0x1406A5B30,0x1406A5170,0x1406A5980,0x1406A57D0,0x14094E5F0,0x140F5D2B0,0x140F5D240,0x140DE1960,.?AVCUnitTaskAutomata_014GNDM00_014TITAOZ_001_AssistTierenSmirnovRush@EXVS2@@|.?AVCUnitTaskAutomataSummonRushAttackNormal@GAM@VDK@@|.?AVCUnitTaskAutomataSummonRushAttack@GAM@VDK@@|.?AVCUnitTaskAutomataSummonRush@GAM@VDK@@|.?AVCUnitTaskAutomataSummon@GAM@VDK@@|.?AVCUnitTaskAutomataRadiconParentActor@GAM@VDK@@|.?AVCUnitTaskAutomataRadicon@GAM@VDK@@|.?AVCUnitTaskAutomataAbstract@GAM@VDK@@
014GNDM00,014TITAOZ,001,AssistTierenSmirnovTsukimatoi,EXVS2,SummonTukimatoiAndAction,0x141425488,465,0x2C0,17,0;2;18;21;30;42;46;72;73;78;79;80;81;84;87;88;90,0x14092A700,0x140DE1070,0x1406A5B30,0x1406A5170,0x1406A5980,0x1406A57D0,0x14094E810,0x140F5D4E0,0x140F5D440,0x140DE1820,.?AVCUnitTaskAutomata_014GNDM00_014TITAOZ_001_AssistTierenSmirnovTsukimatoi@EXVS2@@|.?AVCUnitTaskAutomataSummonTukimatoiAndAction@GAM@VDK@@|.?AVCUnitTaskAutomataSummonTukimatoi@GAM@VDK@@|.?AVCUnitTaskAutomataSummon@GAM@VDK@@|.?AVCUnitTaskAutomataRadiconParentActor@GAM@VDK@@|.?AVCUnitTaskAutomataRadicon@GAM@VDK@@|.?AVCUnitTaskAutomataAbstract@GAM@VDK@@|.?AVCUnitTaskActorProjectileAbstract@GAM@VDK@@
014GNDM00,014TITAOZ,001,AssistTierenSmirnovTsukimatoiRefollow,EXVS2,SummonTukimatoiAndAction,0x1414257B8,465,0x2C0,17,0;2;18;21;30;42;46;72;73;78;79;80;81;84;87;88;90,0x14092A700,0x140DE1070,0x1406A5B30,0x1406A5170,0x1406A5980,0x1406A57D0,0x14094E810,0x140F5D610,0x140F5D440,0x140DE1820,.?AVCUnitTaskAutomata_014GNDM00_014TITAOZ_001_AssistTierenSmirnovTsukimatoiRefollow@EXVS2@@|.?AVCUnitTaskAutomata_014GNDM00_014TITAOZ_001_AssistTierenSmirnovTsukimatoi@EXVS2@@|.?AVCUnitTaskAutomataSummonTukimatoiAndAction@GAM@VDK@@|.?AVCUnitTaskAutomataSummonTukimatoi@GAM@VDK@@|.?AVCUnitTaskAutomataSummon@GAM@VDK@@|.?AVCUnitTaskAutomataRadiconParentActor@GAM@VDK@@|.?AVCUnitTaskAutomataRadicon@GAM@VDK@@|.?AVCUnitTaskAutomataAbstract@GAM@VDK@@
014GNDM00,014TITAOZ,001,AssistTierenSmirnovWinlose,EXVS2,PutObj,0x141425AE8,465,0x1D0,9,0;2;78;79;80;81;84;88;90,0x14092A040,0x140F76310,0x1406A5B30,0x1406A5170,0x1406A5980,0x1406A57D0,0x14094E380,0x140F5D7B0,0x140DDCC00,0x140E28260,.?AVCUnitTaskAutomata_014GNDM00_014TITAOZ_001_AssistTierenSmirnovWinlose@EXVS2@@|.?AVCUnitTaskAutomataPutObj@GAM@VDK@@|.?AVCUnitTaskAutomataRadiconParentActor@GAM@VDK@@|.?AVCUnitTaskAutomataRadicon@GAM@VDK@@|.?AVCUnitTaskAutomataAbstract@GAM@VDK@@|.?AVCUnitTaskActorProjectileAbstract@GAM@VDK@@|.?AVCUnitTaskActorAbstract@GAM@VDK@@|.?AVCUnitTaskBattleAbstract@GAM@VDK@@
014GNDM00,014TITAOZ,001,CarbonNet,EXVS2,Throw,0x141425E10,465,0x1C0,12,0;2;22;76;78;79;81;84;87;88;90;91,0x14092A700,0x140F5DA40,0x1406A5B30,0x1406A5170,0x1406A5980,0x1406A57D0,0x14094E8C0,0x140F5DB30,0x140F5D8D0,0x140DDCAC0,.?AVCUnitTaskAutomata_014GNDM00_014TITAOZ_001_CarbonNet@EXVS2@@|.?AVCUnitTaskAutomataThrow@GAM@VDK@@|.?AVCUnitTaskAutomataRadiconParentActor@GAM@VDK@@|.?AVCUnitTaskAutomataRadicon@GAM@VDK@@|.?AVCUnitTaskAutomataAbstract@GAM@VDK@@|.?AVCUnitTaskActorProjectileAbstract@GAM@VDK@@|.?AVCUnitTaskActorAbstract@GAM@VDK@@|.?AVCUnitTaskBattleAbstract@GAM@VDK@@
014GNDM00,016JAGDAC,001,FungSword,EXVS2,FunnelFlySword,0x141426138,977,0x220,14,0;2;28;43;52;69;76;78;79;81;84;87;89;91,0x14092A700,0x140E06020,0x1406A5B30,0x14094F070,0x1406A5980,0x1406A57D0,0x14094E100,0x140F5DCA0,0x140F5DB70,0x140F57B40,.?AVCUnitTaskAutomata_014GNDM00_016JAGDAC_001_FungSword@EXVS2@@|.?AVCUnitTaskAutomataFunnelFlySword@GAM@VDK@@|.?AVCUnitTaskAutomataFunnelMawarikomi@GAM@VDK@@|.?AVCUnitTaskAutomataFunnelFly@GAM@VDK@@|.?AVCUnitTaskAutomataFunnel@GAM@VDK@@|.?AVCUnitTaskAutomataRadiconParentActor@GAM@VDK@@|.?AVCUnitTaskAutomataRadicon@GAM@VDK@@|.?AVCUnitTaskAutomataAbstract@GAM@VDK@@
014GNDM00,016JAGDAC,001,NotifyStealth,EXVS2,Sticker,0x141426468,465,0x1C0,9,0;2;78;79;81;82;84;89;91,0x14092A700,0x140DDD100,0x1406A5B30,0x1406A5170,0x1406A5980,0x1406A57D0,0x14094E4D0,0x140F5DF60,0x140F5DD00,0x140E28260,.?AVCUnitTaskAutomata_014GNDM00_016JAGDAC_001_NotifyStealth@EXVS2@@|.?AVCUnitTaskAutomataSticker@GAM@VDK@@|.?AVCUnitTaskAutomataRadiconParentActor@GAM@VDK@@|.?AVCUnitTaskAutomataRadicon@GAM@VDK@@|.?AVCUnitTaskAutomataAbstract@GAM@VDK@@|.?AVCUnitTaskActorProjectileAbstract@GAM@VDK@@|.?AVCUnitTaskActorAbstract@GAM@VDK@@|.?AVCUnitTaskBattleAbstract@GAM@VDK@@
014GNDM00,017KYRIOS,001,GnShieldClaw,EXVS2,AnchorReturn,0x1414267A0,465,0x1F0,14,0;2;11;12;18;23;73;76;78;79;81;84;88;92,0x14092A700,0x140DE0460,0x140F5E230,0x1406A5170,0x1406A5980,0x1406A57D0,0x14094DCE0,0x140F5E2C0,0x140F5DF90,0x140F40ED0,.?AVCUnitTaskAutomata_014GNDM00_017KYRIOS_001_GnShieldClaw@EXVS2@@|.?AVCUnitTaskAutomataAnchorReturn@GAM@VDK@@|.?AVCUnitTaskAutomataAnchor@GAM@VDK@@|.?AVCUnitTaskAutomataRadiconParentActor@GAM@VDK@@|.?AVCUnitTaskAutomataRadicon@GAM@VDK@@|.?AVCUnitTaskAutomataAbstract@GAM@VDK@@|.?AVCUnitTaskActorProjectileAbstract@GAM@VDK@@|.?AVCUnitTaskActorAbstract@GAM@VDK@@
014GNDM00,017KYRIOS,001,TailunitPorori,EXVS2,FreeFall_Interaction,0x141426AC8,465,0x1C0,10,0;2;22;49;78;79;81;84;87;89,0x14092A3E0,0x140F75740,0x1406A5B30,0x1406A5170,0x1406A5980,0x1406A57D0,0x14094DF60,0x140F52980,0x140DDCD60,0x140F5E320,.?AVCUnitTaskAutomata_014GNDM00_017KYRIOS_001_TailunitPorori@EXVS2@@|.?AVCUnitTaskAutomataFreeFall_Interaction@GAM@VDK@@|.?AVCUnitTaskAutomataRadiconParentActor@GAM@VDK@@|.?AVCUnitTaskAutomataRadicon@GAM@VDK@@|.?AVCUnitTaskAutomataAbstract@GAM@VDK@@|.?AVCUnitTaskActorProjectileAbstract@GAM@VDK@@|.?AVCUnitTaskActorAbstract@GAM@VDK@@|.?AVCUnitTaskBattleAbstract@GAM@VDK@@
014GNDM00,019THEINS,001,TukimatoiThdrei,EXVS2,SummonTukimatoi,0x141426DF0,465,0x2A0,17,0;2;18;21;30;42;46;72;73;78;79;80;81;84;87;88;90,0x14092A700,0x140DE1070,0x1406A5B30,0x1406A5170,0x1406A5980,0x1406A57D0,0x14094E7B0,0x1409867A0,0x140F5E440,0x140DE1820,.?AVCUnitTaskAutomata_014GNDM00_019THEINS_001_TukimatoiThdrei@EXVS2@@|.?AVCUnitTaskAutomata_014GNDM00_019THEINS_001_TukimatoiTheinsCommon@EXVS2@@|.?AVCUnitTaskAutomataSummonTukimatoi@GAM@VDK@@|.?AVCUnitTaskAutomataSummon@GAM@VDK@@|.?AVCUnitTaskAutomataRadiconParentActor@GAM@VDK@@|.?AVCUnitTaskAutomataRadicon@GAM@VDK@@|.?AVCUnitTaskAutomataAbstract@GAM@VDK@@|.?AVCUnitTaskActorProjectileAbstract@GAM@VDK@@
014GNDM00,019THEINS,001,TukimatoiThzwei,EXVS2,SummonTukimatoi,0x141427120,465,0x2A0,17,0;2;18;21;30;42;46;72;73;78;79;80;81;84;87;88;90,0x14092A700,0x140DE1070,0x1406A5B30,0x1406A5170,0x1406A5980,0x1406A57D0,0x14094E7B0,0x1409867C0,0x140F5E440,0x140DE1820,.?AVCUnitTaskAutomata_014GNDM00_019THEINS_001_TukimatoiThzwei@EXVS2@@|.?AVCUnitTaskAutomata_014GNDM00_019THEINS_001_TukimatoiTheinsCommon@EXVS2@@|.?AVCUnitTaskAutomataSummonTukimatoi@GAM@VDK@@|.?AVCUnitTaskAutomataSummon@GAM@VDK@@|.?AVCUnitTaskAutomataRadiconParentActor@GAM@VDK@@|.?AVCUnitTaskAutomataRadicon@GAM@VDK@@|.?AVCUnitTaskAutomataAbstract@GAM@VDK@@|.?AVCUnitTaskActorProjectileAbstract@GAM@VDK@@
014GNDM00,020THZWEI,001,FangThzwei,EXVS2,FunnelFlySword,0x141427450,977,0x220,14,0;2;28;43;52;69;76;78;79;81;84;87;89;91,0x14092A700,0x140F75740,0x1406A5B30,0x14094F070,0x1406A5980,0x1406A57D0,0x14094E100,0x140F5E6A0,0x140F5E550,0x140F5E5B0,.?AVCUnitTaskAutomata_014GNDM00_020THZWEI_001_FangThzwei@EXVS2@@|.?AVCUnitTaskAutomataFunnelFlySword@GAM@VDK@@|.?AVCUnitTaskAutomataFunnelMawarikomi@GAM@VDK@@|.?AVCUnitTaskAutomataFunnelFly@GAM@VDK@@|.?AVCUnitTaskAutomataFunnel@GAM@VDK@@|.?AVCUnitTaskAutomataRadiconParentActor@GAM@VDK@@|.?AVCUnitTaskAutomataRadicon@GAM@VDK@@|.?AVCUnitTaskAutomataAbstract@GAM@VDK@@
014GNDM00,020THZWEI,001,FangThzweiSword,EXVS2,FunnelFlySword,0x141427778,977,0x220,14,0;2;28;43;52;69;76;78;79;81;84;87;89;91,0x14092A700,0x140F75740,0x1406A5B30,0x14094F070,0x1406A5980,0x1406A57D0,0x14094E100,0x140F5EA90,0x140F5E7E0,0x140F5E840,.?AVCUnitTaskAutomata_014GNDM00_020THZWEI_001_FangThzweiSword@EXVS2@@|.?AVCUnitTaskAutomataFunnelFlySword@GAM@VDK@@|.?AVCUnitTaskAutomataFunnelMawarikomi@GAM@VDK@@|.?AVCUnitTaskAutomataFunnelFly@GAM@VDK@@|.?AVCUnitTaskAutomataFunnel@GAM@VDK@@|.?AVCUnitTaskAutomataRadiconParentActor@GAM@VDK@@|.?AVCUnitTaskAutomataRadicon@GAM@VDK@@|.?AVCUnitTaskAutomataAbstract@GAM@VDK@@
014GNDM00,025GARAZO,001,AssistGaga,EXVS2,SummonGrap,0x141427AA0,465,0x290,17,0;2;18;21;30;42;46;72;73;78;79;80;81;84;87;88;90,0x14092A700,0x140F76670,0x1406A5B30,0x1406A5170,0x1406A5980,0x1406A57D0,0x14094E560,0x140F5EC30,0x140F5EBA0,0x140F5EC00,.?AVCUnitTaskAutomata_014GNDM00_025GARAZO_001_AssistGaga@EXVS2@@|.?AVCUnitTaskAutomataSummonGrap@GAM@VDK@@|.?AVCUnitTaskAutomataSummon@GAM@VDK@@|.?AVCUnitTaskAutomataRadiconParentActor@GAM@VDK@@|.?AVCUnitTaskAutomataRadicon@GAM@VDK@@|.?AVCUnitTaskAutomataAbstract@GAM@VDK@@|.?AVCUnitTaskActorProjectileAbstract@GAM@VDK@@|.?AVCUnitTaskActorAbstract@GAM@VDK@@
014GNDM00,025GARAZO,001,LosePod,EXVS2,Throw,0x141427DD8,465,0x1C0,10,0;22;76;78;79;81;84;87;88;90,0x14092A3E0,0x1406A5BA0,0x1406A5B30,0x1406A5170,0x1406A5980,0x1406A57D0,0x14094E8C0,0x140F5ED40,0x140F5ECE0,0x140DDCAC0,.?AVCUnitTaskAutomata_014GNDM00_025GARAZO_001_LosePod@EXVS2@@|.?AVCUnitTaskAutomataThrow@GAM@VDK@@|.?AVCUnitTaskAutomataRadiconParentActor@GAM@VDK@@|.?AVCUnitTaskAutomataRadicon@GAM@VDK@@|.?AVCUnitTaskAutomataAbstract@GAM@VDK@@|.?AVCUnitTaskActorProjectileAbstract@GAM@VDK@@|.?AVCUnitTaskActorAbstract@GAM@VDK@@|.?AVCUnitTaskBattleAbstract@GAM@VDK@@
014GNDM00,026AHEADS,001,ExShotAssistGnArcher,EXVS2,SummonRushShotMachinegun,0x1414290E0,465,0x300,20,0;2;11;12;18;21;30;42;46;69;72;73;78;79;80;81;84;87;88;90,0x14092A310,0x140E345B0,0x140F3CE50,0x1406A5170,0x1406A5980,0x1406A57D0,0x14094E730,0x140F60B70,0x140F60AA0,0x140F648E0,.?AVCUnitTaskAutomata_014GNDM00_026AHEADS_001_ExShotAssistGnArcher@EXVS2@@|.?AVCUnitTaskAutomataSummonRushShotMachinegun@GAM@VDK@@|.?AVCUnitTaskAutomataSummonRushShot@GAM@VDK@@|.?AVCUnitTaskAutomataSummonRush@GAM@VDK@@|.?AVCUnitTaskAutomataSummon@GAM@VDK@@|.?AVCUnitTaskAutomataRadiconParentActor@GAM@VDK@@|.?AVCUnitTaskAutomataRadicon@GAM@VDK@@|.?AVCUnitTaskAutomataAbstract@GAM@VDK@@
014GNDM00,026AHEADS,001,ExShotAssistGnx,EXVS2,SummonRushShotMachinegun,0x141428A80,465,0x300,20,0;2;11;12;18;21;30;42;46;69;72;73;78;79;80;81;84;87;88;90,0x14092A310,0x140E345B0,0x140F60310,0x1406A5170,0x1406A5980,0x1406A57D0,0x14094E730,0x140F603B0,0x140F60220,0x140F648E0,.?AVCUnitTaskAutomata_014GNDM00_026AHEADS_001_ExShotAssistGnx@EXVS2@@|.?AVCUnitTaskAutomataSummonRushShotMachinegun@GAM@VDK@@|.?AVCUnitTaskAutomataSummonRushShot@GAM@VDK@@|.?AVCUnitTaskAutomataSummonRush@GAM@VDK@@|.?AVCUnitTaskAutomataSummon@GAM@VDK@@|.?AVCUnitTaskAutomataRadiconParentActor@GAM@VDK@@|.?AVCUnitTaskAutomataRadicon@GAM@VDK@@|.?AVCUnitTaskAutomataAbstract@GAM@VDK@@
014GNDM00,026AHEADS,001,GrapAssistGnx,EXVS2,SummonRushAttackNormal,0x141428750,465,0x330,19,0;2;18;21;30;42;46;72;73;78;79;80;81;84;87;88;89;90;91,0x14092A700,0x140DE1070,0x1406A5B30,0x1406A5170,0x1406A5980,0x1406A57D0,0x14094E5F0,0x140F60040,0x140F5FDA0,0x140F5FE50,.?AVCUnitTaskAutomata_014GNDM00_026AHEADS_001_GrapAssistGnx@EXVS2@@|.?AVCUnitTaskAutomataSummonRushAttackNormal@GAM@VDK@@|.?AVCUnitTaskAutomataSummonRushAttack@GAM@VDK@@|.?AVCUnitTaskAutomataSummonRush@GAM@VDK@@|.?AVCUnitTaskAutomataSummon@GAM@VDK@@|.?AVCUnitTaskAutomataRadiconParentActor@GAM@VDK@@|.?AVCUnitTaskAutomataRadicon@GAM@VDK@@|.?AVCUnitTaskAutomataAbstract@GAM@VDK@@
014GNDM00,026AHEADS,001,Panel,EXVS2,Throw,0x141428100,465,0x1C0,13,0;2;21;22;72;76;78;79;81;84;87;88;89,0x14092A140,0x140F5F4B0,0x1406A5B30,0x1406A5170,0x1406A5980,0x1406A57D0,0x14094E8C0,0x140F5F780,0x140F5EF60,0x140F5F670,.?AVCUnitTaskAutomata_014GNDM00_026AHEADS_001_Panel@EXVS2@@|.?AVCUnitTaskAutomataThrow@GAM@VDK@@|.?AVCUnitTaskAutomataRadiconParentActor@GAM@VDK@@|.?AVCUnitTaskAutomataRadicon@GAM@VDK@@|.?AVCUnitTaskAutomataAbstract@GAM@VDK@@|.?AVCUnitTaskActorProjectileAbstract@GAM@VDK@@|.?AVCUnitTaskActorAbstract@GAM@VDK@@|.?AVCUnitTaskBattleAbstract@GAM@VDK@@
014GNDM00,026AHEADS,001,PanelFall,EXVS2,Throw,0x141428428,465,0x1C0,10,0;2;22;76;78;79;81;84;87;88,0x14092A3E0,0x140F5FC30,0x1406A5B30,0x1406A5170,0x1406A5980,0x1406A57D0,0x14094E8C0,0x140F5FD60,0x140F5FBE0,0x140F41EF0,.?AVCUnitTaskAutomata_014GNDM00_026AHEADS_001_PanelFall@EXVS2@@|.?AVCUnitTaskAutomataThrow@GAM@VDK@@|.?AVCUnitTaskAutomataRadiconParentActor@GAM@VDK@@|.?AVCUnitTaskAutomataRadicon@GAM@VDK@@|.?AVCUnitTaskAutomataAbstract@GAM@VDK@@|.?AVCUnitTaskActorProjectileAbstract@GAM@VDK@@|.?AVCUnitTaskActorAbstract@GAM@VDK@@|.?AVCUnitTaskBattleAbstract@GAM@VDK@@
014GNDM00,026AHEADS,001,RushAssistGnx,EXVS2,SummonRushAttackNormal,0x141428DB0,465,0x330,19,0;2;18;21;30;42;46;72;73;78;79;80;81;84;87;88;89;90;91,0x14092A700,0x140DE1070,0x1406A5B30,0x1406A5170,0x1406A5980,0x1406A57D0,0x14094E5F0,0x140F60910,0x140F604B0,0x140F60640,.?AVCUnitTaskAutomata_014GNDM00_026AHEADS_001_RushAssistGnx@EXVS2@@|.?AVCUnitTaskAutomataSummonRushAttackNormal@GAM@VDK@@|.?AVCUnitTaskAutomataSummonRushAttack@GAM@VDK@@|.?AVCUnitTaskAutomataSummonRush@GAM@VDK@@|.?AVCUnitTaskAutomataSummon@GAM@VDK@@|.?AVCUnitTaskAutomataRadiconParentActor@GAM@VDK@@|.?AVCUnitTaskAutomataRadicon@GAM@VDK@@|.?AVCUnitTaskAutomataAbstract@GAM@VDK@@
015GNDMUC,001UNIGUN,001,BeamSaber,EXVS2,Throw,0x141429410,465,0x1C0,10,0;22;76;78;79;81;84;87;88;91,0x14092A3E0,0x1406A5BA0,0x1406A5B30,0x1406A5170,0x1406A5980,0x1406A57D0,0x14094E8C0,0x140F60C00,0x140DDC8E0,0x140DDCAC0,.?AVCUnitTaskAutomata_015GNDMUC_001UNIGUN_001_BeamSaber@EXVS2@@|.?AVCUnitTaskAutomataThrow@GAM@VDK@@|.?AVCUnitTaskAutomataRadiconParentActor@GAM@VDK@@|.?AVCUnitTaskAutomataRadicon@GAM@VDK@@|.?AVCUnitTaskAutomataAbstract@GAM@VDK@@|.?AVCUnitTaskActorProjectileAbstract@GAM@VDK@@|.?AVCUnitTaskActorAbstract@GAM@VDK@@|.?AVCUnitTaskBattleAbstract@GAM@VDK@@
015GNDMUC,001UNIGUN,001,ShieldFunnel,EXVS2,FunnelFlySword,0x141429738,977,0x220,15,0;2;28;43;52;69;76;78;79;81;84;87;88;91;92,0x14092A700,0x140F75740,0x1406A5B30,0x14094F070,0x1406A5980,0x1406A57D0,0x14094E100,0x140F60EC0,0x140F60C30,0x140DDCAC0,.?AVCUnitTaskAutomata_015GNDMUC_001UNIGUN_001_ShieldFunnel@EXVS2@@|.?AVCUnitTaskAutomataFunnelFlySword@GAM@VDK@@|.?AVCUnitTaskAutomataFunnelMawarikomi@GAM@VDK@@|.?AVCUnitTaskAutomataFunnelFly@GAM@VDK@@|.?AVCUnitTaskAutomataFunnel@GAM@VDK@@|.?AVCUnitTaskAutomataRadiconParentActor@GAM@VDK@@|.?AVCUnitTaskAutomataRadicon@GAM@VDK@@|.?AVCUnitTaskAutomataAbstract@GAM@VDK@@
015GNDMUC,001UNIGUN,001,ShieldThrow,EXVS2,Detonator,0x141429A60,465,0x1C0,11,0;22;74;76;78;79;81;84;87;88;92,0x14092A3E0,0x1406A5BA0,0x1406A5B30,0x1406A5170,0x1406A5980,0x1406A57D0,0x14094E8C0,0x140F61120,0x140F60EE0,0x140F61080,.?AVCUnitTaskAutomata_015GNDMUC_001UNIGUN_001_ShieldThrow@EXVS2@@|.?AVCUnitTaskAutomataDetonator@GAM@VDK@@|.?AVCUnitTaskAutomataThrow@GAM@VDK@@|.?AVCUnitTaskAutomataRadiconParentActor@GAM@VDK@@|.?AVCUnitTaskAutomataRadicon@GAM@VDK@@|.?AVCUnitTaskAutomataAbstract@GAM@VDK@@|.?AVCUnitTaskActorProjectileAbstract@GAM@VDK@@|.?AVCUnitTaskActorAbstract@GAM@VDK@@
015GNDMUC,002KSHATR,001,FunnelFlyNormal,EXVS2,FunnelFlyScatter,0x14142A3D8,977,0x210,10,0;2;28;43;69;78;79;81;84;87,0x14092A700,0x140F75740,0x1406A5B30,0x14094F070,0x1406A5980,0x1406A57D0,0x14094E050,0x140F61280,0x140F612D0,0x140DDCDC0,.?AVCUnitTaskAutomata_015GNDMUC_002KSHATR_001_FunnelFlyNormal@EXVS2@@|.?AVCUnitTaskAutomata_015GNDMUC_002KSHATR_001_FunnelFlyBase@EXVS2@@|.?AVCUnitTaskAutomataFunnelFlyScatter@GAM@VDK@@|.?AVCUnitTaskAutomataFunnelMawarikomi@GAM@VDK@@|.?AVCUnitTaskAutomataFunnelFly@GAM@VDK@@|.?AVCUnitTaskAutomataFunnel@GAM@VDK@@|.?AVCUnitTaskAutomataRadiconParentActor@GAM@VDK@@|.?AVCUnitTaskAutomataRadicon@GAM@VDK@@
015GNDMUC,002KSHATR,001,FunnelFlySetPoint,EXVS2,FunnelFlyScatter,0x14142A700,977,0x210,10,0;2;28;43;69;78;79;81;84;87,0x14092A100,0x140F75740,0x1406A5B30,0x14094F070,0x1406A5980,0x1406A57D0,0x14094E050,0x140F61280,0x140F61330,0x140DDCDC0,.?AVCUnitTaskAutomata_015GNDMUC_002KSHATR_001_FunnelFlySetPoint@EXVS2@@|.?AVCUnitTaskAutomata_015GNDMUC_002KSHATR_001_FunnelFlyBase@EXVS2@@|.?AVCUnitTaskAutomataFunnelFlyScatter@GAM@VDK@@|.?AVCUnitTaskAutomataFunnelMawarikomi@GAM@VDK@@|.?AVCUnitTaskAutomataFunnelFly@GAM@VDK@@|.?AVCUnitTaskAutomataFunnel@GAM@VDK@@|.?AVCUnitTaskAutomataRadiconParentActor@GAM@VDK@@|.?AVCUnitTaskAutomataRadicon@GAM@VDK@@
015GNDMUC,002KSHATR,001,FunnelNet,EXVS2,FunnelShotStayShift,0x141429D88,977,0x210,9,0;2;28;43;78;79;81;84;87,0x14092A3E0,0x140F75740,0x1406A5B30,0x14094F070,0x1406A5980,0x1406A57D0,0x14094E2A0,0x140F61240,0x140F61160,0x140DDCDC0,.?AVCUnitTaskAutomata_015GNDMUC_002KSHATR_001_FunnelNet@EXVS2@@|.?AVCUnitTaskAutomataFunnelShotStayShift@GAM@VDK@@|.?AVCUnitTaskAutomataFunnelShiftPos@GAM@VDK@@|.?AVCUnitTaskAutomataFunnel@GAM@VDK@@|.?AVCUnitTaskAutomataRadiconParentActor@GAM@VDK@@|.?AVCUnitTaskAutomataRadicon@GAM@VDK@@|.?AVCUnitTaskAutomataAbstract@GAM@VDK@@|.?AVCUnitTaskActorProjectileAbstract@GAM@VDK@@
015GNDMUC,002KSHATR,001,FunnelNetCeiling,EXVS2,FunnelShotStayShift,0x14142A0B0,977,0x210,9,0;2;28;43;78;79;81;84;87,0x14092A3E0,0x140F75740,0x1406A5B30,0x14094F070,0x1406A5980,0x1406A57D0,0x14094E2A0,0x140F61240,0x140F611D0,0x140DDCDC0,.?AVCUnitTaskAutomata_015GNDMUC_002KSHATR_001_FunnelNetCeiling@EXVS2@@|.?AVCUnitTaskAutomataFunnelShotStayShift@GAM@VDK@@|.?AVCUnitTaskAutomataFunnelShiftPos@GAM@VDK@@|.?AVCUnitTaskAutomataFunnel@GAM@VDK@@|.?AVCUnitTaskAutomataRadiconParentActor@GAM@VDK@@|.?AVCUnitTaskAutomataRadicon@GAM@VDK@@|.?AVCUnitTaskAutomataAbstract@GAM@VDK@@|.?AVCUnitTaskActorProjectileAbstract@GAM@VDK@@
015GNDMUC,002KSHATR,001,FunnelShot,EXVS2,FunnelMawarikomi,0x14142AA28,977,0x210,10,0;2;28;43;69;78;79;81;84;87,0x14092A700,0x140E37A90,0x1406A5B30,0x14094F070,0x1406A5980,0x1406A57D0,0x14094E050,0x140F615D0,0x140F61560,0x140F95870,.?AVCUnitTaskAutomata_015GNDMUC_002KSHATR_001_FunnelShot@EXVS2@@|.?AVCUnitTaskAutomataFunnelMawarikomi@GAM@VDK@@|.?AVCUnitTaskAutomataFunnelFly@GAM@VDK@@|.?AVCUnitTaskAutomataFunnel@GAM@VDK@@|.?AVCUnitTaskAutomataRadiconParentActor@GAM@VDK@@|.?AVCUnitTaskAutomataRadicon@GAM@VDK@@|.?AVCUnitTaskAutomataAbstract@GAM@VDK@@|.?AVCUnitTaskActorProjectileAbstract@GAM@VDK@@
015GNDMUC,002KSHATR,001,FunnelTukimatoiShot,EXVS2,FunnelMawarikomi,0x14142AD50,977,0x210,10,0;2;28;43;69;78;79;81;84;87,0x14092A700,0x140F75740,0x1406A5B30,0x14094F070,0x1406A5980,0x1406A57D0,0x14094E050,0x140F61690,0x140F61630,0x140DDCDC0,.?AVCUnitTaskAutomata_015GNDMUC_002KSHATR_001_FunnelTukimatoiShot@EXVS2@@|.?AVCUnitTaskAutomataFunnelMawarikomi@GAM@VDK@@|.?AVCUnitTaskAutomataFunnelFly@GAM@VDK@@|.?AVCUnitTaskAutomataFunnel@GAM@VDK@@|.?AVCUnitTaskAutomataRadiconParentActor@GAM@VDK@@|.?AVCUnitTaskAutomataRadicon@GAM@VDK@@|.?AVCUnitTaskAutomataAbstract@GAM@VDK@@|.?AVCUnitTaskActorProjectileAbstract@GAM@VDK@@
015GNDMUC,003SINANJ,001,Meteo,EXVS2,Throw,0x14164DF28,465,0x1C0,14,0;22;66;71;72;73;76;78;79;81;84;86;87;88,0x140F61740,0x1406A5BA0,0x1406A5B30,0x1406A5170,0x1406A5980,0x1406A57D0,0x14094E8C0,0x140F61890,0x140F61780,0x140F61920,.?AVCUnitTaskAutomata_015GNDMUC_003SINANJ_001_Meteo@EXVS2@@|.?AVCUnitTaskAutomataThrow@GAM@VDK@@|.?AVCUnitTaskAutomataRadiconParentActor@GAM@VDK@@|.?AVCUnitTaskAutomataRadicon@GAM@VDK@@|.?AVCUnitTaskAutomataAbstract@GAM@VDK@@|.?AVCUnitTaskActorProjectileAbstract@GAM@VDK@@|.?AVCUnitTaskActorAbstract@GAM@VDK@@|.?AVCUnitTaskBattleAbstract@GAM@VDK@@
015GNDMUC,003SINANJ,001,MeteoHissatsu,EXVS2,Throw,0x14142B3A0,465,0x1C0,12,0;22;71;72;73;76;78;79;81;84;87;88,0x14092A3E0,0x1406A5BA0,0x1406A5B30,0x1406A5170,0x1406A5980,0x1406A57D0,0x14094E8C0,0x140F61DC0,0x140F61C40,0x140F61D40,.?AVCUnitTaskAutomata_015GNDMUC_003SINANJ_001_MeteoHissatsu@EXVS2@@|.?AVCUnitTaskAutomataThrow@GAM@VDK@@|.?AVCUnitTaskAutomataRadiconParentActor@GAM@VDK@@|.?AVCUnitTaskAutomataRadicon@GAM@VDK@@|.?AVCUnitTaskAutomataAbstract@GAM@VDK@@|.?AVCUnitTaskActorProjectileAbstract@GAM@VDK@@|.?AVCUnitTaskActorAbstract@GAM@VDK@@|.?AVCUnitTaskBattleAbstract@GAM@VDK@@
015GNDMUC,003SINANJ,001,MeteoWall,EXVS2,Throw,0x14142B078,465,0x1C0,9,0;22;76;78;79;81;84;87;88,0x14092A3E0,0x1406A5BA0,0x1406A5B30,0x1406A5170,0x1406A5980,0x1406A57D0,0x14094E8C0,0x140F619D0,0x140F618C0,0x140F61920,.?AVCUnitTaskAutomata_015GNDMUC_003SINANJ_001_MeteoWall@EXVS2@@|.?AVCUnitTaskAutomataThrow@GAM@VDK@@|.?AVCUnitTaskAutomataRadiconParentActor@GAM@VDK@@|.?AVCUnitTaskAutomataRadicon@GAM@VDK@@|.?AVCUnitTaskAutomataAbstract@GAM@VDK@@|.?AVCUnitTaskActorProjectileAbstract@GAM@VDK@@|.?AVCUnitTaskActorAbstract@GAM@VDK@@|.?AVCUnitTaskBattleAbstract@GAM@VDK@@
015GNDMUC,006ROZENZ,001,AssistGearaZulu,EXVS2,SummonTukimatoiAndActionSimple,0x14142C370,465,0x2D0,17,0;2;18;21;30;42;46;72;73;78;79;80;81;84;87;88;90,0x14092A700,0x140DE1070,0x1406A5B30,0x1406A5170,0x1406A5980,0x1406A57D0,0x14094E840,0x140F623D0,0x140F62370,0x140DE1820,.?AVCUnitTaskAutomata_015GNDMUC_006ROZENZ_001_AssistGearaZulu@EXVS2@@|.?AVCUnitTaskAutomataSummonTukimatoiAndActionSimple@GAM@VDK@@|.?AVCUnitTaskAutomataSummonTukimatoiAndAction@GAM@VDK@@|.?AVCUnitTaskAutomataSummonTukimatoi@GAM@VDK@@|.?AVCUnitTaskAutomataSummon@GAM@VDK@@|.?AVCUnitTaskAutomataRadiconParentActor@GAM@VDK@@|.?AVCUnitTaskAutomataRadicon@GAM@VDK@@|.?AVCUnitTaskAutomataAbstract@GAM@VDK@@
015GNDMUC,006ROZENZ,001,DynamicAir,EXVS2,PutObj,0x14142C6A0,465,0x1D0,7,0;2;78;79;80;81;84,0x14092A040,0x140F543E0,0x1406A5B30,0x1406A5170,0x1406A5980,0x1406A57D0,0x14094E380,0x140DFF920,0x140DDCC00,0x140E28260,.?AVCUnitTaskAutomata_015GNDMUC_006ROZENZ_001_DynamicAir@EXVS2@@|.?AVCUnitTaskAutomataPutObj@GAM@VDK@@|.?AVCUnitTaskAutomataRadiconParentActor@GAM@VDK@@|.?AVCUnitTaskAutomataRadicon@GAM@VDK@@|.?AVCUnitTaskAutomataAbstract@GAM@VDK@@|.?AVCUnitTaskActorProjectileAbstract@GAM@VDK@@|.?AVCUnitTaskActorAbstract@GAM@VDK@@|.?AVCUnitTaskBattleAbstract@GAM@VDK@@
015GNDMUC,006ROZENZ,001,IncomAnchor,EXVS2,AnchorReturn,0x14142BD20,465,0x1F0,13,0;2;11;12;18;23;73;76;78;79;81;84;89,0x14092A700,0x140E1CDD0,0x140DE01B0,0x1406A5170,0x1406A5980,0x1406A57D0,0x14094DCE0,0x140F62130,0x140F62020,0x140F40ED0,.?AVCUnitTaskAutomata_015GNDMUC_006ROZENZ_001_IncomAnchor@EXVS2@@|.?AVCUnitTaskAutomataAnchorReturn@GAM@VDK@@|.?AVCUnitTaskAutomataAnchor@GAM@VDK@@|.?AVCUnitTaskAutomataRadiconParentActor@GAM@VDK@@|.?AVCUnitTaskAutomataRadicon@GAM@VDK@@|.?AVCUnitTaskAutomataAbstract@GAM@VDK@@|.?AVCUnitTaskActorProjectileAbstract@GAM@VDK@@|.?AVCUnitTaskActorAbstract@GAM@VDK@@
015GNDMUC,006ROZENZ,001,IncomFly,EXVS2,FunnelMawarikomi,0x14142C048,977,0x210,13,0;2;18;28;43;59;69;78;79;81;84;87;89,0x14092A100,0x140E06020,0x1406A5B30,0x14094F070,0x1406A5980,0x1406A57D0,0x14094E050,0x140F62280,0x140F62210,0x140DDCDC0,.?AVCUnitTaskAutomata_015GNDMUC_006ROZENZ_001_IncomFly@EXVS2@@|.?AVCUnitTaskAutomataFunnelMawarikomi@GAM@VDK@@|.?AVCUnitTaskAutomataFunnelFly@GAM@VDK@@|.?AVCUnitTaskAutomataFunnel@GAM@VDK@@|.?AVCUnitTaskAutomataRadiconParentActor@GAM@VDK@@|.?AVCUnitTaskAutomataRadicon@GAM@VDK@@|.?AVCUnitTaskAutomataAbstract@GAM@VDK@@|.?AVCUnitTaskActorProjectileAbstract@GAM@VDK@@
015GNDMUC,006ROZENZ,001,IncomRelay,EXVS2,Relay,0x14142B9F0,465,0x1B0,7,0;2;18;59;79;81;84,0x14092A3E0,0x140F76310,0x1406A5B30,0x1406A5170,0x1406A5980,0x1406A57D0,0x1406A50D0,0x140F61FC0,0x140F61F50,0x140F67C90,.?AVCUnitTaskAutomata_015GNDMUC_006ROZENZ_001_IncomRelay@EXVS2@@|.?AVCUnitTaskAutomataRelay@GAM@VDK@@|.?AVCUnitTaskAutomataRadiconParentActor@GAM@VDK@@|.?AVCUnitTaskAutomataRadicon@GAM@VDK@@|.?AVCUnitTaskAutomataAbstract@GAM@VDK@@|.?AVCUnitTaskActorProjectileAbstract@GAM@VDK@@|.?AVCUnitTaskActorAbstract@GAM@VDK@@|.?AVCUnitTaskBattleAbstract@GAM@VDK@@
015GNDMUC,006ROZENZ,001,IncomShot,EXVS2,FunnelTukimatoi,0x14142B6C8,977,0x220,11,0;2;18;28;43;69;78;79;81;84;89,0x14092A700,0x140E06020,0x1406A5B30,0x14094F070,0x1406A5980,0x1406A57D0,0x14094E1E0,0x140F61E60,0x140F61DF0,0x140DDCDC0,.?AVCUnitTaskAutomata_015GNDMUC_006ROZENZ_001_IncomShot@EXVS2@@|.?AVCUnitTaskAutomata_015GNDMUC_006ROZENZ_001_IncomShotBase@EXVS2@@|.?AVCUnitTaskAutomataFunnelTukimatoi@GAM@VDK@@|.?AVCUnitTaskAutomataFunnelShotImmediate@GAM@VDK@@|.?AVCUnitTaskAutomataFunnelMawarikomi@GAM@VDK@@|.?AVCUnitTaskAutomataFunnelFly@GAM@VDK@@|.?AVCUnitTaskAutomataFunnel@GAM@VDK@@|.?AVCUnitTaskAutomataRadiconParentActor@GAM@VDK@@
015GNDMUC,006ROZENZ,001,PsycoJammer,EXVS2,FunnelMawarikomi,0x14142C9C8,977,0x210,10,0;2;28;43;69;78;79;81;84;87,0x14092A700,0x140E06020,0x1406A5B30,0x14094F070,0x1406A5980,0x1406A57D0,0x14094E050,0x140F8EEA0,0x140F62430,0x140F95870,.?AVCUnitTaskAutomata_015GNDMUC_006ROZENZ_001_PsycoJammer@EXVS2@@|.?AVCUnitTaskAutomataFunnelMawarikomi@GAM@VDK@@|.?AVCUnitTaskAutomataFunnelFly@GAM@VDK@@|.?AVCUnitTaskAutomataFunnel@GAM@VDK@@|.?AVCUnitTaskAutomataRadiconParentActor@GAM@VDK@@|.?AVCUnitTaskAutomataRadicon@GAM@VDK@@|.?AVCUnitTaskAutomataAbstract@GAM@VDK@@|.?AVCUnitTaskActorProjectileAbstract@GAM@VDK@@
015GNDMUC,006ROZENZ,001,PsycoJammerCore,EXVS2,FunnelMawarikomi,0x14142CCF0,977,0x210,10,0;2;28;43;69;78;79;81;84;87,0x14092A180,0x140E06020,0x1406A5B30,0x14094F070,0x1406A5980,0x1406A57D0,0x14094E050,0x140F62650,0x140F62490,0x140F8F080,.?AVCUnitTaskAutomata_015GNDMUC_006ROZENZ_001_PsycoJammerCore@EXVS2@@|.?AVCUnitTaskAutomataFunnelMawarikomi@GAM@VDK@@|.?AVCUnitTaskAutomataFunnelFly@GAM@VDK@@|.?AVCUnitTaskAutomataFunnel@GAM@VDK@@|.?AVCUnitTaskAutomataRadiconParentActor@GAM@VDK@@|.?AVCUnitTaskAutomataRadicon@GAM@VDK@@|.?AVCUnitTaskAutomataAbstract@GAM@VDK@@|.?AVCUnitTaskActorProjectileAbstract@GAM@VDK@@
015GNDMUC,008FAUNIG,001,AssistHissatsuNorn,EXVS2,StickerLaunchBone,0x14142FA08,465,0x1C0,11,0;2;12;18;78;79;81;84;88;89;91,0x14092A700,0x140F640D0,0x140F52F60,0x1406A5170,0x1406A5980,0x1406A57D0,0x14094E4D0,0x140F64370,0x140F64020,0x140E29790,.?AVCUnitTaskAutomata_015GNDMUC_008FAUNIG_001_AssistHissatsuNorn@EXVS2@@|.?AVCUnitTaskAutomataStickerLaunchBone@GAM@VDK@@|.?AVCUnitTaskAutomataSticker@GAM@VDK@@|.?AVCUnitTaskAutomataRadiconParentActor@GAM@VDK@@|.?AVCUnitTaskAutomataRadicon@GAM@VDK@@|.?AVCUnitTaskAutomataAbstract@GAM@VDK@@|.?AVCUnitTaskActorProjectileAbstract@GAM@VDK@@|.?AVCUnitTaskActorAbstract@GAM@VDK@@
015GNDMUC,008FAUNIG,001,AssistNornShot,EXVS2,SummonRushShot,0x14142FD40,465,0x2F0,19,0;2;12;18;21;30;42;46;69;72;73;78;79;80;81;84;87;88;90,0x14092A310,0x140F64460,0x140DE1770,0x1406A5170,0x1406A5980,0x1406A57D0,0x14094E6F0,0x140F644E0,0x140F643B0,0x140DE1820,.?AVCUnitTaskAutomata_015GNDMUC_008FAUNIG_001_AssistNornShot@EXVS2@@|.?AVCUnitTaskAutomataSummonRushShot@GAM@VDK@@|.?AVCUnitTaskAutomataSummonRush@GAM@VDK@@|.?AVCUnitTaskAutomataSummon@GAM@VDK@@|.?AVCUnitTaskAutomataRadiconParentActor@GAM@VDK@@|.?AVCUnitTaskAutomataRadicon@GAM@VDK@@|.?AVCUnitTaskAutomataAbstract@GAM@VDK@@|.?AVCUnitTaskActorProjectileAbstract@GAM@VDK@@
015GNDMUC,008FAUNIG,001,DetonatorBooster,EXVS2,Detonator,0x14164ED98,465,0x1C0,12,0;2;22;74;76;78;79;81;84;87;88;89,0x140F62AE0,0x140F76310,0x1406A5B30,0x1406A5170,0x1406A5980,0x1406A57D0,0x14094E8C0,0x140F62CC0,0x140F62B20,0x140DDCAC0,.?AVCUnitTaskAutomata_015GNDMUC_008FAUNIG_001_DetonatorBooster@EXVS2@@|.?AVCUnitTaskAutomataDetonator@GAM@VDK@@|.?AVCUnitTaskAutomataThrow@GAM@VDK@@|.?AVCUnitTaskAutomataRadiconParentActor@GAM@VDK@@|.?AVCUnitTaskAutomataRadicon@GAM@VDK@@|.?AVCUnitTaskAutomataAbstract@GAM@VDK@@|.?AVCUnitTaskActorProjectileAbstract@GAM@VDK@@|.?AVCUnitTaskActorAbstract@GAM@VDK@@
015GNDMUC,008FAUNIG,001,FunnelAttachChange,EXVS2,Attach,0x14142D350,465,0x220,8,0;2;78;79;81;84;88;91,0x14092A3E0,0x140F62DF0,0x1406A5B30,0x1406A5170,0x1406A5980,0x1406A57D0,0x14094DD20,0x140F62EE0,0x140F62D50,0x140F62E20,.?AVCUnitTaskAutomata_015GNDMUC_008FAUNIG_001_FunnelAttachChange@EXVS2@@|.?AVCUnitTaskAutomataAttach@GAM@VDK@@|.?AVCUnitTaskAutomataAttachAbstract@GAM@VDK@@|.?AVCUnitTaskAutomataRadiconParentActor@GAM@VDK@@|.?AVCUnitTaskAutomataRadicon@GAM@VDK@@|.?AVCUnitTaskAutomataAbstract@GAM@VDK@@|.?AVCUnitTaskActorProjectileAbstract@GAM@VDK@@|.?AVCUnitTaskActorAbstract@GAM@VDK@@
015GNDMUC,008FAUNIG,001,FunnelFly,EXVS2,FunnelMawarikomi,0x14142D9B8,977,0x210,11,0;2;28;43;69;78;79;81;84;87;88,0x14092A700,0x140E06020,0x1406A5B30,0x14094F070,0x1406A5980,0x1406A57D0,0x14094E050,0x140F63430,0x140F632B0,0x140F63400,.?AVCUnitTaskAutomata_015GNDMUC_008FAUNIG_001_FunnelFly@EXVS2@@|.?AVCUnitTaskAutomataFunnelMawarikomi@GAM@VDK@@|.?AVCUnitTaskAutomataFunnelFly@GAM@VDK@@|.?AVCUnitTaskAutomataFunnel@GAM@VDK@@|.?AVCUnitTaskAutomataRadiconParentActor@GAM@VDK@@|.?AVCUnitTaskAutomataRadicon@GAM@VDK@@|.?AVCUnitTaskAutomataAbstract@GAM@VDK@@|.?AVCUnitTaskActorProjectileAbstract@GAM@VDK@@
015GNDMUC,008FAUNIG,001,FunnelFlySword,EXVS2,FunnelFlySwordPenetrate,0x14142E018,977,0x220,14,0;2;28;43;52;69;76;78;79;81;84;87;88;91,0x14092A700,0x140F634D0,0x1406A5B30,0x14094F070,0x1406A5980,0x1406A57D0,0x14094E100,0x140F636B0,0x140F63560,0x140F634F0,.?AVCUnitTaskAutomata_015GNDMUC_008FAUNIG_001_FunnelFlySword@EXVS2@@|.?AVCUnitTaskAutomataFunnelFlySwordPenetrate@GAM@VDK@@|.?AVCUnitTaskAutomataFunnelFlySword@GAM@VDK@@|.?AVCUnitTaskAutomataFunnelMawarikomi@GAM@VDK@@|.?AVCUnitTaskAutomataFunnelFly@GAM@VDK@@|.?AVCUnitTaskAutomataFunnel@GAM@VDK@@|.?AVCUnitTaskAutomataRadiconParentActor@GAM@VDK@@|.?AVCUnitTaskAutomataRadicon@GAM@VDK@@
015GNDMUC,008FAUNIG,001,FunnelFly_Double,EXVS2,FunnelMawarikomiMultipleShot,0x14142DCE8,977,0x220,12,0;2;28;43;52;69;78;79;81;84;87;91,0x14092A100,0x140F634D0,0x1406A5B30,0x14094F070,0x1406A5980,0x1406A57D0,0x14094E9E0,0x140F63510,0x140F63470,0x140F634F0,.?AVCUnitTaskAutomata_015GNDMUC_008FAUNIG_001_FunnelFly_Double@EXVS2@@|.?AVCUnitTaskAutomataFunnelMawarikomiMultipleShot@GAM@VDK@@|.?AVCUnitTaskAutomataFunnelMawarikomi@GAM@VDK@@|.?AVCUnitTaskAutomataFunnelFly@GAM@VDK@@|.?AVCUnitTaskAutomataFunnel@GAM@VDK@@|.?AVCUnitTaskAutomataRadiconParentActor@GAM@VDK@@|.?AVCUnitTaskAutomataRadicon@GAM@VDK@@|.?AVCUnitTaskAutomataAbstract@GAM@VDK@@
015GNDMUC,008FAUNIG,001,FunnelModel,EXVS2,ResidentUnizonFloating,0x14142D688,465,0x1E0,10,0;2;12;52;78;79;81;84;88;92,0x14092A3E0,0x140F631B0,0x140F63130,0x1406A5170,0x1406A5980,0x1406A57D0,0x14094E450,0x140F63270,0x140F62F60,0x140F63230,.?AVCUnitTaskAutomata_015GNDMUC_008FAUNIG_001_FunnelModel@EXVS2@@|.?AVCUnitTaskAutomataResidentUnizonFloating@GAM@VDK@@|.?AVCUnitTaskAutomataResidentUnizonTukimatoiStageCollision@GAM@VDK@@|.?AVCUnitTaskAutomataResidentUnizon@GAM@VDK@@|.?AVCUnitTaskAutomataResident@GAM@VDK@@|.?AVCUnitTaskAutomataRadiconParentActor@GAM@VDK@@|.?AVCUnitTaskAutomataRadicon@GAM@VDK@@|.?AVCUnitTaskAutomataAbstract@GAM@VDK@@
015GNDMUC,008FAUNIG,001,FunnelNotify,EXVS2,RadiconParentActor,0x14142D018,465,0x1B0,4,0;79;81;84,0x14092A3E0,0x1406A5BA0,0x1406A5B30,0x1406A5170,0x1406A5980,0x1406A57D0,0x1406A50D0,0x140F62D40,0x140F62CE0,0x140F41EF0,.?AVCUnitTaskAutomata_015GNDMUC_008FAUNIG_001_FunnelNotify@EXVS2@@|.?AVCUnitTaskAutomataRadiconParentActor@GAM@VDK@@|.?AVCUnitTaskAutomataRadicon@GAM@VDK@@|.?AVCUnitTaskAutomataAbstract@GAM@VDK@@|.?AVCUnitTaskActorProjectileAbstract@GAM@VDK@@|.?AVCUnitTaskActorAbstract@GAM@VDK@@|.?AVCUnitTaskBattleAbstract@GAM@VDK@@|.?AVCUnitTaskAbstract@FWK@VDK@@
015GNDMUC,008FAUNIG,001,FunnelSankaiBase,EXVS2,FunnelSwarm,0x14142E670,977,0x230,10,0;2;28;43;69;78;79;81;84;87,0x140929E00,0x140E37A90,0x1406A5B30,0x14094F070,0x1406A5980,0x1406A57D0,0x14094E2F0,0x140F639A0,0x140F637D0,0x140DDCDC0,.?AVCUnitTaskAutomata_015GNDMUC_008FAUNIG_001_FunnelSankaiBase@EXVS2@@|.?AVCUnitTaskAutomataFunnelSwarm@GAM@VDK@@|.?AVCUnitTaskAutomataFunnelMawarikomi@GAM@VDK@@|.?AVCUnitTaskAutomataFunnelFly@GAM@VDK@@|.?AVCUnitTaskAutomataFunnel@GAM@VDK@@|.?AVCUnitTaskAutomataRadiconParentActor@GAM@VDK@@|.?AVCUnitTaskAutomataRadicon@GAM@VDK@@|.?AVCUnitTaskAutomataAbstract@GAM@VDK@@
015GNDMUC,008FAUNIG,001,FunnelSankaiSelf,EXVS2,FunnelSwarm,0x14142E9B8,977,0x230,10,0;2;28;43;69;78;79;81;84;87,0x140929E00,0x140E37A90,0x1406A5B30,0x14094F070,0x1406A5980,0x1406A57D0,0x14094E2F0,0x140F63AF0,0x140F63830,0x140DDCDC0,.?AVCUnitTaskAutomata_015GNDMUC_008FAUNIG_001_FunnelSankaiSelf@EXVS2@@|.?AVCUnitTaskAutomata_015GNDMUC_008FAUNIG_001_FunnelSankaiBase@EXVS2@@|.?AVCUnitTaskAutomataFunnelSwarm@GAM@VDK@@|.?AVCUnitTaskAutomataFunnelMawarikomi@GAM@VDK@@|.?AVCUnitTaskAutomataFunnelFly@GAM@VDK@@|.?AVCUnitTaskAutomataFunnel@GAM@VDK@@|.?AVCUnitTaskAutomataRadiconParentActor@GAM@VDK@@|.?AVCUnitTaskAutomataRadicon@GAM@VDK@@
015GNDMUC,008FAUNIG,001,FunnelSankaiTarget,EXVS2,FunnelSwarm,0x14142ED00,977,0x230,10,0;2;28;43;69;78;79;81;84;87,0x140929E00,0x140E37A90,0x1406A5B30,0x14094F070,0x1406A5980,0x1406A57D0,0x14094E2F0,0x140F63B20,0x140F637D0,0x140DDCDC0,.?AVCUnitTaskAutomata_015GNDMUC_008FAUNIG_001_FunnelSankaiTarget@EXVS2@@|.?AVCUnitTaskAutomata_015GNDMUC_008FAUNIG_001_FunnelSankaiBase@EXVS2@@|.?AVCUnitTaskAutomataFunnelSwarm@GAM@VDK@@|.?AVCUnitTaskAutomataFunnelMawarikomi@GAM@VDK@@|.?AVCUnitTaskAutomataFunnelFly@GAM@VDK@@|.?AVCUnitTaskAutomataFunnel@GAM@VDK@@|.?AVCUnitTaskAutomataRadiconParentActor@GAM@VDK@@|.?AVCUnitTaskAutomataRadicon@GAM@VDK@@
015GNDMUC,008FAUNIG,001,StickerFunnel_Base,EXVS2,StickerLaunchBone,0x14164FBE0,465,0x1C0,8,0;2;78;79;81;84;88;91,0x140F63B70,0x140F63EC0,0x1406A5B30,0x1406A5170,0x1406A5980,0x1406A57D0,0x14094E4D0,0x140F63FB0,0x1400348F0,0x140E28260,.?AVCUnitTaskAutomata_015GNDMUC_008FAUNIG_001_StickerFunnel_Base@EXVS2@@|.?AVCUnitTaskAutomataStickerLaunchBone@GAM@VDK@@|.?AVCUnitTaskAutomataSticker@GAM@VDK@@|.?AVCUnitTaskAutomataRadiconParentActor@GAM@VDK@@|.?AVCUnitTaskAutomataRadicon@GAM@VDK@@|.?AVCUnitTaskAutomataAbstract@GAM@VDK@@|.?AVCUnitTaskActorProjectileAbstract@GAM@VDK@@|.?AVCUnitTaskActorAbstract@GAM@VDK@@
015GNDMUC,008FAUNIG,001,StickerFunnel_Close,EXVS2,StickerLaunchBone,0x14142F048,465,0x1C0,8,0;2;78;79;81;84;88;91,0x14092A1C0,0x140F63F40,0x1406A5B30,0x1406A5170,0x1406A5980,0x1406A57D0,0x14094E4D0,0x140F63FB0,0x140F63BB0,0x140E28260,.?AVCUnitTaskAutomata_015GNDMUC_008FAUNIG_001_StickerFunnel_Close@EXVS2@@|.?AVCUnitTaskAutomata_015GNDMUC_008FAUNIG_001_StickerFunnel_Base@EXVS2@@|.?AVCUnitTaskAutomataStickerLaunchBone@GAM@VDK@@|.?AVCUnitTaskAutomataSticker@GAM@VDK@@|.?AVCUnitTaskAutomataRadiconParentActor@GAM@VDK@@|.?AVCUnitTaskAutomataRadicon@GAM@VDK@@|.?AVCUnitTaskAutomataAbstract@GAM@VDK@@|.?AVCUnitTaskActorProjectileAbstract@GAM@VDK@@
015GNDMUC,008FAUNIG,001,StickerFunnel_OpenGreen,EXVS2,StickerLaunchBone,0x14142F6C8,465,0x1C0,8,0;2;78;79;81;84;88;91,0x14092A1C0,0x140F63F40,0x1406A5B30,0x1406A5170,0x1406A5980,0x1406A57D0,0x14094E4D0,0x140F63FE0,0x140F63C10,0x140E28260,.?AVCUnitTaskAutomata_015GNDMUC_008FAUNIG_001_StickerFunnel_OpenGreen@EXVS2@@|.?AVCUnitTaskAutomata_015GNDMUC_008FAUNIG_001_StickerFunnel_Base@EXVS2@@|.?AVCUnitTaskAutomataStickerLaunchBone@GAM@VDK@@|.?AVCUnitTaskAutomataSticker@GAM@VDK@@|.?AVCUnitTaskAutomataRadiconParentActor@GAM@VDK@@|.?AVCUnitTaskAutomataRadicon@GAM@VDK@@|.?AVCUnitTaskAutomataAbstract@GAM@VDK@@|.?AVCUnitTaskActorProjectileAbstract@GAM@VDK@@
015GNDMUC,008FAUNIG,001,StickerFunnel_OpenRed,EXVS2,StickerLaunchBone,0x14142F388,465,0x1C0,8,0;2;78;79;81;84;88;91,0x14092A1C0,0x140F63FA0,0x1406A5B30,0x1406A5170,0x1406A5980,0x1406A57D0,0x14094E4D0,0x140F63FB0,0x140F63C70,0x140E28260,.?AVCUnitTaskAutomata_015GNDMUC_008FAUNIG_001_StickerFunnel_OpenRed@EXVS2@@|.?AVCUnitTaskAutomata_015GNDMUC_008FAUNIG_001_StickerFunnel_Base@EXVS2@@|.?AVCUnitTaskAutomataStickerLaunchBone@GAM@VDK@@|.?AVCUnitTaskAutomataSticker@GAM@VDK@@|.?AVCUnitTaskAutomataRadiconParentActor@GAM@VDK@@|.?AVCUnitTaskAutomataRadicon@GAM@VDK@@|.?AVCUnitTaskAutomataAbstract@GAM@VDK@@|.?AVCUnitTaskActorProjectileAbstract@GAM@VDK@@
015GNDMUC,008FAUNIG,001,ThrowFunnelDead,EXVS2,Throw,0x14142E348,465,0x1C0,9,0;22;76;78;79;81;84;87;88,0x14092A3E0,0x1406A5BA0,0x1406A5B30,0x1406A5170,0x1406A5980,0x1406A57D0,0x14094E8C0,0x140F637A0,0x140F63750,0x140F63400,.?AVCUnitTaskAutomata_015GNDMUC_008FAUNIG_001_ThrowFunnelDead@EXVS2@@|.?AVCUnitTaskAutomataThrow@GAM@VDK@@|.?AVCUnitTaskAutomataRadiconParentActor@GAM@VDK@@|.?AVCUnitTaskAutomataRadicon@GAM@VDK@@|.?AVCUnitTaskAutomataAbstract@GAM@VDK@@|.?AVCUnitTaskActorProjectileAbstract@GAM@VDK@@|.?AVCUnitTaskActorAbstract@GAM@VDK@@|.?AVCUnitTaskBattleAbstract@GAM@VDK@@
015GNDMUC,009BANORN,,PsychoFieldEffect,EXVS2,RadiconParentActor,0x141430D10,465,0x1B0,6,0;2;12;79;81;84,0x14092A700,0x140E3DB30,0x140E3DAE0,0x1406A5170,0x1406A5980,0x1406A57D0,0x1406A50D0,0x140E14B30,0x140F64880,0x140F648E0,.?AVCUnitTaskAutomata_015GNDMUC_009BANORN_PsychoFieldEffect@EXVS2@@|.?AVCUnitTaskAutomataRadiconParentActor@GAM@VDK@@|.?AVCUnitTaskAutomataRadicon@GAM@VDK@@|.?AVCUnitTaskAutomataAbstract@GAM@VDK@@|.?AVCUnitTaskActorProjectileAbstract@GAM@VDK@@|.?AVCUnitTaskActorAbstract@GAM@VDK@@|.?AVCUnitTaskBattleAbstract@GAM@VDK@@|.?AVCUnitTaskAbstract@FWK@VDK@@
015GNDMUC,009BANORN,001,RblDivContainer,EXVS2,Throw,0x1414309E8,465,0x1C0,9,0;22;76;78;79;81;84;87;88,0x14092A3E0,0x1406A5BA0,0x1406A5B30,0x1406A5170,0x1406A5980,0x1406A57D0,0x14094E8C0,0x140E3DA50,0x140F64830,0x140DDCAC0,.?AVCUnitTaskAutomata_015GNDMUC_009BANORN_001_RblDivContainer@EXVS2@@|.?AVCUnitTaskAutomataThrow@GAM@VDK@@|.?AVCUnitTaskAutomataRadiconParentActor@GAM@VDK@@|.?AVCUnitTaskAutomataRadicon@GAM@VDK@@|.?AVCUnitTaskAutomataAbstract@GAM@VDK@@|.?AVCUnitTaskActorProjectileAbstract@GAM@VDK@@|.?AVCUnitTaskActorAbstract@GAM@VDK@@|.?AVCUnitTaskBattleAbstract@GAM@VDK@@
015GNDMUC,009BANORN,001,RblHydeContainer,EXVS2,Throw,0x1414306C0,465,0x1C0,9,0;22;76;78;79;81;84;87;88,0x14092A3E0,0x1406A5BA0,0x1406A5B30,0x1406A5170,0x1406A5980,0x1406A57D0,0x14094E8C0,0x140E3D960,0x140F64770,0x140DDCAC0,.?AVCUnitTaskAutomata_015GNDMUC_009BANORN_001_RblHydeContainer@EXVS2@@|.?AVCUnitTaskAutomataThrow@GAM@VDK@@|.?AVCUnitTaskAutomataRadiconParentActor@GAM@VDK@@|.?AVCUnitTaskAutomataRadicon@GAM@VDK@@|.?AVCUnitTaskAutomataAbstract@GAM@VDK@@|.?AVCUnitTaskActorProjectileAbstract@GAM@VDK@@|.?AVCUnitTaskActorAbstract@GAM@VDK@@|.?AVCUnitTaskBattleAbstract@GAM@VDK@@
015GNDMUC,009BANORN,001,RblHydepump,EXVS2,Throw,0x141430398,465,0x1D0,10,0;2;22;76;78;79;81;84;87;88,0x14092A3E0,0x140F76310,0x1406A5B30,0x1406A5170,0x1406A5980,0x1406A57D0,0x14094EC20,0x140F72FA0,0x140F646B0,0x140E3D870,.?AVCUnitTaskAutomata_015GNDMUC_009BANORN_001_RblHydepump@EXVS2@@|.?AVCUnitTaskAutomataThrow@GAM@VDK@@|.?AVCUnitTaskAutomataRadiconParentActor@GAM@VDK@@|.?AVCUnitTaskAutomataRadicon@GAM@VDK@@|.?AVCUnitTaskAutomataAbstract@GAM@VDK@@|.?AVCUnitTaskActorProjectileAbstract@GAM@VDK@@|.?AVCUnitTaskActorAbstract@GAM@VDK@@|.?AVCUnitTaskBattleAbstract@GAM@VDK@@
015GNDMUC,009BANORN,001,RblMissile,EXVS2,Throw,0x141430070,465,0x1C0,10,0;22;76;78;79;81;84;87;88;91,0x14092A3E0,0x1406A5BA0,0x1406A5B30,0x1406A5170,0x1406A5980,0x1406A57D0,0x14094E8C0,0x140F64600,0x140F645B0,0x140DDCAC0,.?AVCUnitTaskAutomata_015GNDMUC_009BANORN_001_RblMissile@EXVS2@@|.?AVCUnitTaskAutomataThrow@GAM@VDK@@|.?AVCUnitTaskAutomataRadiconParentActor@GAM@VDK@@|.?AVCUnitTaskAutomataRadicon@GAM@VDK@@|.?AVCUnitTaskAutomataAbstract@GAM@VDK@@|.?AVCUnitTaskActorProjectileAbstract@GAM@VDK@@|.?AVCUnitTaskActorAbstract@GAM@VDK@@|.?AVCUnitTaskBattleAbstract@GAM@VDK@@
016GUNDMW,003TALGS3,001,AssistTaurus,EXVS2,SummonTukimatoiAndActionSimple,0x141431040,465,0x2D0,17,0;2;18;21;30;42;46;72;73;78;79;80;81;84;87;88;90,0x14092A700,0x140DE1070,0x1406A5B30,0x1406A5170,0x1406A5980,0x1406A57D0,0x14094E840,0x140F64990,0x140F648F0,0x140DE1820,.?AVCUnitTaskAutomata_016GUNDMW_003TALGS3_001_AssistTaurus@EXVS2@@|.?AVCUnitTaskAutomataSummonTukimatoiAndActionSimple@GAM@VDK@@|.?AVCUnitTaskAutomataSummonTukimatoiAndAction@GAM@VDK@@|.?AVCUnitTaskAutomataSummonTukimatoi@GAM@VDK@@|.?AVCUnitTaskAutomataSummon@GAM@VDK@@|.?AVCUnitTaskAutomataRadiconParentActor@GAM@VDK@@|.?AVCUnitTaskAutomataRadicon@GAM@VDK@@|.?AVCUnitTaskAutomataAbstract@GAM@VDK@@
016GUNDMW,003TALGS3,001,AssistTaurusGrap,EXVS2,SummonGrap,0x141431698,465,0x290,18,0;2;18;21;30;42;46;72;73;78;79;80;81;84;87;88;89;90,0x14092A700,0x140DE1070,0x1406A5B30,0x1406A5170,0x1406A5980,0x1406A57D0,0x14094E560,0x140F64E50,0x140F64AD0,0x140F64B30,.?AVCUnitTaskAutomata_016GUNDMW_003TALGS3_001_AssistTaurusGrap@EXVS2@@|.?AVCUnitTaskAutomataSummonGrap@GAM@VDK@@|.?AVCUnitTaskAutomataSummon@GAM@VDK@@|.?AVCUnitTaskAutomataRadiconParentActor@GAM@VDK@@|.?AVCUnitTaskAutomataRadicon@GAM@VDK@@|.?AVCUnitTaskAutomataAbstract@GAM@VDK@@|.?AVCUnitTaskActorProjectileAbstract@GAM@VDK@@|.?AVCUnitTaskActorAbstract@GAM@VDK@@
016GUNDMW,003TALGS3,001,Winlose,EXVS2,PutObj,0x141431370,465,0x1D0,7,0;2;78;79;80;81;84,0x14092A040,0x140F76310,0x1406A5B30,0x1406A5170,0x1406A5980,0x1406A57D0,0x14094E380,0x140F64AA0,0x140F64A40,0x140E28260,.?AVCUnitTaskAutomata_016GUNDMW_003TALGS3_001_Winlose@EXVS2@@|.?AVCUnitTaskAutomataPutObj@GAM@VDK@@|.?AVCUnitTaskAutomataRadiconParentActor@GAM@VDK@@|.?AVCUnitTaskAutomataRadicon@GAM@VDK@@|.?AVCUnitTaskAutomataAbstract@GAM@VDK@@|.?AVCUnitTaskActorProjectileAbstract@GAM@VDK@@|.?AVCUnitTaskActorAbstract@GAM@VDK@@|.?AVCUnitTaskBattleAbstract@GAM@VDK@@
016GUNDMW,004DTHELL,001,KamaThrow,EXVS2,Throw,0x1414319D0,465,0x1C0,11,0;22;76;78;79;81;84;87;88;89;91,0x14092A3E0,0x1406A5BA0,0x1406A5B30,0x1406A5170,0x1406A5980,0x1406A57D0,0x14094E8C0,0x140F65110,0x140F64EF0,0x140F64F40,.?AVCUnitTaskAutomata_016GUNDMW_004DTHELL_001_KamaThrow@EXVS2@@|.?AVCUnitTaskAutomataThrow@GAM@VDK@@|.?AVCUnitTaskAutomataRadiconParentActor@GAM@VDK@@|.?AVCUnitTaskAutomataRadicon@GAM@VDK@@|.?AVCUnitTaskAutomataAbstract@GAM@VDK@@|.?AVCUnitTaskActorProjectileAbstract@GAM@VDK@@|.?AVCUnitTaskActorAbstract@GAM@VDK@@|.?AVCUnitTaskBattleAbstract@GAM@VDK@@
016GUNDMW,004DTHELL,001,TauruswRensha,EXVS2,SummonRushShot,0x141431CF8,465,0x2F0,19,0;2;12;18;21;30;42;46;69;72;73;78;79;80;81;84;87;88;90,0x14092A310,0x140F76670,0x140DE1770,0x1406A5170,0x1406A5980,0x1406A57D0,0x14094E6F0,0x140F65210,0x140F651B0,0x140DE1820,.?AVCUnitTaskAutomata_016GUNDMW_004DTHELL_001_TauruswRensha@EXVS2@@|.?AVCUnitTaskAutomataSummonRushShot@GAM@VDK@@|.?AVCUnitTaskAutomataSummonRush@GAM@VDK@@|.?AVCUnitTaskAutomataSummon@GAM@VDK@@|.?AVCUnitTaskAutomataRadiconParentActor@GAM@VDK@@|.?AVCUnitTaskAutomataRadicon@GAM@VDK@@|.?AVCUnitTaskAutomataAbstract@GAM@VDK@@|.?AVCUnitTaskActorProjectileAbstract@GAM@VDK@@
017GYAKCH,001NEWGUN,001,Funnel,EXVS2,FunnelMawarikomi,0x141432028,977,0x210,11,0;2;28;43;69;78;79;81;84;87;88,0x14092A100,0x140F65370,0x1406A5B30,0x14094F070,0x1406A5980,0x1406A57D0,0x14094E050,0x140F65400,0x140F65240,0x140DDCDC0,.?AVCUnitTaskAutomata_017GYAKCH_001NEWGUN_001_Funnel@EXVS2@@|.?AVCUnitTaskAutomataFunnelMawarikomi@GAM@VDK@@|.?AVCUnitTaskAutomataFunnelFly@GAM@VDK@@|.?AVCUnitTaskAutomataFunnel@GAM@VDK@@|.?AVCUnitTaskAutomataRadiconParentActor@GAM@VDK@@|.?AVCUnitTaskAutomataRadicon@GAM@VDK@@|.?AVCUnitTaskAutomataAbstract@GAM@VDK@@|.?AVCUnitTaskActorProjectileAbstract@GAM@VDK@@
017GYAKCH,001NEWGUN,001,FunnelIfiTop,EXVS2,FunnelFlyStickOnMySelf,0x141432350,977,0x210,10,0;2;28;43;78;79;81;84;88;91,0x14092A3E0,0x140F654F0,0x1406A5B30,0x14094F070,0x1406A5980,0x1406A57D0,0x14094E0A0,0x140F65590,0x140F65450,0x140E28260,.?AVCUnitTaskAutomata_017GYAKCH_001NEWGUN_001_FunnelIfiTop@EXVS2@@|.?AVCUnitTaskAutomataFunnelFlyStickOnMySelf@GAM@VDK@@|.?AVCUnitTaskAutomataFunnelFlyStick@GAM@VDK@@|.?AVCUnitTaskAutomataFunnelShiftPos@GAM@VDK@@|.?AVCUnitTaskAutomataFunnel@GAM@VDK@@|.?AVCUnitTaskAutomataRadiconParentActor@GAM@VDK@@|.?AVCUnitTaskAutomataRadicon@GAM@VDK@@|.?AVCUnitTaskAutomataAbstract@GAM@VDK@@
017GYAKCH,001NEWGUN,001,FunnelStayShot,EXVS2,FunnelTukimatoi_ShotOrder,0x1414329A0,977,0x230,10,0;2;28;43;69;78;79;81;84;88,0x14092A700,0x140F75740,0x1406A5B30,0x14094F070,0x1406A5980,0x1406A57D0,0x14094E170,0x140F65AD0,0x140F65910,0x140DDCDC0,.?AVCUnitTaskAutomata_017GYAKCH_001NEWGUN_001_FunnelStayShot@EXVS2@@|.?AVCUnitTaskAutomataFunnelTukimatoi_ShotOrder@GAM@VDK@@|.?AVCUnitTaskAutomataFunnelMawarikomi_ShotOrder@GAM@VDK@@|.?AVCUnitTaskAutomataFunnelShotImmediate@GAM@VDK@@|.?AVCUnitTaskAutomataFunnelMawarikomi@GAM@VDK@@|.?AVCUnitTaskAutomataFunnelFly@GAM@VDK@@|.?AVCUnitTaskAutomataFunnel@GAM@VDK@@|.?AVCUnitTaskAutomataRadiconParentActor@GAM@VDK@@
017GYAKCH,001NEWGUN,001,HissatsuFunnel,EXVS2,FunnelSwarm,0x141650E30,977,0x230,11,0;2;28;43;69;78;79;81;84;87;88,0x140929E00,0x140F75740,0x1406A5B30,0x14094F070,0x1406A5980,0x1406A57D0,0x14094E2F0,0x140F656F0,0x140F65640,0x140DDCDC0,.?AVCUnitTaskAutomata_017GYAKCH_001NEWGUN_001_HissatsuFunnel@EXVS2@@|.?AVCUnitTaskAutomataFunnelSwarm@GAM@VDK@@|.?AVCUnitTaskAutomataFunnelMawarikomi@GAM@VDK@@|.?AVCUnitTaskAutomataFunnelFly@GAM@VDK@@|.?AVCUnitTaskAutomataFunnel@GAM@VDK@@|.?AVCUnitTaskAutomataRadiconParentActor@GAM@VDK@@|.?AVCUnitTaskAutomataRadicon@GAM@VDK@@|.?AVCUnitTaskAutomataAbstract@GAM@VDK@@
017GYAKCH,001NEWGUN,001,PurgeFunnel,EXVS2,RadiconParentActor,0x141432678,465,0x1B0,5,0;79;81;84;88,0x14092A3E0,0x1406A5BA0,0x1406A5B30,0x1406A5170,0x1406A5980,0x1406A57D0,0x1406A50D0,0x140F65900,0x140F65760,0x140F41EF0,.?AVCUnitTaskAutomata_017GYAKCH_001NEWGUN_001_PurgeFunnel@EXVS2@@|.?AVCUnitTaskAutomataRadiconParentActor@GAM@VDK@@|.?AVCUnitTaskAutomataRadicon@GAM@VDK@@|.?AVCUnitTaskAutomataAbstract@GAM@VDK@@|.?AVCUnitTaskActorProjectileAbstract@GAM@VDK@@|.?AVCUnitTaskActorAbstract@GAM@VDK@@|.?AVCUnitTaskBattleAbstract@GAM@VDK@@|.?AVCUnitTaskAbstract@FWK@VDK@@
017GYAKCH,002SAZABI,001,FunnelFly,EXVS2,FunnelMawarikomi,0x141432FF0,977,0x210,11,0;2;28;43;69;78;79;81;84;87;88,0x14092A700,0x140F75740,0x1406A5B30,0x14094F070,0x1406A5980,0x1406A57D0,0x14094E050,0x140F66610,0x140F665B0,0x140DDCDC0,.?AVCUnitTaskAutomata_017GYAKCH_002SAZABI_001_FunnelFly@EXVS2@@|.?AVCUnitTaskAutomataFunnelMawarikomi@GAM@VDK@@|.?AVCUnitTaskAutomataFunnelFly@GAM@VDK@@|.?AVCUnitTaskAutomataFunnel@GAM@VDK@@|.?AVCUnitTaskAutomataRadiconParentActor@GAM@VDK@@|.?AVCUnitTaskAutomataRadicon@GAM@VDK@@|.?AVCUnitTaskAutomataAbstract@GAM@VDK@@|.?AVCUnitTaskActorProjectileAbstract@GAM@VDK@@
017GYAKCH,002SAZABI,001,FunnelSwarm,EXVS2,FunnelSwarm,0x141433318,977,0x230,11,0;2;28;43;69;78;79;81;84;87;88,0x140929E00,0x140F75740,0x1406A5B30,0x14094F070,0x1406A5980,0x1406A57D0,0x14094E2F0,0x140F667F0,0x140F66720,0x140DDCDC0,.?AVCUnitTaskAutomata_017GYAKCH_002SAZABI_001_FunnelSwarm@EXVS2@@|.?AVCUnitTaskAutomataFunnelSwarm@GAM@VDK@@|.?AVCUnitTaskAutomataFunnelMawarikomi@GAM@VDK@@|.?AVCUnitTaskAutomataFunnelFly@GAM@VDK@@|.?AVCUnitTaskAutomataFunnel@GAM@VDK@@|.?AVCUnitTaskAutomataRadiconParentActor@GAM@VDK@@|.?AVCUnitTaskAutomataRadicon@GAM@VDK@@|.?AVCUnitTaskAutomataAbstract@GAM@VDK@@
017GYAKCH,002SAZABI,001,ThrowHissatsuAxis,EXVS2,Throw,0x141432CC8,465,0x1C0,15,0;2;12;22;49;58;76;78;79;81;84;86;87;88;89,0x14092A200,0x140F66190,0x140F65DD0,0x1406A5170,0x1406A5980,0x1406A57D0,0x14094E8C0,0x140F66560,0x140F65BA0,0x140F66470,.?AVCUnitTaskAutomata_017GYAKCH_002SAZABI_001_ThrowHissatsuAxis@EXVS2@@|.?AVCUnitTaskAutomataThrow@GAM@VDK@@|.?AVCUnitTaskAutomataRadiconParentActor@GAM@VDK@@|.?AVCUnitTaskAutomataRadicon@GAM@VDK@@|.?AVCUnitTaskAutomataAbstract@GAM@VDK@@|.?AVCUnitTaskActorProjectileAbstract@GAM@VDK@@|.?AVCUnitTaskActorAbstract@GAM@VDK@@|.?AVCUnitTaskBattleAbstract@GAM@VDK@@
017GYAKCH,003REGZ00,001,BwsPorori,EXVS2,FreeFall_Interaction,0x141433968,465,0x1C0,11,0;2;22;49;78;79;81;84;87;88;89,0x14092A3E0,0x140F75740,0x1406A5B30,0x1406A5170,0x1406A5980,0x1406A57D0,0x14094DF60,0x140DDCF80,0x140F66C10,0x140E0A0D0,.?AVCUnitTaskAutomata_017GYAKCH_003REGZ00_001_BwsPorori@EXVS2@@|.?AVCUnitTaskAutomataFreeFall_Interaction@GAM@VDK@@|.?AVCUnitTaskAutomataRadiconParentActor@GAM@VDK@@|.?AVCUnitTaskAutomataRadicon@GAM@VDK@@|.?AVCUnitTaskAutomataAbstract@GAM@VDK@@|.?AVCUnitTaskActorProjectileAbstract@GAM@VDK@@|.?AVCUnitTaskActorAbstract@GAM@VDK@@|.?AVCUnitTaskBattleAbstract@GAM@VDK@@
017GYAKCH,003REGZ00,001,BwsThrow,EXVS2,Throw,0x141433640,465,0x1C0,11,0;2;22;76;78;79;81;84;87;88;89,0x14092A3E0,0x140F75740,0x1406A5B30,0x1406A5170,0x1406A5980,0x1406A57D0,0x14094E8C0,0x140F66BE0,0x140F66900,0x140F66980,.?AVCUnitTaskAutomata_017GYAKCH_003REGZ00_001_BwsThrow@EXVS2@@|.?AVCUnitTaskAutomataThrow@GAM@VDK@@|.?AVCUnitTaskAutomataRadiconParentActor@GAM@VDK@@|.?AVCUnitTaskAutomataRadicon@GAM@VDK@@|.?AVCUnitTaskAutomataAbstract@GAM@VDK@@|.?AVCUnitTaskActorProjectileAbstract@GAM@VDK@@|.?AVCUnitTaskActorAbstract@GAM@VDK@@|.?AVCUnitTaskBattleAbstract@GAM@VDK@@
017GYAKCH,003REGZ00,001,Spawner_ThrowPsychoframe,EXVS2,RadiconParentActor,0x141433FB8,465,0x1B0,5,0;2;58;79;81,0x14092A3E0,0x140F66F60,0x1406A5B30,0x1406A5170,0x1406A5980,0x1406A57D0,0x1406A50D0,0x140F66F90,0x140F66E10,0x140E26F80,.?AVCUnitTaskAutomata_017GYAKCH_003REGZ00_001_Spawner_ThrowPsychoframe@EXVS2@@|.?AVCUnitTaskAutomataRadiconParentActor@GAM@VDK@@|.?AVCUnitTaskAutomataRadicon@GAM@VDK@@|.?AVCUnitTaskAutomataAbstract@GAM@VDK@@|.?AVCUnitTaskActorProjectileAbstract@GAM@VDK@@|.?AVCUnitTaskActorAbstract@GAM@VDK@@|.?AVCUnitTaskBattleAbstract@GAM@VDK@@|.?AVCUnitTaskAbstract@FWK@VDK@@
017GYAKCH,003REGZ00,001,ThrowPsychoframe,EXVS2,Throw,0x141433C90,465,0x1C0,11,0;22;76;78;79;81;84;86;87;88;89,0x14092A3E0,0x1406A5BA0,0x1406A5B30,0x1406A5170,0x1406A5980,0x1406A57D0,0x14094E8C0,0x140F66DE0,0x140F66D30,0x140F41EF0,.?AVCUnitTaskAutomata_017GYAKCH_003REGZ00_001_ThrowPsychoframe@EXVS2@@|.?AVCUnitTaskAutomataThrow@GAM@VDK@@|.?AVCUnitTaskAutomataRadiconParentActor@GAM@VDK@@|.?AVCUnitTaskAutomataRadicon@GAM@VDK@@|.?AVCUnitTaskAutomataAbstract@GAM@VDK@@|.?AVCUnitTaskActorProjectileAbstract@GAM@VDK@@|.?AVCUnitTaskActorAbstract@GAM@VDK@@|.?AVCUnitTaskBattleAbstract@GAM@VDK@@
017GYAKCH,004JGDOGA,001,FunnelFly,EXVS2,FunnelMawarikomi,0x1414342E0,977,0x210,11,0;2;28;43;69;78;79;81;84;87;88,0x14092A700,0x140F75740,0x1406A5B30,0x14094F070,0x1406A5980,0x1406A57D0,0x14094E050,0x140F67010,0x140F66FB0,0x140DDCDC0,.?AVCUnitTaskAutomata_017GYAKCH_004JGDOGA_001_FunnelFly@EXVS2@@|.?AVCUnitTaskAutomataFunnelMawarikomi@GAM@VDK@@|.?AVCUnitTaskAutomataFunnelFly@GAM@VDK@@|.?AVCUnitTaskAutomataFunnel@GAM@VDK@@|.?AVCUnitTaskAutomataRadiconParentActor@GAM@VDK@@|.?AVCUnitTaskAutomataRadicon@GAM@VDK@@|.?AVCUnitTaskAutomataAbstract@GAM@VDK@@|.?AVCUnitTaskActorProjectileAbstract@GAM@VDK@@
017GYAKCH,004JGDOGA,001,FunnelShotMissile,EXVS2,Funnel,0x141434C60,977,0x200,10,0;2;28;43;78;79;81;84;87;88,0x14092A3E0,0x140F75740,0x1406A5B30,0x14094F070,0x1406A5980,0x1406A57D0,0x14094E010,0x140F67A40,0x140F67790,0x140F67A10,.?AVCUnitTaskAutomata_017GYAKCH_004JGDOGA_001_FunnelShotMissile@EXVS2@@|.?AVCUnitTaskAutomataFunnel@GAM@VDK@@|.?AVCUnitTaskAutomataRadiconParentActor@GAM@VDK@@|.?AVCUnitTaskAutomataRadicon@GAM@VDK@@|.?AVCUnitTaskAutomataAbstract@GAM@VDK@@|.?AVCUnitTaskActorProjectileAbstract@GAM@VDK@@|.?AVCUnitTaskActorAbstract@GAM@VDK@@|.?AVCUnitTaskBattleAbstract@GAM@VDK@@
017GYAKCH,004JGDOGA,001,GearadogaHissatsu,EXVS2,SummonRushShot,0x141434608,465,0x2F0,19,0;2;12;18;21;30;42;46;69;72;73;78;79;80;81;84;87;88;90,0x14092A310,0x140DE1070,0x140DE1770,0x1406A5170,0x1406A5980,0x1406A57D0,0x14094E6F0,0x140F674E0,0x140F67180,0x140DE1820,.?AVCUnitTaskAutomata_017GYAKCH_004JGDOGA_001_GearadogaHissatsu@EXVS2@@|.?AVCUnitTaskAutomataSummonRushShot@GAM@VDK@@|.?AVCUnitTaskAutomataSummonRush@GAM@VDK@@|.?AVCUnitTaskAutomataSummon@GAM@VDK@@|.?AVCUnitTaskAutomataRadiconParentActor@GAM@VDK@@|.?AVCUnitTaskAutomataRadicon@GAM@VDK@@|.?AVCUnitTaskAutomataAbstract@GAM@VDK@@|.?AVCUnitTaskActorProjectileAbstract@GAM@VDK@@
017GYAKCH,004JGDOGA,001,GearadogaWire,EXVS2,Throw,0x141434938,465,0x1C0,10,0;22;76;78;79;81;84;87;88;91,0x14092A3E0,0x1406A5BA0,0x1406A5B30,0x1406A5170,0x1406A5980,0x1406A57D0,0x14094E8C0,0x140F67750,0x140F676C0,0x140DDF870,.?AVCUnitTaskAutomata_017GYAKCH_004JGDOGA_001_GearadogaWire@EXVS2@@|.?AVCUnitTaskAutomataThrow@GAM@VDK@@|.?AVCUnitTaskAutomataRadiconParentActor@GAM@VDK@@|.?AVCUnitTaskAutomataRadicon@GAM@VDK@@|.?AVCUnitTaskAutomataAbstract@GAM@VDK@@|.?AVCUnitTaskActorProjectileAbstract@GAM@VDK@@|.?AVCUnitTaskActorAbstract@GAM@VDK@@|.?AVCUnitTaskBattleAbstract@GAM@VDK@@
017GYAKCH,004JGDOGA,001,NuclearMissile,EXVS2,Throw,0x141434F88,465,0x1C0,9,0;22;76;78;79;81;84;87;88,0x14092A3E0,0x1406A5BA0,0x1406A5B30,0x1406A5170,0x1406A5980,0x1406A57D0,0x14094E8C0,0x140F67CC0,0x140F67C40,0x140F67C90,.?AVCUnitTaskAutomata_017GYAKCH_004JGDOGA_001_NuclearMissile@EXVS2@@|.?AVCUnitTaskAutomataThrow@GAM@VDK@@|.?AVCUnitTaskAutomataRadiconParentActor@GAM@VDK@@|.?AVCUnitTaskAutomataRadicon@GAM@VDK@@|.?AVCUnitTaskAutomataAbstract@GAM@VDK@@|.?AVCUnitTaskActorProjectileAbstract@GAM@VDK@@|.?AVCUnitTaskActorAbstract@GAM@VDK@@|.?AVCUnitTaskBattleAbstract@GAM@VDK@@
017GYAKCH,006NEWHWS,001,AttachChangeKickBackSaber,EXVS2,Attach,0x1414355E8,465,0x220,8,0;2;78;79;81;84;88;91,0x14092A3E0,0x140F88D10,0x1406A5B30,0x1406A5170,0x1406A5980,0x1406A57D0,0x14094DD20,0x140F68280,0x140F68080,0x140DE1E80,.?AVCUnitTaskAutomata_017GYAKCH_006NEWHWS_001_AttachChangeKickBackSaber@EXVS2@@|.?AVCUnitTaskAutomataAttach@GAM@VDK@@|.?AVCUnitTaskAutomataAttachAbstract@GAM@VDK@@|.?AVCUnitTaskAutomataRadiconParentActor@GAM@VDK@@|.?AVCUnitTaskAutomataRadicon@GAM@VDK@@|.?AVCUnitTaskAutomataAbstract@GAM@VDK@@|.?AVCUnitTaskActorProjectileAbstract@GAM@VDK@@|.?AVCUnitTaskActorAbstract@GAM@VDK@@
017GYAKCH,006NEWHWS,001,AttachChangeSaber,EXVS2,Sticker,0x1414352B0,465,0x1C0,8,0;2;78;79;81;84;89;91,0x14092A700,0x140DDD100,0x1406A5B30,0x1406A5170,0x1406A5980,0x1406A57D0,0x14094E4D0,0x140F68040,0x140F67D10,0x140E28260,.?AVCUnitTaskAutomata_017GYAKCH_006NEWHWS_001_AttachChangeSaber@EXVS2@@|.?AVCUnitTaskAutomataSticker@GAM@VDK@@|.?AVCUnitTaskAutomataRadiconParentActor@GAM@VDK@@|.?AVCUnitTaskAutomataRadicon@GAM@VDK@@|.?AVCUnitTaskAutomataAbstract@GAM@VDK@@|.?AVCUnitTaskActorProjectileAbstract@GAM@VDK@@|.?AVCUnitTaskActorAbstract@GAM@VDK@@|.?AVCUnitTaskBattleAbstract@GAM@VDK@@
017GYAKCH,006NEWHWS,001,Funnel,EXVS2,FunnelMawarikomi,0x141435910,977,0x210,11,0;2;28;43;69;78;79;81;84;87;88,0x14092A700,0x140F75740,0x1406A5B30,0x14094F070,0x1406A5980,0x1406A57D0,0x14094E050,0x140F68620,0x140F682E0,0x140DDCDC0,.?AVCUnitTaskAutomata_017GYAKCH_006NEWHWS_001_Funnel@EXVS2@@|.?AVCUnitTaskAutomataFunnelMawarikomi@GAM@VDK@@|.?AVCUnitTaskAutomataFunnelFly@GAM@VDK@@|.?AVCUnitTaskAutomataFunnel@GAM@VDK@@|.?AVCUnitTaskAutomataRadiconParentActor@GAM@VDK@@|.?AVCUnitTaskAutomataRadicon@GAM@VDK@@|.?AVCUnitTaskAutomataAbstract@GAM@VDK@@|.?AVCUnitTaskActorProjectileAbstract@GAM@VDK@@
017GYAKCH,006NEWHWS,001,FunnelAttachChangeWeapon,EXVS2,AttachReturn,0x141436288,465,0x240,9,0;2;12;78;79;81;84;88;91,0x14092A700,0x140F88D10,0x140F89630,0x1406A5170,0x1406A5980,0x1406A57D0,0x14094DDB0,0x140F68CF0,0x140F688A0,0x140DE1E80,.?AVCUnitTaskAutomata_017GYAKCH_006NEWHWS_001_FunnelAttachChangeWeapon@EXVS2@@|.?AVCUnitTaskAutomataAttachReturn@GAM@VDK@@|.?AVCUnitTaskAutomataAttach@GAM@VDK@@|.?AVCUnitTaskAutomataAttachAbstract@GAM@VDK@@|.?AVCUnitTaskAutomataRadiconParentActor@GAM@VDK@@|.?AVCUnitTaskAutomataRadicon@GAM@VDK@@|.?AVCUnitTaskAutomataAbstract@GAM@VDK@@|.?AVCUnitTaskActorProjectileAbstract@GAM@VDK@@
017GYAKCH,006NEWHWS,001,FunnelStayShot,EXVS2,FunnelShotStayShift,0x141435C38,977,0x210,10,0;2;28;43;78;79;81;84;87;88,0x14092A3E0,0x140F75740,0x1406A5B30,0x14094F070,0x1406A5980,0x1406A57D0,0x14094E2A0,0x140F686D0,0x140F68660,0x140DDCDC0,.?AVCUnitTaskAutomata_017GYAKCH_006NEWHWS_001_FunnelStayShot@EXVS2@@|.?AVCUnitTaskAutomataFunnelShotStayShift@GAM@VDK@@|.?AVCUnitTaskAutomataFunnelShiftPos@GAM@VDK@@|.?AVCUnitTaskAutomataFunnel@GAM@VDK@@|.?AVCUnitTaskAutomataRadiconParentActor@GAM@VDK@@|.?AVCUnitTaskAutomataRadicon@GAM@VDK@@|.?AVCUnitTaskAutomataAbstract@GAM@VDK@@|.?AVCUnitTaskActorProjectileAbstract@GAM@VDK@@
017GYAKCH,006NEWHWS,001,MbShieldDocking,EXVS2,AttachAbstract,0x141435F60,465,0x210,7,0;2;78;79;81;84;88,0x14092A3E0,0x140DE1E40,0x1406A5B30,0x1406A5170,0x1406A5980,0x1406A57D0,0x14094DD70,0x140F68770,0x140F68710,0x140DE1E80,.?AVCUnitTaskAutomata_017GYAKCH_006NEWHWS_001_MbShieldDocking@EXVS2@@|.?AVCUnitTaskAutomataAttachAbstract@GAM@VDK@@|.?AVCUnitTaskAutomataRadiconParentActor@GAM@VDK@@|.?AVCUnitTaskAutomataRadicon@GAM@VDK@@|.?AVCUnitTaskAutomataAbstract@GAM@VDK@@|.?AVCUnitTaskActorProjectileAbstract@GAM@VDK@@|.?AVCUnitTaskActorAbstract@GAM@VDK@@|.?AVCUnitTaskBattleAbstract@GAM@VDK@@
017GYAKCH,006NEWHWS,001,MbShieldPorori,EXVS2,FreeFall,0x1414365B0,465,0x1C0,10,0;2;22;25;49;78;79;81;84;89,0x14092A3E0,0x140F76310,0x1406A5B30,0x1406A5170,0x1406A5980,0x1406A57D0,0x14094DF60,0x140DDC8C0,0x140DDC810,0x140DDC890,.?AVCUnitTaskAutomata_017GYAKCH_006NEWHWS_001_MbShieldPorori@EXVS2@@|.?AVCUnitTaskAutomataFreeFall@GAM@VDK@@|.?AVCUnitTaskAutomataRadiconParentActor@GAM@VDK@@|.?AVCUnitTaskAutomataRadicon@GAM@VDK@@|.?AVCUnitTaskAutomataAbstract@GAM@VDK@@|.?AVCUnitTaskActorProjectileAbstract@GAM@VDK@@|.?AVCUnitTaskActorAbstract@GAM@VDK@@|.?AVCUnitTaskBattleAbstract@GAM@VDK@@
017GYAKCH,007NGLRFF,001,DummyBalloon,EXVS2,Throw,0x141436F28,465,0x1C0,10,0;22;76;78;79;81;84;86;87;88,0x14092A3E0,0x1406A5BA0,0x1406A5B30,0x1406A5170,0x1406A5980,0x1406A57D0,0x14094E8C0,0x140F69BF0,0x140F69A00,0x140F69B80,.?AVCUnitTaskAutomata_017GYAKCH_007NGLRFF_001_DummyBalloon@EXVS2@@|.?AVCUnitTaskAutomataThrow@GAM@VDK@@|.?AVCUnitTaskAutomataRadiconParentActor@GAM@VDK@@|.?AVCUnitTaskAutomataRadicon@GAM@VDK@@|.?AVCUnitTaskAutomataAbstract@GAM@VDK@@|.?AVCUnitTaskActorProjectileAbstract@GAM@VDK@@|.?AVCUnitTaskActorAbstract@GAM@VDK@@|.?AVCUnitTaskBattleAbstract@GAM@VDK@@
017GYAKCH,007NGLRFF,001,FunnelBoomerang,EXVS2,Boomerang,0x141436C00,465,0x1C0,14,0;2;12;59;72;73;78;79;81;84;87;89;90;91,0x140929E00,0x140F692D0,0x140DDD470,0x1406A5170,0x1406A5980,0x1406A57D0,0x14094DF10,0x140F69780,0x140F69250,0x140F69340,.?AVCUnitTaskAutomata_017GYAKCH_007NGLRFF_001_FunnelBoomerang@EXVS2@@|.?AVCUnitTaskAutomataBoomerang@GAM@VDK@@|.?AVCUnitTaskAutomataRadiconParentActor@GAM@VDK@@|.?AVCUnitTaskAutomataRadicon@GAM@VDK@@|.?AVCUnitTaskAutomataAbstract@GAM@VDK@@|.?AVCUnitTaskActorProjectileAbstract@GAM@VDK@@|.?AVCUnitTaskActorAbstract@GAM@VDK@@|.?AVCUnitTaskBattleAbstract@GAM@VDK@@
017GYAKCH,007NGLRFF,001,FunnelShot,EXVS2,FunnelShotStayShift,0x1414368D8,977,0x210,13,0;2;28;43;59;78;79;81;84;87;88;89;90,0x14092A700,0x140F68E70,0x1406A5B30,0x14094F070,0x1406A5980,0x1406A57D0,0x14094E2A0,0x140F68F90,0x140F68D90,0x140DDCDC0,.?AVCUnitTaskAutomata_017GYAKCH_007NGLRFF_001_FunnelShot@EXVS2@@|.?AVCUnitTaskAutomataFunnelShotStayShift@GAM@VDK@@|.?AVCUnitTaskAutomataFunnelShiftPos@GAM@VDK@@|.?AVCUnitTaskAutomataFunnel@GAM@VDK@@|.?AVCUnitTaskAutomataRadiconParentActor@GAM@VDK@@|.?AVCUnitTaskAutomataRadicon@GAM@VDK@@|.?AVCUnitTaskAutomataAbstract@GAM@VDK@@|.?AVCUnitTaskActorProjectileAbstract@GAM@VDK@@
018GGUNDM,001GODGND,001,AssistHuunsaikiKijouRush,EXVS2,SummonRush,0x141438550,465,0x2C0,17,0;2;18;21;30;42;46;72;73;78;79;80;81;84;87;88;90,0x14092A700,0x140E12E30,0x1406A5B30,0x1406A5170,0x1406A5980,0x1406A57D0,0x14094E5B0,0x140F6AD50,0x140F6AC80,0x140F6AA40,.?AVCUnitTaskAutomata_018GGUNDM_001GODGND_001_AssistHuunsaikiKijouRush@EXVS2@@|.?AVCUnitTaskAutomata_AssistHuunsaikiAbstract@EXVS2@@|.?AVCUnitTaskAutomataSummonRush@GAM@VDK@@|.?AVCUnitTaskAutomataSummon@GAM@VDK@@|.?AVCUnitTaskAutomataRadiconParentActor@GAM@VDK@@|.?AVCUnitTaskAutomataRadicon@GAM@VDK@@|.?AVCUnitTaskAutomataAbstract@GAM@VDK@@|.?AVCUnitTaskActorProjectileAbstract@GAM@VDK@@
018GGUNDM,001GODGND,001,AssistHuunsaikiRush,EXVS2,SummonRush,0x141438220,465,0x2C0,17,0;2;18;21;30;42;46;72;73;78;79;80;81;84;87;88;90,0x14092A700,0x140E12E30,0x1406A5B30,0x1406A5170,0x1406A5980,0x1406A57D0,0x14094E5B0,0x140F6AC10,0x140F6A650,0x140F6AA40,.?AVCUnitTaskAutomata_018GGUNDM_001GODGND_001_AssistHuunsaikiRush@EXVS2@@|.?AVCUnitTaskAutomata_AssistHuunsaikiAbstract@EXVS2@@|.?AVCUnitTaskAutomataSummonRush@GAM@VDK@@|.?AVCUnitTaskAutomataSummon@GAM@VDK@@|.?AVCUnitTaskAutomataRadiconParentActor@GAM@VDK@@|.?AVCUnitTaskAutomataRadicon@GAM@VDK@@|.?AVCUnitTaskAutomataAbstract@GAM@VDK@@|.?AVCUnitTaskActorProjectileAbstract@GAM@VDK@@
018GGUNDM,001GODGND,001,GodShadow,EXVS2,RadiconParentActor,0x141437250,465,0x1B0,7,0;2;12;81;84;86;89,0x14092A3E0,0x140E26F00,0x140F69C90,0x1406A5170,0x1406A5980,0x1406A57D0,0x1406A50D0,0x140033290,0x140F69C30,0x140E3B830,.?AVCUnitTaskAutomata_018GGUNDM_001GODGND_001_GodShadow@EXVS2@@|.?AVCUnitTaskAutomataRadiconParentActor@GAM@VDK@@|.?AVCUnitTaskAutomataRadicon@GAM@VDK@@|.?AVCUnitTaskAutomataAbstract@GAM@VDK@@|.?AVCUnitTaskActorProjectileAbstract@GAM@VDK@@|.?AVCUnitTaskActorAbstract@GAM@VDK@@|.?AVCUnitTaskBattleAbstract@GAM@VDK@@|.?AVCUnitTaskAbstract@FWK@VDK@@
018GGUNDM,001GODGND,001,GodSlash,EXVS2,ThrowBlade,0x141437578,465,0x1D0,11,0;2;22;76;78;79;81;84;87;88;89,0x140929E00,0x140F69F80,0x1406A5B30,0x1406A5170,0x1406A5980,0x1406A57D0,0x14094E910,0x140F6A220,0x140F69DF0,0x140E28260,.?AVCUnitTaskAutomata_018GGUNDM_001GODGND_001_GodSlash@EXVS2@@|.?AVCUnitTaskAutomataThrowBlade@GAM@VDK@@|.?AVCUnitTaskAutomataThrow@GAM@VDK@@|.?AVCUnitTaskAutomataRadiconParentActor@GAM@VDK@@|.?AVCUnitTaskAutomataRadicon@GAM@VDK@@|.?AVCUnitTaskAutomataAbstract@GAM@VDK@@|.?AVCUnitTaskActorProjectileAbstract@GAM@VDK@@|.?AVCUnitTaskActorAbstract@GAM@VDK@@
018GGUNDM,001GODGND,001,KingOfHeart,EXVS2,Throw,0x1414378A0,465,0x1C0,10,0;2;22;76;78;79;81;84;87;88,0x14092A3E0,0x140F6A3F0,0x1406A5B30,0x1406A5170,0x1406A5980,0x1406A57D0,0x14094E8C0,0x140F6A4D0,0x140F6A3A0,0x140F6A4A0,.?AVCUnitTaskAutomata_018GGUNDM_001GODGND_001_KingOfHeart@EXVS2@@|.?AVCUnitTaskAutomataThrow@GAM@VDK@@|.?AVCUnitTaskAutomataRadiconParentActor@GAM@VDK@@|.?AVCUnitTaskAutomataRadicon@GAM@VDK@@|.?AVCUnitTaskAutomataAbstract@GAM@VDK@@|.?AVCUnitTaskActorProjectileAbstract@GAM@VDK@@|.?AVCUnitTaskActorAbstract@GAM@VDK@@|.?AVCUnitTaskBattleAbstract@GAM@VDK@@
018GGUNDM,001GODGND,001,Tenkyouken,EXVS2,Throw,0x141437BC8,465,0x1C0,10,0;2;22;76;78;79;81;84;87;88,0x14092A3E0,0x140F6A5D0,0x1406A5B30,0x1406A5170,0x1406A5980,0x1406A57D0,0x14094E8C0,0x140F6A610,0x140F6A580,0x140F6A4A0,.?AVCUnitTaskAutomata_018GGUNDM_001GODGND_001_Tenkyouken@EXVS2@@|.?AVCUnitTaskAutomataThrow@GAM@VDK@@|.?AVCUnitTaskAutomataRadiconParentActor@GAM@VDK@@|.?AVCUnitTaskAutomataRadicon@GAM@VDK@@|.?AVCUnitTaskAutomataAbstract@GAM@VDK@@|.?AVCUnitTaskActorProjectileAbstract@GAM@VDK@@|.?AVCUnitTaskActorAbstract@GAM@VDK@@|.?AVCUnitTaskBattleAbstract@GAM@VDK@@
018GGUNDM,001GODGND,001,XShockWave,EXVS2,ThrowBlade,0x141438880,465,0x1D0,12,0;2;22;73;76;78;79;81;84;87;88;89,0x14092A100,0x140DDE490,0x1406A5B30,0x1406A5170,0x1406A5980,0x1406A57D0,0x14094E910,0x140F6B3F0,0x140F6AE10,0x140F41EF0,.?AVCUnitTaskAutomata_018GGUNDM_001GODGND_001_XShockWave@EXVS2@@|.?AVCUnitTaskAutomataThrowBlade@GAM@VDK@@|.?AVCUnitTaskAutomataThrow@GAM@VDK@@|.?AVCUnitTaskAutomataRadiconParentActor@GAM@VDK@@|.?AVCUnitTaskAutomataRadicon@GAM@VDK@@|.?AVCUnitTaskAutomataAbstract@GAM@VDK@@|.?AVCUnitTaskActorProjectileAbstract@GAM@VDK@@|.?AVCUnitTaskActorAbstract@GAM@VDK@@
018GGUNDM,002DRAGON,001,DragonClaw,EXVS2,RadiconParentActor,0x141438BA8,465,0x1B0,6,0;73;79;81;84;87,0x14092A250,0x1406A5BA0,0x1406A5B30,0x1406A5170,0x1406A5980,0x1406A57D0,0x1406A50D0,0x140F6B740,0x140F6B610,0x140DDCAC0,.?AVCUnitTaskAutomata_018GGUNDM_002DRAGON_001_DragonClaw@EXVS2@@|.?AVCUnitTaskAutomataRadiconParentActor@GAM@VDK@@|.?AVCUnitTaskAutomataRadicon@GAM@VDK@@|.?AVCUnitTaskAutomataAbstract@GAM@VDK@@|.?AVCUnitTaskActorProjectileAbstract@GAM@VDK@@|.?AVCUnitTaskActorAbstract@GAM@VDK@@|.?AVCUnitTaskBattleAbstract@GAM@VDK@@|.?AVCUnitTaskAbstract@FWK@VDK@@
018GGUNDM,002DRAGON,001,DragonclawAnchor,EXVS2,Anchor,0x141438ED0,465,0x1E0,12,0;2;11;12;18;23;73;76;78;79;81;84,0x14092A700,0x140DE0460,0x140DE01B0,0x1406A5170,0x1406A5980,0x1406A57D0,0x14094DC60,0x140F6B770,0x140DE0130,0x140F40ED0,.?AVCUnitTaskAutomata_018GGUNDM_002DRAGON_001_DragonclawAnchor@EXVS2@@|.?AVCUnitTaskAutomataAnchor@GAM@VDK@@|.?AVCUnitTaskAutomataRadiconParentActor@GAM@VDK@@|.?AVCUnitTaskAutomataRadicon@GAM@VDK@@|.?AVCUnitTaskAutomataAbstract@GAM@VDK@@|.?AVCUnitTaskActorProjectileAbstract@GAM@VDK@@|.?AVCUnitTaskActorAbstract@GAM@VDK@@|.?AVCUnitTaskBattleAbstract@GAM@VDK@@
018GGUNDM,002DRAGON,001,DragonclawAnchorMakituki,EXVS2,Anchor,0x141439B70,465,0x1E0,12,0;2;11;12;18;23;73;76;78;79;81;84,0x14092A100,0x140F6BC80,0x140DE01B0,0x1406A5170,0x1406A5980,0x1406A57D0,0x14094DC60,0x140F6BD70,0x140F6BC00,0x140F6BCB0,.?AVCUnitTaskAutomata_018GGUNDM_002DRAGON_001_DragonclawAnchorMakituki@EXVS2@@|.?AVCUnitTaskAutomataAnchor@GAM@VDK@@|.?AVCUnitTaskAutomataRadiconParentActor@GAM@VDK@@|.?AVCUnitTaskAutomataRadicon@GAM@VDK@@|.?AVCUnitTaskAutomataAbstract@GAM@VDK@@|.?AVCUnitTaskActorProjectileAbstract@GAM@VDK@@|.?AVCUnitTaskActorAbstract@GAM@VDK@@|.?AVCUnitTaskBattleAbstract@GAM@VDK@@
018GGUNDM,002DRAGON,001,DragonclawAnchorStick,EXVS2,Sticker,0x141439E98,465,0x1E0,9,0;2;12;78;79;81;84;88;91,0x14092A700,0x140DDD100,0x140F6BF80,0x1406A5170,0x1406A5980,0x1406A57D0,0x14094EC90,0x140F6C120,0x140F6BDA0,0x140F6C030,.?AVCUnitTaskAutomata_018GGUNDM_002DRAGON_001_DragonclawAnchorStick@EXVS2@@|.?AVCUnitTaskAutomataSticker@GAM@VDK@@|.?AVCUnitTaskAutomataRadiconParentActor@GAM@VDK@@|.?AVCUnitTaskAutomataRadicon@GAM@VDK@@|.?AVCUnitTaskAutomataAbstract@GAM@VDK@@|.?AVCUnitTaskActorProjectileAbstract@GAM@VDK@@|.?AVCUnitTaskActorAbstract@GAM@VDK@@|.?AVCUnitTaskBattleAbstract@GAM@VDK@@
018GGUNDM,002DRAGON,001,FeilongFlag,EXVS2,RadiconParentActor,0x1414391F8,465,0x1B0,12,0;2;72;73;76;79;81;84;87;88;89;91,0x14092A700,0x140F6B8A0,0x1406A5B30,0x1406A5170,0x1406A5980,0x1406A57D0,0x1406A50D0,0x140F6BA90,0x140F6B790,0x140F6B8E0,.?AVCUnitTaskAutomata_018GGUNDM_002DRAGON_001_FeilongFlag@EXVS2@@|.?AVCUnitTaskAutomataRadiconParentActor@GAM@VDK@@|.?AVCUnitTaskAutomataRadicon@GAM@VDK@@|.?AVCUnitTaskAutomataAbstract@GAM@VDK@@|.?AVCUnitTaskActorProjectileAbstract@GAM@VDK@@|.?AVCUnitTaskActorAbstract@GAM@VDK@@|.?AVCUnitTaskBattleAbstract@GAM@VDK@@|.?AVCUnitTaskAbstract@FWK@VDK@@
018GGUNDM,002DRAGON,001,FeilongFlagCenter,EXVS2,RadiconParentActor,0x141439520,465,0x1B0,6,0;2;74;79;81;84,0x14092A3E0,0x140F76310,0x1406A5B30,0x1406A5170,0x1406A5980,0x1406A57D0,0x1406A50D0,0x140F6BB60,0x140F6BAA0,0x140F6BB30,.?AVCUnitTaskAutomata_018GGUNDM_002DRAGON_001_FeilongFlagCenter@EXVS2@@|.?AVCUnitTaskAutomataRadiconParentActor@GAM@VDK@@|.?AVCUnitTaskAutomataRadicon@GAM@VDK@@|.?AVCUnitTaskAutomataAbstract@GAM@VDK@@|.?AVCUnitTaskActorProjectileAbstract@GAM@VDK@@|.?AVCUnitTaskActorAbstract@GAM@VDK@@|.?AVCUnitTaskBattleAbstract@GAM@VDK@@|.?AVCUnitTaskAbstract@FWK@VDK@@
018GGUNDM,002DRAGON,001,JuzetsuzinFlag,EXVS2,RadiconParentActor,0x141439848,465,0x1B0,11,0;2;72;73;76;79;81;84;87;88;89,0x14092A700,0x140F6B8A0,0x1406A5B30,0x1406A5170,0x1406A5980,0x1406A57D0,0x1406A50D0,0x140F6BBE0,0x140F6BB80,0x140F6B8E0,.?AVCUnitTaskAutomata_018GGUNDM_002DRAGON_001_JuzetsuzinFlag@EXVS2@@|.?AVCUnitTaskAutomata_018GGUNDM_002DRAGON_001_FeilongFlag@EXVS2@@|.?AVCUnitTaskAutomataRadiconParentActor@GAM@VDK@@|.?AVCUnitTaskAutomataRadicon@GAM@VDK@@|.?AVCUnitTaskAutomataAbstract@GAM@VDK@@|.?AVCUnitTaskActorProjectileAbstract@GAM@VDK@@|.?AVCUnitTaskActorAbstract@GAM@VDK@@|.?AVCUnitTaskBattleAbstract@GAM@VDK@@
018GGUNDM,003MASTER,001,AssistHeavensswordGrap,EXVS2,SummonGrap,0x14143A1D0,465,0x290,17,0;2;18;21;30;42;46;72;73;78;79;80;81;84;87;88;90,0x14092A700,0x140DE1070,0x1406A5B30,0x1406A5170,0x1406A5980,0x1406A57D0,0x14094E560,0x140F6C410,0x140F6C170,0x140F6C1D0,.?AVCUnitTaskAutomata_018GGUNDM_003MASTER_001_AssistHeavensswordGrap@EXVS2@@|.?AVCUnitTaskAutomataSummonGrap@GAM@VDK@@|.?AVCUnitTaskAutomataSummon@GAM@VDK@@|.?AVCUnitTaskAutomataRadiconParentActor@GAM@VDK@@|.?AVCUnitTaskAutomataRadicon@GAM@VDK@@|.?AVCUnitTaskAutomataAbstract@GAM@VDK@@|.?AVCUnitTaskActorProjectileAbstract@GAM@VDK@@|.?AVCUnitTaskActorAbstract@GAM@VDK@@
018GGUNDM,003MASTER,001,AssistHuunsaikiRush,EXVS2,SummonRush,0x141437EF0,465,0x2C0,17,0;2;18;21;30;42;46;72;73;78;79;80;81;84;87;88;90,0x14092A700,0x140E12E30,0x1406A5B30,0x1406A5170,0x1406A5980,0x1406A57D0,0x14094E5B0,0x140F6AC10,0x140F6A650,0x140F6AA40,.?AVCUnitTaskAutomata_018GGUNDM_003MASTER_001_AssistHuunsaikiRush@EXVS2@@|.?AVCUnitTaskAutomata_AssistHuunsaikiAbstract@EXVS2@@|.?AVCUnitTaskAutomataSummonRush@GAM@VDK@@|.?AVCUnitTaskAutomataSummon@GAM@VDK@@|.?AVCUnitTaskAutomataRadiconParentActor@GAM@VDK@@|.?AVCUnitTaskAutomataRadicon@GAM@VDK@@|.?AVCUnitTaskAutomataAbstract@GAM@VDK@@|.?AVCUnitTaskActorProjectileAbstract@GAM@VDK@@
018GGUNDM,003MASTER,001,ChokyuHaouDeneidanDomon,EXVS2,RadiconParentActor,0x14143A508,465,0x1B0,8,0;2;79;81;84;87;88;89,0x14092A3E0,0x140F6C5A0,0x1406A5B30,0x1406A5170,0x1406A5980,0x1406A57D0,0x1406A50D0,0x140F6C6D0,0x140F6C4E0,0x140F6C6A0,.?AVCUnitTaskAutomata_018GGUNDM_003MASTER_001_ChokyuHaouDeneidanDomon@EXVS2@@|.?AVCUnitTaskAutomataRadiconParentActor@GAM@VDK@@|.?AVCUnitTaskAutomataRadicon@GAM@VDK@@|.?AVCUnitTaskAutomataAbstract@GAM@VDK@@|.?AVCUnitTaskActorProjectileAbstract@GAM@VDK@@|.?AVCUnitTaskActorAbstract@GAM@VDK@@|.?AVCUnitTaskBattleAbstract@GAM@VDK@@|.?AVCUnitTaskAbstract@FWK@VDK@@
018GGUNDM,003MASTER,001,MasterClothMakitsuki,EXVS2,Sticker,0x14143A830,465,0x1E0,9,0;2;78;79;81;84;88;89;91,0x14092A700,0x140DDD100,0x1406A5B30,0x1406A5170,0x1406A5980,0x1406A57D0,0x14094EC90,0x140F6C890,0x140F6C6F0,0x140E28260,.?AVCUnitTaskAutomata_018GGUNDM_003MASTER_001_MasterClothMakitsuki@EXVS2@@|.?AVCUnitTaskAutomataSticker@GAM@VDK@@|.?AVCUnitTaskAutomataRadiconParentActor@GAM@VDK@@|.?AVCUnitTaskAutomataRadicon@GAM@VDK@@|.?AVCUnitTaskAutomataAbstract@GAM@VDK@@|.?AVCUnitTaskActorProjectileAbstract@GAM@VDK@@|.?AVCUnitTaskActorAbstract@GAM@VDK@@|.?AVCUnitTaskBattleAbstract@GAM@VDK@@
018GGUNDM,003MASTER,001,SmallMaster,EXVS2,FunnelFlySword,0x14143AB68,977,0x220,14,0;2;12;28;43;52;69;76;78;79;81;87;88;91,0x14092A700,0x140F75740,0x140F6CAA0,0x14094F070,0x1406A5980,0x1406A57D0,0x14094E100,0x140F6CB20,0x140F6C8E0,0x140E26F80,.?AVCUnitTaskAutomata_018GGUNDM_003MASTER_001_SmallMaster@EXVS2@@|.?AVCUnitTaskAutomataFunnelFlySword@GAM@VDK@@|.?AVCUnitTaskAutomataFunnelMawarikomi@GAM@VDK@@|.?AVCUnitTaskAutomataFunnelFly@GAM@VDK@@|.?AVCUnitTaskAutomataFunnel@GAM@VDK@@|.?AVCUnitTaskAutomataRadiconParentActor@GAM@VDK@@|.?AVCUnitTaskAutomataRadicon@GAM@VDK@@|.?AVCUnitTaskAutomataAbstract@GAM@VDK@@
018GGUNDM,004SPIEGL,001,AtemiTeppan,EXVS2,RadiconParentActor,0x14143AE90,465,0x1B0,6,0;2;79;81;84;89,0x14092A3E0,0x140F6CBE0,0x1406A5B30,0x1406A5170,0x1406A5980,0x1406A57D0,0x1406A50D0,0x140F3E8A0,0x140F6CB80,0x140F3E740,.?AVCUnitTaskAutomata_018GGUNDM_004SPIEGL_001_AtemiTeppan@EXVS2@@|.?AVCUnitTaskAutomataRadiconParentActor@GAM@VDK@@|.?AVCUnitTaskAutomataRadicon@GAM@VDK@@|.?AVCUnitTaskAutomataAbstract@GAM@VDK@@|.?AVCUnitTaskActorProjectileAbstract@GAM@VDK@@|.?AVCUnitTaskActorAbstract@GAM@VDK@@|.?AVCUnitTaskBattleAbstract@GAM@VDK@@|.?AVCUnitTaskAbstract@FWK@VDK@@
018GGUNDM,004SPIEGL,001,Bunsin,EXVS2,SummonRush,0x14143B4E0,465,0x2C0,17,0;2;18;21;30;42;46;72;73;78;79;80;81;84;87;88;90,0x14092A700,0x140F6D160,0x1406A5B30,0x1406A5170,0x1406A5980,0x1406A57D0,0x14094E5B0,0x140F6CF60,0x140F6CEB0,0x140F6CF10,.?AVCUnitTaskAutomata_018GGUNDM_004SPIEGL_001_Bunsin@EXVS2@@|.?AVCUnitTaskAutomataSummonRush@GAM@VDK@@|.?AVCUnitTaskAutomataSummon@GAM@VDK@@|.?AVCUnitTaskAutomataRadiconParentActor@GAM@VDK@@|.?AVCUnitTaskAutomataRadicon@GAM@VDK@@|.?AVCUnitTaskAutomataAbstract@GAM@VDK@@|.?AVCUnitTaskActorProjectileAbstract@GAM@VDK@@|.?AVCUnitTaskActorAbstract@GAM@VDK@@
018GGUNDM,004SPIEGL,001,BunsinHissatsu,EXVS2,SummonRush,0x14143B810,465,0x2C0,18,0;2;18;21;30;42;46;72;73;78;79;80;81;83;84;87;88;90,0x14092A700,0x140F6D160,0x1406A5B30,0x1406A5170,0x1406A5980,0x1406A57D0,0x14094E5B0,0x140F6D190,0x140F6CFF0,0x140F3E740,.?AVCUnitTaskAutomata_018GGUNDM_004SPIEGL_001_BunsinHissatsu@EXVS2@@|.?AVCUnitTaskAutomataSummonRush@GAM@VDK@@|.?AVCUnitTaskAutomataSummon@GAM@VDK@@|.?AVCUnitTaskAutomataRadiconParentActor@GAM@VDK@@|.?AVCUnitTaskAutomataRadicon@GAM@VDK@@|.?AVCUnitTaskAutomataAbstract@GAM@VDK@@|.?AVCUnitTaskActorProjectileAbstract@GAM@VDK@@|.?AVCUnitTaskActorAbstract@GAM@VDK@@
018GGUNDM,004SPIEGL,001,BunsinRush,EXVS2,SummonRushAttackNormal,0x14143BE68,465,0x330,18,0;2;18;21;30;42;46;72;73;76;78;79;80;81;84;87;88;90,0x14092A700,0x140E12E30,0x1406A5B30,0x1406A5170,0x1406A5980,0x1406A57D0,0x14094E5F0,0x140F6D4C0,0x140F6D3C0,0x140F6D480,.?AVCUnitTaskAutomata_018GGUNDM_004SPIEGL_001_BunsinRush@EXVS2@@|.?AVCUnitTaskAutomataSummonRushAttackNormal@GAM@VDK@@|.?AVCUnitTaskAutomataSummonRushAttack@GAM@VDK@@|.?AVCUnitTaskAutomataSummonRush@GAM@VDK@@|.?AVCUnitTaskAutomataSummon@GAM@VDK@@|.?AVCUnitTaskAutomataRadiconParentActor@GAM@VDK@@|.?AVCUnitTaskAutomataRadicon@GAM@VDK@@|.?AVCUnitTaskAutomataAbstract@GAM@VDK@@
018GGUNDM,004SPIEGL,001,IronNet,EXVS2,Throw,0x14143B1B8,465,0x1C0,10,0;22;76;78;79;81;84;87;88;91,0x14092A3E0,0x1406A5BA0,0x1406A5B30,0x1406A5170,0x1406A5980,0x1406A57D0,0x14094E8C0,0x140F94DD0,0x140F6CD10,0x140F6CE10,.?AVCUnitTaskAutomata_018GGUNDM_004SPIEGL_001_IronNet@EXVS2@@|.?AVCUnitTaskAutomataThrow@GAM@VDK@@|.?AVCUnitTaskAutomataRadiconParentActor@GAM@VDK@@|.?AVCUnitTaskAutomataRadicon@GAM@VDK@@|.?AVCUnitTaskAutomataAbstract@GAM@VDK@@|.?AVCUnitTaskActorProjectileAbstract@GAM@VDK@@|.?AVCUnitTaskActorAbstract@GAM@VDK@@|.?AVCUnitTaskBattleAbstract@GAM@VDK@@
018GGUNDM,004SPIEGL,001,PutObj_Bunsin,EXVS2,PutObj,0x14143BB40,465,0x1D0,9,0;2;78;79;80;81;84;88;90,0x14092A040,0x140F76310,0x1406A5B30,0x1406A5170,0x1406A5980,0x1406A57D0,0x14094E380,0x140F6D340,0x140F6D220,0x140E28260,.?AVCUnitTaskAutomata_018GGUNDM_004SPIEGL_001_PutObj_Bunsin@EXVS2@@|.?AVCUnitTaskAutomataPutObj@GAM@VDK@@|.?AVCUnitTaskAutomataRadiconParentActor@GAM@VDK@@|.?AVCUnitTaskAutomataRadicon@GAM@VDK@@|.?AVCUnitTaskAutomataAbstract@GAM@VDK@@|.?AVCUnitTaskActorProjectileAbstract@GAM@VDK@@|.?AVCUnitTaskActorAbstract@GAM@VDK@@|.?AVCUnitTaskBattleAbstract@GAM@VDK@@
018GGUNDM,005NOBELG,001,RibbonHobaku,EXVS2,Sticker,0x14143C4C0,465,0x1E0,7,0;2;78;79;81;84;91,0x14092A700,0x140DDD100,0x1406A5B30,0x1406A5170,0x1406A5980,0x1406A57D0,0x14094EC90,0x140F6D860,0x140F6D800,0x140E28260,.?AVCUnitTaskAutomata_018GGUNDM_005NOBELG_001_RibbonHobaku@EXVS2@@|.?AVCUnitTaskAutomataSticker@GAM@VDK@@|.?AVCUnitTaskAutomataRadiconParentActor@GAM@VDK@@|.?AVCUnitTaskAutomataRadicon@GAM@VDK@@|.?AVCUnitTaskAutomataAbstract@GAM@VDK@@|.?AVCUnitTaskActorProjectileAbstract@GAM@VDK@@|.?AVCUnitTaskActorAbstract@GAM@VDK@@|.?AVCUnitTaskBattleAbstract@GAM@VDK@@
018GGUNDM,005NOBELG,001,ThrowHulahoop,EXVS2,ThrowBlade,0x14143C198,465,0x1D0,11,0;2;22;76;78;79;81;84;87;88;89,0x14092A100,0x140DDE490,0x1406A5B30,0x1406A5170,0x1406A5980,0x1406A57D0,0x14094E910,0x140F6D7D0,0x140F6D6D0,0x140F41EF0,.?AVCUnitTaskAutomata_018GGUNDM_005NOBELG_001_ThrowHulahoop@EXVS2@@|.?AVCUnitTaskAutomataThrowBlade@GAM@VDK@@|.?AVCUnitTaskAutomataThrow@GAM@VDK@@|.?AVCUnitTaskAutomataRadiconParentActor@GAM@VDK@@|.?AVCUnitTaskAutomataRadicon@GAM@VDK@@|.?AVCUnitTaskAutomataAbstract@GAM@VDK@@|.?AVCUnitTaskActorProjectileAbstract@GAM@VDK@@|.?AVCUnitTaskActorAbstract@GAM@VDK@@
018GGUNDM,006SHINIG,001,AssistKowloonGundamCloth,EXVS2,SummonRushAttackNormal,0x14143C7F8,465,0x330,18,0;2;11;18;21;30;42;46;72;73;78;79;80;81;84;87;88;90,0x14092A290,0x140F6DBB0,0x1406A5B30,0x1406A5170,0x1406A5980,0x1406A57D0,0x14094E5F0,0x140F6DBF0,0x140F6D8B0,0x140F47E30,.?AVCUnitTaskAutomata_018GGUNDM_006SHINIG_001_AssistKowloonGundamCloth@EXVS2@@|.?AVCUnitTaskAutomataSummonRushAttackNormal@GAM@VDK@@|.?AVCUnitTaskAutomataSummonRushAttack@GAM@VDK@@|.?AVCUnitTaskAutomataSummonRush@GAM@VDK@@|.?AVCUnitTaskAutomataSummon@GAM@VDK@@|.?AVCUnitTaskAutomataRadiconParentActor@GAM@VDK@@|.?AVCUnitTaskAutomataRadicon@GAM@VDK@@|.?AVCUnitTaskAutomataAbstract@GAM@VDK@@
018GGUNDM,006SHINIG,001,AssistKowloonGundamDeneidan,EXVS2,SummonRush,0x14143CB28,465,0x2C0,19,0;2;18;21;30;42;46;52;72;73;78;79;80;81;84;86;87;88;90,0x14092A700,0x140F6E300,0x1406A5B30,0x1406A5170,0x1406A5980,0x1406A57D0,0x14094E5B0,0x140F6E460,0x140F6E0B0,0x140F6E440,.?AVCUnitTaskAutomata_018GGUNDM_006SHINIG_001_AssistKowloonGundamDeneidan@EXVS2@@|.?AVCUnitTaskAutomataSummonRush@GAM@VDK@@|.?AVCUnitTaskAutomataSummon@GAM@VDK@@|.?AVCUnitTaskAutomataRadiconParentActor@GAM@VDK@@|.?AVCUnitTaskAutomataRadicon@GAM@VDK@@|.?AVCUnitTaskAutomataAbstract@GAM@VDK@@|.?AVCUnitTaskActorProjectileAbstract@GAM@VDK@@|.?AVCUnitTaskActorAbstract@GAM@VDK@@
018GGUNDM,006SHINIG,001,DeneidanBlastNotifier,EXVS2,Sticker,0x14143CE58,465,0x1C0,7,0;2;78;79;81;84;91,0x14092A700,0x140DDD100,0x1406A5B30,0x1406A5170,0x1406A5980,0x1406A57D0,0x14094E4D0,0x140F6E530,0x140F6E4C0,0x140E28260,.?AVCUnitTaskAutomata_018GGUNDM_006SHINIG_001_DeneidanBlastNotifier@EXVS2@@|.?AVCUnitTaskAutomataSticker@GAM@VDK@@|.?AVCUnitTaskAutomataRadiconParentActor@GAM@VDK@@|.?AVCUnitTaskAutomataRadicon@GAM@VDK@@|.?AVCUnitTaskAutomataAbstract@GAM@VDK@@|.?AVCUnitTaskActorProjectileAbstract@GAM@VDK@@|.?AVCUnitTaskActorAbstract@GAM@VDK@@|.?AVCUnitTaskBattleAbstract@GAM@VDK@@
018GGUNDM,006SHINIG,001,ThrowSmokeGrenade,EXVS2,ThrowMortar,0x14143D190,465,0x1C0,11,0;22;76;78;79;81;82;84;87;88;91,0x14092A3E0,0x1406A5BA0,0x1406A5B30,0x1406A5170,0x1406A5980,0x1406A57D0,0x14094E8C0,0x140F6E600,0x140F6E560,0x140DDCAC0,.?AVCUnitTaskAutomata_018GGUNDM_006SHINIG_001_ThrowSmokeGrenade@EXVS2@@|.?AVCUnitTaskAutomataThrowMortar@GAM@VDK@@|.?AVCUnitTaskAutomataThrow@GAM@VDK@@|.?AVCUnitTaskAutomataRadiconParentActor@GAM@VDK@@|.?AVCUnitTaskAutomataRadicon@GAM@VDK@@|.?AVCUnitTaskAutomataAbstract@GAM@VDK@@|.?AVCUnitTaskActorProjectileAbstract@GAM@VDK@@|.?AVCUnitTaskActorAbstract@GAM@VDK@@
018GGUNDM,007RISING,001,GodFinger,EXVS2,SummonRush,0x14143D4B8,465,0x2C0,20,0;2;18;21;30;42;46;72;73;76;78;79;80;81;84;87;88;89;90;91,0x14092A700,0x140E12E30,0x1406A5B30,0x1406A5170,0x1406A5980,0x1406A57D0,0x14094E5B0,0x140F6EA90,0x140F6E640,0x140F6E880,.?AVCUnitTaskAutomata_018GGUNDM_007RISING_001_GodFinger@EXVS2@@|.?AVCUnitTaskAutomataSummonRush@GAM@VDK@@|.?AVCUnitTaskAutomataSummon@GAM@VDK@@|.?AVCUnitTaskAutomataRadiconParentActor@GAM@VDK@@|.?AVCUnitTaskAutomataRadicon@GAM@VDK@@|.?AVCUnitTaskAutomataAbstract@GAM@VDK@@|.?AVCUnitTaskActorProjectileAbstract@GAM@VDK@@|.?AVCUnitTaskActorAbstract@GAM@VDK@@
018GGUNDM,007RISING,001,GodTyphoon,EXVS2,SummonRushAttackNormal,0x14143D7E8,465,0x330,19,0;2;18;21;30;42;46;72;73;78;79;80;81;84;86;87;88;89;90,0x14092A700,0x140F76670,0x1406A5B30,0x1406A5170,0x1406A5980,0x1406A57D0,0x14094E5F0,0x140F6ECE0,0x140F6EAF0,0x140F6EC60,.?AVCUnitTaskAutomata_018GGUNDM_007RISING_001_GodTyphoon@EXVS2@@|.?AVCUnitTaskAutomataSummonRushAttackNormal@GAM@VDK@@|.?AVCUnitTaskAutomataSummonRushAttack@GAM@VDK@@|.?AVCUnitTaskAutomataSummonRush@GAM@VDK@@|.?AVCUnitTaskAutomataSummon@GAM@VDK@@|.?AVCUnitTaskAutomataRadiconParentActor@GAM@VDK@@|.?AVCUnitTaskAutomataRadicon@GAM@VDK@@|.?AVCUnitTaskAutomataAbstract@GAM@VDK@@
018GGUNDM,007RISING,001,ShoulderPurge,EXVS2,FreeFall,0x14143DB18,465,0x1C0,11,0;2;22;25;49;78;79;81;84;88;89,0x14092A3E0,0x140F76310,0x1406A5B30,0x1406A5170,0x1406A5980,0x1406A57D0,0x14094DF60,0x140DDC8C0,0x140DDC810,0x140DDC890,.?AVCUnitTaskAutomata_018GGUNDM_007RISING_001_ShoulderPurge@EXVS2@@|.?AVCUnitTaskAutomataFreeFall@GAM@VDK@@|.?AVCUnitTaskAutomataRadiconParentActor@GAM@VDK@@|.?AVCUnitTaskAutomataRadicon@GAM@VDK@@|.?AVCUnitTaskAutomataAbstract@GAM@VDK@@|.?AVCUnitTaskActorProjectileAbstract@GAM@VDK@@|.?AVCUnitTaskActorAbstract@GAM@VDK@@|.?AVCUnitTaskBattleAbstract@GAM@VDK@@
018GGUNDM,007RISING,001,Winlose,EXVS2,PutObj,0x14143DE40,465,0x1D0,10,0;2;78;79;80;81;84;88;89;90,0x14092A040,0x140F76310,0x1406A5B30,0x1406A5170,0x1406A5980,0x1406A57D0,0x14094E380,0x140F38EC0,0x140F38910,0x140E28260,.?AVCUnitTaskAutomata_018GGUNDM_007RISING_001_Winlose@EXVS2@@|.?AVCUnitTaskAutomata_000COMMON_000COMMON_001_PutObj@EXVS2@@|.?AVCUnitTaskAutomataPutObj@GAM@VDK@@|.?AVCUnitTaskAutomataRadiconParentActor@GAM@VDK@@|.?AVCUnitTaskAutomataRadicon@GAM@VDK@@|.?AVCUnitTaskAutomataAbstract@GAM@VDK@@|.?AVCUnitTaskActorProjectileAbstract@GAM@VDK@@|.?AVCUnitTaskActorAbstract@GAM@VDK@@
018GGUNDM,008MAXTER,001,ArmorPorori,EXVS2,FreeFall,0x14143E498,465,0x1C0,11,0;2;12;22;25;49;78;79;81;84;89,0x14092A700,0x140F6F020,0x140F6EFB0,0x1406A5170,0x1406A5980,0x1406A57D0,0x14094DF60,0x140DDC8C0,0x140F387C0,0x140DDC890,.?AVCUnitTaskAutomata_018GGUNDM_008MAXTER_001_ArmorPorori@EXVS2@@|.?AVCUnitTaskAutomata_000COMMON_000COMMON_001_FreeFall@EXVS2@@|.?AVCUnitTaskAutomataFreeFall@GAM@VDK@@|.?AVCUnitTaskAutomataRadiconParentActor@GAM@VDK@@|.?AVCUnitTaskAutomataRadicon@GAM@VDK@@|.?AVCUnitTaskAutomataAbstract@GAM@VDK@@|.?AVCUnitTaskActorProjectileAbstract@GAM@VDK@@|.?AVCUnitTaskActorAbstract@GAM@VDK@@
018GGUNDM,008MAXTER,001,CyclonePunch,EXVS2,ThrowPillarLaunchJointYAxis,0x14143E168,465,0x1C0,13,0;2;12;22;59;68;76;78;79;81;84;87;88,0x14092A2D0,0x140DDFD80,0x140DDF7B0,0x1406A5170,0x1406A5980,0x1406A57D0,0x14094E8C0,0x140F6EF90,0x140DDFA50,0x140DDF870,.?AVCUnitTaskAutomata_018GGUNDM_008MAXTER_001_CyclonePunch@EXVS2@@|.?AVCUnitTaskAutomataThrowPillarLaunchJointYAxis@GAM@VDK@@|.?AVCUnitTaskAutomataThrowPillar@GAM@VDK@@|.?AVCUnitTaskAutomataThrow@GAM@VDK@@|.?AVCUnitTaskAutomataRadiconParentActor@GAM@VDK@@|.?AVCUnitTaskAutomataRadicon@GAM@VDK@@|.?AVCUnitTaskAutomataAbstract@GAM@VDK@@|.?AVCUnitTaskActorProjectileAbstract@GAM@VDK@@
018GGUNDM,008MAXTER,001,ThrowSurfBoard,EXVS2,Throw,0x14143E7C0,465,0x1C0,12,0;12;22;76;78;79;81;84;87;88;89;91,0x14092A700,0x1406A5BA0,0x140F6F1D0,0x1406A5170,0x1406A5980,0x1406A57D0,0x14094E8C0,0x140F6F260,0x140F6F170,0x140F39070,.?AVCUnitTaskAutomata_018GGUNDM_008MAXTER_001_ThrowSurfBoard@EXVS2@@|.?AVCUnitTaskAutomata_000COMMON_000COMMON_001_ThrowSaber@EXVS2@@|.?AVCUnitTaskAutomataThrow@GAM@VDK@@|.?AVCUnitTaskAutomataRadiconParentActor@GAM@VDK@@|.?AVCUnitTaskAutomataRadicon@GAM@VDK@@|.?AVCUnitTaskAutomataAbstract@GAM@VDK@@|.?AVCUnitTaskActorProjectileAbstract@GAM@VDK@@|.?AVCUnitTaskActorAbstract@GAM@VDK@@
020GNSEED,001STRIKE,001,AssistSkygrasperAlRushShot,EXVS2,SummonRushShot,0x14143F468,465,0x2F0,19,0;2;12;18;21;30;42;46;69;72;73;78;79;80;81;84;87;88;90,0x14092A310,0x140F76670,0x140DE1770,0x1406A5170,0x1406A5980,0x1406A57D0,0x14094E6F0,0x140F6F880,0x140F6F8B0,0x140F6F850,.?AVCUnitTaskAutomata_020GNSEED_001STRIKE_001_AssistSkygrasperAlRushShot@EXVS2@@|.?AVCUnitTaskAutomataSummonRushShot@GAM@VDK@@|.?AVCUnitTaskAutomataSummonRush@GAM@VDK@@|.?AVCUnitTaskAutomataSummon@GAM@VDK@@|.?AVCUnitTaskAutomataRadiconParentActor@GAM@VDK@@|.?AVCUnitTaskAutomataRadicon@GAM@VDK@@|.?AVCUnitTaskAutomataAbstract@GAM@VDK@@|.?AVCUnitTaskActorProjectileAbstract@GAM@VDK@@
020GNSEED,001STRIKE,001,AssistSkygrasperLaRushShot,EXVS2,SummonRushShot,0x14143F138,465,0x2F0,19,0;2;12;18;21;30;42;46;69;72;73;78;79;80;81;84;87;88;90,0x14092A310,0x140F76670,0x140DE1770,0x1406A5170,0x1406A5980,0x1406A57D0,0x14094E6F0,0x140F6F880,0x140F6F7F0,0x140F6F850,.?AVCUnitTaskAutomata_020GNSEED_001STRIKE_001_AssistSkygrasperLaRushShot@EXVS2@@|.?AVCUnitTaskAutomataSummonRushShot@GAM@VDK@@|.?AVCUnitTaskAutomataSummonRush@GAM@VDK@@|.?AVCUnitTaskAutomataSummon@GAM@VDK@@|.?AVCUnitTaskAutomataRadiconParentActor@GAM@VDK@@|.?AVCUnitTaskAutomataRadicon@GAM@VDK@@|.?AVCUnitTaskAutomataAbstract@GAM@VDK@@|.?AVCUnitTaskActorProjectileAbstract@GAM@VDK@@
020GNSEED,001STRIKE,001,AssistSkygrasperSwRush,EXVS2,SummonRush,0x14143F798,465,0x2C0,18,0;2;18;21;30;42;46;72;73;78;79;80;81;84;87;88;89;90,0x14092A700,0x140F76670,0x1406A5B30,0x1406A5170,0x1406A5980,0x1406A57D0,0x14094E5B0,0x140F6FD70,0x140F6FA00,0x140F6FAD0,.?AVCUnitTaskAutomata_020GNSEED_001STRIKE_001_AssistSkygrasperSwRush@EXVS2@@|.?AVCUnitTaskAutomataSummonRush@GAM@VDK@@|.?AVCUnitTaskAutomataSummon@GAM@VDK@@|.?AVCUnitTaskAutomataRadiconParentActor@GAM@VDK@@|.?AVCUnitTaskAutomataRadicon@GAM@VDK@@|.?AVCUnitTaskAutomataAbstract@GAM@VDK@@|.?AVCUnitTaskActorProjectileAbstract@GAM@VDK@@|.?AVCUnitTaskActorAbstract@GAM@VDK@@
020GNSEED,001STRIKE,001,BeemBoomerang,EXVS2,Boomerang,0x14143EAE8,465,0x1C0,11,0;12;73;78;79;81;84;87;88;89;91,0x14092A700,0x1406A5BA0,0x140DDD470,0x1406A5170,0x1406A5980,0x1406A57D0,0x14094DF10,0x140E04660,0x140DDD2D0,0x140DDCAC0,.?AVCUnitTaskAutomata_020GNSEED_001STRIKE_001_BeemBoomerang@EXVS2@@|.?AVCUnitTaskAutomataBoomerang@GAM@VDK@@|.?AVCUnitTaskAutomataRadiconParentActor@GAM@VDK@@|.?AVCUnitTaskAutomataRadicon@GAM@VDK@@|.?AVCUnitTaskAutomataAbstract@GAM@VDK@@|.?AVCUnitTaskActorProjectileAbstract@GAM@VDK@@|.?AVCUnitTaskActorAbstract@GAM@VDK@@|.?AVCUnitTaskBattleAbstract@GAM@VDK@@
020GNSEED,001STRIKE,001,RocketAnchor,EXVS2,AnchorReturn,0x14143EE10,465,0x1F0,14,0;2;11;12;18;23;73;76;78;79;81;84;88;89,0x14092A700,0x140DE0460,0x140F7E420,0x1406A5170,0x1406A5980,0x1406A57D0,0x14094DCE0,0x140F6F740,0x140F6F380,0x140F40ED0,.?AVCUnitTaskAutomata_020GNSEED_001STRIKE_001_RocketAnchor@EXVS2@@|.?AVCUnitTaskAutomataAnchorReturn@GAM@VDK@@|.?AVCUnitTaskAutomataAnchor@GAM@VDK@@|.?AVCUnitTaskAutomataRadiconParentActor@GAM@VDK@@|.?AVCUnitTaskAutomataRadicon@GAM@VDK@@|.?AVCUnitTaskAutomataAbstract@GAM@VDK@@|.?AVCUnitTaskActorProjectileAbstract@GAM@VDK@@|.?AVCUnitTaskActorAbstract@GAM@VDK@@
020GNSEED,002FOBIDN,001,AssistCalamity,EXVS2,SummonRushShot,0x14143FDF8,465,0x2F0,19,0;2;12;18;21;30;42;46;69;72;73;78;79;80;81;84;87;88;90,0x14092A310,0x140F76670,0x140F700F0,0x1406A5170,0x1406A5980,0x1406A57D0,0x14094E6F0,0x140E386F0,0x140F6FFB0,0x140DE1820,.?AVCUnitTaskAutomata_020GNSEED_002FOBIDN_001_AssistCalamity@EXVS2@@|.?AVCUnitTaskAutomataSummonRushShot@GAM@VDK@@|.?AVCUnitTaskAutomataSummonRush@GAM@VDK@@|.?AVCUnitTaskAutomataSummon@GAM@VDK@@|.?AVCUnitTaskAutomataRadiconParentActor@GAM@VDK@@|.?AVCUnitTaskAutomataRadicon@GAM@VDK@@|.?AVCUnitTaskAutomataAbstract@GAM@VDK@@|.?AVCUnitTaskActorProjectileAbstract@GAM@VDK@@
020GNSEED,002FOBIDN,001,AssistCalamityLaser,EXVS2,SummonRushShot,0x14143FAC8,465,0x2F0,19,0;2;12;18;21;30;42;46;69;72;73;78;79;80;81;84;87;88;90,0x14092A310,0x140F76670,0x140DE1770,0x1406A5170,0x1406A5980,0x1406A57D0,0x14094E6F0,0x140F6FF80,0x140F6FDA0,0x140DE1820,.?AVCUnitTaskAutomata_020GNSEED_002FOBIDN_001_AssistCalamityLaser@EXVS2@@|.?AVCUnitTaskAutomataSummonRushShot@GAM@VDK@@|.?AVCUnitTaskAutomataSummonRush@GAM@VDK@@|.?AVCUnitTaskAutomataSummon@GAM@VDK@@|.?AVCUnitTaskAutomataRadiconParentActor@GAM@VDK@@|.?AVCUnitTaskAutomataRadicon@GAM@VDK@@|.?AVCUnitTaskAutomataAbstract@GAM@VDK@@|.?AVCUnitTaskActorProjectileAbstract@GAM@VDK@@
020GNSEED,002FOBIDN,001,AssistRaider,EXVS2,Summon,0x141440458,465,0x290,19,0;2;18;21;30;42;46;72;73;78;79;80;81;84;86;87;88;89;90,0x14092A700,0x140F76670,0x1406A5B30,0x1406A5170,0x1406A5980,0x1406A57D0,0x14094E520,0x140E38CA0,0x140F70350,0x140F70510,.?AVCUnitTaskAutomata_020GNSEED_002FOBIDN_001_AssistRaider@EXVS2@@|.?AVCUnitTaskAutomataSummon@GAM@VDK@@|.?AVCUnitTaskAutomataRadiconParentActor@GAM@VDK@@|.?AVCUnitTaskAutomataRadicon@GAM@VDK@@|.?AVCUnitTaskAutomataAbstract@GAM@VDK@@|.?AVCUnitTaskActorProjectileAbstract@GAM@VDK@@|.?AVCUnitTaskActorAbstract@GAM@VDK@@|.?AVCUnitTaskBattleAbstract@GAM@VDK@@
020GNSEED,002FOBIDN,001,AssistRaiderCalamity,EXVS2,SummonRush,0x141440AB0,465,0x2C0,18,0;2;18;21;30;42;46;72;73;74;78;79;80;81;84;87;88;90,0x14092A700,0x140F76670,0x1406A5B30,0x1406A5170,0x1406A5980,0x1406A57D0,0x14094E5B0,0x140F70990,0x140F70790,0x140F70820,.?AVCUnitTaskAutomata_020GNSEED_002FOBIDN_001_AssistRaiderCalamity@EXVS2@@|.?AVCUnitTaskAutomataSummonRush@GAM@VDK@@|.?AVCUnitTaskAutomataSummon@GAM@VDK@@|.?AVCUnitTaskAutomataRadiconParentActor@GAM@VDK@@|.?AVCUnitTaskAutomataRadicon@GAM@VDK@@|.?AVCUnitTaskAutomataAbstract@GAM@VDK@@|.?AVCUnitTaskActorProjectileAbstract@GAM@VDK@@|.?AVCUnitTaskActorAbstract@GAM@VDK@@
020GNSEED,002FOBIDN,001,AssistRaiderMA,EXVS2,SummonRushShotMachinegun,0x141440128,465,0x300,19,0;2;12;18;21;30;42;46;69;72;73;78;79;80;81;84;87;88;90,0x14092A310,0x140F76670,0x140F702A0,0x1406A5170,0x1406A5980,0x1406A57D0,0x14094E730,0x140F702B0,0x140F701C0,0x140E0BA00,.?AVCUnitTaskAutomata_020GNSEED_002FOBIDN_001_AssistRaiderMA@EXVS2@@|.?AVCUnitTaskAutomataSummonRushShotMachinegun@GAM@VDK@@|.?AVCUnitTaskAutomataSummonRushShot@GAM@VDK@@|.?AVCUnitTaskAutomataSummonRush@GAM@VDK@@|.?AVCUnitTaskAutomataSummon@GAM@VDK@@|.?AVCUnitTaskAutomataRadiconParentActor@GAM@VDK@@|.?AVCUnitTaskAutomataRadicon@GAM@VDK@@|.?AVCUnitTaskAutomataAbstract@GAM@VDK@@
020GNSEED,002FOBIDN,001,ReflectBeam,EXVS2,Throw,0x141440DE0,465,0x1C0,10,0;22;52;76;78;79;81;84;87;88,0x14092A3E0,0x1406A5BA0,0x1406A5B30,0x1406A5170,0x1406A5980,0x1406A57D0,0x14094E8C0,0x140E390F0,0x140F70A30,0x140DDCAC0,.?AVCUnitTaskAutomata_020GNSEED_002FOBIDN_001_ReflectBeam@EXVS2@@|.?AVCUnitTaskAutomataThrow@GAM@VDK@@|.?AVCUnitTaskAutomataRadiconParentActor@GAM@VDK@@|.?AVCUnitTaskAutomataRadicon@GAM@VDK@@|.?AVCUnitTaskAutomataAbstract@GAM@VDK@@|.?AVCUnitTaskActorProjectileAbstract@GAM@VDK@@|.?AVCUnitTaskActorAbstract@GAM@VDK@@|.?AVCUnitTaskBattleAbstract@GAM@VDK@@
020GNSEED,002FOBIDN,001,Winlose,EXVS2,PutObj,0x141440788,465,0x1D0,8,0;2;78;79;80;81;84;88,0x14092A040,0x140F76310,0x1406A5B30,0x1406A5170,0x1406A5980,0x1406A57D0,0x14094E380,0x140F70760,0x140F706C0,0x140E28260,.?AVCUnitTaskAutomata_020GNSEED_002FOBIDN_001_Winlose@EXVS2@@|.?AVCUnitTaskAutomataPutObj@GAM@VDK@@|.?AVCUnitTaskAutomataRadiconParentActor@GAM@VDK@@|.?AVCUnitTaskAutomataRadicon@GAM@VDK@@|.?AVCUnitTaskAutomataAbstract@GAM@VDK@@|.?AVCUnitTaskActorProjectileAbstract@GAM@VDK@@|.?AVCUnitTaskActorAbstract@GAM@VDK@@|.?AVCUnitTaskBattleAbstract@GAM@VDK@@
020GNSEED,003PRVDNC,001,FunnelBeamCurtain,EXVS2,FunnelMawarikomi,0x141441108,977,0x210,10,0;2;28;43;69;78;79;81;84;87,0x14092A700,0x140F75740,0x1406A5B30,0x14094F070,0x1406A5980,0x1406A57D0,0x14094E050,0x140F70AE0,0x140F70A80,0x140DDCDC0,.?AVCUnitTaskAutomata_020GNSEED_003PRVDNC_001_FunnelBeamCurtain@EXVS2@@|.?AVCUnitTaskAutomataFunnelMawarikomi@GAM@VDK@@|.?AVCUnitTaskAutomataFunnelFly@GAM@VDK@@|.?AVCUnitTaskAutomataFunnel@GAM@VDK@@|.?AVCUnitTaskAutomataRadiconParentActor@GAM@VDK@@|.?AVCUnitTaskAutomataRadicon@GAM@VDK@@|.?AVCUnitTaskAutomataAbstract@GAM@VDK@@|.?AVCUnitTaskActorProjectileAbstract@GAM@VDK@@
020GNSEED,003PRVDNC,001,FunnelBeamCurtainRensha,EXVS2,FunnelMawarikomiMultipleShot,0x141442A48,977,0x220,10,0;2;28;43;69;78;79;81;84;87,0x14092A100,0x140F75740,0x1406A5B30,0x14094F070,0x1406A5980,0x1406A57D0,0x14094E9E0,0x140F71850,0x140F717F0,0x140DDCDC0,.?AVCUnitTaskAutomata_020GNSEED_003PRVDNC_001_FunnelBeamCurtainRensha@EXVS2@@|.?AVCUnitTaskAutomataFunnelMawarikomiMultipleShot@GAM@VDK@@|.?AVCUnitTaskAutomataFunnelMawarikomi@GAM@VDK@@|.?AVCUnitTaskAutomataFunnelFly@GAM@VDK@@|.?AVCUnitTaskAutomataFunnel@GAM@VDK@@|.?AVCUnitTaskAutomataRadiconParentActor@GAM@VDK@@|.?AVCUnitTaskAutomataRadicon@GAM@VDK@@|.?AVCUnitTaskAutomataAbstract@GAM@VDK@@
020GNSEED,003PRVDNC,001,FunnelLargeStay,EXVS2,FunnelTukimatoi_ShotOrder,0x141441430,977,0x230,9,0;2;28;43;69;78;79;81;84,0x14092A100,0x140F75740,0x1406A5B30,0x14094F070,0x1406A5980,0x1406A57D0,0x14094E170,0x140F70C30,0x140F70BC0,0x140DDCDC0,.?AVCUnitTaskAutomata_020GNSEED_003PRVDNC_001_FunnelLargeStay@EXVS2@@|.?AVCUnitTaskAutomataFunnelTukimatoi_ShotOrder@GAM@VDK@@|.?AVCUnitTaskAutomataFunnelMawarikomi_ShotOrder@GAM@VDK@@|.?AVCUnitTaskAutomataFunnelShotImmediate@GAM@VDK@@|.?AVCUnitTaskAutomataFunnelMawarikomi@GAM@VDK@@|.?AVCUnitTaskAutomataFunnelFly@GAM@VDK@@|.?AVCUnitTaskAutomataFunnel@GAM@VDK@@|.?AVCUnitTaskAutomataRadiconParentActor@GAM@VDK@@
020GNSEED,003PRVDNC,001,FunnelSmallFly,EXVS2,FunnelMawarikomi,0x141441758,977,0x210,13,0;2;28;43;62;63;64;69;78;79;81;84;87,0x14092A700,0x140F75740,0x1406A5B30,0x14094F070,0x1406A5980,0x1406A57D0,0x14094E050,0x140F70D90,0x140F70D30,0x140DDCDC0,.?AVCUnitTaskAutomata_020GNSEED_003PRVDNC_001_FunnelSmallFly@EXVS2@@|.?AVCUnitTaskAutomataFunnelMawarikomi@GAM@VDK@@|.?AVCUnitTaskAutomataFunnelFly@GAM@VDK@@|.?AVCUnitTaskAutomataFunnel@GAM@VDK@@|.?AVCUnitTaskAutomataRadiconParentActor@GAM@VDK@@|.?AVCUnitTaskAutomataRadicon@GAM@VDK@@|.?AVCUnitTaskAutomataAbstract@GAM@VDK@@|.?AVCUnitTaskActorProjectileAbstract@GAM@VDK@@
020GNSEED,003PRVDNC,001,FunnelSmallFlyShot,EXVS2,FunnelMawarikomi,0x141441A80,977,0x210,13,0;2;28;43;62;63;64;69;78;79;81;84;87,0x14092A700,0x140F75740,0x1406A5B30,0x14094F070,0x1406A5980,0x1406A57D0,0x14094E050,0x140F70F60,0x140F70D30,0x140DDCDC0,.?AVCUnitTaskAutomata_020GNSEED_003PRVDNC_001_FunnelSmallFlyShot@EXVS2@@|.?AVCUnitTaskAutomata_020GNSEED_003PRVDNC_001_FunnelSmallFly@EXVS2@@|.?AVCUnitTaskAutomataFunnelMawarikomi@GAM@VDK@@|.?AVCUnitTaskAutomataFunnelFly@GAM@VDK@@|.?AVCUnitTaskAutomataFunnel@GAM@VDK@@|.?AVCUnitTaskAutomataRadiconParentActor@GAM@VDK@@|.?AVCUnitTaskAutomataRadicon@GAM@VDK@@|.?AVCUnitTaskAutomataAbstract@GAM@VDK@@
020GNSEED,003PRVDNC,001,FunnelSmallStay,EXVS2,FunnelShotStayShift,0x141441DA8,977,0x210,12,0;2;28;43;62;63;64;78;79;81;84;87,0x14092A3E0,0x140F75740,0x1406A5B30,0x14094F070,0x1406A5980,0x1406A57D0,0x14094E2A0,0x140F71070,0x140F70F80,0x140F95870,.?AVCUnitTaskAutomata_020GNSEED_003PRVDNC_001_FunnelSmallStay@EXVS2@@|.?AVCUnitTaskAutomataFunnelShotStayShift@GAM@VDK@@|.?AVCUnitTaskAutomataFunnelShiftPos@GAM@VDK@@|.?AVCUnitTaskAutomataFunnel@GAM@VDK@@|.?AVCUnitTaskAutomataRadiconParentActor@GAM@VDK@@|.?AVCUnitTaskAutomataRadicon@GAM@VDK@@|.?AVCUnitTaskAutomataAbstract@GAM@VDK@@|.?AVCUnitTaskActorProjectileAbstract@GAM@VDK@@
020GNSEED,003PRVDNC,001,FunnelSmallStayShot,EXVS2,FunnelMawarikomi_ShotOrder,0x1414420D0,977,0x230,13,0;2;28;43;62;63;64;69;78;79;81;84;87,0x14092A100,0x140F75740,0x1406A5B30,0x14094F070,0x1406A5980,0x1406A57D0,0x14094E170,0x140F711D0,0x140F71160,0x140DDCDC0,.?AVCUnitTaskAutomata_020GNSEED_003PRVDNC_001_FunnelSmallStayShot@EXVS2@@|.?AVCUnitTaskAutomataFunnelMawarikomi_ShotOrder@GAM@VDK@@|.?AVCUnitTaskAutomataFunnelShotImmediate@GAM@VDK@@|.?AVCUnitTaskAutomataFunnelMawarikomi@GAM@VDK@@|.?AVCUnitTaskAutomataFunnelFly@GAM@VDK@@|.?AVCUnitTaskAutomataFunnel@GAM@VDK@@|.?AVCUnitTaskAutomataRadiconParentActor@GAM@VDK@@|.?AVCUnitTaskAutomataRadicon@GAM@VDK@@
020GNSEED,003PRVDNC,001,GenesisLaser,EXVS2,SummonRushShot,0x141443098,465,0x2F0,19,0;2;12;18;21;30;42;46;69;72;73;78;79;80;81;84;87;88;90,0x14092A310,0x140E3E980,0x140DE1770,0x1406A5170,0x1406A5980,0x1406A57D0,0x14094E6F0,0x140E3EA80,0x140F719B0,0x140F41EF0,.?AVCUnitTaskAutomata_020GNSEED_003PRVDNC_001_GenesisLaser@EXVS2@@|.?AVCUnitTaskAutomataSummonRushShot@GAM@VDK@@|.?AVCUnitTaskAutomataSummonRush@GAM@VDK@@|.?AVCUnitTaskAutomataSummon@GAM@VDK@@|.?AVCUnitTaskAutomataRadiconParentActor@GAM@VDK@@|.?AVCUnitTaskAutomataRadicon@GAM@VDK@@|.?AVCUnitTaskAutomataAbstract@GAM@VDK@@|.?AVCUnitTaskActorProjectileAbstract@GAM@VDK@@
020GNSEED,003PRVDNC,001,HissatsuFunnelLargeSpear,EXVS2,FunnelMawarikomi,0x141442D70,977,0x210,10,0;2;28;43;69;78;79;81;84;87,0x14092A700,0x140F75740,0x1406A5B30,0x14094F070,0x1406A5980,0x1406A57D0,0x14094E050,0x140F71420,0x140F71950,0x140DDCDC0,.?AVCUnitTaskAutomata_020GNSEED_003PRVDNC_001_HissatsuFunnelLargeSpear@EXVS2@@|.?AVCUnitTaskAutomataFunnelMawarikomi@GAM@VDK@@|.?AVCUnitTaskAutomataFunnelFly@GAM@VDK@@|.?AVCUnitTaskAutomataFunnel@GAM@VDK@@|.?AVCUnitTaskAutomataRadiconParentActor@GAM@VDK@@|.?AVCUnitTaskAutomataRadicon@GAM@VDK@@|.?AVCUnitTaskAutomataAbstract@GAM@VDK@@|.?AVCUnitTaskActorProjectileAbstract@GAM@VDK@@
020GNSEED,003PRVDNC,001,HissatsuFunnelSpear,EXVS2,FunnelMawarikomi,0x1414423F8,977,0x210,13,0;2;28;43;62;63;64;69;78;79;81;84;87,0x14092A700,0x140F75740,0x1406A5B30,0x14094F070,0x1406A5980,0x1406A57D0,0x14094E050,0x140F71420,0x140F71350,0x140DDCDC0,.?AVCUnitTaskAutomata_020GNSEED_003PRVDNC_001_HissatsuFunnelSpear@EXVS2@@|.?AVCUnitTaskAutomataFunnelMawarikomi@GAM@VDK@@|.?AVCUnitTaskAutomataFunnelFly@GAM@VDK@@|.?AVCUnitTaskAutomataFunnel@GAM@VDK@@|.?AVCUnitTaskAutomataRadiconParentActor@GAM@VDK@@|.?AVCUnitTaskAutomataRadicon@GAM@VDK@@|.?AVCUnitTaskAutomataAbstract@GAM@VDK@@|.?AVCUnitTaskActorProjectileAbstract@GAM@VDK@@
020GNSEED,003PRVDNC,001,HissatsuFunnelSwarm,EXVS2,FunnelSwarm,0x141442720,977,0x230,12,0;2;28;43;63;64;69;78;79;81;84;87,0x140929E00,0x140F75740,0x1406A5B30,0x14094F070,0x1406A5980,0x1406A57D0,0x14094E2F0,0x140F716F0,0x140F71690,0x140DDCDC0,.?AVCUnitTaskAutomata_020GNSEED_003PRVDNC_001_HissatsuFunnelSwarm@EXVS2@@|.?AVCUnitTaskAutomataFunnelSwarm@GAM@VDK@@|.?AVCUnitTaskAutomataFunnelMawarikomi@GAM@VDK@@|.?AVCUnitTaskAutomataFunnelFly@GAM@VDK@@|.?AVCUnitTaskAutomataFunnel@GAM@VDK@@|.?AVCUnitTaskAutomataRadiconParentActor@GAM@VDK@@|.?AVCUnitTaskAutomataRadicon@GAM@VDK@@|.?AVCUnitTaskAutomataAbstract@GAM@VDK@@
020GNSEED,004LAGOWE,001,AssistBucueAir,EXVS2,SummonRush,0x1414433C8,465,0x2C0,18,0;2;18;21;30;42;46;72;73;78;79;80;81;84;87;88;89;90,0x14092A700,0x140DE1070,0x1406A5B30,0x1406A5170,0x1406A5980,0x1406A57D0,0x14094E5B0,0x140F71AF0,0x140F71A10,0x140F71D50,.?AVCUnitTaskAutomata_020GNSEED_004LAGOWE_001_AssistBucueAir@EXVS2@@|.?AVCUnitTaskAutomataSummonRush@GAM@VDK@@|.?AVCUnitTaskAutomataSummon@GAM@VDK@@|.?AVCUnitTaskAutomataRadiconParentActor@GAM@VDK@@|.?AVCUnitTaskAutomataRadicon@GAM@VDK@@|.?AVCUnitTaskAutomataAbstract@GAM@VDK@@|.?AVCUnitTaskActorProjectileAbstract@GAM@VDK@@|.?AVCUnitTaskActorAbstract@GAM@VDK@@
020GNSEED,004LAGOWE,001,AssistBucueGround,EXVS2,SummonRushGround,0x1414436F8,465,0x2E0,18,0;2;18;21;30;42;46;72;73;78;79;80;81;84;87;88;89;90,0x14092A700,0x140F71D00,0x1406A5B30,0x1406A5170,0x1406A5980,0x1406A57D0,0x14094E670,0x140F71DB0,0x140F71B40,0x140F71D50,.?AVCUnitTaskAutomata_020GNSEED_004LAGOWE_001_AssistBucueGround@EXVS2@@|.?AVCUnitTaskAutomataSummonRushGround@GAM@VDK@@|.?AVCUnitTaskAutomataSummonRush@GAM@VDK@@|.?AVCUnitTaskAutomataSummon@GAM@VDK@@|.?AVCUnitTaskAutomataRadiconParentActor@GAM@VDK@@|.?AVCUnitTaskAutomataRadicon@GAM@VDK@@|.?AVCUnitTaskAutomataAbstract@GAM@VDK@@|.?AVCUnitTaskActorProjectileAbstract@GAM@VDK@@
020GNSEED,004LAGOWE,001,AssistBucueMissilePod,EXVS2,SummonRushShot,0x141443A28,465,0x2F0,19,0;2;12;18;21;30;42;46;69;72;73;78;79;80;81;84;87;88;90,0x14092A310,0x140DE1070,0x140DE1770,0x1406A5170,0x1406A5980,0x1406A57D0,0x14094E6F0,0x140F71FF0,0x140F71F50,0x140DE1820,.?AVCUnitTaskAutomata_020GNSEED_004LAGOWE_001_AssistBucueMissilePod@EXVS2@@|.?AVCUnitTaskAutomataSummonRushShot@GAM@VDK@@|.?AVCUnitTaskAutomataSummonRush@GAM@VDK@@|.?AVCUnitTaskAutomataSummon@GAM@VDK@@|.?AVCUnitTaskAutomataRadiconParentActor@GAM@VDK@@|.?AVCUnitTaskAutomataRadicon@GAM@VDK@@|.?AVCUnitTaskAutomataAbstract@GAM@VDK@@|.?AVCUnitTaskActorProjectileAbstract@GAM@VDK@@
020GNSEED,004LAGOWE,001,AssistBucueWinlose,EXVS2,PutObj,0x141443D58,465,0x1D0,9,0;2;78;79;80;81;84;88;90,0x14092A040,0x140F721B0,0x1406A5B30,0x1406A5170,0x1406A5980,0x1406A57D0,0x14094E380,0x140F798A0,0x140F720E0,0x140E28260,.?AVCUnitTaskAutomata_020GNSEED_004LAGOWE_001_AssistBucueWinlose@EXVS2@@|.?AVCUnitTaskAutomataPutObj@GAM@VDK@@|.?AVCUnitTaskAutomataRadiconParentActor@GAM@VDK@@|.?AVCUnitTaskAutomataRadicon@GAM@VDK@@|.?AVCUnitTaskAutomataAbstract@GAM@VDK@@|.?AVCUnitTaskActorProjectileAbstract@GAM@VDK@@|.?AVCUnitTaskActorAbstract@GAM@VDK@@|.?AVCUnitTaskBattleAbstract@GAM@VDK@@
020GNSEED,006DUELAS,001,AssistBusterGundam,EXVS2,SummonTukimatoi,0x141444080,465,0x2A0,17,0;2;18;21;30;42;46;72;73;78;79;80;81;84;87;88;90,0x14092A700,0x140DE1070,0x1406A5B30,0x1406A5170,0x1406A5980,0x1406A57D0,0x14094E7B0,0x140F72340,0x140F72230,0x140DE1820,.?AVCUnitTaskAutomata_020GNSEED_006DUELAS_001_AssistBusterGundam@EXVS2@@|.?AVCUnitTaskAutomataSummonTukimatoi@GAM@VDK@@|.?AVCUnitTaskAutomataSummon@GAM@VDK@@|.?AVCUnitTaskAutomataRadiconParentActor@GAM@VDK@@|.?AVCUnitTaskAutomataRadicon@GAM@VDK@@|.?AVCUnitTaskAutomataAbstract@GAM@VDK@@|.?AVCUnitTaskActorProjectileAbstract@GAM@VDK@@|.?AVCUnitTaskActorAbstract@GAM@VDK@@
020GNSEED,009BLITZG,001,Anchor,EXVS2,AnchorReturn,0x1414443B0,465,0x1F0,14,0;2;11;12;18;23;73;76;78;79;81;84;88;89,0x14092A700,0x140DE0460,0x140DE01B0,0x1406A5170,0x1406A5980,0x1406A57D0,0x14094DCE0,0x140F726C0,0x140F72370,0x140F40ED0,.?AVCUnitTaskAutomata_020GNSEED_009BLITZG_001_Anchor@EXVS2@@|.?AVCUnitTaskAutomataAnchorReturn@GAM@VDK@@|.?AVCUnitTaskAutomataAnchor@GAM@VDK@@|.?AVCUnitTaskAutomataRadiconParentActor@GAM@VDK@@|.?AVCUnitTaskAutomataRadicon@GAM@VDK@@|.?AVCUnitTaskAutomataAbstract@GAM@VDK@@|.?AVCUnitTaskActorProjectileAbstract@GAM@VDK@@|.?AVCUnitTaskActorAbstract@GAM@VDK@@
020GNSEED,009BLITZG,001,GurRelease,EXVS2,Throw,0x141444A00,465,0x1C0,12,0;2;22;72;73;76;78;79;81;84;87;88,0x14092A3E0,0x140E21770,0x1406A5B30,0x1406A5170,0x1406A5980,0x1406A57D0,0x14094E8C0,0x140F729D0,0x140F72980,0x140F73320,.?AVCUnitTaskAutomata_020GNSEED_009BLITZG_001_GurRelease@EXVS2@@|.?AVCUnitTaskAutomataThrow@GAM@VDK@@|.?AVCUnitTaskAutomataRadiconParentActor@GAM@VDK@@|.?AVCUnitTaskAutomataRadicon@GAM@VDK@@|.?AVCUnitTaskAutomataAbstract@GAM@VDK@@|.?AVCUnitTaskActorProjectileAbstract@GAM@VDK@@|.?AVCUnitTaskActorAbstract@GAM@VDK@@|.?AVCUnitTaskBattleAbstract@GAM@VDK@@
020GNSEED,009BLITZG,001,GurRush,EXVS2,SummonRush,0x141444D28,465,0x2C0,18,0;2;18;21;30;42;46;72;73;76;78;79;80;81;84;87;88;90,0x14092A100,0x140F76670,0x1406A5B30,0x1406A5170,0x1406A5980,0x1406A57D0,0x14094E5B0,0x140F72BB0,0x140F72A40,0x140F72B10,.?AVCUnitTaskAutomata_020GNSEED_009BLITZG_001_GurRush@EXVS2@@|.?AVCUnitTaskAutomataSummonRush@GAM@VDK@@|.?AVCUnitTaskAutomataSummon@GAM@VDK@@|.?AVCUnitTaskAutomataRadiconParentActor@GAM@VDK@@|.?AVCUnitTaskAutomataRadicon@GAM@VDK@@|.?AVCUnitTaskAutomataAbstract@GAM@VDK@@|.?AVCUnitTaskActorProjectileAbstract@GAM@VDK@@|.?AVCUnitTaskActorAbstract@GAM@VDK@@
020GNSEED,009BLITZG,001,ThrowLancerDart,EXVS2,Throw,0x1414446D8,465,0x1C0,10,0;22;76;78;79;81;84;87;88;91,0x14092A3E0,0x1406A5BA0,0x1406A5B30,0x1406A5170,0x1406A5980,0x1406A57D0,0x14094E8C0,0x140F562C0,0x140F72870,0x140F7BE50,.?AVCUnitTaskAutomata_020GNSEED_009BLITZG_001_ThrowLancerDart@EXVS2@@|.?AVCUnitTaskAutomata_020GNSEED_009BLITZG_001_ThrowLancerDartAbstract@EXVS2@@|.?AVCUnitTaskAutomataThrow@GAM@VDK@@|.?AVCUnitTaskAutomataRadiconParentActor@GAM@VDK@@|.?AVCUnitTaskAutomataRadicon@GAM@VDK@@|.?AVCUnitTaskAutomataAbstract@GAM@VDK@@|.?AVCUnitTaskActorProjectileAbstract@GAM@VDK@@|.?AVCUnitTaskActorAbstract@GAM@VDK@@
020GNSEED,010RAIDER,001,HammerShot,EXVS2,Throw,0x141445058,465,0x1C0,11,0;22;72;76;78;79;81;84;87;88;89,0x14092A3E0,0x1406A5BA0,0x1406A5B30,0x1406A5170,0x1406A5980,0x1406A57D0,0x14094E8C0,0x140E3A030,0x140F72CD0,0x140DDCAC0,.?AVCUnitTaskAutomata_020GNSEED_010RAIDER_001_HammerShot@EXVS2@@|.?AVCUnitTaskAutomataThrow@GAM@VDK@@|.?AVCUnitTaskAutomataRadiconParentActor@GAM@VDK@@|.?AVCUnitTaskAutomataRadicon@GAM@VDK@@|.?AVCUnitTaskAutomataAbstract@GAM@VDK@@|.?AVCUnitTaskActorProjectileAbstract@GAM@VDK@@|.?AVCUnitTaskActorAbstract@GAM@VDK@@|.?AVCUnitTaskBattleAbstract@GAM@VDK@@
020GNSEED,010RAIDER,001,NuclearMissile,EXVS2,Throw,0x141445380,465,0x1C0,9,0;22;76;78;79;81;84;87;88,0x14092A3E0,0x1406A5BA0,0x1406A5B30,0x1406A5170,0x1406A5980,0x1406A57D0,0x14094E8C0,0x140E3A120,0x140F72D90,0x140DDCAC0,.?AVCUnitTaskAutomata_020GNSEED_010RAIDER_001_NuclearMissile@EXVS2@@|.?AVCUnitTaskAutomataThrow@GAM@VDK@@|.?AVCUnitTaskAutomataRadiconParentActor@GAM@VDK@@|.?AVCUnitTaskAutomataRadicon@GAM@VDK@@|.?AVCUnitTaskAutomataAbstract@GAM@VDK@@|.?AVCUnitTaskActorProjectileAbstract@GAM@VDK@@|.?AVCUnitTaskActorAbstract@GAM@VDK@@|.?AVCUnitTaskBattleAbstract@GAM@VDK@@
020GNSEED,011BUSTER,001,GunLauncherHESH,EXVS2,Throw,0x1414456A8,465,0x1C0,9,0;22;76;78;79;81;84;87;88,0x14092A3E0,0x1406A5BA0,0x1406A5B30,0x1406A5170,0x1406A5980,0x1406A57D0,0x14094E8C0,0x140F72EA0,0x140F72E50,0x140DDCAC0,.?AVCUnitTaskAutomata_020GNSEED_011BUSTER_001_GunLauncherHESH@EXVS2@@|.?AVCUnitTaskAutomataThrow@GAM@VDK@@|.?AVCUnitTaskAutomataRadiconParentActor@GAM@VDK@@|.?AVCUnitTaskAutomataRadicon@GAM@VDK@@|.?AVCUnitTaskAutomataAbstract@GAM@VDK@@|.?AVCUnitTaskActorProjectileAbstract@GAM@VDK@@|.?AVCUnitTaskActorAbstract@GAM@VDK@@|.?AVCUnitTaskBattleAbstract@GAM@VDK@@
020GNSEED,011BUSTER,001,GunLauncherHESHMine,EXVS2,Throw,0x1414459D0,465,0x1D0,10,0;2;22;76;78;79;81;84;87;88,0x14092A3E0,0x140F76310,0x1406A5B30,0x1406A5170,0x1406A5980,0x1406A57D0,0x14094EC20,0x140F72FA0,0x140F72F50,0x140E3D870,.?AVCUnitTaskAutomata_020GNSEED_011BUSTER_001_GunLauncherHESHMine@EXVS2@@|.?AVCUnitTaskAutomataThrow@GAM@VDK@@|.?AVCUnitTaskAutomataRadiconParentActor@GAM@VDK@@|.?AVCUnitTaskAutomataRadicon@GAM@VDK@@|.?AVCUnitTaskAutomataAbstract@GAM@VDK@@|.?AVCUnitTaskActorProjectileAbstract@GAM@VDK@@|.?AVCUnitTaskActorAbstract@GAM@VDK@@|.?AVCUnitTaskBattleAbstract@GAM@VDK@@
020GNSEED,011BUSTER,001,GurRelease,EXVS2,Throw,0x141446028,465,0x1C0,12,0;2;22;72;73;76;78;79;81;84;87;88,0x14092A3E0,0x140E21770,0x1406A5B30,0x1406A5170,0x1406A5980,0x1406A57D0,0x14094E8C0,0x140F729D0,0x140F73240,0x140F73320,.?AVCUnitTaskAutomata_020GNSEED_011BUSTER_001_GurRelease@EXVS2@@|.?AVCUnitTaskAutomataThrow@GAM@VDK@@|.?AVCUnitTaskAutomataRadiconParentActor@GAM@VDK@@|.?AVCUnitTaskAutomataRadicon@GAM@VDK@@|.?AVCUnitTaskAutomataAbstract@GAM@VDK@@|.?AVCUnitTaskActorProjectileAbstract@GAM@VDK@@|.?AVCUnitTaskActorAbstract@GAM@VDK@@|.?AVCUnitTaskBattleAbstract@GAM@VDK@@
020GNSEED,011BUSTER,001,GurRush,EXVS2,SummonRush,0x141445CF8,465,0x2C0,18,0;2;18;21;30;42;46;72;73;76;78;79;80;81;84;87;88;90,0x14092A100,0x140F76670,0x1406A5B30,0x1406A5170,0x1406A5980,0x1406A57D0,0x14094E5B0,0x140F73120,0x140F73090,0x140F72B10,.?AVCUnitTaskAutomata_020GNSEED_011BUSTER_001_GurRush@EXVS2@@|.?AVCUnitTaskAutomataSummonRush@GAM@VDK@@|.?AVCUnitTaskAutomataSummon@GAM@VDK@@|.?AVCUnitTaskAutomataRadiconParentActor@GAM@VDK@@|.?AVCUnitTaskAutomataRadicon@GAM@VDK@@|.?AVCUnitTaskAutomataAbstract@GAM@VDK@@|.?AVCUnitTaskActorProjectileAbstract@GAM@VDK@@|.?AVCUnitTaskActorAbstract@GAM@VDK@@
020GNSEED,012AEGIS0,001,ThrowShield,EXVS2,ThrowStopRotateOnStick,0x141446350,465,0x1E0,13,0;22;59;76;78;79;81;84;86;87;88;89;91,0x14092A3E0,0x1406A5BA0,0x1406A5B30,0x1406A5170,0x1406A5980,0x1406A57D0,0x14094E970,0x140F398B0,0x140F393E0,0x140DDCAC0,.?AVCUnitTaskAutomata_020GNSEED_012AEGIS0_001_ThrowShield@EXVS2@@|.?AVCUnitTaskAutomata_000COMMON_000COMMON_001_ThrowSaberRolling@EXVS2@@|.?AVCUnitTaskAutomataThrowStopRotateOnStick@GAM@VDK@@|.?AVCUnitTaskAutomataThrow@GAM@VDK@@|.?AVCUnitTaskAutomataRadiconParentActor@GAM@VDK@@|.?AVCUnitTaskAutomataRadicon@GAM@VDK@@|.?AVCUnitTaskAutomataAbstract@GAM@VDK@@|.?AVCUnitTaskActorProjectileAbstract@GAM@VDK@@
020GNSEED,013JUSTIC,001,BeamBoomerang,EXVS2,Boomerang,0x141446678,465,0x1C0,11,0;12;73;78;79;81;84;87;88;89;91,0x14092A700,0x1406A5BA0,0x140DDD470,0x1406A5170,0x1406A5980,0x1406A57D0,0x14094DF10,0x140F73450,0x140F733F0,0x140DDCAC0,.?AVCUnitTaskAutomata_020GNSEED_013JUSTIC_001_BeamBoomerang@EXVS2@@|.?AVCUnitTaskAutomataBoomerang@GAM@VDK@@|.?AVCUnitTaskAutomataRadiconParentActor@GAM@VDK@@|.?AVCUnitTaskAutomataRadicon@GAM@VDK@@|.?AVCUnitTaskAutomataAbstract@GAM@VDK@@|.?AVCUnitTaskActorProjectileAbstract@GAM@VDK@@|.?AVCUnitTaskActorAbstract@GAM@VDK@@|.?AVCUnitTaskBattleAbstract@GAM@VDK@@
020GNSEED,013JUSTIC,001,Lifter,EXVS2,RadiconParentActor,0x1414469A0,465,0x1B0,10,0;2;12;72;73;76;79;81;84;87,0x14092A3E0,0x140F75740,0x140F73590,0x1406A5170,0x1406A5980,0x1406A57D0,0x1406A50D0,0x140F73700,0x140F73520,0x140F736B0,.?AVCUnitTaskAutomata_020GNSEED_013JUSTIC_001_Lifter@EXVS2@@|.?AVCUnitTaskAutomata_020GNSEED_013JUSTIC_001_AirplaneAbstract@EXVS2@@|.?AVCUnitTaskAutomataRadiconParentActor@GAM@VDK@@|.?AVCUnitTaskAutomataRadicon@GAM@VDK@@|.?AVCUnitTaskAutomataAbstract@GAM@VDK@@|.?AVCUnitTaskActorProjectileAbstract@GAM@VDK@@|.?AVCUnitTaskActorAbstract@GAM@VDK@@|.?AVCUnitTaskBattleAbstract@GAM@VDK@@
020GNSEED,014CALAMT,001,AssistForbiddenRushAttack,EXVS2,SummonGrap,0x141447320,465,0x290,17,0;2;18;21;30;42;46;72;73;78;79;80;81;84;87;88;90,0x14092A100,0x140DE1070,0x1406A5B30,0x1406A5170,0x1406A5980,0x1406A57D0,0x14094E560,0x140F74140,0x140F73DA0,0x140F73E60,.?AVCUnitTaskAutomata_020GNSEED_014CALAMT_001_AssistForbiddenRushAttack@EXVS2@@|.?AVCUnitTaskAutomataSummonGrap@GAM@VDK@@|.?AVCUnitTaskAutomataSummon@GAM@VDK@@|.?AVCUnitTaskAutomataRadiconParentActor@GAM@VDK@@|.?AVCUnitTaskAutomataRadicon@GAM@VDK@@|.?AVCUnitTaskAutomataAbstract@GAM@VDK@@|.?AVCUnitTaskActorProjectileAbstract@GAM@VDK@@|.?AVCUnitTaskActorAbstract@GAM@VDK@@
020GNSEED,014CALAMT,001,AssistForbiddenShot,EXVS2,SummonRushShot,0x141447658,465,0x2F0,19,0;2;12;18;21;30;42;46;69;72;73;78;79;80;81;84;87;88;90,0x14092A310,0x140DE1070,0x140DE1770,0x1406A5170,0x1406A5980,0x1406A57D0,0x14094E6F0,0x140F742E0,0x140F74170,0x140DE1820,.?AVCUnitTaskAutomata_020GNSEED_014CALAMT_001_AssistForbiddenShot@EXVS2@@|.?AVCUnitTaskAutomataSummonRushShot@GAM@VDK@@|.?AVCUnitTaskAutomataSummonRush@GAM@VDK@@|.?AVCUnitTaskAutomataSummon@GAM@VDK@@|.?AVCUnitTaskAutomataRadiconParentActor@GAM@VDK@@|.?AVCUnitTaskAutomataRadicon@GAM@VDK@@|.?AVCUnitTaskAutomataAbstract@GAM@VDK@@|.?AVCUnitTaskActorProjectileAbstract@GAM@VDK@@
020GNSEED,014CALAMT,001,AssistGinnShootDown,EXVS2,SummonRush,0x141446FF0,465,0x2C0,17,0;2;18;21;30;42;46;72;73;78;79;80;81;84;87;88;90,0x14092A700,0x140DE1070,0x1406A5B30,0x1406A5170,0x1406A5980,0x1406A57D0,0x14094E5B0,0x140F73D00,0x140F73CA0,0x140DE1820,.?AVCUnitTaskAutomata_020GNSEED_014CALAMT_001_AssistGinnShootDown@EXVS2@@|.?AVCUnitTaskAutomataSummonRush@GAM@VDK@@|.?AVCUnitTaskAutomataSummon@GAM@VDK@@|.?AVCUnitTaskAutomataRadiconParentActor@GAM@VDK@@|.?AVCUnitTaskAutomataRadicon@GAM@VDK@@|.?AVCUnitTaskAutomataAbstract@GAM@VDK@@|.?AVCUnitTaskActorProjectileAbstract@GAM@VDK@@|.?AVCUnitTaskActorAbstract@GAM@VDK@@
020GNSEED,014CALAMT,001,SpAssistForbiddenRushAttack,EXVS2,SummonGrap,0x141447988,465,0x290,18,0;2;18;21;30;42;46;72;73;76;78;79;80;81;84;87;88;90,0x14092A100,0x140DE1070,0x1406A5B30,0x1406A5170,0x1406A5980,0x1406A57D0,0x14094E560,0x140F74880,0x140F744B0,0x140F74580,.?AVCUnitTaskAutomata_020GNSEED_014CALAMT_001_SpAssistForbiddenRushAttack@EXVS2@@|.?AVCUnitTaskAutomataSummonGrap@GAM@VDK@@|.?AVCUnitTaskAutomataSummon@GAM@VDK@@|.?AVCUnitTaskAutomataRadiconParentActor@GAM@VDK@@|.?AVCUnitTaskAutomataRadicon@GAM@VDK@@|.?AVCUnitTaskAutomataAbstract@GAM@VDK@@|.?AVCUnitTaskActorProjectileAbstract@GAM@VDK@@|.?AVCUnitTaskActorAbstract@GAM@VDK@@
020GNSEED,014CALAMT,001,SpAssistRaiderRushAttack,EXVS2,SummonGrap,0x141447CC0,465,0x290,17,0;2;18;21;30;42;46;72;73;78;79;80;81;84;87;88;90,0x14092A100,0x140DE1070,0x1406A5B30,0x1406A5170,0x1406A5980,0x1406A57D0,0x14094E560,0x140F74C90,0x140F748D0,0x140F749B0,.?AVCUnitTaskAutomata_020GNSEED_014CALAMT_001_SpAssistRaiderRushAttack@EXVS2@@|.?AVCUnitTaskAutomataSummonGrap@GAM@VDK@@|.?AVCUnitTaskAutomataSummon@GAM@VDK@@|.?AVCUnitTaskAutomataRadiconParentActor@GAM@VDK@@|.?AVCUnitTaskAutomataRadicon@GAM@VDK@@|.?AVCUnitTaskAutomataAbstract@GAM@VDK@@|.?AVCUnitTaskActorProjectileAbstract@GAM@VDK@@|.?AVCUnitTaskActorAbstract@GAM@VDK@@
020GNSEED,014CALAMT,001,ThrowRaider,EXVS2,Throw,0x141446CC8,465,0x1C0,13,0;2;22;72;73;76;78;79;81;84;87;88;90,0x14092A3E0,0x140F73A80,0x1406A5B30,0x1406A5170,0x1406A5980,0x1406A57D0,0x14094E8C0,0x140F73BD0,0x140F73820,0x140F73B80,.?AVCUnitTaskAutomata_020GNSEED_014CALAMT_001_ThrowRaider@EXVS2@@|.?AVCUnitTaskAutomataThrow@GAM@VDK@@|.?AVCUnitTaskAutomataRadiconParentActor@GAM@VDK@@|.?AVCUnitTaskAutomataRadicon@GAM@VDK@@|.?AVCUnitTaskAutomataAbstract@GAM@VDK@@|.?AVCUnitTaskActorProjectileAbstract@GAM@VDK@@|.?AVCUnitTaskActorAbstract@GAM@VDK@@|.?AVCUnitTaskBattleAbstract@GAM@VDK@@
020GNSEED,014CALAMT,001,Winlose,EXVS2,PutObj,0x141447FF8,465,0x1D0,9,0;2;78;79;80;81;84;88;90,0x14092A040,0x140F76310,0x1406A5B30,0x1406A5170,0x1406A5980,0x1406A57D0,0x14094E380,0x140F74DD0,0x140F74CD0,0x140E28260,.?AVCUnitTaskAutomata_020GNSEED_014CALAMT_001_Winlose@EXVS2@@|.?AVCUnitTaskAutomataPutObj@GAM@VDK@@|.?AVCUnitTaskAutomataRadiconParentActor@GAM@VDK@@|.?AVCUnitTaskAutomataRadicon@GAM@VDK@@|.?AVCUnitTaskAutomataAbstract@GAM@VDK@@|.?AVCUnitTaskActorProjectileAbstract@GAM@VDK@@|.?AVCUnitTaskActorAbstract@GAM@VDK@@|.?AVCUnitTaskBattleAbstract@GAM@VDK@@
021DESTNY,001STRKFR,001,FunnelFly,EXVS2,FunnelMawarikomi,0x141448320,977,0x210,11,0;2;12;28;43;69;78;79;81;84;87,0x14092A700,0x140F75740,0x140F74FF0,0x14094F070,0x1406A5980,0x1406A57D0,0x14094E050,0x140F74EA0,0x140F74E40,0x140DDCDC0,.?AVCUnitTaskAutomata_021DESTNY_001STRKFR_001_FunnelFly@EXVS2@@|.?AVCUnitTaskAutomataFunnelMawarikomi@GAM@VDK@@|.?AVCUnitTaskAutomataFunnelFly@GAM@VDK@@|.?AVCUnitTaskAutomataFunnel@GAM@VDK@@|.?AVCUnitTaskAutomataRadiconParentActor@GAM@VDK@@|.?AVCUnitTaskAutomataRadicon@GAM@VDK@@|.?AVCUnitTaskAutomataAbstract@GAM@VDK@@|.?AVCUnitTaskActorProjectileAbstract@GAM@VDK@@
021DESTNY,001STRKFR,001,FunnelShot,EXVS2,FunnelMawarikomi_ShotOrder,0x141448648,977,0x230,10,0;2;12;28;43;69;78;79;81;84,0x14092A100,0x140F75740,0x140F74FF0,0x14094F070,0x1406A5980,0x1406A57D0,0x14094E170,0x140F75040,0x140F74FA0,0x140DDCDC0,.?AVCUnitTaskAutomata_021DESTNY_001STRKFR_001_FunnelShot@EXVS2@@|.?AVCUnitTaskAutomataFunnelMawarikomi_ShotOrder@GAM@VDK@@|.?AVCUnitTaskAutomataFunnelShotImmediate@GAM@VDK@@|.?AVCUnitTaskAutomataFunnelMawarikomi@GAM@VDK@@|.?AVCUnitTaskAutomataFunnelFly@GAM@VDK@@|.?AVCUnitTaskAutomataFunnel@GAM@VDK@@|.?AVCUnitTaskAutomataRadiconParentActor@GAM@VDK@@|.?AVCUnitTaskAutomataRadicon@GAM@VDK@@
021DESTNY,001STRKFR,001,FunnelWinlose,EXVS2,FunnelFlySword,0x141448970,977,0x220,12,0;2;28;43;69;76;78;79;81;84;87;91,0x14092A700,0x140F751C0,0x1406A5B30,0x14094F070,0x1406A5980,0x1406A57D0,0x14094E100,0x140F75260,0x140F75160,0x140F75250,.?AVCUnitTaskAutomata_021DESTNY_001STRKFR_001_FunnelWinlose@EXVS2@@|.?AVCUnitTaskAutomataFunnelFlySword@GAM@VDK@@|.?AVCUnitTaskAutomataFunnelMawarikomi@GAM@VDK@@|.?AVCUnitTaskAutomataFunnelFly@GAM@VDK@@|.?AVCUnitTaskAutomataFunnel@GAM@VDK@@|.?AVCUnitTaskAutomataRadiconParentActor@GAM@VDK@@|.?AVCUnitTaskAutomataRadicon@GAM@VDK@@|.?AVCUnitTaskAutomataAbstract@GAM@VDK@@
021DESTNY,002INJUST,001,GrappleStinger,EXVS2,AnchorReturn,0x141448FC0,465,0x1F0,13,0;2;11;12;18;23;73;76;78;79;81;84;88,0x14092A700,0x140DE0460,0x140F80F50,0x1406A5170,0x1406A5980,0x1406A57D0,0x14094DCE0,0x140E36020,0x140F75460,0x140F40ED0,.?AVCUnitTaskAutomata_021DESTNY_002INJUST_001_GrappleStinger@EXVS2@@|.?AVCUnitTaskAutomataAnchorReturn@GAM@VDK@@|.?AVCUnitTaskAutomataAnchor@GAM@VDK@@|.?AVCUnitTaskAutomataRadiconParentActor@GAM@VDK@@|.?AVCUnitTaskAutomataRadicon@GAM@VDK@@|.?AVCUnitTaskAutomataAbstract@GAM@VDK@@|.?AVCUnitTaskActorProjectileAbstract@GAM@VDK@@|.?AVCUnitTaskActorAbstract@GAM@VDK@@
021DESTNY,002INJUST,001,Lifter,EXVS2,RadiconParentActor,0x1414492E8,465,0x1B0,11,0;2;12;72;73;76;79;81;84;87;88,0x14092A3E0,0x140F75740,0x140F77BD0,0x1406A5170,0x1406A5980,0x1406A57D0,0x1406A50D0,0x140F75760,0x140F75530,0x140E3ACC0,.?AVCUnitTaskAutomata_021DESTNY_002INJUST_001_Lifter@EXVS2@@|.?AVCUnitTaskAutomata_021DESTNY_002INJUST_001_AirplaneAbstract@EXVS2@@|.?AVCUnitTaskAutomataRadiconParentActor@GAM@VDK@@|.?AVCUnitTaskAutomataRadicon@GAM@VDK@@|.?AVCUnitTaskAutomataAbstract@GAM@VDK@@|.?AVCUnitTaskActorProjectileAbstract@GAM@VDK@@|.?AVCUnitTaskActorAbstract@GAM@VDK@@|.?AVCUnitTaskBattleAbstract@GAM@VDK@@
021DESTNY,002INJUST,001,ShiningEdge,EXVS2,Boomerang,0x141448C98,465,0x1C0,11,0;12;73;78;79;81;84;87;88;89;91,0x14092A700,0x1406A5BA0,0x140DDD470,0x1406A5170,0x1406A5980,0x1406A57D0,0x14094DF10,0x140F75330,0x140F752D0,0x140DDCAC0,.?AVCUnitTaskAutomata_021DESTNY_002INJUST_001_ShiningEdge@EXVS2@@|.?AVCUnitTaskAutomataBoomerang@GAM@VDK@@|.?AVCUnitTaskAutomataRadiconParentActor@GAM@VDK@@|.?AVCUnitTaskAutomataRadicon@GAM@VDK@@|.?AVCUnitTaskAutomataAbstract@GAM@VDK@@|.?AVCUnitTaskActorProjectileAbstract@GAM@VDK@@|.?AVCUnitTaskActorAbstract@GAM@VDK@@|.?AVCUnitTaskBattleAbstract@GAM@VDK@@
021DESTNY,003DESTNY,001,BeamBoomerang,EXVS2,Boomerang,0x141449610,465,0x1C0,12,0;2;12;73;78;79;81;84;87;88;89;91,0x14092A700,0x140F76310,0x140DDD470,0x1406A5170,0x1406A5980,0x1406A57D0,0x14094DF10,0x140E3AE90,0x140F75800,0x140DDCAC0,.?AVCUnitTaskAutomata_021DESTNY_003DESTNY_001_BeamBoomerang@EXVS2@@|.?AVCUnitTaskAutomataBoomerang@GAM@VDK@@|.?AVCUnitTaskAutomataRadiconParentActor@GAM@VDK@@|.?AVCUnitTaskAutomataRadicon@GAM@VDK@@|.?AVCUnitTaskAutomataAbstract@GAM@VDK@@|.?AVCUnitTaskActorProjectileAbstract@GAM@VDK@@|.?AVCUnitTaskActorAbstract@GAM@VDK@@|.?AVCUnitTaskBattleAbstract@GAM@VDK@@
021DESTNY,004GNZKWR,001,AssistForceImpulse,EXVS2,SummonRush,0x141449938,465,0x2C0,19,0;2;18;21;30;42;46;72;73;74;78;79;80;81;84;87;88;89;90,0x14092A100,0x140F76670,0x1406A5B30,0x1406A5170,0x1406A5980,0x1406A57D0,0x14094E5B0,0x140F75D00,0x140F75960,0x140F75CC0,.?AVCUnitTaskAutomata_021DESTNY_004GNZKWR_001_AssistForceImpulse@EXVS2@@|.?AVCUnitTaskAutomataSummonRush@GAM@VDK@@|.?AVCUnitTaskAutomataSummon@GAM@VDK@@|.?AVCUnitTaskAutomataRadiconParentActor@GAM@VDK@@|.?AVCUnitTaskAutomataRadicon@GAM@VDK@@|.?AVCUnitTaskAutomataAbstract@GAM@VDK@@|.?AVCUnitTaskActorProjectileAbstract@GAM@VDK@@|.?AVCUnitTaskActorAbstract@GAM@VDK@@
021DESTNY,004GNZKWR,001,ThrowGrenade,EXVS2,ThrowMortar,0x141449C68,465,0x1C0,11,0;2;22;76;78;79;81;82;84;87;88,0x14092A3E0,0x140F76310,0x1406A5B30,0x1406A5170,0x1406A5980,0x1406A57D0,0x14094E8C0,0x140F75DB0,0x140F75D50,0x140DDCAC0,.?AVCUnitTaskAutomata_021DESTNY_004GNZKWR_001_ThrowGrenade@EXVS2@@|.?AVCUnitTaskAutomataThrowMortar@GAM@VDK@@|.?AVCUnitTaskAutomataThrow@GAM@VDK@@|.?AVCUnitTaskAutomataRadiconParentActor@GAM@VDK@@|.?AVCUnitTaskAutomataRadicon@GAM@VDK@@|.?AVCUnitTaskAutomataAbstract@GAM@VDK@@|.?AVCUnitTaskActorProjectileAbstract@GAM@VDK@@|.?AVCUnitTaskActorAbstract@GAM@VDK@@
021DESTNY,004GNZKWR,001,ThrowTomahawk,EXVS2,ThrowStopRotateOnStick,0x141449F90,465,0x1E0,12,0;2;22;76;78;79;81;84;87;88;89;91,0x14092A3E0,0x140F76310,0x1406A5B30,0x1406A5170,0x1406A5980,0x1406A57D0,0x14094E970,0x140F75E60,0x140DDCCF0,0x140DDCAC0,.?AVCUnitTaskAutomata_021DESTNY_004GNZKWR_001_ThrowTomahawk@EXVS2@@|.?AVCUnitTaskAutomataThrowStopRotateOnStick@GAM@VDK@@|.?AVCUnitTaskAutomataThrow@GAM@VDK@@|.?AVCUnitTaskAutomataRadiconParentActor@GAM@VDK@@|.?AVCUnitTaskAutomataRadicon@GAM@VDK@@|.?AVCUnitTaskAutomataAbstract@GAM@VDK@@|.?AVCUnitTaskActorProjectileAbstract@GAM@VDK@@|.?AVCUnitTaskActorAbstract@GAM@VDK@@
021DESTNY,005IMPULS,001,AssistHissatsuSFlyer,EXVS2,SummonRushShot,0x14144AF58,465,0x2F0,19,0;2;12;18;21;30;42;46;69;72;73;78;79;80;81;84;87;88;90,0x14092A310,0x140F76670,0x140DE1770,0x1406A5170,0x1406A5980,0x1406A57D0,0x14094E6F0,0x140F76680,0x140F765A0,0x140E04A60,.?AVCUnitTaskAutomata_021DESTNY_005IMPULS_001_AssistHissatsuSFlyer@EXVS2@@|.?AVCUnitTaskAutomataSummonRushShot@GAM@VDK@@|.?AVCUnitTaskAutomataSummonRush@GAM@VDK@@|.?AVCUnitTaskAutomataSummon@GAM@VDK@@|.?AVCUnitTaskAutomataRadiconParentActor@GAM@VDK@@|.?AVCUnitTaskAutomataRadicon@GAM@VDK@@|.?AVCUnitTaskAutomataAbstract@GAM@VDK@@|.?AVCUnitTaskActorProjectileAbstract@GAM@VDK@@
021DESTNY,005IMPULS,001,DefiantJaberinThrow,EXVS2,Throw,0x14144A5E0,465,0x1C0,12,0;2;22;76;78;79;81;84;87;88;89;91,0x14092A3E0,0x140F76310,0x1406A5B30,0x1406A5170,0x1406A5980,0x1406A57D0,0x14094E8C0,0x140F76320,0x140F762C0,0x140F3B000,.?AVCUnitTaskAutomata_021DESTNY_005IMPULS_001_DefiantJaberinThrow@EXVS2@@|.?AVCUnitTaskAutomataThrow@GAM@VDK@@|.?AVCUnitTaskAutomataRadiconParentActor@GAM@VDK@@|.?AVCUnitTaskAutomataRadicon@GAM@VDK@@|.?AVCUnitTaskAutomataAbstract@GAM@VDK@@|.?AVCUnitTaskActorProjectileAbstract@GAM@VDK@@|.?AVCUnitTaskActorAbstract@GAM@VDK@@|.?AVCUnitTaskBattleAbstract@GAM@VDK@@
021DESTNY,005IMPULS,001,HissatsuFailPororiExcalibur,EXVS2,FreeFall_Interaction,0x14144BC10,465,0x1C0,11,0;2;22;49;78;79;81;84;87;88;89,0x14092A3E0,0x140E06020,0x1406A5B30,0x1406A5170,0x1406A5980,0x1406A57D0,0x14094DF60,0x140F76C50,0x140DDCD60,0x140DDCDC0,.?AVCUnitTaskAutomata_021DESTNY_005IMPULS_001_HissatsuFailPororiExcalibur@EXVS2@@|.?AVCUnitTaskAutomataFreeFall_Interaction@GAM@VDK@@|.?AVCUnitTaskAutomataRadiconParentActor@GAM@VDK@@|.?AVCUnitTaskAutomataRadicon@GAM@VDK@@|.?AVCUnitTaskAutomataAbstract@GAM@VDK@@|.?AVCUnitTaskActorProjectileAbstract@GAM@VDK@@|.?AVCUnitTaskActorAbstract@GAM@VDK@@|.?AVCUnitTaskBattleAbstract@GAM@VDK@@
021DESTNY,005IMPULS,001,HissatsuFlashEdgeThrow,EXVS2,Throw,0x14144B288,465,0x1C0,11,0;2;22;76;78;79;81;84;87;88;89,0x14092A3E0,0x140F76310,0x1406A5B30,0x1406A5170,0x1406A5980,0x1406A57D0,0x14094E8C0,0x140F767C0,0x140DDC8E0,0x140DDCAC0,.?AVCUnitTaskAutomata_021DESTNY_005IMPULS_001_HissatsuFlashEdgeThrow@EXVS2@@|.?AVCUnitTaskAutomataThrow@GAM@VDK@@|.?AVCUnitTaskAutomataRadiconParentActor@GAM@VDK@@|.?AVCUnitTaskAutomataRadicon@GAM@VDK@@|.?AVCUnitTaskAutomataAbstract@GAM@VDK@@|.?AVCUnitTaskActorProjectileAbstract@GAM@VDK@@|.?AVCUnitTaskActorAbstract@GAM@VDK@@|.?AVCUnitTaskBattleAbstract@GAM@VDK@@
021DESTNY,005IMPULS,001,HissatsuJaberinThrow,EXVS2,Throw,0x14144B5B0,465,0x1C0,11,0;2;22;76;78;79;81;84;87;88;89,0x14092A3E0,0x140F76310,0x1406A5B30,0x1406A5170,0x1406A5980,0x1406A57D0,0x14094E8C0,0x140F767C0,0x140DDC8E0,0x140F7BE50,.?AVCUnitTaskAutomata_021DESTNY_005IMPULS_001_HissatsuJaberinThrow@EXVS2@@|.?AVCUnitTaskAutomataThrow@GAM@VDK@@|.?AVCUnitTaskAutomataRadiconParentActor@GAM@VDK@@|.?AVCUnitTaskAutomataRadicon@GAM@VDK@@|.?AVCUnitTaskAutomataAbstract@GAM@VDK@@|.?AVCUnitTaskActorProjectileAbstract@GAM@VDK@@|.?AVCUnitTaskActorAbstract@GAM@VDK@@|.?AVCUnitTaskBattleAbstract@GAM@VDK@@
021DESTNY,005IMPULS,001,HissatsuShieldThrow,EXVS2,Throw,0x14144AC30,465,0x1C0,11,0;2;22;76;78;79;81;84;87;88;89,0x14092A3E0,0x140F76310,0x1406A5B30,0x1406A5170,0x1406A5980,0x1406A57D0,0x14094E8C0,0x140F76570,0x140DDC8E0,0x140DDCAC0,.?AVCUnitTaskAutomata_021DESTNY_005IMPULS_001_HissatsuShieldThrow@EXVS2@@|.?AVCUnitTaskAutomataThrow@GAM@VDK@@|.?AVCUnitTaskAutomataRadiconParentActor@GAM@VDK@@|.?AVCUnitTaskAutomataRadicon@GAM@VDK@@|.?AVCUnitTaskAutomataAbstract@GAM@VDK@@|.?AVCUnitTaskActorProjectileAbstract@GAM@VDK@@|.?AVCUnitTaskActorAbstract@GAM@VDK@@|.?AVCUnitTaskBattleAbstract@GAM@VDK@@
021DESTNY,005IMPULS,001,PororiExcalibur,EXVS2,FreeFall_Interaction,0x141658038,465,0x1C0,11,0;2;22;49;78;79;81;84;87;88;89,0x140F769C0,0x140E37A90,0x1406A5B30,0x1406A5170,0x1406A5980,0x1406A57D0,0x14094DF60,0x140F76A60,0x140F76A00,0x140DDCDC0,.?AVCUnitTaskAutomata_021DESTNY_005IMPULS_001_PororiExcalibur@EXVS2@@|.?AVCUnitTaskAutomataFreeFall_Interaction@GAM@VDK@@|.?AVCUnitTaskAutomataRadiconParentActor@GAM@VDK@@|.?AVCUnitTaskAutomataRadicon@GAM@VDK@@|.?AVCUnitTaskAutomataAbstract@GAM@VDK@@|.?AVCUnitTaskActorProjectileAbstract@GAM@VDK@@|.?AVCUnitTaskActorAbstract@GAM@VDK@@|.?AVCUnitTaskBattleAbstract@GAM@VDK@@
021DESTNY,005IMPULS,001,PororiSilhouette,EXVS2,FreeFall,0x14144A908,465,0x1C0,11,0;2;22;25;49;78;79;81;84;88;89,0x14092A700,0x140F543E0,0x1406A5B30,0x1406A5170,0x1406A5980,0x1406A57D0,0x14094DF60,0x140F76450,0x140DDC810,0x140DDC890,.?AVCUnitTaskAutomata_021DESTNY_005IMPULS_001_PororiSilhouette@EXVS2@@|.?AVCUnitTaskAutomataFreeFall@GAM@VDK@@|.?AVCUnitTaskAutomataRadiconParentActor@GAM@VDK@@|.?AVCUnitTaskAutomataRadicon@GAM@VDK@@|.?AVCUnitTaskAutomataAbstract@GAM@VDK@@|.?AVCUnitTaskActorProjectileAbstract@GAM@VDK@@|.?AVCUnitTaskActorAbstract@GAM@VDK@@|.?AVCUnitTaskBattleAbstract@GAM@VDK@@
021DESTNY,005IMPULS,001,SasariExcalibur,EXVS2,Sticker,0x14144B8D8,465,0x1C0,9,0;2;78;79;81;84;88;89;91,0x14092A700,0x140F76B40,0x1406A5B30,0x1406A5170,0x1406A5980,0x1406A57D0,0x14094E4D0,0x140F791D0,0x140F76A90,0x140E28260,.?AVCUnitTaskAutomata_021DESTNY_005IMPULS_001_SasariExcalibur@EXVS2@@|.?AVCUnitTaskAutomataSticker@GAM@VDK@@|.?AVCUnitTaskAutomataRadiconParentActor@GAM@VDK@@|.?AVCUnitTaskAutomataRadicon@GAM@VDK@@|.?AVCUnitTaskAutomataAbstract@GAM@VDK@@|.?AVCUnitTaskActorProjectileAbstract@GAM@VDK@@|.?AVCUnitTaskActorAbstract@GAM@VDK@@|.?AVCUnitTaskBattleAbstract@GAM@VDK@@
021DESTNY,005IMPULS,001,ShieldReflect,EXVS2,Throw,0x14144A2B8,465,0x1C0,14,0;2;22;75;76;78;79;81;84;86;87;88;89;91,0x14092A700,0x140F760D0,0x1406A5B30,0x1406A5170,0x1406A5980,0x1406A57D0,0x14094E8C0,0x140F8FC90,0x140F75F10,0x140F76220,.?AVCUnitTaskAutomata_021DESTNY_005IMPULS_001_ShieldReflect@EXVS2@@|.?AVCUnitTaskAutomataThrow@GAM@VDK@@|.?AVCUnitTaskAutomataRadiconParentActor@GAM@VDK@@|.?AVCUnitTaskAutomataRadicon@GAM@VDK@@|.?AVCUnitTaskAutomataAbstract@GAM@VDK@@|.?AVCUnitTaskActorProjectileAbstract@GAM@VDK@@|.?AVCUnitTaskActorAbstract@GAM@VDK@@|.?AVCUnitTaskBattleAbstract@GAM@VDK@@
021DESTNY,005IMPULS,001,ThrowDagger,EXVS2,ThrowMortar,0x14144BF38,465,0x1C0,11,0;22;76;78;79;81;82;84;87;88;90,0x14092A3E0,0x1406A5BA0,0x1406A5B30,0x1406A5170,0x1406A5980,0x1406A57D0,0x14094E8C0,0x140E11A40,0x140F76C70,0x140DDCAC0,.?AVCUnitTaskAutomata_021DESTNY_005IMPULS_001_ThrowDagger@EXVS2@@|.?AVCUnitTaskAutomataThrowMortar@GAM@VDK@@|.?AVCUnitTaskAutomataThrow@GAM@VDK@@|.?AVCUnitTaskAutomataRadiconParentActor@GAM@VDK@@|.?AVCUnitTaskAutomataRadicon@GAM@VDK@@|.?AVCUnitTaskAutomataAbstract@GAM@VDK@@|.?AVCUnitTaskActorProjectileAbstract@GAM@VDK@@|.?AVCUnitTaskActorAbstract@GAM@VDK@@
021DESTNY,006GAIAGN,001,Meteo,EXVS2,Throw,0x14144C260,465,0x1C0,11,0;2;22;76;78;79;81;84;86;87;88,0x14092A3E0,0x140F76310,0x1406A5B30,0x1406A5170,0x1406A5980,0x1406A57D0,0x14094E8C0,0x140E25E50,0x140F76D50,0x140F41EF0,.?AVCUnitTaskAutomata_021DESTNY_006GAIAGN_001_Meteo@EXVS2@@|.?AVCUnitTaskAutomataThrow@GAM@VDK@@|.?AVCUnitTaskAutomataRadiconParentActor@GAM@VDK@@|.?AVCUnitTaskAutomataRadicon@GAM@VDK@@|.?AVCUnitTaskAutomataAbstract@GAM@VDK@@|.?AVCUnitTaskActorProjectileAbstract@GAM@VDK@@|.?AVCUnitTaskActorAbstract@GAM@VDK@@|.?AVCUnitTaskBattleAbstract@GAM@VDK@@
021DESTNY,007LEGEND,001,FunnelFly,EXVS2,FunnelMawarikomi,0x14144C588,977,0x210,13,0;2;28;43;69;78;79;81;84;87;96;97;98,0x14092A700,0x140E06020,0x1406A5B30,0x14094F070,0x1406A5980,0x1406A57D0,0x14094E050,0x140F76E80,0x140F76E20,0x140DDCDC0,.?AVCUnitTaskAutomata_021DESTNY_007LEGEND_001_FunnelFly@EXVS2@@|.?AVCUnitTaskAutomataFunnelMawarikomi@GAM@VDK@@|.?AVCUnitTaskAutomataFunnelFly@GAM@VDK@@|.?AVCUnitTaskAutomataFunnel@GAM@VDK@@|.?AVCUnitTaskAutomataRadiconParentActor@GAM@VDK@@|.?AVCUnitTaskAutomataRadicon@GAM@VDK@@|.?AVCUnitTaskAutomataAbstract@GAM@VDK@@|.?AVCUnitTaskActorProjectileAbstract@GAM@VDK@@
021DESTNY,007LEGEND,001,FunnelSword,EXVS2,FunnelFlySword,0x14144C8B8,977,0x220,16,0;2;28;43;52;69;76;78;79;81;84;87;91;96;97;98,0x14092A700,0x140E06020,0x1406A5B30,0x14094F070,0x1406A5980,0x1406A57D0,0x14094E100,0x140F76FB0,0x140F76ED0,0x140E37D90,.?AVCUnitTaskAutomata_021DESTNY_007LEGEND_001_FunnelSword@EXVS2@@|.?AVCUnitTaskAutomataFunnelFlySword@GAM@VDK@@|.?AVCUnitTaskAutomataFunnelMawarikomi@GAM@VDK@@|.?AVCUnitTaskAutomataFunnelFly@GAM@VDK@@|.?AVCUnitTaskAutomataFunnel@GAM@VDK@@|.?AVCUnitTaskAutomataRadiconParentActor@GAM@VDK@@|.?AVCUnitTaskAutomataRadicon@GAM@VDK@@|.?AVCUnitTaskAutomataAbstract@GAM@VDK@@
021DESTNY,007LEGEND,001,FunnelTukimatoi,EXVS2,FunnelTukimatoi_ShotOrder,0x14144CBE8,977,0x230,12,0;2;28;43;69;78;79;81;84;96;97;98,0x14092A700,0x140E06020,0x1406A5B30,0x14094F070,0x1406A5980,0x1406A57D0,0x14094E170,0x140F77110,0x140F77030,0x140DDCDC0,.?AVCUnitTaskAutomata_021DESTNY_007LEGEND_001_FunnelTukimatoi@EXVS2@@|.?AVCUnitTaskAutomataFunnelTukimatoi_ShotOrder@GAM@VDK@@|.?AVCUnitTaskAutomataFunnelMawarikomi_ShotOrder@GAM@VDK@@|.?AVCUnitTaskAutomataFunnelShotImmediate@GAM@VDK@@|.?AVCUnitTaskAutomataFunnelMawarikomi@GAM@VDK@@|.?AVCUnitTaskAutomataFunnelFly@GAM@VDK@@|.?AVCUnitTaskAutomataFunnel@GAM@VDK@@|.?AVCUnitTaskAutomataRadiconParentActor@GAM@VDK@@
021DESTNY,007LEGEND,001,FunnelTukimatoiWinlose,EXVS2,FunnelTukimatoi_ShotOrder,0x14144CF10,977,0x230,9,0;2;28;43;69;78;79;81;84,0x14092A700,0x140E06020,0x1406A5B30,0x14094F070,0x1406A5980,0x1406A57D0,0x14094E170,0x140F77110,0x140F770A0,0x140DDCDC0,.?AVCUnitTaskAutomata_021DESTNY_007LEGEND_001_FunnelTukimatoiWinlose@EXVS2@@|.?AVCUnitTaskAutomataFunnelTukimatoi_ShotOrder@GAM@VDK@@|.?AVCUnitTaskAutomataFunnelMawarikomi_ShotOrder@GAM@VDK@@|.?AVCUnitTaskAutomataFunnelShotImmediate@GAM@VDK@@|.?AVCUnitTaskAutomataFunnelMawarikomi@GAM@VDK@@|.?AVCUnitTaskAutomataFunnelFly@GAM@VDK@@|.?AVCUnitTaskAutomataFunnel@GAM@VDK@@|.?AVCUnitTaskAutomataRadiconParentActor@GAM@VDK@@
021DESTNY,008IMP2LU,001,AssistDestny,EXVS2,SummonRush,0x14144D890,465,0x2C0,19,0;2;18;21;30;42;46;72;73;74;78;79;80;81;84;87;88;89;90,0x14092A100,0x140F76670,0x1406A5B30,0x1406A5170,0x1406A5980,0x1406A57D0,0x14094E5B0,0x140F777C0,0x140F77380,0x140F77520,.?AVCUnitTaskAutomata_021DESTNY_008IMP2LU_001_AssistDestny@EXVS2@@|.?AVCUnitTaskAutomataSummonRush@GAM@VDK@@|.?AVCUnitTaskAutomataSummon@GAM@VDK@@|.?AVCUnitTaskAutomataRadiconParentActor@GAM@VDK@@|.?AVCUnitTaskAutomataRadicon@GAM@VDK@@|.?AVCUnitTaskAutomataAbstract@GAM@VDK@@|.?AVCUnitTaskActorProjectileAbstract@GAM@VDK@@|.?AVCUnitTaskActorAbstract@GAM@VDK@@
021DESTNY,008IMP2LU,001,BalkanExplosion,EXVS2,Sticker,0x14144E210,465,0x1C0,7,0;2;78;79;81;84;91,0x14092A700,0x140DDD100,0x1406A5B30,0x1406A5170,0x1406A5980,0x1406A57D0,0x14094E4D0,0x140F77980,0x140F77900,0x140F47080,.?AVCUnitTaskAutomata_021DESTNY_008IMP2LU_001_BalkanExplosion@EXVS2@@|.?AVCUnitTaskAutomataSticker@GAM@VDK@@|.?AVCUnitTaskAutomataRadiconParentActor@GAM@VDK@@|.?AVCUnitTaskAutomataRadicon@GAM@VDK@@|.?AVCUnitTaskAutomataAbstract@GAM@VDK@@|.?AVCUnitTaskActorProjectileAbstract@GAM@VDK@@|.?AVCUnitTaskActorAbstract@GAM@VDK@@|.?AVCUnitTaskBattleAbstract@GAM@VDK@@
021DESTNY,008IMP2LU,001,PororiBlastSilhouette,EXVS2,FreeFall,0x14144DEE8,465,0x1C0,10,0;2;22;25;49;78;79;81;84;89,0x14092A3E0,0x140F543E0,0x1406A5B30,0x1406A5170,0x1406A5980,0x1406A57D0,0x14094DF60,0x140F778D0,0x140F77870,0x140DDC890,.?AVCUnitTaskAutomata_021DESTNY_008IMP2LU_001_PororiBlastSilhouette@EXVS2@@|.?AVCUnitTaskAutomataFreeFall@GAM@VDK@@|.?AVCUnitTaskAutomataRadiconParentActor@GAM@VDK@@|.?AVCUnitTaskAutomataRadicon@GAM@VDK@@|.?AVCUnitTaskAutomataAbstract@GAM@VDK@@|.?AVCUnitTaskActorProjectileAbstract@GAM@VDK@@|.?AVCUnitTaskActorAbstract@GAM@VDK@@|.?AVCUnitTaskBattleAbstract@GAM@VDK@@
021DESTNY,008IMP2LU,001,PororiExcalibur,EXVS2,FreeFall_Interaction,0x14144D238,465,0x1C0,10,0;2;22;49;78;79;81;84;87;89,0x14092A3E0,0x140E37A90,0x1406A5B30,0x1406A5170,0x1406A5980,0x1406A57D0,0x14094DF60,0x140F771C0,0x140F77160,0x140DDCDC0,.?AVCUnitTaskAutomata_021DESTNY_008IMP2LU_001_PororiExcalibur@EXVS2@@|.?AVCUnitTaskAutomataFreeFall_Interaction@GAM@VDK@@|.?AVCUnitTaskAutomataRadiconParentActor@GAM@VDK@@|.?AVCUnitTaskAutomataRadicon@GAM@VDK@@|.?AVCUnitTaskAutomataAbstract@GAM@VDK@@|.?AVCUnitTaskActorProjectileAbstract@GAM@VDK@@|.?AVCUnitTaskActorAbstract@GAM@VDK@@|.?AVCUnitTaskBattleAbstract@GAM@VDK@@
021DESTNY,008IMP2LU,001,PororiForceSilhouette,EXVS2,FreeFall,0x14144DBC0,465,0x1C0,10,0;2;22;25;49;78;79;81;84;89,0x14092A3E0,0x140F543E0,0x1406A5B30,0x1406A5170,0x1406A5980,0x1406A57D0,0x14094DF60,0x140E10C10,0x140F77810,0x140DDC890,.?AVCUnitTaskAutomata_021DESTNY_008IMP2LU_001_PororiForceSilhouette@EXVS2@@|.?AVCUnitTaskAutomataFreeFall@GAM@VDK@@|.?AVCUnitTaskAutomataRadiconParentActor@GAM@VDK@@|.?AVCUnitTaskAutomataRadicon@GAM@VDK@@|.?AVCUnitTaskAutomataAbstract@GAM@VDK@@|.?AVCUnitTaskActorProjectileAbstract@GAM@VDK@@|.?AVCUnitTaskActorAbstract@GAM@VDK@@|.?AVCUnitTaskBattleAbstract@GAM@VDK@@
021DESTNY,008IMP2LU,001,PororiSwordSilhouette,EXVS2,FreeFall,0x14144D568,465,0x1C0,11,0;2;22;25;49;78;79;81;84;88;89,0x14092A3E0,0x140F543E0,0x1406A5B30,0x1406A5170,0x1406A5980,0x1406A57D0,0x14094DF60,0x140F77350,0x140F771F0,0x140DDC890,.?AVCUnitTaskAutomata_021DESTNY_008IMP2LU_001_PororiSwordSilhouette@EXVS2@@|.?AVCUnitTaskAutomataFreeFall@GAM@VDK@@|.?AVCUnitTaskAutomataRadiconParentActor@GAM@VDK@@|.?AVCUnitTaskAutomataRadicon@GAM@VDK@@|.?AVCUnitTaskAutomataAbstract@GAM@VDK@@|.?AVCUnitTaskActorProjectileAbstract@GAM@VDK@@|.?AVCUnitTaskActorAbstract@GAM@VDK@@|.?AVCUnitTaskBattleAbstract@GAM@VDK@@
021DESTNY,009INJ2LA,001,AssistFunnelFly,EXVS2,FunnelMawarikomi,0x14144F860,977,0x210,11,0;2;12;28;43;69;78;79;81;84;87,0x14092A700,0x140F75740,0x140F89630,0x14094F070,0x1406A5980,0x1406A57D0,0x14094E050,0x140F783B0,0x140F78350,0x140DDCDC0,.?AVCUnitTaskAutomata_021DESTNY_009INJ2LA_001_AssistFunnelFly@EXVS2@@|.?AVCUnitTaskAutomataFunnelMawarikomi@GAM@VDK@@|.?AVCUnitTaskAutomataFunnelFly@GAM@VDK@@|.?AVCUnitTaskAutomataFunnel@GAM@VDK@@|.?AVCUnitTaskAutomataRadiconParentActor@GAM@VDK@@|.?AVCUnitTaskAutomataRadicon@GAM@VDK@@|.?AVCUnitTaskAutomataAbstract@GAM@VDK@@|.?AVCUnitTaskActorProjectileAbstract@GAM@VDK@@
021DESTNY,009INJ2LA,001,AssistStrkfrDragoon,EXVS2,SummonRushShot,0x14144F530,465,0x2F0,19,0;2;12;18;21;30;42;46;69;72;73;78;79;80;81;84;87;88;90,0x14092A460,0x140F76670,0x140F782B0,0x1406A5170,0x1406A5980,0x1406A57D0,0x14094E6F0,0x140F78300,0x140F78240,0x140F5A890,.?AVCUnitTaskAutomata_021DESTNY_009INJ2LA_001_AssistStrkfrDragoon@EXVS2@@|.?AVCUnitTaskAutomataSummonRushShot@GAM@VDK@@|.?AVCUnitTaskAutomataSummonRush@GAM@VDK@@|.?AVCUnitTaskAutomataSummon@GAM@VDK@@|.?AVCUnitTaskAutomataRadiconParentActor@GAM@VDK@@|.?AVCUnitTaskAutomataRadicon@GAM@VDK@@|.?AVCUnitTaskAutomataAbstract@GAM@VDK@@|.?AVCUnitTaskActorProjectileAbstract@GAM@VDK@@
021DESTNY,009INJ2LA,001,AssistStrkfrFullBurst,EXVS2,SummonRushShot,0x14144F200,465,0x2F0,19,0;2;12;18;21;30;42;46;69;72;73;78;79;80;81;84;87;88;90,0x14092A460,0x140F78200,0x140F782B0,0x1406A5170,0x1406A5980,0x1406A57D0,0x14094E6F0,0x140F78130,0x140F78180,0x140F5A890,.?AVCUnitTaskAutomata_021DESTNY_009INJ2LA_001_AssistStrkfrFullBurst@EXVS2@@|.?AVCUnitTaskAutomataSummonRushShot@GAM@VDK@@|.?AVCUnitTaskAutomataSummonRush@GAM@VDK@@|.?AVCUnitTaskAutomataSummon@GAM@VDK@@|.?AVCUnitTaskAutomataRadiconParentActor@GAM@VDK@@|.?AVCUnitTaskAutomataRadicon@GAM@VDK@@|.?AVCUnitTaskAutomataAbstract@GAM@VDK@@|.?AVCUnitTaskActorProjectileAbstract@GAM@VDK@@
021DESTNY,009INJ2LA,001,AssistStrkfrLose,EXVS2,PutObj,0x14144FEB0,465,0x1D0,9,0;2;78;79;80;81;84;88;90,0x14092A040,0x140F76310,0x1406A5B30,0x1406A5170,0x1406A5980,0x1406A57D0,0x14094E380,0x140F78990,0x140F78780,0x140E28260,.?AVCUnitTaskAutomata_021DESTNY_009INJ2LA_001_AssistStrkfrLose@EXVS2@@|.?AVCUnitTaskAutomataPutObj@GAM@VDK@@|.?AVCUnitTaskAutomataRadiconParentActor@GAM@VDK@@|.?AVCUnitTaskAutomataRadicon@GAM@VDK@@|.?AVCUnitTaskAutomataAbstract@GAM@VDK@@|.?AVCUnitTaskActorProjectileAbstract@GAM@VDK@@|.?AVCUnitTaskActorAbstract@GAM@VDK@@|.?AVCUnitTaskBattleAbstract@GAM@VDK@@
021DESTNY,009INJ2LA,001,AssistStrkfrShot,EXVS2,SummonRushShot,0x14144EED0,465,0x2F0,19,0;2;12;18;21;30;42;46;69;72;73;78;79;80;81;84;87;88;90,0x14092A460,0x140F78200,0x140F782B0,0x1406A5170,0x1406A5980,0x1406A57D0,0x14094E6F0,0x140F78130,0x140F78050,0x140F5A890,.?AVCUnitTaskAutomata_021DESTNY_009INJ2LA_001_AssistStrkfrShot@EXVS2@@|.?AVCUnitTaskAutomataSummonRushShot@GAM@VDK@@|.?AVCUnitTaskAutomataSummonRush@GAM@VDK@@|.?AVCUnitTaskAutomataSummon@GAM@VDK@@|.?AVCUnitTaskAutomataRadiconParentActor@GAM@VDK@@|.?AVCUnitTaskAutomataRadicon@GAM@VDK@@|.?AVCUnitTaskAutomataAbstract@GAM@VDK@@|.?AVCUnitTaskActorProjectileAbstract@GAM@VDK@@
021DESTNY,009INJ2LA,001,AssistStrkfrTsukimatoi,EXVS2,SummonTukimatoi,0x14144E870,465,0x2A0,17,0;2;18;21;30;42;46;72;73;78;79;80;81;84;87;88;90,0x14092A700,0x140DE1070,0x1406A5B30,0x1406A5170,0x1406A5980,0x1406A57D0,0x14094E7B0,0x140F77F80,0x140F77D90,0x140F5A890,.?AVCUnitTaskAutomata_021DESTNY_009INJ2LA_001_AssistStrkfrTsukimatoi@EXVS2@@|.?AVCUnitTaskAutomataSummonTukimatoi@GAM@VDK@@|.?AVCUnitTaskAutomataSummon@GAM@VDK@@|.?AVCUnitTaskAutomataRadiconParentActor@GAM@VDK@@|.?AVCUnitTaskAutomataRadicon@GAM@VDK@@|.?AVCUnitTaskAutomataAbstract@GAM@VDK@@|.?AVCUnitTaskActorProjectileAbstract@GAM@VDK@@|.?AVCUnitTaskActorAbstract@GAM@VDK@@
021DESTNY,009INJ2LA,001,AssistStrkfrTsukimatoiRefollow,EXVS2,SummonTukimatoi,0x14144EBA0,465,0x2A0,18,0;2;12;18;21;30;42;46;72;73;78;79;80;81;84;87;88;90,0x14092A100,0x140F77F40,0x140F77EF0,0x1406A5170,0x1406A5980,0x1406A57D0,0x14094E7B0,0x140F77FE0,0x140F77E00,0x140F5A890,.?AVCUnitTaskAutomata_021DESTNY_009INJ2LA_001_AssistStrkfrTsukimatoiRefollow@EXVS2@@|.?AVCUnitTaskAutomata_021DESTNY_009INJ2LA_001_AssistStrkfrTsukimatoi@EXVS2@@|.?AVCUnitTaskAutomataSummonTukimatoi@GAM@VDK@@|.?AVCUnitTaskAutomataSummon@GAM@VDK@@|.?AVCUnitTaskAutomataRadiconParentActor@GAM@VDK@@|.?AVCUnitTaskAutomataRadicon@GAM@VDK@@|.?AVCUnitTaskAutomataAbstract@GAM@VDK@@|.?AVCUnitTaskActorProjectileAbstract@GAM@VDK@@
021DESTNY,009INJ2LA,001,AssistStrkfrWin,EXVS2,PutObj,0x14144FB88,465,0x1D0,10,0;2;78;79;80;81;84;88;89;90,0x14092A040,0x140E26410,0x1406A5B30,0x1406A5170,0x1406A5980,0x1406A57D0,0x14094E380,0x140F78990,0x140DDCC00,0x140E28260,.?AVCUnitTaskAutomata_021DESTNY_009INJ2LA_001_AssistStrkfrWin@EXVS2@@|.?AVCUnitTaskAutomataPutObj@GAM@VDK@@|.?AVCUnitTaskAutomataRadiconParentActor@GAM@VDK@@|.?AVCUnitTaskAutomataRadicon@GAM@VDK@@|.?AVCUnitTaskAutomataAbstract@GAM@VDK@@|.?AVCUnitTaskActorProjectileAbstract@GAM@VDK@@|.?AVCUnitTaskActorAbstract@GAM@VDK@@|.?AVCUnitTaskBattleAbstract@GAM@VDK@@
021DESTNY,009INJ2LA,001,Lifter,EXVS2,RadiconParentActor,0x14144E548,465,0x1B0,11,0;2;12;72;73;76;79;81;84;87;88,0x14092A3E0,0x140F75740,0x140F77BD0,0x1406A5170,0x1406A5980,0x1406A57D0,0x1406A50D0,0x140F77CF0,0x140F779C0,0x140E3ACC0,.?AVCUnitTaskAutomata_021DESTNY_009INJ2LA_001_Lifter@EXVS2@@|.?AVCUnitTaskAutomata_021DESTNY_009INJ2LA_001_AirplaneAbstract@EXVS2@@|.?AVCUnitTaskAutomataRadiconParentActor@GAM@VDK@@|.?AVCUnitTaskAutomataRadicon@GAM@VDK@@|.?AVCUnitTaskAutomataAbstract@GAM@VDK@@|.?AVCUnitTaskActorProjectileAbstract@GAM@VDK@@|.?AVCUnitTaskActorAbstract@GAM@VDK@@|.?AVCUnitTaskBattleAbstract@GAM@VDK@@
021DESTNY,011GFIGNT,001,AssistSaviourRush,EXVS2,SummonRushAttackNormal,0x141659D28,465,0x330,18,0;2;18;21;30;42;46;72;73;78;79;80;81;84;87;88;89;90,0x140F78C70,0x140F76670,0x1406A5B30,0x1406A5170,0x1406A5980,0x1406A57D0,0x14094E5F0,0x140F78F10,0x140DE1B80,0x140DE1960,.?AVCUnitTaskAutomata_021DESTNY_011GFIGNT_001_AssistSaviourRush@EXVS2@@|.?AVCUnitTaskAutomataSummonRushAttackNormal@GAM@VDK@@|.?AVCUnitTaskAutomataSummonRushAttack@GAM@VDK@@|.?AVCUnitTaskAutomataSummonRush@GAM@VDK@@|.?AVCUnitTaskAutomataSummon@GAM@VDK@@|.?AVCUnitTaskAutomataRadiconParentActor@GAM@VDK@@|.?AVCUnitTaskAutomataRadicon@GAM@VDK@@|.?AVCUnitTaskAutomataAbstract@GAM@VDK@@
021DESTNY,011GFIGNT,001,AssistSaviourShot,EXVS2,SummonRushShot,0x141659918,465,0x2F0,19,0;2;12;18;21;30;42;46;69;72;73;78;79;80;81;84;87;88;90,0x140F78AB0,0x140F76670,0x140DE1770,0x1406A5170,0x1406A5980,0x1406A57D0,0x14094E6F0,0x140F78BC0,0x140F78B10,0x140DE1820,.?AVCUnitTaskAutomata_021DESTNY_011GFIGNT_001_AssistSaviourShot@EXVS2@@|.?AVCUnitTaskAutomataSummonRushShot@GAM@VDK@@|.?AVCUnitTaskAutomataSummonRush@GAM@VDK@@|.?AVCUnitTaskAutomataSummon@GAM@VDK@@|.?AVCUnitTaskAutomataRadiconParentActor@GAM@VDK@@|.?AVCUnitTaskAutomataRadicon@GAM@VDK@@|.?AVCUnitTaskAutomataAbstract@GAM@VDK@@|.?AVCUnitTaskActorProjectileAbstract@GAM@VDK@@
021DESTNY,011GFIGNT,001,StickerHeatRodMakituki,EXVS2,Sticker,0x1414501D8,465,0x1E0,8,0;2;78;79;81;84;88;91,0x14092A700,0x140F76B40,0x1406A5B30,0x1406A5170,0x1406A5980,0x1406A57D0,0x14094EC90,0x140F78A20,0x140F789C0,0x140E28260,.?AVCUnitTaskAutomata_021DESTNY_011GFIGNT_001_StickerHeatRodMakituki@EXVS2@@|.?AVCUnitTaskAutomata_021DESTNY_011GFIGNT_001_StickerHeatRodMakitukiAbstract@EXVS2@@|.?AVCUnitTaskAutomataSticker@GAM@VDK@@|.?AVCUnitTaskAutomataRadiconParentActor@GAM@VDK@@|.?AVCUnitTaskAutomataRadicon@GAM@VDK@@|.?AVCUnitTaskAutomataAbstract@GAM@VDK@@|.?AVCUnitTaskActorProjectileAbstract@GAM@VDK@@|.?AVCUnitTaskActorAbstract@GAM@VDK@@
021DESTNY,011GFIGNT,001,StickerHeatRodMakitukiHissatsu,EXVS2,Sticker,0x141450510,465,0x1E0,8,0;2;78;79;81;84;88;91,0x14092A700,0x140F76B40,0x1406A5B30,0x1406A5170,0x1406A5980,0x1406A57D0,0x14094EC90,0x140F78A20,0x140F789C0,0x140E28260,.?AVCUnitTaskAutomata_021DESTNY_011GFIGNT_001_StickerHeatRodMakitukiHissatsu@EXVS2@@|.?AVCUnitTaskAutomata_021DESTNY_011GFIGNT_001_StickerHeatRodMakitukiAbstract@EXVS2@@|.?AVCUnitTaskAutomataSticker@GAM@VDK@@|.?AVCUnitTaskAutomataRadiconParentActor@GAM@VDK@@|.?AVCUnitTaskAutomataRadicon@GAM@VDK@@|.?AVCUnitTaskAutomataAbstract@GAM@VDK@@|.?AVCUnitTaskActorProjectileAbstract@GAM@VDK@@|.?AVCUnitTaskActorAbstract@GAM@VDK@@
021DESTNY,012STROUG,001,AssistMurasame,EXVS2,SummonTukimatoiAndActionSimple,0x1414511D8,465,0x2D0,17,0;2;18;21;30;42;46;72;73;78;79;80;81;84;87;88;90,0x14092A700,0x140DE1070,0x1406A5B30,0x1406A5170,0x1406A5980,0x1406A57D0,0x14094E840,0x140F79460,0x140F79400,0x140E10540,.?AVCUnitTaskAutomata_021DESTNY_012STROUG_001_AssistMurasame@EXVS2@@|.?AVCUnitTaskAutomataSummonTukimatoiAndActionSimple@GAM@VDK@@|.?AVCUnitTaskAutomataSummonTukimatoiAndAction@GAM@VDK@@|.?AVCUnitTaskAutomataSummonTukimatoi@GAM@VDK@@|.?AVCUnitTaskAutomataSummon@GAM@VDK@@|.?AVCUnitTaskAutomataRadiconParentActor@GAM@VDK@@|.?AVCUnitTaskAutomataRadicon@GAM@VDK@@|.?AVCUnitTaskAutomataAbstract@GAM@VDK@@
021DESTNY,012STROUG,001,AssistMurasameMa,EXVS2,SummonRushShot,0x141451508,465,0x2F0,19,0;2;12;18;21;30;42;46;69;72;73;78;79;80;81;84;87;88;90,0x14092A310,0x140DE1070,0x140DE1770,0x1406A5170,0x1406A5980,0x1406A57D0,0x14094E6F0,0x140F794E0,0x140DE1710,0x140DE1820,.?AVCUnitTaskAutomata_021DESTNY_012STROUG_001_AssistMurasameMa@EXVS2@@|.?AVCUnitTaskAutomataSummonRushShot@GAM@VDK@@|.?AVCUnitTaskAutomataSummonRush@GAM@VDK@@|.?AVCUnitTaskAutomataSummon@GAM@VDK@@|.?AVCUnitTaskAutomataRadiconParentActor@GAM@VDK@@|.?AVCUnitTaskAutomataRadicon@GAM@VDK@@|.?AVCUnitTaskAutomataAbstract@GAM@VDK@@|.?AVCUnitTaskActorProjectileAbstract@GAM@VDK@@
021DESTNY,012STROUG,001,AssistMurasameSelfdefence,EXVS2,SummonDefenceFormation,0x141451838,465,0x290,22,0;2;11;18;21;30;42;46;69;71;72;73;78;79;80;81;82;84;86;87;88;90,0x140929EA0,0x140DE1070,0x1406A5B30,0x1406A5170,0x1406A5980,0x1406A57D0,0x14094E520,0x140F79670,0x140DE2300,0x140DE24B0,.?AVCUnitTaskAutomata_021DESTNY_012STROUG_001_AssistMurasameSelfdefence@EXVS2@@|.?AVCUnitTaskAutomataSummonDefenceFormation@GAM@VDK@@|.?AVCUnitTaskAutomataSummon@GAM@VDK@@|.?AVCUnitTaskAutomataRadiconParentActor@GAM@VDK@@|.?AVCUnitTaskAutomataRadicon@GAM@VDK@@|.?AVCUnitTaskAutomataAbstract@GAM@VDK@@|.?AVCUnitTaskActorProjectileAbstract@GAM@VDK@@|.?AVCUnitTaskActorAbstract@GAM@VDK@@
021DESTNY,012STROUG,001,AssistMurasameWinlose,EXVS2,PutObj,0x141451BA0,465,0x1D0,9,0;2;78;79;80;81;84;88;90,0x14092A040,0x140F79820,0x1406A5B30,0x1406A5170,0x1406A5980,0x1406A57D0,0x14094E380,0x140F798A0,0x140F796E0,0x140E28260,.?AVCUnitTaskAutomata_021DESTNY_012STROUG_001_AssistMurasameWinlose@EXVS2@@|.?AVCUnitTaskAutomataPutObj@GAM@VDK@@|.?AVCUnitTaskAutomataRadiconParentActor@GAM@VDK@@|.?AVCUnitTaskAutomataRadicon@GAM@VDK@@|.?AVCUnitTaskAutomataAbstract@GAM@VDK@@|.?AVCUnitTaskActorProjectileAbstract@GAM@VDK@@|.?AVCUnitTaskActorAbstract@GAM@VDK@@|.?AVCUnitTaskBattleAbstract@GAM@VDK@@
021DESTNY,012STROUG,001,AssistOotori,EXVS2,SummonRush,0x141450848,465,0x2C0,17,0;2;18;21;30;42;46;72;73;78;79;80;81;84;87;88;90,0x14092A700,0x140F79060,0x1406A5B30,0x1406A5170,0x1406A5980,0x1406A57D0,0x14094E5B0,0x140F79190,0x140F78FC0,0x140F79160,.?AVCUnitTaskAutomata_021DESTNY_012STROUG_001_AssistOotori@EXVS2@@|.?AVCUnitTaskAutomataSummonRush@GAM@VDK@@|.?AVCUnitTaskAutomataSummon@GAM@VDK@@|.?AVCUnitTaskAutomataRadiconParentActor@GAM@VDK@@|.?AVCUnitTaskAutomataRadicon@GAM@VDK@@|.?AVCUnitTaskAutomataAbstract@GAM@VDK@@|.?AVCUnitTaskActorProjectileAbstract@GAM@VDK@@|.?AVCUnitTaskActorAbstract@GAM@VDK@@
021DESTNY,012STROUG,001,StickerArmorSchneider,EXVS2,Sticker,0x141450B78,465,0x1C0,7,0;2;78;79;81;84;91,0x14092A700,0x140DDD100,0x1406A5B30,0x1406A5170,0x1406A5980,0x1406A57D0,0x14094E4D0,0x140F791D0,0x140DDCFB0,0x140E28260,.?AVCUnitTaskAutomata_021DESTNY_012STROUG_001_StickerArmorSchneider@EXVS2@@|.?AVCUnitTaskAutomataSticker@GAM@VDK@@|.?AVCUnitTaskAutomataRadiconParentActor@GAM@VDK@@|.?AVCUnitTaskAutomataRadicon@GAM@VDK@@|.?AVCUnitTaskAutomataAbstract@GAM@VDK@@|.?AVCUnitTaskActorProjectileAbstract@GAM@VDK@@|.?AVCUnitTaskActorAbstract@GAM@VDK@@|.?AVCUnitTaskBattleAbstract@GAM@VDK@@
021DESTNY,012STROUG,001,ThrowTaikantou,EXVS2,Throw,0x141450EB0,465,0x1C0,11,0;22;76;78;79;81;84;87;88;89;91,0x14092A3E0,0x1406A5BA0,0x1406A5B30,0x1406A5170,0x1406A5980,0x1406A57D0,0x14094E8C0,0x140F79380,0x140F79260,0x140F89640,.?AVCUnitTaskAutomata_021DESTNY_012STROUG_001_ThrowTaikantou@EXVS2@@|.?AVCUnitTaskAutomataThrow@GAM@VDK@@|.?AVCUnitTaskAutomataRadiconParentActor@GAM@VDK@@|.?AVCUnitTaskAutomataRadicon@GAM@VDK@@|.?AVCUnitTaskAutomataAbstract@GAM@VDK@@|.?AVCUnitTaskActorProjectileAbstract@GAM@VDK@@|.?AVCUnitTaskActorAbstract@GAM@VDK@@|.?AVCUnitTaskBattleAbstract@GAM@VDK@@
021DESTNY,013DES2HE,001,BeamBoomerang,EXVS2,Boomerang,0x141451EC8,465,0x1C0,12,0;2;12;73;78;79;81;84;87;88;89;91,0x14092A700,0x140F76310,0x140DDD470,0x1406A5170,0x1406A5980,0x1406A57D0,0x14094DF10,0x140E3AE90,0x140F798D0,0x140DDCAC0,.?AVCUnitTaskAutomata_021DESTNY_013DES2HE_001_BeamBoomerang@EXVS2@@|.?AVCUnitTaskAutomataBoomerang@GAM@VDK@@|.?AVCUnitTaskAutomataRadiconParentActor@GAM@VDK@@|.?AVCUnitTaskAutomataRadicon@GAM@VDK@@|.?AVCUnitTaskAutomataAbstract@GAM@VDK@@|.?AVCUnitTaskActorProjectileAbstract@GAM@VDK@@|.?AVCUnitTaskActorAbstract@GAM@VDK@@|.?AVCUnitTaskBattleAbstract@GAM@VDK@@
021DESTNY,013DES2HE,001,ThrowSaber,EXVS2,Throw,0x1414521F0,465,0x1C0,11,0;22;76;78;79;81;84;87;88;89;91,0x14092A3E0,0x1406A5BA0,0x1406A5B30,0x1406A5170,0x1406A5980,0x1406A57D0,0x14094E8C0,0x140F391A0,0x140F38FD0,0x140F39070,.?AVCUnitTaskAutomata_021DESTNY_013DES2HE_001_ThrowSaber@EXVS2@@|.?AVCUnitTaskAutomata_000COMMON_000COMMON_001_ThrowSaber@EXVS2@@|.?AVCUnitTaskAutomataThrow@GAM@VDK@@|.?AVCUnitTaskAutomataRadiconParentActor@GAM@VDK@@|.?AVCUnitTaskAutomataRadicon@GAM@VDK@@|.?AVCUnitTaskAutomataAbstract@GAM@VDK@@|.?AVCUnitTaskActorProjectileAbstract@GAM@VDK@@|.?AVCUnitTaskActorAbstract@GAM@VDK@@
021DESTNY,015AKATKI,001,BackpackShot,EXVS2,Funnel,0x141453E68,977,0x200,12,0;2;28;43;72;78;79;81;84;87;88;90,0x14092A3E0,0x140F75740,0x1406A5B30,0x14094F070,0x1406A5980,0x1406A57D0,0x14094E010,0x140F7AB90,0x140F7AA80,0x140F4B380,.?AVCUnitTaskAutomata_021DESTNY_015AKATKI_001_BackpackShot@EXVS2@@|.?AVCUnitTaskAutomataFunnel@GAM@VDK@@|.?AVCUnitTaskAutomataRadiconParentActor@GAM@VDK@@|.?AVCUnitTaskAutomataRadicon@GAM@VDK@@|.?AVCUnitTaskAutomataAbstract@GAM@VDK@@|.?AVCUnitTaskActorProjectileAbstract@GAM@VDK@@|.?AVCUnitTaskActorAbstract@GAM@VDK@@|.?AVCUnitTaskBattleAbstract@GAM@VDK@@
021DESTNY,015AKATKI,001,FunnelBarrierMatedefense,EXVS2,FunnelDefence,0x141453810,977,0x210,11,0;2;28;43;78;79;81;84;91;93;96,0x14092A700,0x140F75740,0x1406A5B30,0x14094F070,0x1406A5980,0x1406A57D0,0x14094E0A0,0x140F7A500,0x140F7A410,0x140E28260,.?AVCUnitTaskAutomata_021DESTNY_015AKATKI_001_FunnelBarrierMatedefense@EXVS2@@|.?AVCUnitTaskAutomataFunnelDefence@GAM@VDK@@|.?AVCUnitTaskAutomataFunnelFlyStick@GAM@VDK@@|.?AVCUnitTaskAutomataFunnelShiftPos@GAM@VDK@@|.?AVCUnitTaskAutomataFunnel@GAM@VDK@@|.?AVCUnitTaskAutomataRadiconParentActor@GAM@VDK@@|.?AVCUnitTaskAutomataRadicon@GAM@VDK@@|.?AVCUnitTaskAutomataAbstract@GAM@VDK@@
021DESTNY,015AKATKI,001,FunnelBarrierSelfdefense,EXVS2,FunnelDefence,0x1414534E0,977,0x210,11,0;2;28;43;78;79;81;84;91;93;96,0x14092A700,0x140F75740,0x1406A5B30,0x14094F070,0x1406A5980,0x1406A57D0,0x14094E0A0,0x140F7A500,0x140F7A310,0x140E28260,.?AVCUnitTaskAutomata_021DESTNY_015AKATKI_001_FunnelBarrierSelfdefense@EXVS2@@|.?AVCUnitTaskAutomataFunnelDefence@GAM@VDK@@|.?AVCUnitTaskAutomataFunnelFlyStick@GAM@VDK@@|.?AVCUnitTaskAutomataFunnelShiftPos@GAM@VDK@@|.?AVCUnitTaskAutomataFunnel@GAM@VDK@@|.?AVCUnitTaskAutomataRadiconParentActor@GAM@VDK@@|.?AVCUnitTaskAutomataRadicon@GAM@VDK@@|.?AVCUnitTaskAutomataAbstract@GAM@VDK@@
021DESTNY,015AKATKI,001,FunnelFly,EXVS2,FunnelMawarikomi,0x141452840,977,0x210,11,0;2;28;43;69;78;79;81;84;87;96,0x14092A700,0x140F75740,0x1406A5B30,0x14094F070,0x1406A5980,0x1406A57D0,0x14094E050,0x140F79F80,0x140F79E20,0x140DDCDC0,.?AVCUnitTaskAutomata_021DESTNY_015AKATKI_001_FunnelFly@EXVS2@@|.?AVCUnitTaskAutomata_021DESTNY_015AKATKI_001_FunnelFlyAbstract@EXVS2@@|.?AVCUnitTaskAutomataFunnelMawarikomi@GAM@VDK@@|.?AVCUnitTaskAutomataFunnelFly@GAM@VDK@@|.?AVCUnitTaskAutomataFunnel@GAM@VDK@@|.?AVCUnitTaskAutomataRadiconParentActor@GAM@VDK@@|.?AVCUnitTaskAutomataRadicon@GAM@VDK@@|.?AVCUnitTaskAutomataAbstract@GAM@VDK@@
021DESTNY,015AKATKI,001,FunnelFlyHissatsu,EXVS2,FunnelMawarikomi,0x141452B68,977,0x210,10,0;2;28;43;69;78;79;81;84;87,0x14092A700,0x140F75740,0x1406A5B30,0x14094F070,0x1406A5980,0x1406A57D0,0x14094E050,0x140F79FF0,0x140F79F90,0x140DDCDC0,.?AVCUnitTaskAutomata_021DESTNY_015AKATKI_001_FunnelFlyHissatsu@EXVS2@@|.?AVCUnitTaskAutomata_021DESTNY_015AKATKI_001_FunnelFlyAbstract@EXVS2@@|.?AVCUnitTaskAutomataFunnelMawarikomi@GAM@VDK@@|.?AVCUnitTaskAutomataFunnelFly@GAM@VDK@@|.?AVCUnitTaskAutomataFunnel@GAM@VDK@@|.?AVCUnitTaskAutomataRadiconParentActor@GAM@VDK@@|.?AVCUnitTaskAutomataRadicon@GAM@VDK@@|.?AVCUnitTaskAutomataAbstract@GAM@VDK@@
021DESTNY,015AKATKI,001,FunnelShotFullburst,EXVS2,FunnelShotStayShift,0x141452E90,977,0x210,10,0;2;28;43;78;79;81;84;87;96,0x14092A3E0,0x140F75740,0x1406A5B30,0x14094F070,0x1406A5980,0x1406A57D0,0x14094E2A0,0x140F7A090,0x140F7A020,0x140DDCDC0,.?AVCUnitTaskAutomata_021DESTNY_015AKATKI_001_FunnelShotFullburst@EXVS2@@|.?AVCUnitTaskAutomataFunnelShotStayShift@GAM@VDK@@|.?AVCUnitTaskAutomataFunnelShiftPos@GAM@VDK@@|.?AVCUnitTaskAutomataFunnel@GAM@VDK@@|.?AVCUnitTaskAutomataRadiconParentActor@GAM@VDK@@|.?AVCUnitTaskAutomataRadicon@GAM@VDK@@|.?AVCUnitTaskAutomataAbstract@GAM@VDK@@|.?AVCUnitTaskActorProjectileAbstract@GAM@VDK@@
021DESTNY,015AKATKI,001,FunnelStay,EXVS2,FunnelShotStayShift,0x1414531B8,977,0x210,10,0;2;28;43;78;79;81;84;87;96,0x14092A3E0,0x140F75740,0x1406A5B30,0x14094F070,0x1406A5980,0x1406A57D0,0x14094E2A0,0x140F7A210,0x140F7A1A0,0x140DDCDC0,.?AVCUnitTaskAutomata_021DESTNY_015AKATKI_001_FunnelStay@EXVS2@@|.?AVCUnitTaskAutomataFunnelShotStayShift@GAM@VDK@@|.?AVCUnitTaskAutomataFunnelShiftPos@GAM@VDK@@|.?AVCUnitTaskAutomataFunnel@GAM@VDK@@|.?AVCUnitTaskAutomataRadiconParentActor@GAM@VDK@@|.?AVCUnitTaskAutomataRadicon@GAM@VDK@@|.?AVCUnitTaskAutomataAbstract@GAM@VDK@@|.?AVCUnitTaskActorProjectileAbstract@GAM@VDK@@
021DESTNY,015AKATKI,001,ShiranuiPorori,EXVS2,FreeFall,0x141453B40,465,0x1C0,11,0;2;22;25;49;78;79;81;84;88;89,0x14092A3E0,0x140F76310,0x1406A5B30,0x1406A5170,0x1406A5980,0x1406A57D0,0x14094DF60,0x140DDC8C0,0x140DDC810,0x140DDC890,.?AVCUnitTaskAutomata_021DESTNY_015AKATKI_001_ShiranuiPorori@EXVS2@@|.?AVCUnitTaskAutomataFreeFall@GAM@VDK@@|.?AVCUnitTaskAutomataRadiconParentActor@GAM@VDK@@|.?AVCUnitTaskAutomataRadicon@GAM@VDK@@|.?AVCUnitTaskAutomataAbstract@GAM@VDK@@|.?AVCUnitTaskActorProjectileAbstract@GAM@VDK@@|.?AVCUnitTaskActorAbstract@GAM@VDK@@|.?AVCUnitTaskBattleAbstract@GAM@VDK@@
021DESTNY,015AKATKI,001,ThrowBeamrifleSaber,EXVS2,Throw,0x141452518,465,0x1C0,11,0;22;76;78;79;81;84;87;88;89;91,0x14092A3E0,0x1406A5BA0,0x1406A5B30,0x1406A5170,0x1406A5980,0x1406A57D0,0x14094E8C0,0x140E04F60,0x140F79D60,0x140E0CD70,.?AVCUnitTaskAutomata_021DESTNY_015AKATKI_001_ThrowBeamrifleSaber@EXVS2@@|.?AVCUnitTaskAutomata_000COMMON_000COMMON_001_ThrowSaber@EXVS2@@|.?AVCUnitTaskAutomataThrow@GAM@VDK@@|.?AVCUnitTaskAutomataRadiconParentActor@GAM@VDK@@|.?AVCUnitTaskAutomataRadicon@GAM@VDK@@|.?AVCUnitTaskAutomataAbstract@GAM@VDK@@|.?AVCUnitTaskActorProjectileAbstract@GAM@VDK@@|.?AVCUnitTaskActorAbstract@GAM@VDK@@
022ASTRAY,001ASTRED,001,PlateThrow,EXVS2,ThrowMortar,0x1414547E8,465,0x1C0,11,0;22;76;78;79;81;82;84;86;87;88,0x14092A3E0,0x1406A5BA0,0x1406A5B30,0x1406A5170,0x1406A5980,0x1406A57D0,0x14094E8C0,0x140F7B530,0x140DDFF20,0x140DDCAC0,.?AVCUnitTaskAutomata_022ASTRAY_001ASTRED_001_PlateThrow@EXVS2@@|.?AVCUnitTaskAutomataThrowMortar@GAM@VDK@@|.?AVCUnitTaskAutomataThrow@GAM@VDK@@|.?AVCUnitTaskAutomataRadiconParentActor@GAM@VDK@@|.?AVCUnitTaskAutomataRadicon@GAM@VDK@@|.?AVCUnitTaskAutomataAbstract@GAM@VDK@@|.?AVCUnitTaskActorProjectileAbstract@GAM@VDK@@|.?AVCUnitTaskActorAbstract@GAM@VDK@@
022ASTRAY,001ASTRED,001,PororiSword150Canon,EXVS2,FreeFall,0x141454B10,465,0x1C0,11,0;2;22;25;49;78;79;81;84;88;89,0x14092A3E0,0x140F76310,0x1406A5B30,0x1406A5170,0x1406A5980,0x1406A57D0,0x14094DF60,0x140F8C5C0,0x140DDC810,0x140DDC890,.?AVCUnitTaskAutomata_022ASTRAY_001ASTRED_001_PororiSword150Canon@EXVS2@@|.?AVCUnitTaskAutomataFreeFall@GAM@VDK@@|.?AVCUnitTaskAutomataRadiconParentActor@GAM@VDK@@|.?AVCUnitTaskAutomataRadicon@GAM@VDK@@|.?AVCUnitTaskAutomataAbstract@GAM@VDK@@|.?AVCUnitTaskActorProjectileAbstract@GAM@VDK@@|.?AVCUnitTaskActorAbstract@GAM@VDK@@|.?AVCUnitTaskBattleAbstract@GAM@VDK@@
022ASTRAY,001ASTRED,001,SwordThrow,EXVS2,ThrowMortar,0x141454190,465,0x1C0,11,0;22;76;78;79;81;82;84;87;88;91,0x14092A3E0,0x1406A5BA0,0x1406A5B30,0x1406A5170,0x1406A5980,0x1406A57D0,0x14094E8C0,0x140F7ACD0,0x140F7AC70,0x140DDCAC0,.?AVCUnitTaskAutomata_022ASTRAY_001ASTRED_001_SwordThrow@EXVS2@@|.?AVCUnitTaskAutomataThrowMortar@GAM@VDK@@|.?AVCUnitTaskAutomataThrow@GAM@VDK@@|.?AVCUnitTaskAutomataRadiconParentActor@GAM@VDK@@|.?AVCUnitTaskAutomataRadicon@GAM@VDK@@|.?AVCUnitTaskAutomataAbstract@GAM@VDK@@|.?AVCUnitTaskActorProjectileAbstract@GAM@VDK@@|.?AVCUnitTaskActorAbstract@GAM@VDK@@
022ASTRAY,001ASTRED,001,SwordThrow150,EXVS2,ThrowMortar,0x1414544B8,465,0x1C0,14,0;2;12;22;72;76;78;79;81;82;84;87;88;91,0x140929D70,0x140F76310,0x140DDF7B0,0x1406A5170,0x1406A5980,0x1406A57D0,0x14094E8C0,0x140F7B1E0,0x140F7AD10,0x140DDCAC0,.?AVCUnitTaskAutomata_022ASTRAY_001ASTRED_001_SwordThrow150@EXVS2@@|.?AVCUnitTaskAutomataThrowMortar@GAM@VDK@@|.?AVCUnitTaskAutomataThrow@GAM@VDK@@|.?AVCUnitTaskAutomataRadiconParentActor@GAM@VDK@@|.?AVCUnitTaskAutomataRadicon@GAM@VDK@@|.?AVCUnitTaskAutomataAbstract@GAM@VDK@@|.?AVCUnitTaskActorProjectileAbstract@GAM@VDK@@|.?AVCUnitTaskActorAbstract@GAM@VDK@@
022ASTRAY,002ASTBSL,001,ArmorSchneiderThrow,EXVS2,Throw,0x141454E38,465,0x1C0,12,0;2;22;76;78;79;81;84;87;88;89;91,0x14092A3E0,0x140F76310,0x1406A5B30,0x1406A5170,0x1406A5980,0x1406A57D0,0x14094E8C0,0x140F7B7D0,0x140F7B740,0x140DDCAC0,.?AVCUnitTaskAutomata_022ASTRAY_002ASTBSL_001_ArmorSchneiderThrow@EXVS2@@|.?AVCUnitTaskAutomataThrow@GAM@VDK@@|.?AVCUnitTaskAutomataRadiconParentActor@GAM@VDK@@|.?AVCUnitTaskAutomataRadicon@GAM@VDK@@|.?AVCUnitTaskAutomataAbstract@GAM@VDK@@|.?AVCUnitTaskActorProjectileAbstract@GAM@VDK@@|.?AVCUnitTaskActorAbstract@GAM@VDK@@|.?AVCUnitTaskBattleAbstract@GAM@VDK@@
022ASTRAY,002ASTBSL,001,TArmsThrowHissatsu,EXVS2,Boomerang,0x141455AF0,465,0x1C0,10,0;12;73;78;79;81;84;87;88;89,0x14092A700,0x1406A5BA0,0x140DDD470,0x1406A5170,0x1406A5980,0x1406A57D0,0x14094DF10,0x140F7BD10,0x140F7BCC0,0x140F7BB90,.?AVCUnitTaskAutomata_022ASTRAY_002ASTBSL_001_TArmsThrowHissatsu@EXVS2@@|.?AVCUnitTaskAutomataBoomerang@GAM@VDK@@|.?AVCUnitTaskAutomataRadiconParentActor@GAM@VDK@@|.?AVCUnitTaskAutomataRadicon@GAM@VDK@@|.?AVCUnitTaskAutomataAbstract@GAM@VDK@@|.?AVCUnitTaskActorProjectileAbstract@GAM@VDK@@|.?AVCUnitTaskActorAbstract@GAM@VDK@@|.?AVCUnitTaskBattleAbstract@GAM@VDK@@
022ASTRAY,002ASTBSL,001,TacticalArmsCounter,EXVS2,SummonGrap,0x141455160,465,0x290,17,0;2;18;21;30;42;46;72;73;78;79;80;81;84;87;88;90,0x14092A700,0x140DE1070,0x1406A5B30,0x1406A5170,0x1406A5980,0x1406A57D0,0x14094E560,0x140F7B9E0,0x140F7B800,0x140F7B8C0,.?AVCUnitTaskAutomata_022ASTRAY_002ASTBSL_001_TacticalArmsCounter@EXVS2@@|.?AVCUnitTaskAutomataSummonGrap@GAM@VDK@@|.?AVCUnitTaskAutomataSummon@GAM@VDK@@|.?AVCUnitTaskAutomataRadiconParentActor@GAM@VDK@@|.?AVCUnitTaskAutomataRadicon@GAM@VDK@@|.?AVCUnitTaskAutomataAbstract@GAM@VDK@@|.?AVCUnitTaskActorProjectileAbstract@GAM@VDK@@|.?AVCUnitTaskActorAbstract@GAM@VDK@@
022ASTRAY,002ASTBSL,001,TacticalArmsDocking,EXVS2,AttachAbstract,0x1414554A0,465,0x210,8,0;2;78;79;81;84;88;90,0x14092A3E0,0x140F88D10,0x1406A5B30,0x1406A5170,0x1406A5980,0x1406A57D0,0x14094DD70,0x140F7BAE0,0x140F7BA40,0x140DE1E80,.?AVCUnitTaskAutomata_022ASTRAY_002ASTBSL_001_TacticalArmsDocking@EXVS2@@|.?AVCUnitTaskAutomataAttachAbstract@GAM@VDK@@|.?AVCUnitTaskAutomataRadiconParentActor@GAM@VDK@@|.?AVCUnitTaskAutomataRadicon@GAM@VDK@@|.?AVCUnitTaskAutomataAbstract@GAM@VDK@@|.?AVCUnitTaskActorProjectileAbstract@GAM@VDK@@|.?AVCUnitTaskActorAbstract@GAM@VDK@@|.?AVCUnitTaskBattleAbstract@GAM@VDK@@
022ASTRAY,002ASTBSL,001,TacticalArmsThrow,EXVS2,Boomerang,0x1414557C8,465,0x1C0,10,0;12;73;78;79;81;84;87;88;89,0x14092A700,0x1406A5BA0,0x140DDD470,0x1406A5170,0x1406A5980,0x1406A57D0,0x14094DF10,0x140F7BC90,0x140F7BB50,0x140F7BB90,.?AVCUnitTaskAutomata_022ASTRAY_002ASTBSL_001_TacticalArmsThrow@EXVS2@@|.?AVCUnitTaskAutomataBoomerang@GAM@VDK@@|.?AVCUnitTaskAutomataRadiconParentActor@GAM@VDK@@|.?AVCUnitTaskAutomataRadicon@GAM@VDK@@|.?AVCUnitTaskAutomataAbstract@GAM@VDK@@|.?AVCUnitTaskActorProjectileAbstract@GAM@VDK@@|.?AVCUnitTaskActorAbstract@GAM@VDK@@|.?AVCUnitTaskBattleAbstract@GAM@VDK@@
022ASTRAY,003ASTGAT,001,LancerDart,EXVS2,Throw,0x141455E18,465,0x1C0,10,0;22;76;78;79;81;84;87;88;91,0x14092A3E0,0x1406A5BA0,0x1406A5B30,0x1406A5170,0x1406A5980,0x1406A57D0,0x14094E8C0,0x140F7E1F0,0x140F7BDB0,0x140F7BE50,.?AVCUnitTaskAutomata_022ASTRAY_003ASTGAT_001_LancerDart@EXVS2@@|.?AVCUnitTaskAutomataThrow@GAM@VDK@@|.?AVCUnitTaskAutomataRadiconParentActor@GAM@VDK@@|.?AVCUnitTaskAutomataRadicon@GAM@VDK@@|.?AVCUnitTaskAutomataAbstract@GAM@VDK@@|.?AVCUnitTaskActorProjectileAbstract@GAM@VDK@@|.?AVCUnitTaskActorAbstract@GAM@VDK@@|.?AVCUnitTaskBattleAbstract@GAM@VDK@@
022ASTRAY,003ASTGAT,001,LancerDartHissatsu,EXVS2,Throw,0x141456140,465,0x1C0,11,0;22;73;76;78;79;81;84;87;88;91,0x14092A3E0,0x1406A5BA0,0x1406A5B30,0x1406A5170,0x1406A5980,0x1406A57D0,0x14094E8C0,0x140F7C0B0,0x140F7BF00,0x140F7BE50,.?AVCUnitTaskAutomata_022ASTRAY_003ASTGAT_001_LancerDartHissatsu@EXVS2@@|.?AVCUnitTaskAutomataThrow@GAM@VDK@@|.?AVCUnitTaskAutomataRadiconParentActor@GAM@VDK@@|.?AVCUnitTaskAutomataRadicon@GAM@VDK@@|.?AVCUnitTaskAutomataAbstract@GAM@VDK@@|.?AVCUnitTaskActorProjectileAbstract@GAM@VDK@@|.?AVCUnitTaskActorAbstract@GAM@VDK@@|.?AVCUnitTaskBattleAbstract@GAM@VDK@@
022ASTRAY,003ASTGAT,001,Maganoshirahoko,EXVS2,ThrowReturn,0x141456468,465,0x1C0,11,0;22;52;76;78;79;81;84;87;88;91,0x14092A3E0,0x1406A5BA0,0x1406A5B30,0x1406A5170,0x1406A5980,0x1406A57D0,0x14094E8C0,0x140F7C1C0,0x140F7C0E0,0x140DDCAC0,.?AVCUnitTaskAutomata_022ASTRAY_003ASTGAT_001_Maganoshirahoko@EXVS2@@|.?AVCUnitTaskAutomataThrowReturn@GAM@VDK@@|.?AVCUnitTaskAutomataThrow@GAM@VDK@@|.?AVCUnitTaskAutomataRadiconParentActor@GAM@VDK@@|.?AVCUnitTaskAutomataRadicon@GAM@VDK@@|.?AVCUnitTaskAutomataAbstract@GAM@VDK@@|.?AVCUnitTaskActorProjectileAbstract@GAM@VDK@@|.?AVCUnitTaskActorAbstract@GAM@VDK@@
022ASTRAY,003ASTGAT,001,StickerHissatsuLancer,EXVS2,Sticker,0x141456790,465,0x1C0,8,0;2;78;79;81;84;88;91,0x14092A700,0x140DDD100,0x1406A5B30,0x1406A5170,0x1406A5980,0x1406A57D0,0x14094E4D0,0x140F791D0,0x140DDCFB0,0x140E28260,.?AVCUnitTaskAutomata_022ASTRAY_003ASTGAT_001_StickerHissatsuLancer@EXVS2@@|.?AVCUnitTaskAutomataSticker@GAM@VDK@@|.?AVCUnitTaskAutomataRadiconParentActor@GAM@VDK@@|.?AVCUnitTaskAutomataRadicon@GAM@VDK@@|.?AVCUnitTaskAutomataAbstract@GAM@VDK@@|.?AVCUnitTaskActorProjectileAbstract@GAM@VDK@@|.?AVCUnitTaskActorAbstract@GAM@VDK@@|.?AVCUnitTaskBattleAbstract@GAM@VDK@@
022ASTRAY,004DREDNT,001,DragoonEndaction,EXVS2,AttachAbstract,0x141457448,465,0x210,10,0;2;78;79;81;84;88;96;97;98,0x14092A3E0,0x140DE1E40,0x1406A5B30,0x1406A5170,0x1406A5980,0x1406A57D0,0x14094DD70,0x140F7C900,0x140DE1DA0,0x140DE1E80,.?AVCUnitTaskAutomata_022ASTRAY_004DREDNT_001_DragoonEndaction@EXVS2@@|.?AVCUnitTaskAutomataAttachAbstract@GAM@VDK@@|.?AVCUnitTaskAutomataRadiconParentActor@GAM@VDK@@|.?AVCUnitTaskAutomataRadicon@GAM@VDK@@|.?AVCUnitTaskAutomataAbstract@GAM@VDK@@|.?AVCUnitTaskActorProjectileAbstract@GAM@VDK@@|.?AVCUnitTaskActorAbstract@GAM@VDK@@|.?AVCUnitTaskBattleAbstract@GAM@VDK@@
022ASTRAY,004DREDNT,001,DragoonFlyShot,EXVS2,FunnelMawarikomi,0x141457770,977,0x210,15,0;2;28;43;69;78;79;81;84;87;88;89;96;97;98,0x14092A700,0x140F75740,0x1406A5B30,0x14094F070,0x1406A5980,0x1406A57D0,0x14094E050,0x140F7CB30,0x140F7CA10,0x140DDCDC0,.?AVCUnitTaskAutomata_022ASTRAY_004DREDNT_001_DragoonFlyShot@EXVS2@@|.?AVCUnitTaskAutomataFunnelMawarikomi@GAM@VDK@@|.?AVCUnitTaskAutomataFunnelFly@GAM@VDK@@|.?AVCUnitTaskAutomataFunnel@GAM@VDK@@|.?AVCUnitTaskAutomataRadiconParentActor@GAM@VDK@@|.?AVCUnitTaskAutomataRadicon@GAM@VDK@@|.?AVCUnitTaskAutomataAbstract@GAM@VDK@@|.?AVCUnitTaskActorProjectileAbstract@GAM@VDK@@
022ASTRAY,004DREDNT,001,DragoonShot,EXVS2,FunnelShotStayShift,0x141457120,977,0x210,14,0;2;28;43;78;79;81;84;87;88;89;96;97;98,0x14092A3E0,0x140F7C770,0x1406A5B30,0x14094F070,0x1406A5980,0x1406A57D0,0x14094E2A0,0x140F7C860,0x140F7C690,0x140DDCDC0,.?AVCUnitTaskAutomata_022ASTRAY_004DREDNT_001_DragoonShot@EXVS2@@|.?AVCUnitTaskAutomataFunnelShotStayShift@GAM@VDK@@|.?AVCUnitTaskAutomataFunnelShiftPos@GAM@VDK@@|.?AVCUnitTaskAutomataFunnel@GAM@VDK@@|.?AVCUnitTaskAutomataRadiconParentActor@GAM@VDK@@|.?AVCUnitTaskAutomataRadicon@GAM@VDK@@|.?AVCUnitTaskAutomataAbstract@GAM@VDK@@|.?AVCUnitTaskActorProjectileAbstract@GAM@VDK@@
022ASTRAY,004DREDNT,001,PristisPurged,EXVS2,SummonSlide,0x141456DF0,465,0x2E0,21,0;2;18;21;30;42;46;72;73;78;79;80;81;84;87;88;89;90;96;97;98,0x14092A700,0x140DE1070,0x1406A5B30,0x1406A5170,0x1406A5980,0x1406A57D0,0x14094E770,0x140F7C630,0x140F7C4A0,0x140DDCDC0,.?AVCUnitTaskAutomata_022ASTRAY_004DREDNT_001_PristisPurged@EXVS2@@|.?AVCUnitTaskAutomataSummonSlide@GAM@VDK@@|.?AVCUnitTaskAutomataSummon@GAM@VDK@@|.?AVCUnitTaskAutomataRadiconParentActor@GAM@VDK@@|.?AVCUnitTaskAutomataRadicon@GAM@VDK@@|.?AVCUnitTaskAutomataAbstract@GAM@VDK@@|.?AVCUnitTaskActorProjectileAbstract@GAM@VDK@@|.?AVCUnitTaskActorAbstract@GAM@VDK@@
022ASTRAY,004DREDNT,001,PristisSword,EXVS2,FunnelFlySword,0x141457A98,977,0x220,17,0;2;28;43;52;69;76;78;79;81;84;87;89;91;96;97;98,0x14092A100,0x140F75740,0x1406A5B30,0x14094F070,0x1406A5980,0x1406A57D0,0x14094E100,0x140F7CC70,0x140F7CB70,0x140E37D90,.?AVCUnitTaskAutomata_022ASTRAY_004DREDNT_001_PristisSword@EXVS2@@|.?AVCUnitTaskAutomataFunnelFlySword@GAM@VDK@@|.?AVCUnitTaskAutomataFunnelMawarikomi@GAM@VDK@@|.?AVCUnitTaskAutomataFunnelFly@GAM@VDK@@|.?AVCUnitTaskAutomataFunnel@GAM@VDK@@|.?AVCUnitTaskAutomataRadiconParentActor@GAM@VDK@@|.?AVCUnitTaskAutomataRadicon@GAM@VDK@@|.?AVCUnitTaskAutomataAbstract@GAM@VDK@@
022ASTRAY,004DREDNT,001,PristisTsukimatoiSelf,EXVS2,FunnelTukimatoi_ShotOrder,0x141456AC8,977,0x230,14,0;2;28;43;69;78;79;81;84;88;89;96;97;98,0x14092A100,0x140F75740,0x1406A5B30,0x14094F070,0x1406A5980,0x1406A57D0,0x14094E170,0x140F7C460,0x140F7C370,0x140DDCDC0,.?AVCUnitTaskAutomata_022ASTRAY_004DREDNT_001_PristisTsukimatoiSelf@EXVS2@@|.?AVCUnitTaskAutomataFunnelTukimatoi_ShotOrder@GAM@VDK@@|.?AVCUnitTaskAutomataFunnelMawarikomi_ShotOrder@GAM@VDK@@|.?AVCUnitTaskAutomataFunnelShotImmediate@GAM@VDK@@|.?AVCUnitTaskAutomataFunnelMawarikomi@GAM@VDK@@|.?AVCUnitTaskAutomataFunnelFly@GAM@VDK@@|.?AVCUnitTaskAutomataFunnel@GAM@VDK@@|.?AVCUnitTaskAutomataRadiconParentActor@GAM@VDK@@
022ASTRAY,005HYPERI,001,FunnelArmureShieldWinLose,EXVS2,FunnelDefenceFormation,0x1414580F8,1489,0x210,15,0;2;28;43;78;79;81;84;88;89;91;93;96;97;98,0x140929E00,0x140F75740,0x1406A5B30,0x14094F080,0x1406A5980,0x1406A57D0,0x14094E0A0,0x140F7CF30,0x140F7CCE0,0x140F41EF0,.?AVCUnitTaskAutomata_022ASTRAY_005HYPERI_001_FunnelArmureShieldWinLose@EXVS2@@|.?AVCUnitTaskAutomata_022ASTRAY_005HYPERI_001_FunnelCommonDefense@EXVS2@@|.?AVCUnitTaskAutomataFunnelDefenceFormation@GAM@VDK@@|.?AVCUnitTaskAutomataFunnelDefence@GAM@VDK@@|.?AVCUnitTaskAutomataFunnelFlyStick@GAM@VDK@@|.?AVCUnitTaskAutomataFunnelShiftPos@GAM@VDK@@|.?AVCUnitTaskAutomataFunnel@GAM@VDK@@|.?AVCUnitTaskAutomataRadiconParentActor@GAM@VDK@@
022ASTRAY,005HYPERI,001,FunnelCommonDefense,EXVS2,FunnelDefenceFormation,0x141457DC0,1489,0x210,15,0;2;28;43;78;79;81;84;88;89;91;93;96;97;98,0x140929E00,0x140F75740,0x1406A5B30,0x14094F080,0x1406A5980,0x1406A57D0,0x14094E0A0,0x140F7CF50,0x140F7CCE0,0x140F41EF0,.?AVCUnitTaskAutomata_022ASTRAY_005HYPERI_001_FunnelCommonDefense@EXVS2@@|.?AVCUnitTaskAutomataFunnelDefenceFormation@GAM@VDK@@|.?AVCUnitTaskAutomataFunnelDefence@GAM@VDK@@|.?AVCUnitTaskAutomataFunnelFlyStick@GAM@VDK@@|.?AVCUnitTaskAutomataFunnelShiftPos@GAM@VDK@@|.?AVCUnitTaskAutomataFunnel@GAM@VDK@@|.?AVCUnitTaskAutomataRadiconParentActor@GAM@VDK@@|.?AVCUnitTaskAutomataRadicon@GAM@VDK@@
022ASTRAY,006ASTRKI,001,IkutatiField,EXVS2,RadiconParentActor,0x141458DC0,465,0x1B0,7,0;2;12;73;79;81;84,0x14092A700,0x140F76310,0x140F7D310,0x1406A5170,0x1406A5980,0x1406A57D0,0x1406A50D0,0x140F7D570,0x140F7D2B0,0x140F7D560,.?AVCUnitTaskAutomata_022ASTRAY_006ASTRKI_001_IkutatiField@EXVS2@@|.?AVCUnitTaskAutomataRadiconParentActor@GAM@VDK@@|.?AVCUnitTaskAutomataRadicon@GAM@VDK@@|.?AVCUnitTaskAutomataAbstract@GAM@VDK@@|.?AVCUnitTaskActorProjectileAbstract@GAM@VDK@@|.?AVCUnitTaskActorAbstract@GAM@VDK@@|.?AVCUnitTaskBattleAbstract@GAM@VDK@@|.?AVCUnitTaskAbstract@FWK@VDK@@
022ASTRAY,006ASTRKI,001,IkutatiNotify,EXVS2,Sticker,0x1414590F0,465,0x1C0,8,0;2;78;79;81;84;89;91,0x14092A700,0x140F76B40,0x1406A5B30,0x1406A5170,0x1406A5980,0x1406A57D0,0x14094E4D0,0x140F7D700,0x140F7D580,0x140E28260,.?AVCUnitTaskAutomata_022ASTRAY_006ASTRKI_001_IkutatiNotify@EXVS2@@|.?AVCUnitTaskAutomataSticker@GAM@VDK@@|.?AVCUnitTaskAutomataRadiconParentActor@GAM@VDK@@|.?AVCUnitTaskAutomataRadicon@GAM@VDK@@|.?AVCUnitTaskAutomataAbstract@GAM@VDK@@|.?AVCUnitTaskActorProjectileAbstract@GAM@VDK@@|.?AVCUnitTaskActorAbstract@GAM@VDK@@|.?AVCUnitTaskBattleAbstract@GAM@VDK@@
022ASTRAY,006ASTRKI,001,SwordThrowNormal,EXVS2,ThrowMortar,0x141458430,465,0x1C0,11,0;22;76;78;79;81;82;84;87;88;91,0x14092A3E0,0x1406A5BA0,0x1406A5B30,0x1406A5170,0x1406A5980,0x1406A57D0,0x14094E8C0,0x140F7D0C0,0x140F7CFE0,0x140DDCAC0,.?AVCUnitTaskAutomata_022ASTRAY_006ASTRKI_001_SwordThrowNormal@EXVS2@@|.?AVCUnitTaskAutomata_022ASTRAY_006ASTRKI_001_SwordThrow@EXVS2@@|.?AVCUnitTaskAutomataThrowMortar@GAM@VDK@@|.?AVCUnitTaskAutomataThrow@GAM@VDK@@|.?AVCUnitTaskAutomataRadiconParentActor@GAM@VDK@@|.?AVCUnitTaskAutomataRadicon@GAM@VDK@@|.?AVCUnitTaskAutomataAbstract@GAM@VDK@@|.?AVCUnitTaskActorProjectileAbstract@GAM@VDK@@
022ASTRAY,006ASTRKI,001,SwordThrowSlow,EXVS2,ThrowMortar,0x141458760,465,0x1C0,11,0;22;76;78;79;81;82;84;87;88;91,0x14092A3E0,0x1406A5BA0,0x1406A5B30,0x1406A5170,0x1406A5980,0x1406A57D0,0x14094E8C0,0x140F7D0C0,0x140F7CFE0,0x140DDCAC0,.?AVCUnitTaskAutomata_022ASTRAY_006ASTRKI_001_SwordThrowSlow@EXVS2@@|.?AVCUnitTaskAutomata_022ASTRAY_006ASTRKI_001_SwordThrow@EXVS2@@|.?AVCUnitTaskAutomataThrowMortar@GAM@VDK@@|.?AVCUnitTaskAutomataThrow@GAM@VDK@@|.?AVCUnitTaskAutomataRadiconParentActor@GAM@VDK@@|.?AVCUnitTaskAutomataRadicon@GAM@VDK@@|.?AVCUnitTaskAutomataAbstract@GAM@VDK@@|.?AVCUnitTaskActorProjectileAbstract@GAM@VDK@@
022ASTRAY,006ASTRKI,001,TaDockingFromArrow,EXVS2,AttachAbstract,0x141459A78,465,0x220,11,0;2;78;79;81;84;88;90;96;97;98,0x14092A3E0,0x140F88D10,0x1406A5B30,0x1406A5170,0x1406A5980,0x1406A57D0,0x14094ED00,0x140F7D9B0,0x140F7D730,0x140DE1E80,.?AVCUnitTaskAutomata_022ASTRAY_006ASTRKI_001_TaDockingFromArrow@EXVS2@@|.?AVCUnitTaskAutomata_022ASTRAY_006ASTRKI_001_TaDocking@EXVS2@@|.?AVCUnitTaskAutomataAttachAbstract@GAM@VDK@@|.?AVCUnitTaskAutomataRadiconParentActor@GAM@VDK@@|.?AVCUnitTaskAutomataRadicon@GAM@VDK@@|.?AVCUnitTaskAutomataAbstract@GAM@VDK@@|.?AVCUnitTaskActorProjectileAbstract@GAM@VDK@@|.?AVCUnitTaskActorAbstract@GAM@VDK@@
022ASTRAY,006ASTRKI,001,TaDockingFromSword,EXVS2,AttachAbstract,0x141459428,465,0x220,11,0;2;78;79;81;84;88;90;96;97;98,0x14092A3E0,0x140F88D10,0x1406A5B30,0x1406A5170,0x1406A5980,0x1406A57D0,0x14094ED00,0x140F7DA00,0x140F7D730,0x140DE1E80,.?AVCUnitTaskAutomata_022ASTRAY_006ASTRKI_001_TaDockingFromSword@EXVS2@@|.?AVCUnitTaskAutomata_022ASTRAY_006ASTRKI_001_TaDocking@EXVS2@@|.?AVCUnitTaskAutomataAttachAbstract@GAM@VDK@@|.?AVCUnitTaskAutomataRadiconParentActor@GAM@VDK@@|.?AVCUnitTaskAutomataRadicon@GAM@VDK@@|.?AVCUnitTaskAutomataAbstract@GAM@VDK@@|.?AVCUnitTaskActorProjectileAbstract@GAM@VDK@@|.?AVCUnitTaskActorAbstract@GAM@VDK@@
022ASTRAY,006ASTRKI,001,TaDockingFromWork,EXVS2,AttachAbstract,0x141459750,465,0x220,11,0;2;78;79;81;84;88;90;96;97;98,0x14092A3E0,0x140F88D10,0x1406A5B30,0x1406A5170,0x1406A5980,0x1406A57D0,0x14094ED00,0x140F7DA50,0x140F7D730,0x140DE1E80,.?AVCUnitTaskAutomata_022ASTRAY_006ASTRKI_001_TaDockingFromWork@EXVS2@@|.?AVCUnitTaskAutomata_022ASTRAY_006ASTRKI_001_TaDocking@EXVS2@@|.?AVCUnitTaskAutomataAttachAbstract@GAM@VDK@@|.?AVCUnitTaskAutomataRadiconParentActor@GAM@VDK@@|.?AVCUnitTaskAutomataRadicon@GAM@VDK@@|.?AVCUnitTaskAutomataAbstract@GAM@VDK@@|.?AVCUnitTaskActorProjectileAbstract@GAM@VDK@@|.?AVCUnitTaskActorAbstract@GAM@VDK@@
022ASTRAY,006ASTRKI,001,ThrowRoundSword,EXVS2,ThrowStopRotateOnStick,0x141458A90,465,0x1E0,12,0;2;22;76;78;79;81;84;86;87;88;91,0x14092A3E0,0x140F76310,0x1406A5B30,0x1406A5170,0x1406A5980,0x1406A57D0,0x14094E970,0x140F7D230,0x140F7D100,0x140DDCAC0,.?AVCUnitTaskAutomata_022ASTRAY_006ASTRKI_001_ThrowRoundSword@EXVS2@@|.?AVCUnitTaskAutomataThrowStopRotateOnStick@GAM@VDK@@|.?AVCUnitTaskAutomataThrow@GAM@VDK@@|.?AVCUnitTaskAutomataRadiconParentActor@GAM@VDK@@|.?AVCUnitTaskAutomataRadicon@GAM@VDK@@|.?AVCUnitTaskAutomataAbstract@GAM@VDK@@|.?AVCUnitTaskActorProjectileAbstract@GAM@VDK@@|.?AVCUnitTaskActorAbstract@GAM@VDK@@
022ASTRAY,008ASTRDR,001,BackpackPorori,EXVS2,FreeFall,0x141459DA0,465,0x1C0,11,0;2;22;25;49;78;79;81;84;88;89,0x14092A3E0,0x140F76310,0x1406A5B30,0x1406A5170,0x1406A5980,0x1406A57D0,0x14094DF60,0x140DDC8C0,0x140DDC810,0x140DDC890,.?AVCUnitTaskAutomata_022ASTRAY_008ASTRDR_001_BackpackPorori@EXVS2@@|.?AVCUnitTaskAutomataFreeFall@GAM@VDK@@|.?AVCUnitTaskAutomataRadiconParentActor@GAM@VDK@@|.?AVCUnitTaskAutomataRadicon@GAM@VDK@@|.?AVCUnitTaskAutomataAbstract@GAM@VDK@@|.?AVCUnitTaskActorProjectileAbstract@GAM@VDK@@|.?AVCUnitTaskActorAbstract@GAM@VDK@@|.?AVCUnitTaskBattleAbstract@GAM@VDK@@
022ASTRAY,008ASTRDR,001,CaladPorori,EXVS2,FreeFall_Interaction,0x14145A0C8,465,0x1C0,10,0;2;22;49;78;79;81;84;87;89,0x14092A3E0,0x140F7DD30,0x1406A5B30,0x1406A5170,0x1406A5980,0x1406A57D0,0x14094DF60,0x140F7DF20,0x140DDCD60,0x140F7DD80,.?AVCUnitTaskAutomata_022ASTRAY_008ASTRDR_001_CaladPorori@EXVS2@@|.?AVCUnitTaskAutomataFreeFall_Interaction@GAM@VDK@@|.?AVCUnitTaskAutomataRadiconParentActor@GAM@VDK@@|.?AVCUnitTaskAutomataRadicon@GAM@VDK@@|.?AVCUnitTaskAutomataAbstract@GAM@VDK@@|.?AVCUnitTaskActorProjectileAbstract@GAM@VDK@@|.?AVCUnitTaskActorAbstract@GAM@VDK@@|.?AVCUnitTaskBattleAbstract@GAM@VDK@@
022ASTRAY,008ASTRDR,001,SwordThrow,EXVS2,ThrowMortar,0x14145A728,465,0x1C0,11,0;22;76;78;79;81;82;84;87;88;91,0x14092A3E0,0x1406A5BA0,0x1406A5B30,0x1406A5170,0x1406A5980,0x1406A57D0,0x14094E8C0,0x140F7ACD0,0x140F7E080,0x140DDCAC0,.?AVCUnitTaskAutomata_022ASTRAY_008ASTRDR_001_SwordThrow@EXVS2@@|.?AVCUnitTaskAutomataThrowMortar@GAM@VDK@@|.?AVCUnitTaskAutomataThrow@GAM@VDK@@|.?AVCUnitTaskAutomataRadiconParentActor@GAM@VDK@@|.?AVCUnitTaskAutomataRadicon@GAM@VDK@@|.?AVCUnitTaskAutomataAbstract@GAM@VDK@@|.?AVCUnitTaskActorProjectileAbstract@GAM@VDK@@|.?AVCUnitTaskActorAbstract@GAM@VDK@@
022ASTRAY,008ASTRDR,001,ThrowNageageCalad,EXVS2,Throw,0x14145A3F8,465,0x1C0,9,0;2;22;76;78;79;81;84;88,0x14092A3E0,0x140F76310,0x1406A5B30,0x1406A5170,0x1406A5980,0x1406A57D0,0x14094E8C0,0x140F7E050,0x140F7DFB0,0x140F41EF0,.?AVCUnitTaskAutomata_022ASTRAY_008ASTRDR_001_ThrowNageageCalad@EXVS2@@|.?AVCUnitTaskAutomataThrow@GAM@VDK@@|.?AVCUnitTaskAutomataRadiconParentActor@GAM@VDK@@|.?AVCUnitTaskAutomataRadicon@GAM@VDK@@|.?AVCUnitTaskAutomataAbstract@GAM@VDK@@|.?AVCUnitTaskActorProjectileAbstract@GAM@VDK@@|.?AVCUnitTaskActorAbstract@GAM@VDK@@|.?AVCUnitTaskBattleAbstract@GAM@VDK@@
022ASTRAY,009ASTGAM,001,LancerDart,EXVS2,Throw,0x14145AA50,465,0x1C0,10,0;22;76;78;79;81;84;87;88;91,0x14092A3E0,0x1406A5BA0,0x1406A5B30,0x1406A5170,0x1406A5980,0x1406A57D0,0x14094E8C0,0x140F7E1F0,0x140F7E150,0x140F7BE50,.?AVCUnitTaskAutomata_022ASTRAY_009ASTGAM_001_LancerDart@EXVS2@@|.?AVCUnitTaskAutomataThrow@GAM@VDK@@|.?AVCUnitTaskAutomataRadiconParentActor@GAM@VDK@@|.?AVCUnitTaskAutomataRadicon@GAM@VDK@@|.?AVCUnitTaskAutomataAbstract@GAM@VDK@@|.?AVCUnitTaskActorProjectileAbstract@GAM@VDK@@|.?AVCUnitTaskActorAbstract@GAM@VDK@@|.?AVCUnitTaskBattleAbstract@GAM@VDK@@
022ASTRAY,009ASTGAM,001,Maganoshirahoko,EXVS2,ThrowReturn,0x14145AD78,465,0x1C0,11,0;22;52;76;78;79;81;84;87;88;91,0x14092A3E0,0x1406A5BA0,0x1406A5B30,0x1406A5170,0x1406A5980,0x1406A57D0,0x14094E8C0,0x140F7C1C0,0x140F7E220,0x140DDCAC0,.?AVCUnitTaskAutomata_022ASTRAY_009ASTGAM_001_Maganoshirahoko@EXVS2@@|.?AVCUnitTaskAutomataThrowReturn@GAM@VDK@@|.?AVCUnitTaskAutomataThrow@GAM@VDK@@|.?AVCUnitTaskAutomataRadiconParentActor@GAM@VDK@@|.?AVCUnitTaskAutomataRadicon@GAM@VDK@@|.?AVCUnitTaskAutomataAbstract@GAM@VDK@@|.?AVCUnitTaskActorProjectileAbstract@GAM@VDK@@|.?AVCUnitTaskActorAbstract@GAM@VDK@@
022ASTRAY,009ASTGAM,001,OtukisentanThrow,EXVS2,AnchorReturn,0x14145B0A0,465,0x1F0,18,0;2;11;12;18;23;72;73;76;78;79;81;84;88;89;96;97;98,0x14092A700,0x140DE0460,0x140F7E420,0x1406A5170,0x1406A5980,0x1406A57D0,0x14094DCE0,0x140F7E570,0x140F7E280,0x140F40ED0,.?AVCUnitTaskAutomata_022ASTRAY_009ASTGAM_001_OtukisentanThrow@EXVS2@@|.?AVCUnitTaskAutomataAnchorReturn@GAM@VDK@@|.?AVCUnitTaskAutomataAnchor@GAM@VDK@@|.?AVCUnitTaskAutomataRadiconParentActor@GAM@VDK@@|.?AVCUnitTaskAutomataRadicon@GAM@VDK@@|.?AVCUnitTaskAutomataAbstract@GAM@VDK@@|.?AVCUnitTaskActorProjectileAbstract@GAM@VDK@@|.?AVCUnitTaskActorAbstract@GAM@VDK@@
022ASTRAY,010ASTBFD,001,BCannonDragoonRefractor,EXVS2,FunnelShotStayShift,0x14145B6F0,977,0x210,9,0;2;28;43;78;79;81;84;87,0x14092A3E0,0x140E37A90,0x1406A5B30,0x14094F070,0x1406A5980,0x1406A57D0,0x14094E2A0,0x140F7E7F0,0x140F7E780,0x140DDCDC0,.?AVCUnitTaskAutomata_022ASTRAY_010ASTBFD_001_BCannonDragoonRefractor@EXVS2@@|.?AVCUnitTaskAutomata_022ASTRAY_010ASTBFD_001_BCannonDragoonShot@EXVS2@@|.?AVCUnitTaskAutomataFunnelShotStayShift@GAM@VDK@@|.?AVCUnitTaskAutomataFunnelShiftPos@GAM@VDK@@|.?AVCUnitTaskAutomataFunnel@GAM@VDK@@|.?AVCUnitTaskAutomataRadiconParentActor@GAM@VDK@@|.?AVCUnitTaskAutomataRadicon@GAM@VDK@@|.?AVCUnitTaskAutomataAbstract@GAM@VDK@@
022ASTRAY,010ASTBFD,001,BCannonDragoonShot,EXVS2,FunnelShotStayShift,0x14145B3C8,977,0x210,9,0;2;28;43;78;79;81;84;87,0x14092A3E0,0x140E37A90,0x1406A5B30,0x14094F070,0x1406A5980,0x1406A57D0,0x14094E2A0,0x140F7E680,0x140F7E610,0x140DDCDC0,.?AVCUnitTaskAutomata_022ASTRAY_010ASTBFD_001_BCannonDragoonShot@EXVS2@@|.?AVCUnitTaskAutomataFunnelShotStayShift@GAM@VDK@@|.?AVCUnitTaskAutomataFunnelShiftPos@GAM@VDK@@|.?AVCUnitTaskAutomataFunnel@GAM@VDK@@|.?AVCUnitTaskAutomataRadiconParentActor@GAM@VDK@@|.?AVCUnitTaskAutomataRadicon@GAM@VDK@@|.?AVCUnitTaskAutomataAbstract@GAM@VDK@@|.?AVCUnitTaskActorProjectileAbstract@GAM@VDK@@
022ASTRAY,010ASTBFD,001,DragoonAttach,EXVS2,AttachAbstract,0x14145BA18,465,0x210,10,0;2;78;79;81;84;88;96;97;98,0x14092A700,0x140F832A0,0x1406A5B30,0x1406A5170,0x1406A5980,0x1406A57D0,0x14094DD70,0x140F7E9B0,0x140F7E810,0x140DE1E80,.?AVCUnitTaskAutomata_022ASTRAY_010ASTBFD_001_DragoonAttach@EXVS2@@|.?AVCUnitTaskAutomataAttachAbstract@GAM@VDK@@|.?AVCUnitTaskAutomataRadiconParentActor@GAM@VDK@@|.?AVCUnitTaskAutomataRadicon@GAM@VDK@@|.?AVCUnitTaskAutomataAbstract@GAM@VDK@@|.?AVCUnitTaskActorProjectileAbstract@GAM@VDK@@|.?AVCUnitTaskActorAbstract@GAM@VDK@@|.?AVCUnitTaskBattleAbstract@GAM@VDK@@
022ASTRAY,010ASTBFD,001,DragoonAttachToSword,EXVS2,AttachAbstract,0x14145D360,465,0x210,10,0;2;78;79;81;84;88;96;97;98,0x14092A700,0x140F832A0,0x1406A5B30,0x1406A5170,0x1406A5980,0x1406A57D0,0x14094DD70,0x140F7FAD0,0x140F7F8E0,0x140DE1E80,.?AVCUnitTaskAutomata_022ASTRAY_010ASTBFD_001_DragoonAttachToSword@EXVS2@@|.?AVCUnitTaskAutomataAttachAbstract@GAM@VDK@@|.?AVCUnitTaskAutomataRadiconParentActor@GAM@VDK@@|.?AVCUnitTaskAutomataRadicon@GAM@VDK@@|.?AVCUnitTaskAutomataAbstract@GAM@VDK@@|.?AVCUnitTaskActorProjectileAbstract@GAM@VDK@@|.?AVCUnitTaskActorAbstract@GAM@VDK@@|.?AVCUnitTaskBattleAbstract@GAM@VDK@@
022ASTRAY,010ASTBFD,001,SensorDragoonTsukimatoi,EXVS2,FunnelTukimatoi,0x14145BD48,977,0x220,9,0;2;28;43;69;78;79;81;84,0x14092A700,0x140F75740,0x1406A5B30,0x14094F070,0x1406A5980,0x1406A57D0,0x14094E1E0,0x140F7EB10,0x140F7EAA0,0x140F95870,.?AVCUnitTaskAutomata_022ASTRAY_010ASTBFD_001_SensorDragoonTsukimatoi@EXVS2@@|.?AVCUnitTaskAutomataFunnelTukimatoi@GAM@VDK@@|.?AVCUnitTaskAutomataFunnelShotImmediate@GAM@VDK@@|.?AVCUnitTaskAutomataFunnelMawarikomi@GAM@VDK@@|.?AVCUnitTaskAutomataFunnelFly@GAM@VDK@@|.?AVCUnitTaskAutomataFunnel@GAM@VDK@@|.?AVCUnitTaskAutomataRadiconParentActor@GAM@VDK@@|.?AVCUnitTaskAutomataRadicon@GAM@VDK@@
022ASTRAY,010ASTBFD,001,StealthDragoonFlySword,EXVS2,FunnelFlySwordPenetrate,0x14145C070,977,0x220,13,0;2;28;43;52;69;76;78;79;81;84;87;91,0x14092A700,0x140F75740,0x1406A5B30,0x14094F070,0x1406A5980,0x1406A57D0,0x14094E100,0x140F7EC80,0x140F7EC20,0x140F75250,.?AVCUnitTaskAutomata_022ASTRAY_010ASTBFD_001_StealthDragoonFlySword@EXVS2@@|.?AVCUnitTaskAutomataFunnelFlySwordPenetrate@GAM@VDK@@|.?AVCUnitTaskAutomataFunnelFlySword@GAM@VDK@@|.?AVCUnitTaskAutomataFunnelMawarikomi@GAM@VDK@@|.?AVCUnitTaskAutomataFunnelFly@GAM@VDK@@|.?AVCUnitTaskAutomataFunnel@GAM@VDK@@|.?AVCUnitTaskAutomataRadiconParentActor@GAM@VDK@@|.?AVCUnitTaskAutomataRadicon@GAM@VDK@@
022ASTRAY,010ASTBFD,001,StealthDragoonRefractorAttachReturn,EXVS2,AttachToRadiconReturn,0x14145C398,465,0x1F0,5,0;78;79;81;84,0x14092A3E0,0x1406A5BA0,0x1406A5B30,0x1406A5170,0x1406A5980,0x1406A57D0,0x14094DED0,0x140F7EE00,0x140F7EDA0,0x140E28260,.?AVCUnitTaskAutomata_022ASTRAY_010ASTBFD_001_StealthDragoonRefractorAttachReturn@EXVS2@@|.?AVCUnitTaskAutomataAttachToRadiconReturn@GAM@VDK@@|.?AVCUnitTaskAutomataAttachToRadicon@GAM@VDK@@|.?AVCUnitTaskAutomataRadiconParentActor@GAM@VDK@@|.?AVCUnitTaskAutomataRadicon@GAM@VDK@@|.?AVCUnitTaskAutomataAbstract@GAM@VDK@@|.?AVCUnitTaskActorProjectileAbstract@GAM@VDK@@|.?AVCUnitTaskActorAbstract@GAM@VDK@@
022ASTRAY,010ASTBFD,001,StrikerPackPorori,EXVS2,FreeFall,0x14145C6C0,465,0x1C0,11,0;2;22;25;49;78;79;81;84;88;89,0x14092A3E0,0x140F76310,0x1406A5B30,0x1406A5170,0x1406A5980,0x1406A57D0,0x14094DF60,0x140DDC8C0,0x140DDC810,0x140DDC890,.?AVCUnitTaskAutomata_022ASTRAY_010ASTBFD_001_StrikerPackPorori@EXVS2@@|.?AVCUnitTaskAutomataFreeFall@GAM@VDK@@|.?AVCUnitTaskAutomataRadiconParentActor@GAM@VDK@@|.?AVCUnitTaskAutomataRadicon@GAM@VDK@@|.?AVCUnitTaskAutomataAbstract@GAM@VDK@@|.?AVCUnitTaskActorProjectileAbstract@GAM@VDK@@|.?AVCUnitTaskActorAbstract@GAM@VDK@@|.?AVCUnitTaskBattleAbstract@GAM@VDK@@
022ASTRAY,010ASTBFD,001,SwordDragoonThrowHissatsu,EXVS2,Throw,0x14145D038,465,0x1C0,10,0;22;76;78;79;81;84;87;88;91,0x14092A3E0,0x1406A5BA0,0x1406A5B30,0x1406A5170,0x1406A5980,0x1406A57D0,0x14094E8C0,0x140F7F860,0x140F7F810,0x140E19260,.?AVCUnitTaskAutomata_022ASTRAY_010ASTBFD_001_SwordDragoonThrowHissatsu@EXVS2@@|.?AVCUnitTaskAutomataThrow@GAM@VDK@@|.?AVCUnitTaskAutomataRadiconParentActor@GAM@VDK@@|.?AVCUnitTaskAutomataRadicon@GAM@VDK@@|.?AVCUnitTaskAutomataAbstract@GAM@VDK@@|.?AVCUnitTaskActorProjectileAbstract@GAM@VDK@@|.?AVCUnitTaskActorAbstract@GAM@VDK@@|.?AVCUnitTaskBattleAbstract@GAM@VDK@@
022ASTRAY,010ASTBFD,001,SwordDragoonThrowReturn,EXVS2,ThrowReturn,0x14145C9E8,465,0x1C0,15,0;2;22;52;76;78;79;81;84;87;88;91;96;97;98,0x14092A700,0x140F7F2C0,0x1406A5B30,0x1406A5170,0x1406A5980,0x1406A57D0,0x14094E8C0,0x140F7F360,0x140F7F1C0,0x140DDF870,.?AVCUnitTaskAutomata_022ASTRAY_010ASTBFD_001_SwordDragoonThrowReturn@EXVS2@@|.?AVCUnitTaskAutomataThrowReturn@GAM@VDK@@|.?AVCUnitTaskAutomataThrow@GAM@VDK@@|.?AVCUnitTaskAutomataRadiconParentActor@GAM@VDK@@|.?AVCUnitTaskAutomataRadicon@GAM@VDK@@|.?AVCUnitTaskAutomataAbstract@GAM@VDK@@|.?AVCUnitTaskActorProjectileAbstract@GAM@VDK@@|.?AVCUnitTaskActorAbstract@GAM@VDK@@
022ASTRAY,010ASTBFD,001,TransparentRefractor,EXVS2,FunnelShotStayShift,0x14145CD10,977,0x210,13,0;2;12;28;43;75;78;79;81;84;86;87;88,0x14092A700,0x140F7F590,0x140E13C50,0x14094F070,0x1406A5980,0x1406A57D0,0x14094E2A0,0x140F7F720,0x140F7F3A0,0x140E116D0,.?AVCUnitTaskAutomata_022ASTRAY_010ASTBFD_001_TransparentRefractor@EXVS2@@|.?AVCUnitTaskAutomataFunnelShotStayShift@GAM@VDK@@|.?AVCUnitTaskAutomataFunnelShiftPos@GAM@VDK@@|.?AVCUnitTaskAutomataFunnel@GAM@VDK@@|.?AVCUnitTaskAutomataRadiconParentActor@GAM@VDK@@|.?AVCUnitTaskAutomataRadicon@GAM@VDK@@|.?AVCUnitTaskAutomataAbstract@GAM@VDK@@|.?AVCUnitTaskActorProjectileAbstract@GAM@VDK@@
023CROSGN,001CROSX1,001,PororiMantle,EXVS2,FreeFall,0x14145E008,465,0x1C0,12,0;2;12;22;25;49;78;79;81;84;89;90,0x14092A700,0x140F808B0,0x140F80840,0x1406A5170,0x1406A5980,0x1406A57D0,0x14094DF60,0x140F80A50,0x140DDC810,0x140DDC890,.?AVCUnitTaskAutomata_023CROSGN_001CROSX1_001_PororiMantle@EXVS2@@|.?AVCUnitTaskAutomataFreeFall@GAM@VDK@@|.?AVCUnitTaskAutomataRadiconParentActor@GAM@VDK@@|.?AVCUnitTaskAutomataRadicon@GAM@VDK@@|.?AVCUnitTaskAutomataAbstract@GAM@VDK@@|.?AVCUnitTaskActorProjectileAbstract@GAM@VDK@@|.?AVCUnitTaskActorAbstract@GAM@VDK@@|.?AVCUnitTaskBattleAbstract@GAM@VDK@@
023CROSGN,001CROSX1,001,ShieldSpinThrow,EXVS2,Throw,0x14145D9B8,465,0x1C0,12,0;22;73;76;78;79;81;84;86;87;88;89,0x14092A3E0,0x1406A5BA0,0x1406A5B30,0x1406A5170,0x1406A5980,0x1406A57D0,0x14094E8C0,0x140F803B0,0x140F7FED0,0x140F7FD90,.?AVCUnitTaskAutomata_023CROSGN_001CROSX1_001_ShieldSpinThrow@EXVS2@@|.?AVCUnitTaskAutomata_023CROSGN_001CROSX1_001_ShieldThrow@EXVS2@@|.?AVCUnitTaskAutomataThrow@GAM@VDK@@|.?AVCUnitTaskAutomataRadiconParentActor@GAM@VDK@@|.?AVCUnitTaskAutomataRadicon@GAM@VDK@@|.?AVCUnitTaskAutomataAbstract@GAM@VDK@@|.?AVCUnitTaskActorProjectileAbstract@GAM@VDK@@|.?AVCUnitTaskActorAbstract@GAM@VDK@@
023CROSGN,001CROSX1,001,ShieldThrow,EXVS2,Throw,0x14145D690,465,0x1C0,12,0;22;73;76;78;79;81;84;86;87;88;89,0x14092A3E0,0x1406A5BA0,0x1406A5B30,0x1406A5170,0x1406A5980,0x1406A57D0,0x14094E8C0,0x140F7FE30,0x140F7FCA0,0x140F7FD90,.?AVCUnitTaskAutomata_023CROSGN_001CROSX1_001_ShieldThrow@EXVS2@@|.?AVCUnitTaskAutomataThrow@GAM@VDK@@|.?AVCUnitTaskAutomataRadiconParentActor@GAM@VDK@@|.?AVCUnitTaskAutomataRadicon@GAM@VDK@@|.?AVCUnitTaskAutomataAbstract@GAM@VDK@@|.?AVCUnitTaskActorProjectileAbstract@GAM@VDK@@|.?AVCUnitTaskActorAbstract@GAM@VDK@@|.?AVCUnitTaskBattleAbstract@GAM@VDK@@
023CROSGN,001CROSX1,001,ThrowMissile,EXVS2,Throw,0x14145E330,465,0x1C0,10,0;22;76;78;79;81;84;87;88;89,0x14092A3E0,0x1406A5BA0,0x1406A5B30,0x1406A5170,0x1406A5980,0x1406A57D0,0x14094E8C0,0x140F52EA0,0x140F3A0C0,0x140F3A140,.?AVCUnitTaskAutomata_023CROSGN_001CROSX1_001_ThrowMissile@EXVS2@@|.?AVCUnitTaskAutomata_000COMMON_000COMMON_001_ThrowMissile@EXVS2@@|.?AVCUnitTaskAutomataThrow@GAM@VDK@@|.?AVCUnitTaskAutomataRadiconParentActor@GAM@VDK@@|.?AVCUnitTaskAutomataRadicon@GAM@VDK@@|.?AVCUnitTaskAutomataAbstract@GAM@VDK@@|.?AVCUnitTaskActorProjectileAbstract@GAM@VDK@@|.?AVCUnitTaskActorAbstract@GAM@VDK@@
023CROSGN,001CROSX1,001,ZamberThrowStick,EXVS2,Throw,0x14145DCE0,465,0x1C0,11,0;22;76;78;79;81;84;87;88;89;91,0x14092A3E0,0x1406A5BA0,0x1406A5B30,0x1406A5170,0x1406A5980,0x1406A57D0,0x14094E8C0,0x140E0D870,0x140F80450,0x140F8CD20,.?AVCUnitTaskAutomata_023CROSGN_001CROSX1_001_ZamberThrowStick@EXVS2@@|.?AVCUnitTaskAutomataThrow@GAM@VDK@@|.?AVCUnitTaskAutomataRadiconParentActor@GAM@VDK@@|.?AVCUnitTaskAutomataRadicon@GAM@VDK@@|.?AVCUnitTaskAutomataAbstract@GAM@VDK@@|.?AVCUnitTaskActorProjectileAbstract@GAM@VDK@@|.?AVCUnitTaskActorAbstract@GAM@VDK@@|.?AVCUnitTaskBattleAbstract@GAM@VDK@@
023CROSGN,002CROSFC,001,ScissorAnchor,EXVS2,AnchorReturn,0x14145E980,465,0x1F0,14,0;2;11;12;18;23;73;76;78;79;81;84;88;89,0x14092A700,0x140E1CDD0,0x140F80F50,0x1406A5170,0x1406A5980,0x1406A57D0,0x14094DCE0,0x140F80F90,0x140F80DD0,0x140F40ED0,.?AVCUnitTaskAutomata_023CROSGN_002CROSFC_001_ScissorAnchor@EXVS2@@|.?AVCUnitTaskAutomataAnchorReturn@GAM@VDK@@|.?AVCUnitTaskAutomataAnchor@GAM@VDK@@|.?AVCUnitTaskAutomataRadiconParentActor@GAM@VDK@@|.?AVCUnitTaskAutomataRadicon@GAM@VDK@@|.?AVCUnitTaskAutomataAbstract@GAM@VDK@@|.?AVCUnitTaskActorProjectileAbstract@GAM@VDK@@|.?AVCUnitTaskActorAbstract@GAM@VDK@@
023CROSGN,002CROSFC,001,SummonVigna2,EXVS2,Throw,0x14145E658,465,0x1C0,11,0;2;22;76;78;79;81;84;87;88;89,0x14092A3E0,0x140F75740,0x1406A5B30,0x1406A5170,0x1406A5980,0x1406A57D0,0x14094E8C0,0x140F80D80,0x140F80B80,0x140F80C50,.?AVCUnitTaskAutomata_023CROSGN_002CROSFC_001_SummonVigna2@EXVS2@@|.?AVCUnitTaskAutomataThrow@GAM@VDK@@|.?AVCUnitTaskAutomataRadiconParentActor@GAM@VDK@@|.?AVCUnitTaskAutomataRadicon@GAM@VDK@@|.?AVCUnitTaskAutomataAbstract@GAM@VDK@@|.?AVCUnitTaskActorProjectileAbstract@GAM@VDK@@|.?AVCUnitTaskActorAbstract@GAM@VDK@@|.?AVCUnitTaskBattleAbstract@GAM@VDK@@
023CROSGN,003CROSX2,001,Anchor,EXVS2,AnchorReturn,0x14145ECA8,465,0x1F0,13,0;2;11;12;18;23;73;76;78;79;81;84;88,0x14092A700,0x140DE0460,0x140F80F50,0x1406A5170,0x1406A5980,0x1406A57D0,0x14094DCE0,0x140F81220,0x140F81050,0x140F40ED0,.?AVCUnitTaskAutomata_023CROSGN_003CROSX2_001_Anchor@EXVS2@@|.?AVCUnitTaskAutomataAnchorReturn@GAM@VDK@@|.?AVCUnitTaskAutomataAnchor@GAM@VDK@@|.?AVCUnitTaskAutomataRadiconParentActor@GAM@VDK@@|.?AVCUnitTaskAutomataRadicon@GAM@VDK@@|.?AVCUnitTaskAutomataAbstract@GAM@VDK@@|.?AVCUnitTaskActorProjectileAbstract@GAM@VDK@@|.?AVCUnitTaskActorAbstract@GAM@VDK@@
023CROSGN,003CROSX2,001,AssistBatalla,EXVS2,SummonRushAttackNormal,0x14145F620,465,0x330,18,0;2;18;21;30;42;46;72;73;78;79;80;81;84;87;88;90;91,0x14092A700,0x140DE1070,0x1406A5B30,0x1406A5170,0x1406A5980,0x1406A57D0,0x14094E5F0,0x140F819E0,0x140F81950,0x140DE1960,.?AVCUnitTaskAutomata_023CROSGN_003CROSX2_001_AssistBatalla@EXVS2@@|.?AVCUnitTaskAutomataSummonRushAttackNormal@GAM@VDK@@|.?AVCUnitTaskAutomataSummonRushAttack@GAM@VDK@@|.?AVCUnitTaskAutomataSummonRush@GAM@VDK@@|.?AVCUnitTaskAutomataSummon@GAM@VDK@@|.?AVCUnitTaskAutomataRadiconParentActor@GAM@VDK@@|.?AVCUnitTaskAutomataRadicon@GAM@VDK@@|.?AVCUnitTaskAutomataAbstract@GAM@VDK@@
023CROSGN,003CROSX2,001,HissatsuThrowLance,EXVS2,Throw,0x14145EFD0,465,0x1C0,10,0;22;76;78;79;81;84;87;88;91,0x14092A3E0,0x1406A5BA0,0x1406A5B30,0x1406A5170,0x1406A5980,0x1406A57D0,0x14094E8C0,0x140F81730,0x140F81580,0x140F815D0,.?AVCUnitTaskAutomata_023CROSGN_003CROSX2_001_HissatsuThrowLance@EXVS2@@|.?AVCUnitTaskAutomataThrow@GAM@VDK@@|.?AVCUnitTaskAutomataRadiconParentActor@GAM@VDK@@|.?AVCUnitTaskAutomataRadicon@GAM@VDK@@|.?AVCUnitTaskAutomataAbstract@GAM@VDK@@|.?AVCUnitTaskActorProjectileAbstract@GAM@VDK@@|.?AVCUnitTaskActorAbstract@GAM@VDK@@|.?AVCUnitTaskBattleAbstract@GAM@VDK@@
023CROSGN,003CROSX2,001,PororiMantle,EXVS2,FreeFall,0x14145F2F8,465,0x1C0,12,0;2;12;22;25;49;78;79;81;84;89;90,0x14092A700,0x140F817B0,0x140F80840,0x1406A5170,0x1406A5980,0x1406A57D0,0x14094DF60,0x140F80A50,0x140DDC810,0x140DDC890,.?AVCUnitTaskAutomata_023CROSGN_003CROSX2_001_PororiMantle@EXVS2@@|.?AVCUnitTaskAutomataFreeFall@GAM@VDK@@|.?AVCUnitTaskAutomataRadiconParentActor@GAM@VDK@@|.?AVCUnitTaskAutomataRadicon@GAM@VDK@@|.?AVCUnitTaskAutomataAbstract@GAM@VDK@@|.?AVCUnitTaskActorProjectileAbstract@GAM@VDK@@|.?AVCUnitTaskActorAbstract@GAM@VDK@@|.?AVCUnitTaskBattleAbstract@GAM@VDK@@
023CROSGN,004CROSX3,001,ThrowMaruta,EXVS2,Throw,0x14145F950,465,0x1C0,10,0;22;76;78;79;81;84;87;88;89,0x14092A3E0,0x1406A5BA0,0x1406A5B30,0x1406A5170,0x1406A5980,0x1406A57D0,0x14094E8C0,0x140F81B40,0x140F3A0C0,0x140F3A140,.?AVCUnitTaskAutomata_023CROSGN_004CROSX3_001_ThrowMaruta@EXVS2@@|.?AVCUnitTaskAutomata_000COMMON_000COMMON_001_ThrowMissile@EXVS2@@|.?AVCUnitTaskAutomataThrow@GAM@VDK@@|.?AVCUnitTaskAutomataRadiconParentActor@GAM@VDK@@|.?AVCUnitTaskAutomataRadicon@GAM@VDK@@|.?AVCUnitTaskAutomataAbstract@GAM@VDK@@|.?AVCUnitTaskActorProjectileAbstract@GAM@VDK@@|.?AVCUnitTaskActorAbstract@GAM@VDK@@
023CROSGN,004CROSX3,001,ThrowMarutaMortar,EXVS2,ThrowMortar,0x14145FFA0,465,0x1C0,10,0;22;76;78;79;81;82;84;87;88,0x14092A3E0,0x1406A5BA0,0x1406A5B30,0x1406A5170,0x1406A5980,0x1406A57D0,0x14094E8C0,0x140F3ED00,0x140DDFF20,0x140DDCAC0,.?AVCUnitTaskAutomata_023CROSGN_004CROSX3_001_ThrowMarutaMortar@EXVS2@@|.?AVCUnitTaskAutomataThrowMortar@GAM@VDK@@|.?AVCUnitTaskAutomataThrow@GAM@VDK@@|.?AVCUnitTaskAutomataRadiconParentActor@GAM@VDK@@|.?AVCUnitTaskAutomataRadicon@GAM@VDK@@|.?AVCUnitTaskAutomataAbstract@GAM@VDK@@|.?AVCUnitTaskActorProjectileAbstract@GAM@VDK@@|.?AVCUnitTaskActorAbstract@GAM@VDK@@
023CROSGN,004CROSX3,001,ThrowMissile,EXVS2,Throw,0x14145FC78,465,0x1C0,10,0;22;76;78;79;81;84;87;88;89,0x14092A3E0,0x1406A5BA0,0x1406A5B30,0x1406A5170,0x1406A5980,0x1406A57D0,0x14094E8C0,0x140F52EA0,0x140F3A0C0,0x140F3A140,.?AVCUnitTaskAutomata_023CROSGN_004CROSX3_001_ThrowMissile@EXVS2@@|.?AVCUnitTaskAutomata_000COMMON_000COMMON_001_ThrowMissile@EXVS2@@|.?AVCUnitTaskAutomataThrow@GAM@VDK@@|.?AVCUnitTaskAutomataRadiconParentActor@GAM@VDK@@|.?AVCUnitTaskAutomataRadicon@GAM@VDK@@|.?AVCUnitTaskAutomataAbstract@GAM@VDK@@|.?AVCUnitTaskActorProjectileAbstract@GAM@VDK@@|.?AVCUnitTaskActorAbstract@GAM@VDK@@
023CROSGN,005PHANTM,001,ThrowFlameSword,EXVS2,Throw,0x1414602C8,465,0x1C0,12,0;22;76;78;79;81;84;87;88;89;91;92,0x14092A3E0,0x1406A5BA0,0x1406A5B30,0x1406A5170,0x1406A5980,0x1406A57D0,0x14094E8C0,0x140F81D30,0x140F38FD0,0x140F39070,.?AVCUnitTaskAutomata_023CROSGN_005PHANTM_001_ThrowFlameSword@EXVS2@@|.?AVCUnitTaskAutomata_000COMMON_000COMMON_001_ThrowSaber@EXVS2@@|.?AVCUnitTaskAutomataThrow@GAM@VDK@@|.?AVCUnitTaskAutomataRadiconParentActor@GAM@VDK@@|.?AVCUnitTaskAutomataRadicon@GAM@VDK@@|.?AVCUnitTaskAutomataAbstract@GAM@VDK@@|.?AVCUnitTaskActorProjectileAbstract@GAM@VDK@@|.?AVCUnitTaskActorAbstract@GAM@VDK@@
023CROSGN,009VIGNA2,001,ThrowBeamSaw,EXVS2,ThrowStopRotateOnStick,0x1414605F0,465,0x1E0,12,0;22;59;76;78;79;81;84;87;88;89;91,0x14092A3E0,0x1406A5BA0,0x1406A5B30,0x1406A5170,0x1406A5980,0x1406A57D0,0x14094E970,0x140F398B0,0x140F81D50,0x140DDCAC0,.?AVCUnitTaskAutomata_023CROSGN_009VIGNA2_001_ThrowBeamSaw@EXVS2@@|.?AVCUnitTaskAutomata_000COMMON_000COMMON_001_ThrowSaberRolling@EXVS2@@|.?AVCUnitTaskAutomataThrowStopRotateOnStick@GAM@VDK@@|.?AVCUnitTaskAutomataThrow@GAM@VDK@@|.?AVCUnitTaskAutomataRadiconParentActor@GAM@VDK@@|.?AVCUnitTaskAutomataRadicon@GAM@VDK@@|.?AVCUnitTaskAutomataAbstract@GAM@VDK@@|.?AVCUnitTaskActorProjectileAbstract@GAM@VDK@@
024BLUEDE,001BLDES1,001,GmThrow,EXVS2,Throw,0x141460918,465,0x1C0,10,0;22;76;78;79;81;84;87;88;89,0x14092A3E0,0x1406A5BA0,0x1406A5B30,0x1406A5170,0x1406A5980,0x1406A57D0,0x14094E8C0,0x140F81E70,0x140F81E20,0x140DDCAC0,.?AVCUnitTaskAutomata_024BLUEDE_001BLDES1_001_GmThrow@EXVS2@@|.?AVCUnitTaskAutomataThrow@GAM@VDK@@|.?AVCUnitTaskAutomataRadiconParentActor@GAM@VDK@@|.?AVCUnitTaskAutomataRadicon@GAM@VDK@@|.?AVCUnitTaskAutomataAbstract@GAM@VDK@@|.?AVCUnitTaskActorProjectileAbstract@GAM@VDK@@|.?AVCUnitTaskActorAbstract@GAM@VDK@@|.?AVCUnitTaskBattleAbstract@GAM@VDK@@
024BLUEDE,001BLDES1,001,HaseiMissle,EXVS2,Throw,0x141460C40,465,0x1C0,10,0;22;76;78;79;81;84;87;88;89,0x14092A3E0,0x1406A5BA0,0x1406A5B30,0x1406A5170,0x1406A5980,0x1406A57D0,0x14094E8C0,0x140F82010,0x140DDC8E0,0x140DDCAC0,.?AVCUnitTaskAutomata_024BLUEDE_001BLDES1_001_HaseiMissle@EXVS2@@|.?AVCUnitTaskAutomataThrow@GAM@VDK@@|.?AVCUnitTaskAutomataRadiconParentActor@GAM@VDK@@|.?AVCUnitTaskAutomataRadicon@GAM@VDK@@|.?AVCUnitTaskAutomataAbstract@GAM@VDK@@|.?AVCUnitTaskActorProjectileAbstract@GAM@VDK@@|.?AVCUnitTaskActorAbstract@GAM@VDK@@|.?AVCUnitTaskBattleAbstract@GAM@VDK@@
024BLUEDE,001BLDES1,001,WiredMissle,EXVS2,Throw,0x141460F68,465,0x1C0,11,0;22;52;76;78;79;81;84;87;88;89,0x14092A3E0,0x1406A5BA0,0x1406A5B30,0x1406A5170,0x1406A5980,0x1406A57D0,0x14094E8C0,0x140F82010,0x140F81FA0,0x140DDCAC0,.?AVCUnitTaskAutomata_024BLUEDE_001BLDES1_001_WiredMissle@EXVS2@@|.?AVCUnitTaskAutomataThrow@GAM@VDK@@|.?AVCUnitTaskAutomataRadiconParentActor@GAM@VDK@@|.?AVCUnitTaskAutomataRadicon@GAM@VDK@@|.?AVCUnitTaskAutomataAbstract@GAM@VDK@@|.?AVCUnitTaskActorProjectileAbstract@GAM@VDK@@|.?AVCUnitTaskActorAbstract@GAM@VDK@@|.?AVCUnitTaskBattleAbstract@GAM@VDK@@
025GIGLOO,001ZUDAH0,001,AssistZudahRensha,EXVS2,SummonTukimatoiAndActionSimple,0x141461290,465,0x2D0,19,0;2;18;21;30;42;46;72;73;78;79;80;81;83;84;87;88;89;90,0x14092A700,0x140DE1070,0x1406A5B30,0x1406A5170,0x1406A5980,0x1406A57D0,0x14094E840,0x140F822D0,0x140F82030,0x140DE1820,.?AVCUnitTaskAutomata_025GIGLOO_001ZUDAH0_001_AssistZudahRensha@EXVS2@@|.?AVCUnitTaskAutomataSummonTukimatoiAndActionSimple@GAM@VDK@@|.?AVCUnitTaskAutomataSummonTukimatoiAndAction@GAM@VDK@@|.?AVCUnitTaskAutomataSummonTukimatoi@GAM@VDK@@|.?AVCUnitTaskAutomataSummon@GAM@VDK@@|.?AVCUnitTaskAutomataRadiconParentActor@GAM@VDK@@|.?AVCUnitTaskAutomataRadicon@GAM@VDK@@|.?AVCUnitTaskAutomataAbstract@GAM@VDK@@
026GNBELT,001HINGND,001,FinFunnelFly,EXVS2,FunnelMawarikomi,0x1414615C0,977,0x210,11,0;2;28;43;69;78;79;81;84;87;88,0x14092A700,0x140F75740,0x1406A5B30,0x14094F070,0x1406A5980,0x1406A57D0,0x14094E050,0x140F82380,0x140F82320,0x140DDCDC0,.?AVCUnitTaskAutomata_026GNBELT_001HINGND_001_FinFunnelFly@EXVS2@@|.?AVCUnitTaskAutomataFunnelMawarikomi@GAM@VDK@@|.?AVCUnitTaskAutomataFunnelFly@GAM@VDK@@|.?AVCUnitTaskAutomataFunnel@GAM@VDK@@|.?AVCUnitTaskAutomataRadiconParentActor@GAM@VDK@@|.?AVCUnitTaskAutomataRadicon@GAM@VDK@@|.?AVCUnitTaskAutomataAbstract@GAM@VDK@@|.?AVCUnitTaskActorProjectileAbstract@GAM@VDK@@
026GNBELT,001HINGND,001,FinFunnelFlyRensha,EXVS2,FunnelMawarikomiMultipleShot,0x1414618E8,977,0x220,11,0;2;28;43;69;78;79;81;84;87;88,0x14092A100,0x140F75740,0x1406A5B30,0x14094F070,0x1406A5980,0x1406A57D0,0x14094E9E0,0x140F82380,0x140F82460,0x140DDCDC0,.?AVCUnitTaskAutomata_026GNBELT_001HINGND_001_FinFunnelFlyRensha@EXVS2@@|.?AVCUnitTaskAutomataFunnelMawarikomiMultipleShot@GAM@VDK@@|.?AVCUnitTaskAutomataFunnelMawarikomi@GAM@VDK@@|.?AVCUnitTaskAutomataFunnelFly@GAM@VDK@@|.?AVCUnitTaskAutomataFunnel@GAM@VDK@@|.?AVCUnitTaskAutomataRadiconParentActor@GAM@VDK@@|.?AVCUnitTaskAutomataRadicon@GAM@VDK@@|.?AVCUnitTaskAutomataAbstract@GAM@VDK@@
026GNBELT,001HINGND,001,FinFunnelIFieldBarrier,EXVS2,FunnelFlyStickOnMySelf,0x141461C10,977,0x210,10,0;2;28;43;78;79;81;84;88;91,0x14092A3E0,0x140F75740,0x1406A5B30,0x14094F070,0x1406A5980,0x1406A57D0,0x14094E0A0,0x140F825F0,0x140F824C0,0x140E28260,.?AVCUnitTaskAutomata_026GNBELT_001HINGND_001_FinFunnelIFieldBarrier@EXVS2@@|.?AVCUnitTaskAutomataFunnelFlyStickOnMySelf@GAM@VDK@@|.?AVCUnitTaskAutomataFunnelFlyStick@GAM@VDK@@|.?AVCUnitTaskAutomataFunnelShiftPos@GAM@VDK@@|.?AVCUnitTaskAutomataFunnel@GAM@VDK@@|.?AVCUnitTaskAutomataRadiconParentActor@GAM@VDK@@|.?AVCUnitTaskAutomataRadicon@GAM@VDK@@|.?AVCUnitTaskAutomataAbstract@GAM@VDK@@
026GNBELT,001HINGND,001,FinFunnelTsukimatoiCounter,EXVS2,FunnelTukimatoi,0x141461F38,977,0x220,10,0;2;28;43;69;78;79;81;84;88,0x14092A700,0x140F75740,0x1406A5B30,0x14094F070,0x1406A5980,0x1406A57D0,0x14094E1E0,0x140F82730,0x140F826C0,0x140DDCDC0,.?AVCUnitTaskAutomata_026GNBELT_001HINGND_001_FinFunnelTsukimatoiCounter@EXVS2@@|.?AVCUnitTaskAutomataFunnelTukimatoi@GAM@VDK@@|.?AVCUnitTaskAutomataFunnelShotImmediate@GAM@VDK@@|.?AVCUnitTaskAutomataFunnelMawarikomi@GAM@VDK@@|.?AVCUnitTaskAutomataFunnelFly@GAM@VDK@@|.?AVCUnitTaskAutomataFunnel@GAM@VDK@@|.?AVCUnitTaskAutomataRadiconParentActor@GAM@VDK@@|.?AVCUnitTaskAutomataRadicon@GAM@VDK@@
026GNBELT,001HINGND,001,FinFunnelTsukimatoiRensha,EXVS2,FunnelTukimatoi_ShotOrder,0x141462260,977,0x230,10,0;2;28;43;69;78;79;81;84;88,0x14092A100,0x140F75740,0x1406A5B30,0x14094F070,0x1406A5980,0x1406A57D0,0x14094E170,0x140F82870,0x140F82800,0x140DDCDC0,.?AVCUnitTaskAutomata_026GNBELT_001HINGND_001_FinFunnelTsukimatoiRensha@EXVS2@@|.?AVCUnitTaskAutomataFunnelTukimatoi_ShotOrder@GAM@VDK@@|.?AVCUnitTaskAutomataFunnelMawarikomi_ShotOrder@GAM@VDK@@|.?AVCUnitTaskAutomataFunnelShotImmediate@GAM@VDK@@|.?AVCUnitTaskAutomataFunnelMawarikomi@GAM@VDK@@|.?AVCUnitTaskAutomataFunnelFly@GAM@VDK@@|.?AVCUnitTaskAutomataFunnel@GAM@VDK@@|.?AVCUnitTaskAutomataRadiconParentActor@GAM@VDK@@
026GNBELT,001HINGND,001,FinFunnelTsukimatoiShot,EXVS2,FunnelTukimatoi_ShotOrder,0x141462588,977,0x230,10,0;2;28;43;69;78;79;81;84;88,0x14092A700,0x140F75740,0x1406A5B30,0x14094F070,0x1406A5980,0x1406A57D0,0x14094E170,0x140F82870,0x140F82940,0x140DDCDC0,.?AVCUnitTaskAutomata_026GNBELT_001HINGND_001_FinFunnelTsukimatoiShot@EXVS2@@|.?AVCUnitTaskAutomataFunnelTukimatoi_ShotOrder@GAM@VDK@@|.?AVCUnitTaskAutomataFunnelMawarikomi_ShotOrder@GAM@VDK@@|.?AVCUnitTaskAutomataFunnelShotImmediate@GAM@VDK@@|.?AVCUnitTaskAutomataFunnelMawarikomi@GAM@VDK@@|.?AVCUnitTaskAutomataFunnelFly@GAM@VDK@@|.?AVCUnitTaskAutomataFunnel@GAM@VDK@@|.?AVCUnitTaskAutomataRadiconParentActor@GAM@VDK@@
026GNBELT,002NITNGL,001,AssistFunnelFly,EXVS2,FunnelMawarikomi,0x141463880,977,0x210,10,0;2;28;43;69;78;79;81;84;87,0x14092A700,0x140F75740,0x1406A5B30,0x14094F070,0x1406A5980,0x1406A57D0,0x14094E050,0x140F831A0,0x140F83140,0x140DDCDC0,.?AVCUnitTaskAutomata_026GNBELT_002NITNGL_001_AssistFunnelFly@EXVS2@@|.?AVCUnitTaskAutomataFunnelMawarikomi@GAM@VDK@@|.?AVCUnitTaskAutomataFunnelFly@GAM@VDK@@|.?AVCUnitTaskAutomataFunnel@GAM@VDK@@|.?AVCUnitTaskAutomataRadiconParentActor@GAM@VDK@@|.?AVCUnitTaskAutomataRadicon@GAM@VDK@@|.?AVCUnitTaskAutomataAbstract@GAM@VDK@@|.?AVCUnitTaskActorProjectileAbstract@GAM@VDK@@
026GNBELT,002NITNGL,001,AssistPsycoDoga,EXVS2,SummonTukimatoiAndActionSimple,0x141463550,465,0x2D0,18,0;2;12;18;21;30;42;46;72;73;78;79;80;81;84;87;88;90,0x14092A100,0x140DE1070,0x140F83090,0x1406A5170,0x1406A5980,0x1406A57D0,0x14094E840,0x140F830E0,0x140F82FD0,0x140DE1820,.?AVCUnitTaskAutomata_026GNBELT_002NITNGL_001_AssistPsycoDoga@EXVS2@@|.?AVCUnitTaskAutomataSummonTukimatoiAndActionSimple@GAM@VDK@@|.?AVCUnitTaskAutomataSummonTukimatoiAndAction@GAM@VDK@@|.?AVCUnitTaskAutomataSummonTukimatoi@GAM@VDK@@|.?AVCUnitTaskAutomataSummon@GAM@VDK@@|.?AVCUnitTaskAutomataRadiconParentActor@GAM@VDK@@|.?AVCUnitTaskAutomataRadicon@GAM@VDK@@|.?AVCUnitTaskAutomataAbstract@GAM@VDK@@
026GNBELT,002NITNGL,001,FunnelFly,EXVS2,FunnelMawarikomi,0x1414628B0,977,0x210,10,0;2;28;43;69;78;79;81;84;87,0x14092A700,0x140F75740,0x1406A5B30,0x14094F070,0x1406A5980,0x1406A57D0,0x14094E050,0x140F82A10,0x140F829B0,0x140DDCDC0,.?AVCUnitTaskAutomata_026GNBELT_002NITNGL_001_FunnelFly@EXVS2@@|.?AVCUnitTaskAutomataFunnelMawarikomi@GAM@VDK@@|.?AVCUnitTaskAutomataFunnelFly@GAM@VDK@@|.?AVCUnitTaskAutomataFunnel@GAM@VDK@@|.?AVCUnitTaskAutomataRadiconParentActor@GAM@VDK@@|.?AVCUnitTaskAutomataRadicon@GAM@VDK@@|.?AVCUnitTaskAutomataAbstract@GAM@VDK@@|.?AVCUnitTaskActorProjectileAbstract@GAM@VDK@@
026GNBELT,002NITNGL,001,FunnelShot,EXVS2,FunnelShotStayShift,0x141462BD8,977,0x210,9,0;2;28;43;78;79;81;84;87,0x14092A3E0,0x140F75740,0x1406A5B30,0x14094F070,0x1406A5980,0x1406A57D0,0x14094E2A0,0x140F82B80,0x140F82B10,0x140DDCDC0,.?AVCUnitTaskAutomata_026GNBELT_002NITNGL_001_FunnelShot@EXVS2@@|.?AVCUnitTaskAutomataFunnelShotStayShift@GAM@VDK@@|.?AVCUnitTaskAutomataFunnelShiftPos@GAM@VDK@@|.?AVCUnitTaskAutomataFunnel@GAM@VDK@@|.?AVCUnitTaskAutomataRadiconParentActor@GAM@VDK@@|.?AVCUnitTaskAutomataRadicon@GAM@VDK@@|.?AVCUnitTaskAutomataAbstract@GAM@VDK@@|.?AVCUnitTaskActorProjectileAbstract@GAM@VDK@@
026GNBELT,002NITNGL,001,FunnelShotHissatsu,EXVS2,FunnelShotStayShift,0x141462F00,977,0x210,9,0;2;28;43;78;79;81;84;87,0x14092A3E0,0x140F75740,0x1406A5B30,0x14094F070,0x1406A5980,0x1406A57D0,0x14094E2A0,0x140F82D60,0x140F82CF0,0x140DDCDC0,.?AVCUnitTaskAutomata_026GNBELT_002NITNGL_001_FunnelShotHissatsu@EXVS2@@|.?AVCUnitTaskAutomata_026GNBELT_002NITNGL_001_FunnelShot@EXVS2@@|.?AVCUnitTaskAutomataFunnelShotStayShift@GAM@VDK@@|.?AVCUnitTaskAutomataFunnelShiftPos@GAM@VDK@@|.?AVCUnitTaskAutomataFunnel@GAM@VDK@@|.?AVCUnitTaskAutomataRadiconParentActor@GAM@VDK@@|.?AVCUnitTaskAutomataRadicon@GAM@VDK@@|.?AVCUnitTaskAutomataAbstract@GAM@VDK@@
026GNBELT,002NITNGL,001,FunnelSwarm,EXVS2,FunnelSwarm,0x141463228,977,0x230,10,0;2;28;43;69;78;79;81;84;87,0x140929E00,0x140F75740,0x1406A5B30,0x14094F070,0x1406A5980,0x1406A57D0,0x14094E2F0,0x140F82DE0,0x140F82D80,0x140DDCDC0,.?AVCUnitTaskAutomata_026GNBELT_002NITNGL_001_FunnelSwarm@EXVS2@@|.?AVCUnitTaskAutomataFunnelSwarm@GAM@VDK@@|.?AVCUnitTaskAutomataFunnelMawarikomi@GAM@VDK@@|.?AVCUnitTaskAutomataFunnelFly@GAM@VDK@@|.?AVCUnitTaskAutomataFunnel@GAM@VDK@@|.?AVCUnitTaskAutomataRadiconParentActor@GAM@VDK@@|.?AVCUnitTaskAutomataRadicon@GAM@VDK@@|.?AVCUnitTaskAutomataAbstract@GAM@VDK@@
027GN00AW,001QUANTA,001,NormalGNSwordBitAttach,EXVS2,AttachAbstract,0x141463BA8,465,0x210,11,0;2;12;78;79;81;84;88;96;97;98,0x14092A700,0x140F832A0,0x140F83240,0x1406A5170,0x1406A5980,0x1406A57D0,0x14094DD70,0x140F832C0,0x140F831E0,0x140DE1E80,.?AVCUnitTaskAutomata_027GN00AW_001QUANTA_001_NormalGNSwordBitAttach@EXVS2@@|.?AVCUnitTaskAutomataAttachAbstract@GAM@VDK@@|.?AVCUnitTaskAutomataRadiconParentActor@GAM@VDK@@|.?AVCUnitTaskAutomataRadicon@GAM@VDK@@|.?AVCUnitTaskAutomataAbstract@GAM@VDK@@|.?AVCUnitTaskActorProjectileAbstract@GAM@VDK@@|.?AVCUnitTaskActorAbstract@GAM@VDK@@|.?AVCUnitTaskBattleAbstract@GAM@VDK@@
027GN00AW,001QUANTA,001,NormalGNSwordBitAttachWinLose,EXVS2,AttachAbstract,0x141463ED8,465,0x210,11,0;2;12;78;79;81;84;88;96;97;98,0x14092A700,0x140F832A0,0x140F83240,0x1406A5170,0x1406A5980,0x1406A57D0,0x14094DD70,0x140F832C0,0x140F831E0,0x140DE1E80,.?AVCUnitTaskAutomata_027GN00AW_001QUANTA_001_NormalGNSwordBitAttachWinLose@EXVS2@@|.?AVCUnitTaskAutomata_027GN00AW_001QUANTA_001_NormalGNSwordBitAttach@EXVS2@@|.?AVCUnitTaskAutomataAttachAbstract@GAM@VDK@@|.?AVCUnitTaskAutomataRadiconParentActor@GAM@VDK@@|.?AVCUnitTaskAutomataRadicon@GAM@VDK@@|.?AVCUnitTaskAutomataAbstract@GAM@VDK@@|.?AVCUnitTaskActorProjectileAbstract@GAM@VDK@@|.?AVCUnitTaskActorAbstract@GAM@VDK@@
027GN00AW,001QUANTA,001,NormalGNSwordBitFly,EXVS2,FunnelFlySwordPenetrate,0x141465830,977,0x220,17,0;2;12;28;43;52;69;76;78;79;81;84;87;91;96;97;98,0x14092A100,0x140F847D0,0x140F83480,0x14094F070,0x1406A5980,0x1406A57D0,0x14094E100,0x140F84840,0x140F84650,0x140F847F0,.?AVCUnitTaskAutomata_027GN00AW_001QUANTA_001_NormalGNSwordBitFly@EXVS2@@|.?AVCUnitTaskAutomataFunnelFlySwordPenetrate@GAM@VDK@@|.?AVCUnitTaskAutomataFunnelFlySword@GAM@VDK@@|.?AVCUnitTaskAutomataFunnelMawarikomi@GAM@VDK@@|.?AVCUnitTaskAutomataFunnelFly@GAM@VDK@@|.?AVCUnitTaskAutomataFunnel@GAM@VDK@@|.?AVCUnitTaskAutomataRadiconParentActor@GAM@VDK@@|.?AVCUnitTaskAutomataRadicon@GAM@VDK@@
027GN00AW,001QUANTA,001,NormalGNSwordBitFlySword,EXVS2,FunnelFlySword,0x141464208,977,0x220,18,0;2;12;28;43;52;69;76;78;79;81;84;87;88;91;96;97;98,0x14092A700,0x140F834D0,0x140F83480,0x14094F070,0x1406A5980,0x1406A57D0,0x14094E100,0x140F83760,0x140F83320,0x140E2BFD0,.?AVCUnitTaskAutomata_027GN00AW_001QUANTA_001_NormalGNSwordBitFlySword@EXVS2@@|.?AVCUnitTaskAutomataFunnelFlySword@GAM@VDK@@|.?AVCUnitTaskAutomataFunnelMawarikomi@GAM@VDK@@|.?AVCUnitTaskAutomataFunnelFly@GAM@VDK@@|.?AVCUnitTaskAutomataFunnel@GAM@VDK@@|.?AVCUnitTaskAutomataRadiconParentActor@GAM@VDK@@|.?AVCUnitTaskAutomataRadicon@GAM@VDK@@|.?AVCUnitTaskAutomataAbstract@GAM@VDK@@
027GN00AW,001QUANTA,001,NormalGNSwordBitShield,EXVS2,FunnelDefenceFormation,0x141464530,1489,0x210,15,0;2;12;21;28;43;78;79;81;84;91;93;96;97;98,0x14092A660,0x140F83970,0x140F83480,0x14094F080,0x1406A5980,0x1406A57D0,0x14094E0A0,0x140F83990,0x140F83790,0x140E28260,.?AVCUnitTaskAutomata_027GN00AW_001QUANTA_001_NormalGNSwordBitShield@EXVS2@@|.?AVCUnitTaskAutomataFunnelDefenceFormation@GAM@VDK@@|.?AVCUnitTaskAutomataFunnelDefence@GAM@VDK@@|.?AVCUnitTaskAutomataFunnelFlyStick@GAM@VDK@@|.?AVCUnitTaskAutomataFunnelShiftPos@GAM@VDK@@|.?AVCUnitTaskAutomataFunnel@GAM@VDK@@|.?AVCUnitTaskAutomataRadiconParentActor@GAM@VDK@@|.?AVCUnitTaskAutomataRadicon@GAM@VDK@@
027GN00AW,001QUANTA,001,QuantumGNSwordBitAttachDefense,EXVS2,AttachReturn,0x141464B90,465,0x240,9,0;2;78;79;81;84;88;91;95,0x14092A3E0,0x140DE1E40,0x1406A5B30,0x1406A5170,0x1406A5980,0x1406A57D0,0x14094DDB0,0x140F84230,0x140F84080,0x140DE1E80,.?AVCUnitTaskAutomata_027GN00AW_001QUANTA_001_QuantumGNSwordBitAttachDefense@EXVS2@@|.?AVCUnitTaskAutomata_027GN00AW_001QUANTA_001_QuantumGNSwordBitAttachAbstract@EXVS2@@|.?AVCUnitTaskAutomataAttachReturn@GAM@VDK@@|.?AVCUnitTaskAutomataAttach@GAM@VDK@@|.?AVCUnitTaskAutomataAttachAbstract@GAM@VDK@@|.?AVCUnitTaskAutomataRadiconParentActor@GAM@VDK@@|.?AVCUnitTaskAutomataRadicon@GAM@VDK@@|.?AVCUnitTaskAutomataAbstract@GAM@VDK@@
027GN00AW,001QUANTA,001,QuantumGNSwordBitAttachReturn,EXVS2,AttachReturn,0x141464868,465,0x240,9,0;2;78;79;81;84;88;91;95,0x14092A3E0,0x140DE1E40,0x1406A5B30,0x1406A5170,0x1406A5980,0x1406A57D0,0x14094DDB0,0x140F84270,0x140F84080,0x140DE1E80,.?AVCUnitTaskAutomata_027GN00AW_001QUANTA_001_QuantumGNSwordBitAttachReturn@EXVS2@@|.?AVCUnitTaskAutomata_027GN00AW_001QUANTA_001_QuantumGNSwordBitAttachAbstract@EXVS2@@|.?AVCUnitTaskAutomataAttachReturn@GAM@VDK@@|.?AVCUnitTaskAutomataAttach@GAM@VDK@@|.?AVCUnitTaskAutomataAttachAbstract@GAM@VDK@@|.?AVCUnitTaskAutomataRadiconParentActor@GAM@VDK@@|.?AVCUnitTaskAutomataRadicon@GAM@VDK@@|.?AVCUnitTaskAutomataAbstract@GAM@VDK@@
027GN00AW,001QUANTA,001,QuantumGNSwordBitFlySwordNormal,EXVS2,FunnelFlySword,0x141464EB8,977,0x220,13,0;2;28;43;52;69;76;78;79;81;84;87;91,0x14092A100,0x140F75740,0x1406A5B30,0x14094F070,0x1406A5980,0x1406A57D0,0x14094E100,0x140F84480,0x140F842C0,0x140E2BFD0,.?AVCUnitTaskAutomata_027GN00AW_001QUANTA_001_QuantumGNSwordBitFlySwordNormal@EXVS2@@|.?AVCUnitTaskAutomata_027GN00AW_001QUANTA_001_QuantumGNSwordBitFlySwordBase@EXVS2@@|.?AVCUnitTaskAutomataFunnelFlySword@GAM@VDK@@|.?AVCUnitTaskAutomataFunnelMawarikomi@GAM@VDK@@|.?AVCUnitTaskAutomataFunnelFly@GAM@VDK@@|.?AVCUnitTaskAutomataFunnel@GAM@VDK@@|.?AVCUnitTaskAutomataRadiconParentActor@GAM@VDK@@|.?AVCUnitTaskAutomataRadicon@GAM@VDK@@
027GN00AW,001QUANTA,001,QuantumGNSwordBitFlySwordPunch,EXVS2,FunnelFlySword,0x1414651E0,977,0x220,14,0;2;28;43;52;69;73;76;78;79;81;84;87;91,0x14092A100,0x140F75740,0x1406A5B30,0x14094F070,0x1406A5980,0x1406A57D0,0x14094E100,0x140F84480,0x140F84330,0x140E2BFD0,.?AVCUnitTaskAutomata_027GN00AW_001QUANTA_001_QuantumGNSwordBitFlySwordPunch@EXVS2@@|.?AVCUnitTaskAutomata_027GN00AW_001QUANTA_001_QuantumGNSwordBitFlySwordBase@EXVS2@@|.?AVCUnitTaskAutomataFunnelFlySword@GAM@VDK@@|.?AVCUnitTaskAutomataFunnelMawarikomi@GAM@VDK@@|.?AVCUnitTaskAutomataFunnelFly@GAM@VDK@@|.?AVCUnitTaskAutomataFunnel@GAM@VDK@@|.?AVCUnitTaskAutomataRadiconParentActor@GAM@VDK@@|.?AVCUnitTaskAutomataRadicon@GAM@VDK@@
027GN00AW,001QUANTA,001,QuantumGNSwordBitResident,EXVS2,ResidentUnizon,0x141465508,465,0x1C0,8,0;2;12;78;79;81;84;88,0x14092A3E0,0x140F84600,0x140F845B0,0x1406A5170,0x1406A5980,0x1406A57D0,0x14094E400,0x140F84620,0x140F84500,0x140F95870,.?AVCUnitTaskAutomata_027GN00AW_001QUANTA_001_QuantumGNSwordBitResident@EXVS2@@|.?AVCUnitTaskAutomataResidentUnizon@GAM@VDK@@|.?AVCUnitTaskAutomataResident@GAM@VDK@@|.?AVCUnitTaskAutomataRadiconParentActor@GAM@VDK@@|.?AVCUnitTaskAutomataRadicon@GAM@VDK@@|.?AVCUnitTaskAutomataAbstract@GAM@VDK@@|.?AVCUnitTaskActorProjectileAbstract@GAM@VDK@@|.?AVCUnitTaskActorAbstract@GAM@VDK@@
027GN00AW,002RAPHEL,001,AssistSeravee2,EXVS2,SummonTukimatoi,0x14165F8F0,465,0x2A0,21,0;2;12;18;21;30;42;46;52;72;73;76;78;79;80;81;84;87;88;90;91,0x140F84990,0x140E12E30,0x140F84A20,0x1406A5170,0x1406A5980,0x1406A57D0,0x14094E7B0,0x140F84B90,0x140F849D0,0x140F84AC0,.?AVCUnitTaskAutomata_027GN00AW_002RAPHEL_001_AssistSeravee2@EXVS2@@|.?AVCUnitTaskAutomataSummonTukimatoi@GAM@VDK@@|.?AVCUnitTaskAutomataSummon@GAM@VDK@@|.?AVCUnitTaskAutomataRadiconParentActor@GAM@VDK@@|.?AVCUnitTaskAutomataRadicon@GAM@VDK@@|.?AVCUnitTaskAutomataAbstract@GAM@VDK@@|.?AVCUnitTaskActorProjectileAbstract@GAM@VDK@@|.?AVCUnitTaskActorAbstract@GAM@VDK@@
027GN00AW,002RAPHEL,001,ClawPunch,EXVS2,ThrowReturn,0x14165FD08,465,0x1C0,13,0;2;12;22;76;78;79;81;84;87;88;90;91,0x140F84C30,0x140F84CD0,0x140E24650,0x1406A5170,0x1406A5980,0x1406A57D0,0x14094E8C0,0x140F84D70,0x140F84C70,0x140DDCAC0,.?AVCUnitTaskAutomata_027GN00AW_002RAPHEL_001_ClawPunch@EXVS2@@|.?AVCUnitTaskAutomataThrowReturn@GAM@VDK@@|.?AVCUnitTaskAutomataThrow@GAM@VDK@@|.?AVCUnitTaskAutomataRadiconParentActor@GAM@VDK@@|.?AVCUnitTaskAutomataRadicon@GAM@VDK@@|.?AVCUnitTaskAutomataAbstract@GAM@VDK@@|.?AVCUnitTaskActorProjectileAbstract@GAM@VDK@@|.?AVCUnitTaskActorAbstract@GAM@VDK@@
027GN00AW,002RAPHEL,001,FunnelFly,EXVS2,FunnelFlySword,0x141660108,977,0x220,14,0;2;12;28;43;52;69;76;78;79;81;84;87;90,0x140F84DE0,0x140F88A60,0x140E24650,0x14094F070,0x1406A5980,0x1406A57D0,0x14094E100,0x140F84EC0,0x140F84E20,0x140E2BFD0,.?AVCUnitTaskAutomata_027GN00AW_002RAPHEL_001_FunnelFly@EXVS2@@|.?AVCUnitTaskAutomataFunnelFlySword@GAM@VDK@@|.?AVCUnitTaskAutomataFunnelMawarikomi@GAM@VDK@@|.?AVCUnitTaskAutomataFunnelFly@GAM@VDK@@|.?AVCUnitTaskAutomataFunnel@GAM@VDK@@|.?AVCUnitTaskAutomataRadiconParentActor@GAM@VDK@@|.?AVCUnitTaskAutomataRadicon@GAM@VDK@@|.?AVCUnitTaskAutomataAbstract@GAM@VDK@@
027GN00AW,002RAPHEL,001,GNBazookaPorori,EXVS2,FreeFall,0x141465B60,465,0x1C0,10,0;2;22;25;49;78;79;81;84;89,0x14092A3E0,0x140F76310,0x1406A5B30,0x1406A5170,0x1406A5980,0x1406A57D0,0x14094DF60,0x140DDC8C0,0x140F387C0,0x140DDC890,.?AVCUnitTaskAutomata_027GN00AW_002RAPHEL_001_GNBazookaPorori@EXVS2@@|.?AVCUnitTaskAutomata_000COMMON_000COMMON_001_FreeFall@EXVS2@@|.?AVCUnitTaskAutomataFreeFall@GAM@VDK@@|.?AVCUnitTaskAutomataRadiconParentActor@GAM@VDK@@|.?AVCUnitTaskAutomataRadicon@GAM@VDK@@|.?AVCUnitTaskAutomataAbstract@GAM@VDK@@|.?AVCUnitTaskActorProjectileAbstract@GAM@VDK@@|.?AVCUnitTaskActorAbstract@GAM@VDK@@
027GN00AW,003BRAVCT,001,AssistBraveRushShot,EXVS2,SummonRushShot,0x141468510,465,0x2F0,19,0;2;12;18;21;30;42;46;69;72;73;78;79;80;81;84;87;88;90,0x14092A310,0x140F76670,0x140DE1770,0x1406A5170,0x1406A5980,0x1406A57D0,0x14094E6F0,0x140F88C30,0x140F88AE0,0x140F4E9D0,.?AVCUnitTaskAutomata_027GN00AW_003BRAVCT_001_AssistBraveRushShot@EXVS2@@|.?AVCUnitTaskAutomataSummonRushShot@GAM@VDK@@|.?AVCUnitTaskAutomataSummonRush@GAM@VDK@@|.?AVCUnitTaskAutomataSummon@GAM@VDK@@|.?AVCUnitTaskAutomataRadiconParentActor@GAM@VDK@@|.?AVCUnitTaskAutomataRadicon@GAM@VDK@@|.?AVCUnitTaskAutomataAbstract@GAM@VDK@@|.?AVCUnitTaskActorProjectileAbstract@GAM@VDK@@
027GN00AW,003BRAVCT,001,AttachChangeSaber,EXVS2,Attach,0x141468858,465,0x220,9,0;2;78;79;81;84;88;89;91,0x14092A3E0,0x140F88D10,0x1406A5B30,0x1406A5170,0x1406A5980,0x1406A57D0,0x14094DD20,0x140F88EA0,0x140F88C60,0x140DE1E80,.?AVCUnitTaskAutomata_027GN00AW_003BRAVCT_001_AttachChangeSaber@EXVS2@@|.?AVCUnitTaskAutomataAttach@GAM@VDK@@|.?AVCUnitTaskAutomataAttachAbstract@GAM@VDK@@|.?AVCUnitTaskAutomataRadiconParentActor@GAM@VDK@@|.?AVCUnitTaskAutomataRadicon@GAM@VDK@@|.?AVCUnitTaskAutomataAbstract@GAM@VDK@@|.?AVCUnitTaskActorProjectileAbstract@GAM@VDK@@|.?AVCUnitTaskActorAbstract@GAM@VDK@@
027GN00AW,004QUNTFS,001,AttachChangeEnd,EXVS2,AttachAbstract,0x141468B80,465,0x210,11,0;2;12;78;79;81;84;88;96;97;98,0x14092A3E0,0x140F88D10,0x140E24650,0x1406A5170,0x1406A5980,0x1406A57D0,0x14094DD70,0x140F88FC0,0x140F88F00,0x140DE1E80,.?AVCUnitTaskAutomata_027GN00AW_004QUNTFS_001_AttachChangeEnd@EXVS2@@|.?AVCUnitTaskAutomataAttachAbstract@GAM@VDK@@|.?AVCUnitTaskAutomataRadiconParentActor@GAM@VDK@@|.?AVCUnitTaskAutomataRadicon@GAM@VDK@@|.?AVCUnitTaskAutomataAbstract@GAM@VDK@@|.?AVCUnitTaskActorProjectileAbstract@GAM@VDK@@|.?AVCUnitTaskActorAbstract@GAM@VDK@@|.?AVCUnitTaskBattleAbstract@GAM@VDK@@
027GN00AW,004QUNTFS,001,FunnelSheild,EXVS2,FunnelDefenceFormation,0x141468EB8,1489,0x210,15,0;2;12;21;28;43;78;79;81;84;91;93;96;97;98,0x14092A660,0x140E06020,0x140E24650,0x14094F080,0x1406A5980,0x1406A57D0,0x14094E0A0,0x140F892E0,0x140F89030,0x140E28260,.?AVCUnitTaskAutomata_027GN00AW_004QUNTFS_001_FunnelSheild@EXVS2@@|.?AVCUnitTaskAutomataFunnelDefenceFormation@GAM@VDK@@|.?AVCUnitTaskAutomataFunnelDefence@GAM@VDK@@|.?AVCUnitTaskAutomataFunnelFlyStick@GAM@VDK@@|.?AVCUnitTaskAutomataFunnelShiftPos@GAM@VDK@@|.?AVCUnitTaskAutomataFunnel@GAM@VDK@@|.?AVCUnitTaskAutomataRadiconParentActor@GAM@VDK@@|.?AVCUnitTaskAutomataRadicon@GAM@VDK@@
027GN00AW,004QUNTFS,001,ThrowGunBlade,EXVS2,Throw,0x141469200,465,0x1C0,12,0;2;12;22;76;78;79;81;84;87;88;91,0x14092A3E0,0x140F76310,0x140F89630,0x1406A5170,0x1406A5980,0x1406A57D0,0x14094E8C0,0x140F896C0,0x140F895E0,0x140F89640,.?AVCUnitTaskAutomata_027GN00AW_004QUNTFS_001_ThrowGunBlade@EXVS2@@|.?AVCUnitTaskAutomata_027GN00AW_004QUNTFS_001_ThrowAbstract@EXVS2@@|.?AVCUnitTaskAutomataThrow@GAM@VDK@@|.?AVCUnitTaskAutomataRadiconParentActor@GAM@VDK@@|.?AVCUnitTaskAutomataRadicon@GAM@VDK@@|.?AVCUnitTaskAutomataAbstract@GAM@VDK@@|.?AVCUnitTaskActorProjectileAbstract@GAM@VDK@@|.?AVCUnitTaskActorAbstract@GAM@VDK@@
027GN00AW,004QUNTFS,001,ThrowKatar,EXVS2,Throw,0x141469528,465,0x1C0,12,0;2;12;22;76;78;79;81;84;87;88;91,0x14092A3E0,0x140F76310,0x140F89630,0x1406A5170,0x1406A5980,0x1406A57D0,0x14094E8C0,0x140F896C0,0x140F895E0,0x140F89640,.?AVCUnitTaskAutomata_027GN00AW_004QUNTFS_001_ThrowKatar@EXVS2@@|.?AVCUnitTaskAutomata_027GN00AW_004QUNTFS_001_ThrowAbstract@EXVS2@@|.?AVCUnitTaskAutomataThrow@GAM@VDK@@|.?AVCUnitTaskAutomataRadiconParentActor@GAM@VDK@@|.?AVCUnitTaskAutomataRadicon@GAM@VDK@@|.?AVCUnitTaskAutomataAbstract@GAM@VDK@@|.?AVCUnitTaskActorProjectileAbstract@GAM@VDK@@|.?AVCUnitTaskActorAbstract@GAM@VDK@@
027GN00AW,004QUNTFS,001,WideCutter,EXVS2,ThrowBlade,0x141469850,465,0x1D0,11,0;2;22;76;78;79;81;84;87;88;89,0x14092A100,0x140DDE490,0x1406A5B30,0x1406A5170,0x1406A5980,0x1406A57D0,0x14094E910,0x140F897B0,0x140F89760,0x140F41EF0,.?AVCUnitTaskAutomata_027GN00AW_004QUNTFS_001_WideCutter@EXVS2@@|.?AVCUnitTaskAutomataThrowBlade@GAM@VDK@@|.?AVCUnitTaskAutomataThrow@GAM@VDK@@|.?AVCUnitTaskAutomataRadiconParentActor@GAM@VDK@@|.?AVCUnitTaskAutomataRadicon@GAM@VDK@@|.?AVCUnitTaskAutomataAbstract@GAM@VDK@@|.?AVCUnitTaskActorProjectileAbstract@GAM@VDK@@|.?AVCUnitTaskActorAbstract@GAM@VDK@@
027GN00AW,005ZABNYA,001,AttachChangeDockingSummonWinlose,EXVS2,AttachAbstract,0x141467B88,465,0x210,11,0;2;12;78;79;81;84;88;96;97;98,0x14092A3E0,0x140F88600,0x140E24650,0x1406A5170,0x1406A5980,0x1406A57D0,0x14094DD70,0x140F88650,0x140DE1DA0,0x140DE1E80,.?AVCUnitTaskAutomata_027GN00AW_005ZABNYA_001_AttachChangeDockingSummonWinlose@EXVS2@@|.?AVCUnitTaskAutomataAttachAbstract@GAM@VDK@@|.?AVCUnitTaskAutomataRadiconParentActor@GAM@VDK@@|.?AVCUnitTaskAutomataRadicon@GAM@VDK@@|.?AVCUnitTaskAutomataAbstract@GAM@VDK@@|.?AVCUnitTaskActorProjectileAbstract@GAM@VDK@@|.?AVCUnitTaskActorAbstract@GAM@VDK@@|.?AVCUnitTaskBattleAbstract@GAM@VDK@@
027GN00AW,005ZABNYA,001,AttachChangeDockingWinlose,EXVS2,AttachAbstract,0x141467EB0,465,0x210,11,0;2;12;78;79;81;84;88;96;97;98,0x14092A3E0,0x140F88600,0x140E24650,0x1406A5170,0x1406A5980,0x1406A57D0,0x14094DD70,0x140F88930,0x140DE1DA0,0x140DE1E80,.?AVCUnitTaskAutomata_027GN00AW_005ZABNYA_001_AttachChangeDockingWinlose@EXVS2@@|.?AVCUnitTaskAutomataAttachAbstract@GAM@VDK@@|.?AVCUnitTaskAutomataRadiconParentActor@GAM@VDK@@|.?AVCUnitTaskAutomataRadicon@GAM@VDK@@|.?AVCUnitTaskAutomataAbstract@GAM@VDK@@|.?AVCUnitTaskActorProjectileAbstract@GAM@VDK@@|.?AVCUnitTaskActorAbstract@GAM@VDK@@|.?AVCUnitTaskBattleAbstract@GAM@VDK@@
027GN00AW,005ZABNYA,001,AttachChangeDocking_Holster,EXVS2,AttachReturnCancelReturn,0x1414671B0,465,0x220,11,0;2;12;78;79;81;84;88;96;97;98,0x14092A700,0x140F85EC0,0x140E24650,0x1406A5170,0x1406A5980,0x1406A57D0,0x14094ED50,0x140F86F70,0x140F85E60,0x140DE1E80,.?AVCUnitTaskAutomata_027GN00AW_005ZABNYA_001_AttachChangeDocking_Holster@EXVS2@@|.?AVCUnitTaskAutomata_027GN00AW_005ZABNYA_001_AttachChangeDockingAbstract@EXVS2@@|.?AVCUnitTaskAutomataAttachReturnCancelReturn@GAM@VDK@@|.?AVCUnitTaskAutomataAttachAbstract@GAM@VDK@@|.?AVCUnitTaskAutomataRadiconParentActor@GAM@VDK@@|.?AVCUnitTaskAutomataRadicon@GAM@VDK@@|.?AVCUnitTaskAutomataAbstract@GAM@VDK@@|.?AVCUnitTaskActorProjectileAbstract@GAM@VDK@@
027GN00AW,005ZABNYA,001,AttachChangeDocking_Rifle,EXVS2,AttachReturnCancelReturn,0x1414674E8,465,0x220,11,0;2;12;78;79;81;84;88;96;97;98,0x14092A700,0x140F85EC0,0x140E24650,0x1406A5170,0x1406A5980,0x1406A57D0,0x14094ED50,0x140F87880,0x140F85E60,0x140DE1E80,.?AVCUnitTaskAutomata_027GN00AW_005ZABNYA_001_AttachChangeDocking_Rifle@EXVS2@@|.?AVCUnitTaskAutomata_027GN00AW_005ZABNYA_001_AttachChangeDockingAbstract@EXVS2@@|.?AVCUnitTaskAutomataAttachReturnCancelReturn@GAM@VDK@@|.?AVCUnitTaskAutomataAttachAbstract@GAM@VDK@@|.?AVCUnitTaskAutomataRadiconParentActor@GAM@VDK@@|.?AVCUnitTaskAutomataRadicon@GAM@VDK@@|.?AVCUnitTaskAutomataAbstract@GAM@VDK@@|.?AVCUnitTaskActorProjectileAbstract@GAM@VDK@@
027GN00AW,005ZABNYA,001,AttachChangeEnd,EXVS2,AttachAbstract,0x141467820,465,0x210,11,0;2;12;78;79;81;84;88;96;97;98,0x14092A700,0x140F88410,0x140E24650,0x1406A5170,0x1406A5980,0x1406A57D0,0x14094DD70,0x140F88460,0x140F878D0,0x140DE1E80,.?AVCUnitTaskAutomata_027GN00AW_005ZABNYA_001_AttachChangeEnd@EXVS2@@|.?AVCUnitTaskAutomataAttachAbstract@GAM@VDK@@|.?AVCUnitTaskAutomataRadiconParentActor@GAM@VDK@@|.?AVCUnitTaskAutomataRadicon@GAM@VDK@@|.?AVCUnitTaskAutomataAbstract@GAM@VDK@@|.?AVCUnitTaskActorProjectileAbstract@GAM@VDK@@|.?AVCUnitTaskActorAbstract@GAM@VDK@@|.?AVCUnitTaskBattleAbstract@GAM@VDK@@
027GN00AW,005ZABNYA,001,FunnelAttachChangeAutomata,EXVS2,AttachToRadicon,0x141466E78,465,0x1D0,7,0;2;12;78;79;81;84,0x14092A3E0,0x140F85AF0,0x140E24650,0x1406A5170,0x1406A5980,0x1406A57D0,0x14094DE40,0x140F85DD0,0x140F85900,0x140E28260,.?AVCUnitTaskAutomata_027GN00AW_005ZABNYA_001_FunnelAttachChangeAutomata@EXVS2@@|.?AVCUnitTaskAutomataAttachToRadicon@GAM@VDK@@|.?AVCUnitTaskAutomataRadiconParentActor@GAM@VDK@@|.?AVCUnitTaskAutomataRadicon@GAM@VDK@@|.?AVCUnitTaskAutomataAbstract@GAM@VDK@@|.?AVCUnitTaskActorProjectileAbstract@GAM@VDK@@|.?AVCUnitTaskActorAbstract@GAM@VDK@@|.?AVCUnitTaskBattleAbstract@GAM@VDK@@
027GN00AW,005ZABNYA,001,FunnelMateDefense,EXVS2,FunnelDefenceFormation,0x1414664D8,1489,0x210,14,0;2;12;28;43;78;79;81;84;91;93;96;97;98,0x140929E00,0x140F88A60,0x140E24650,0x14094F080,0x1406A5980,0x1406A57D0,0x14094E0A0,0x140F85660,0x140F85690,0x140E28260,.?AVCUnitTaskAutomata_027GN00AW_005ZABNYA_001_FunnelMateDefense@EXVS2@@|.?AVCUnitTaskAutomata_027GN00AW_005ZABNYA_001_FunnelDefenseCommon@EXVS2@@|.?AVCUnitTaskAutomataFunnelDefenceFormation@GAM@VDK@@|.?AVCUnitTaskAutomataFunnelDefence@GAM@VDK@@|.?AVCUnitTaskAutomataFunnelFlyStick@GAM@VDK@@|.?AVCUnitTaskAutomataFunnelShiftPos@GAM@VDK@@|.?AVCUnitTaskAutomataFunnel@GAM@VDK@@|.?AVCUnitTaskAutomataRadiconParentActor@GAM@VDK@@
027GN00AW,005ZABNYA,001,FunnelSelfdefense,EXVS2,FunnelDefenceFormation,0x141466810,1489,0x210,14,0;2;12;28;43;78;79;81;84;91;93;96;97;98,0x140929E00,0x140F88A60,0x140E24650,0x14094F080,0x1406A5980,0x1406A57D0,0x14094E0A0,0x140F85660,0x140F85700,0x140E28260,.?AVCUnitTaskAutomata_027GN00AW_005ZABNYA_001_FunnelSelfdefense@EXVS2@@|.?AVCUnitTaskAutomata_027GN00AW_005ZABNYA_001_FunnelDefenseCommon@EXVS2@@|.?AVCUnitTaskAutomataFunnelDefenceFormation@GAM@VDK@@|.?AVCUnitTaskAutomataFunnelDefence@GAM@VDK@@|.?AVCUnitTaskAutomataFunnelFlyStick@GAM@VDK@@|.?AVCUnitTaskAutomataFunnelShiftPos@GAM@VDK@@|.?AVCUnitTaskAutomataFunnel@GAM@VDK@@|.?AVCUnitTaskAutomataRadiconParentActor@GAM@VDK@@
027GN00AW,005ZABNYA,001,FunnelTukimatoi,EXVS2,FunnelTukimatoi_ShotOrder,0x1414661B0,977,0x230,11,0;2;12;28;43;69;78;79;81;84;88,0x14092A700,0x140F85350,0x140E24650,0x14094F070,0x1406A5980,0x1406A57D0,0x14094E170,0x140F85630,0x140F852D0,0x140DDCDC0,.?AVCUnitTaskAutomata_027GN00AW_005ZABNYA_001_FunnelTukimatoi@EXVS2@@|.?AVCUnitTaskAutomataFunnelTukimatoi_ShotOrder@GAM@VDK@@|.?AVCUnitTaskAutomataFunnelMawarikomi_ShotOrder@GAM@VDK@@|.?AVCUnitTaskAutomataFunnelShotImmediate@GAM@VDK@@|.?AVCUnitTaskAutomataFunnelMawarikomi@GAM@VDK@@|.?AVCUnitTaskAutomataFunnelFly@GAM@VDK@@|.?AVCUnitTaskAutomataFunnel@GAM@VDK@@|.?AVCUnitTaskAutomataRadiconParentActor@GAM@VDK@@
027GN00AW,005ZABNYA,001,FunnelTukimatoiWinlose,EXVS2,FunnelTukimatoi_ShotOrder,0x1414681E8,977,0x230,11,0;2;12;28;43;69;78;79;81;84;88,0x14092A700,0x140F88A60,0x140F88A20,0x14094F070,0x1406A5980,0x1406A57D0,0x14094E170,0x140F88AB0,0x140F889B0,0x140DDCDC0,.?AVCUnitTaskAutomata_027GN00AW_005ZABNYA_001_FunnelTukimatoiWinlose@EXVS2@@|.?AVCUnitTaskAutomataFunnelTukimatoi_ShotOrder@GAM@VDK@@|.?AVCUnitTaskAutomataFunnelMawarikomi_ShotOrder@GAM@VDK@@|.?AVCUnitTaskAutomataFunnelShotImmediate@GAM@VDK@@|.?AVCUnitTaskAutomataFunnelMawarikomi@GAM@VDK@@|.?AVCUnitTaskAutomataFunnelFly@GAM@VDK@@|.?AVCUnitTaskAutomataFunnel@GAM@VDK@@|.?AVCUnitTaskAutomataRadiconParentActor@GAM@VDK@@
027GN00AW,005ZABNYA,001,Funnel_Fly,EXVS2,FunnelMawarikomiMultipleShot,0x141465E88,977,0x220,12,0;2;12;28;43;69;78;79;81;84;87;88,0x14092A100,0x140F84FA0,0x140E24650,0x14094F070,0x1406A5980,0x1406A57D0,0x14094E9E0,0x140F85280,0x140F84F40,0x140DDCDC0,.?AVCUnitTaskAutomata_027GN00AW_005ZABNYA_001_Funnel_Fly@EXVS2@@|.?AVCUnitTaskAutomataFunnelMawarikomiMultipleShot@GAM@VDK@@|.?AVCUnitTaskAutomataFunnelMawarikomi@GAM@VDK@@|.?AVCUnitTaskAutomataFunnelFly@GAM@VDK@@|.?AVCUnitTaskAutomataFunnel@GAM@VDK@@|.?AVCUnitTaskAutomataRadiconParentActor@GAM@VDK@@|.?AVCUnitTaskAutomataRadicon@GAM@VDK@@|.?AVCUnitTaskAutomataAbstract@GAM@VDK@@
027GN00AW,005ZABNYA,001,TransparentShooter,EXVS2,SummonRushShot,0x141466B48,465,0x2F0,19,0;2;12;18;21;30;42;46;69;72;73;78;79;80;81;84;87;88;90,0x14092A310,0x140F85880,0x140E25CD0,0x1406A5170,0x1406A5980,0x1406A57D0,0x14094E6F0,0x140F858D0,0x140F85770,0x140F62E20,.?AVCUnitTaskAutomata_027GN00AW_005ZABNYA_001_TransparentShooter@EXVS2@@|.?AVCUnitTaskAutomataSummonRushShot@GAM@VDK@@|.?AVCUnitTaskAutomataSummonRush@GAM@VDK@@|.?AVCUnitTaskAutomataSummon@GAM@VDK@@|.?AVCUnitTaskAutomataRadiconParentActor@GAM@VDK@@|.?AVCUnitTaskAutomataRadicon@GAM@VDK@@|.?AVCUnitTaskAutomataAbstract@GAM@VDK@@|.?AVCUnitTaskActorProjectileAbstract@GAM@VDK@@
027GN00AW,006HARUTE,001,ContainerPurge,EXVS2,FreeFall_Interaction,0x14146B4E8,465,0x1C0,10,0;2;22;49;78;79;81;84;87;89,0x14092A3E0,0x140F75740,0x1406A5B30,0x1406A5170,0x1406A5980,0x1406A57D0,0x14094DF60,0x140F89F70,0x140DDCD60,0x140F40ED0,.?AVCUnitTaskAutomata_027GN00AW_006HARUTE_001_ContainerPurge@EXVS2@@|.?AVCUnitTaskAutomataFreeFall_Interaction@GAM@VDK@@|.?AVCUnitTaskAutomataRadiconParentActor@GAM@VDK@@|.?AVCUnitTaskAutomataRadicon@GAM@VDK@@|.?AVCUnitTaskAutomataAbstract@GAM@VDK@@|.?AVCUnitTaskActorProjectileAbstract@GAM@VDK@@|.?AVCUnitTaskActorAbstract@GAM@VDK@@|.?AVCUnitTaskBattleAbstract@GAM@VDK@@
027GN00AW,006HARUTE,001,DiscreteBaseGNMissile,EXVS2,Throw,0x14146AE98,465,0x1C0,10,0;2;22;76;78;79;81;84;87;88,0x14092A3E0,0x140F89DA0,0x1406A5B30,0x1406A5170,0x1406A5980,0x1406A57D0,0x14094E8C0,0x140F89E50,0x140DDC8E0,0x140F41EF0,.?AVCUnitTaskAutomata_027GN00AW_006HARUTE_001_DiscreteBaseGNMissile@EXVS2@@|.?AVCUnitTaskAutomataThrow@GAM@VDK@@|.?AVCUnitTaskAutomataRadiconParentActor@GAM@VDK@@|.?AVCUnitTaskAutomataRadicon@GAM@VDK@@|.?AVCUnitTaskAutomataAbstract@GAM@VDK@@|.?AVCUnitTaskActorProjectileAbstract@GAM@VDK@@|.?AVCUnitTaskActorAbstract@GAM@VDK@@|.?AVCUnitTaskBattleAbstract@GAM@VDK@@
027GN00AW,006HARUTE,001,FunnelFlySword,EXVS2,FunnelFlySword,0x141469B78,977,0x220,15,0;2;12;28;43;52;69;76;78;79;81;84;87;88;91,0x14092A700,0x140E37A90,0x140F899A0,0x14094F070,0x1406A5980,0x1406A57D0,0x14094E100,0x140F898B0,0x140F897D0,0x140E2BFD0,.?AVCUnitTaskAutomata_027GN00AW_006HARUTE_001_FunnelFlySword@EXVS2@@|.?AVCUnitTaskAutomataFunnelFlySword@GAM@VDK@@|.?AVCUnitTaskAutomataFunnelMawarikomi@GAM@VDK@@|.?AVCUnitTaskAutomataFunnelFly@GAM@VDK@@|.?AVCUnitTaskAutomataFunnel@GAM@VDK@@|.?AVCUnitTaskAutomataRadiconParentActor@GAM@VDK@@|.?AVCUnitTaskAutomataRadicon@GAM@VDK@@|.?AVCUnitTaskAutomataAbstract@GAM@VDK@@
027GN00AW,006HARUTE,001,FunnelFlySwordHissatsu_1,EXVS2,FunnelFlySword,0x141469EA0,977,0x220,15,0;2;12;28;43;52;69;76;78;79;81;84;87;88;91,0x14092A700,0x140E37A90,0x140F899A0,0x14094F070,0x1406A5980,0x1406A57D0,0x14094E100,0x140F899F0,0x140F898F0,0x140E2BFD0,.?AVCUnitTaskAutomata_027GN00AW_006HARUTE_001_FunnelFlySwordHissatsu_1@EXVS2@@|.?AVCUnitTaskAutomataFunnelFlySword@GAM@VDK@@|.?AVCUnitTaskAutomataFunnelMawarikomi@GAM@VDK@@|.?AVCUnitTaskAutomataFunnelFly@GAM@VDK@@|.?AVCUnitTaskAutomataFunnel@GAM@VDK@@|.?AVCUnitTaskAutomataRadiconParentActor@GAM@VDK@@|.?AVCUnitTaskAutomataRadicon@GAM@VDK@@|.?AVCUnitTaskAutomataAbstract@GAM@VDK@@
027GN00AW,006HARUTE,001,FunnelFlySwordHissatsu_2,EXVS2,FunnelFlySword,0x14146A1C8,977,0x220,15,0;2;12;28;43;52;69;76;78;79;81;84;87;88;91,0x14092A700,0x140E37A90,0x140F899A0,0x14094F070,0x1406A5980,0x1406A57D0,0x14094E100,0x140F89AF0,0x140F89A40,0x140E2BFD0,.?AVCUnitTaskAutomata_027GN00AW_006HARUTE_001_FunnelFlySwordHissatsu_2@EXVS2@@|.?AVCUnitTaskAutomataFunnelFlySword@GAM@VDK@@|.?AVCUnitTaskAutomataFunnelMawarikomi@GAM@VDK@@|.?AVCUnitTaskAutomataFunnelFly@GAM@VDK@@|.?AVCUnitTaskAutomataFunnel@GAM@VDK@@|.?AVCUnitTaskAutomataRadiconParentActor@GAM@VDK@@|.?AVCUnitTaskAutomataRadicon@GAM@VDK@@|.?AVCUnitTaskAutomataAbstract@GAM@VDK@@
027GN00AW,006HARUTE,001,GNMissileVertical,EXVS2,Throw,0x14146B1C0,465,0x1C0,10,0;22;52;76;78;79;81;84;87;88,0x14092A3E0,0x1406A5BA0,0x1406A5B30,0x1406A5170,0x1406A5980,0x1406A57D0,0x14094E8C0,0x140F89F50,0x140F89EE0,0x140DDCAC0,.?AVCUnitTaskAutomata_027GN00AW_006HARUTE_001_GNMissileVertical@EXVS2@@|.?AVCUnitTaskAutomataThrow@GAM@VDK@@|.?AVCUnitTaskAutomataRadiconParentActor@GAM@VDK@@|.?AVCUnitTaskAutomataRadicon@GAM@VDK@@|.?AVCUnitTaskAutomataAbstract@GAM@VDK@@|.?AVCUnitTaskActorProjectileAbstract@GAM@VDK@@|.?AVCUnitTaskActorAbstract@GAM@VDK@@|.?AVCUnitTaskBattleAbstract@GAM@VDK@@
027GN00AW,006HARUTE,001,StickerScissorLaunch,EXVS2,StickerLaunchBone,0x14146A4F0,465,0x1C0,9,0;2;12;78;79;81;84;88;91,0x14092A700,0x140DDD100,0x140F899A0,0x1406A5170,0x1406A5980,0x1406A57D0,0x14094E4D0,0x140F89BC0,0x140F89B40,0x140E28260,.?AVCUnitTaskAutomata_027GN00AW_006HARUTE_001_StickerScissorLaunch@EXVS2@@|.?AVCUnitTaskAutomataStickerLaunchBone@GAM@VDK@@|.?AVCUnitTaskAutomataSticker@GAM@VDK@@|.?AVCUnitTaskAutomataRadiconParentActor@GAM@VDK@@|.?AVCUnitTaskAutomataRadicon@GAM@VDK@@|.?AVCUnitTaskAutomataAbstract@GAM@VDK@@|.?AVCUnitTaskActorProjectileAbstract@GAM@VDK@@|.?AVCUnitTaskActorAbstract@GAM@VDK@@
027GN00AW,006HARUTE,001,StickerScissorWinNormal,EXVS2,StickerLaunchBone,0x14146A828,465,0x1C0,8,0;2;78;79;81;84;88;91,0x14092A700,0x140DDD100,0x1406A5B30,0x1406A5170,0x1406A5980,0x1406A57D0,0x14094E4D0,0x140F89D10,0x140F89BF0,0x140E28260,.?AVCUnitTaskAutomata_027GN00AW_006HARUTE_001_StickerScissorWinNormal@EXVS2@@|.?AVCUnitTaskAutomataStickerLaunchBone@GAM@VDK@@|.?AVCUnitTaskAutomataSticker@GAM@VDK@@|.?AVCUnitTaskAutomataRadiconParentActor@GAM@VDK@@|.?AVCUnitTaskAutomataRadicon@GAM@VDK@@|.?AVCUnitTaskAutomataAbstract@GAM@VDK@@|.?AVCUnitTaskActorProjectileAbstract@GAM@VDK@@|.?AVCUnitTaskActorAbstract@GAM@VDK@@
027GN00AW,006HARUTE,001,StickerScissorWinTransam,EXVS2,StickerLaunchBone,0x14146AB60,465,0x1C0,9,0;2;12;78;79;81;84;88;91,0x14092A700,0x140DDD100,0x140F56A60,0x1406A5170,0x1406A5980,0x1406A57D0,0x14094E4D0,0x140F89D10,0x140F89D40,0x140E28260,.?AVCUnitTaskAutomata_027GN00AW_006HARUTE_001_StickerScissorWinTransam@EXVS2@@|.?AVCUnitTaskAutomataStickerLaunchBone@GAM@VDK@@|.?AVCUnitTaskAutomataSticker@GAM@VDK@@|.?AVCUnitTaskAutomataRadiconParentActor@GAM@VDK@@|.?AVCUnitTaskAutomataRadicon@GAM@VDK@@|.?AVCUnitTaskAutomataAbstract@GAM@VDK@@|.?AVCUnitTaskActorProjectileAbstract@GAM@VDK@@|.?AVCUnitTaskActorAbstract@GAM@VDK@@
028GUNWTV,002EPYON0,001,AssistVirgo,EXVS2,SummonDefence,0x14146B810,465,0x290,19,0;2;18;21;30;42;46;72;73;78;79;80;81;84;86;87;88;89;90,0x14092A700,0x140DE1070,0x1406A5B30,0x1406A5170,0x1406A5980,0x1406A57D0,0x14094E520,0x140F8A2B0,0x140F89FA0,0x140E184F0,.?AVCUnitTaskAutomata_028GUNWTV_002EPYON0_001_AssistVirgo@EXVS2@@|.?AVCUnitTaskAutomataSummonDefence@GAM@VDK@@|.?AVCUnitTaskAutomataSummon@GAM@VDK@@|.?AVCUnitTaskAutomataRadiconParentActor@GAM@VDK@@|.?AVCUnitTaskAutomataRadicon@GAM@VDK@@|.?AVCUnitTaskAutomataAbstract@GAM@VDK@@|.?AVCUnitTaskActorProjectileAbstract@GAM@VDK@@|.?AVCUnitTaskActorAbstract@GAM@VDK@@
028GUNWTV,009ALTRTV,001,BoomerangSpline,EXVS2,BoomerangSpline,0x14146BB40,465,0x1C0,12,0;2;12;73;78;79;81;84;87;88;89;91,0x14092A700,0x140F8A350,0x140DDD470,0x1406A5170,0x1406A5980,0x1406A57D0,0x14094DF10,0x140F3BB00,0x140F8A2F0,0x140F8A390,.?AVCUnitTaskAutomata_028GUNWTV_009ALTRTV_001_BoomerangSpline@EXVS2@@|.?AVCUnitTaskAutomataBoomerangSpline@GAM@VDK@@|.?AVCUnitTaskAutomataBoomerang@GAM@VDK@@|.?AVCUnitTaskAutomataRadiconParentActor@GAM@VDK@@|.?AVCUnitTaskAutomataRadicon@GAM@VDK@@|.?AVCUnitTaskAutomataAbstract@GAM@VDK@@|.?AVCUnitTaskActorProjectileAbstract@GAM@VDK@@|.?AVCUnitTaskActorAbstract@GAM@VDK@@
028GUNWTV,009ALTRTV,001,BoomerangStraight,EXVS2,Boomerang,0x14146BE68,465,0x1C0,11,0;12;73;78;79;81;84;87;88;89;91,0x14092A700,0x1406A5BA0,0x140DDD470,0x1406A5170,0x1406A5980,0x1406A57D0,0x14094DF10,0x140E04660,0x140F8A400,0x140F8A460,.?AVCUnitTaskAutomata_028GUNWTV_009ALTRTV_001_BoomerangStraight@EXVS2@@|.?AVCUnitTaskAutomataBoomerang@GAM@VDK@@|.?AVCUnitTaskAutomataRadiconParentActor@GAM@VDK@@|.?AVCUnitTaskAutomataRadicon@GAM@VDK@@|.?AVCUnitTaskAutomataAbstract@GAM@VDK@@|.?AVCUnitTaskActorProjectileAbstract@GAM@VDK@@|.?AVCUnitTaskActorAbstract@GAM@VDK@@|.?AVCUnitTaskBattleAbstract@GAM@VDK@@
028GUNWTV,009ALTRTV,001,HandAnchor,EXVS2,Anchor,0x14146C4B8,465,0x1E0,11,0;2;11;12;18;23;73;78;79;81;84,0x14092A700,0x140DE0460,0x140DE01B0,0x1406A5170,0x1406A5980,0x1406A57D0,0x14094DC60,0x140F8A890,0x140DE0130,0x140F8A840,.?AVCUnitTaskAutomata_028GUNWTV_009ALTRTV_001_HandAnchor@EXVS2@@|.?AVCUnitTaskAutomataAnchor@GAM@VDK@@|.?AVCUnitTaskAutomataRadiconParentActor@GAM@VDK@@|.?AVCUnitTaskAutomataRadicon@GAM@VDK@@|.?AVCUnitTaskAutomataAbstract@GAM@VDK@@|.?AVCUnitTaskActorProjectileAbstract@GAM@VDK@@|.?AVCUnitTaskActorAbstract@GAM@VDK@@|.?AVCUnitTaskBattleAbstract@GAM@VDK@@
028GUNWTV,009ALTRTV,001,HandThrow,EXVS2,Throw,0x14146C190,465,0x1C0,9,0;22;76;78;79;81;84;87;88,0x14092A3E0,0x1406A5BA0,0x1406A5B30,0x1406A5170,0x1406A5980,0x1406A57D0,0x14094E8C0,0x140F8A9F0,0x140F8A7B0,0x140F8A800,.?AVCUnitTaskAutomata_028GUNWTV_009ALTRTV_001_HandThrow@EXVS2@@|.?AVCUnitTaskAutomataThrow@GAM@VDK@@|.?AVCUnitTaskAutomataRadiconParentActor@GAM@VDK@@|.?AVCUnitTaskAutomataRadicon@GAM@VDK@@|.?AVCUnitTaskAutomataAbstract@GAM@VDK@@|.?AVCUnitTaskActorProjectileAbstract@GAM@VDK@@|.?AVCUnitTaskActorAbstract@GAM@VDK@@|.?AVCUnitTaskBattleAbstract@GAM@VDK@@
028GUNWTV,009ALTRTV,001,HandThrowDouble,EXVS2,Throw,0x14146C7E0,465,0x1C0,9,0;22;76;78;79;81;84;87;88,0x14092A3E0,0x1406A5BA0,0x1406A5B30,0x1406A5170,0x1406A5980,0x1406A57D0,0x14094E8C0,0x140F8A9F0,0x140F8A920,0x140F8A970,.?AVCUnitTaskAutomata_028GUNWTV_009ALTRTV_001_HandThrowDouble@EXVS2@@|.?AVCUnitTaskAutomataThrow@GAM@VDK@@|.?AVCUnitTaskAutomataRadiconParentActor@GAM@VDK@@|.?AVCUnitTaskAutomataRadicon@GAM@VDK@@|.?AVCUnitTaskAutomataAbstract@GAM@VDK@@|.?AVCUnitTaskActorProjectileAbstract@GAM@VDK@@|.?AVCUnitTaskActorAbstract@GAM@VDK@@|.?AVCUnitTaskBattleAbstract@GAM@VDK@@
028GUNWTV,009ALTRTV,001,ShieldThrow,EXVS2,ThrowStopRotateOnStick,0x14146CB08,465,0x1E0,11,0;22;73;76;78;79;81;84;86;87;88,0x14092A3E0,0x1406A5BA0,0x1406A5B30,0x1406A5170,0x1406A5980,0x1406A57D0,0x14094E970,0x140F8AB00,0x140DDCCF0,0x140DDCAC0,.?AVCUnitTaskAutomata_028GUNWTV_009ALTRTV_001_ShieldThrow@EXVS2@@|.?AVCUnitTaskAutomataThrowStopRotateOnStick@GAM@VDK@@|.?AVCUnitTaskAutomataThrow@GAM@VDK@@|.?AVCUnitTaskAutomataRadiconParentActor@GAM@VDK@@|.?AVCUnitTaskAutomataRadicon@GAM@VDK@@|.?AVCUnitTaskAutomataAbstract@GAM@VDK@@|.?AVCUnitTaskActorProjectileAbstract@GAM@VDK@@|.?AVCUnitTaskActorAbstract@GAM@VDK@@
028GUNWTV,010SANDTV,001,HeatShotelThrow,EXVS2,Throw,0x14146CE30,465,0x1C0,12,0;22;76;78;79;81;84;87;88;89;91;92,0x14092A3E0,0x1406A5BA0,0x1406A5B30,0x1406A5170,0x1406A5980,0x1406A57D0,0x14094E8C0,0x140F8AD90,0x140DDC8E0,0x140DDCAC0,.?AVCUnitTaskAutomata_028GUNWTV_010SANDTV_001_HeatShotelThrow@EXVS2@@|.?AVCUnitTaskAutomataThrow@GAM@VDK@@|.?AVCUnitTaskAutomataRadiconParentActor@GAM@VDK@@|.?AVCUnitTaskAutomataRadicon@GAM@VDK@@|.?AVCUnitTaskAutomataAbstract@GAM@VDK@@|.?AVCUnitTaskActorProjectileAbstract@GAM@VDK@@|.?AVCUnitTaskActorAbstract@GAM@VDK@@|.?AVCUnitTaskBattleAbstract@GAM@VDK@@
028GUNWTV,010SANDTV,001,HeatShotelThrowAth,EXVS2,ThrowStopRotateOnStick,0x1416620A0,465,0x1E0,12,0;22;76;78;79;81;84;87;88;89;91;92,0x14092A3E0,0x1406A5BA0,0x1406A5B30,0x1406A5170,0x1406A5980,0x1406A57D0,0x14094E970,0x140F8B210,0x140F8AE20,0x140DDCAC0,.?AVCUnitTaskAutomata_028GUNWTV_010SANDTV_001_HeatShotelThrowAth@EXVS2@@|.?AVCUnitTaskAutomataThrowStopRotateOnStick@GAM@VDK@@|.?AVCUnitTaskAutomataThrow@GAM@VDK@@|.?AVCUnitTaskAutomataRadiconParentActor@GAM@VDK@@|.?AVCUnitTaskAutomataRadicon@GAM@VDK@@|.?AVCUnitTaskAutomataAbstract@GAM@VDK@@|.?AVCUnitTaskActorProjectileAbstract@GAM@VDK@@|.?AVCUnitTaskActorAbstract@GAM@VDK@@
028GUNWTV,012DHELTV,001,ThrowBusterShield,EXVS2,Throw,0x14146D158,465,0x1C0,12,0;22;73;76;78;79;81;84;87;88;89;91,0x14092A700,0x1406A5BA0,0x1406A5B30,0x1406A5170,0x1406A5980,0x1406A57D0,0x14094E8C0,0x140F8B650,0x140F8B2D0,0x140F8B4E0,.?AVCUnitTaskAutomata_028GUNWTV_012DHELTV_001_ThrowBusterShield@EXVS2@@|.?AVCUnitTaskAutomataThrow@GAM@VDK@@|.?AVCUnitTaskAutomataRadiconParentActor@GAM@VDK@@|.?AVCUnitTaskAutomataRadicon@GAM@VDK@@|.?AVCUnitTaskAutomataAbstract@GAM@VDK@@|.?AVCUnitTaskActorProjectileAbstract@GAM@VDK@@|.?AVCUnitTaskActorAbstract@GAM@VDK@@|.?AVCUnitTaskBattleAbstract@GAM@VDK@@
028GUNWTV,012DHELTV,001,ThrowScythe,EXVS2,Throw,0x14146D480,465,0x1C0,11,0;22;76;78;79;81;84;87;88;89;91,0x14092A3E0,0x1406A5BA0,0x1406A5B30,0x1406A5170,0x1406A5980,0x1406A57D0,0x14094E8C0,0x140F8B960,0x140F8B730,0x140DDCAC0,.?AVCUnitTaskAutomata_028GUNWTV_012DHELTV_001_ThrowScythe@EXVS2@@|.?AVCUnitTaskAutomataThrow@GAM@VDK@@|.?AVCUnitTaskAutomataRadiconParentActor@GAM@VDK@@|.?AVCUnitTaskAutomataRadicon@GAM@VDK@@|.?AVCUnitTaskAutomataAbstract@GAM@VDK@@|.?AVCUnitTaskActorProjectileAbstract@GAM@VDK@@|.?AVCUnitTaskActorAbstract@GAM@VDK@@|.?AVCUnitTaskBattleAbstract@GAM@VDK@@
028GUNWTV,012DHELTV,001,ThrowScytheCharge,EXVS2,ThrowStopRotateOnStick,0x14146D7A8,465,0x1E0,12,0;22;59;76;78;79;81;84;87;88;89;91,0x14092A3E0,0x1406A5BA0,0x1406A5B30,0x1406A5170,0x1406A5980,0x1406A57D0,0x14094E970,0x140F398B0,0x140F393E0,0x140DDCAC0,.?AVCUnitTaskAutomata_028GUNWTV_012DHELTV_001_ThrowScytheCharge@EXVS2@@|.?AVCUnitTaskAutomata_000COMMON_000COMMON_001_ThrowSaberRolling@EXVS2@@|.?AVCUnitTaskAutomataThrowStopRotateOnStick@GAM@VDK@@|.?AVCUnitTaskAutomataThrow@GAM@VDK@@|.?AVCUnitTaskAutomataRadiconParentActor@GAM@VDK@@|.?AVCUnitTaskAutomataRadicon@GAM@VDK@@|.?AVCUnitTaskAutomataAbstract@GAM@VDK@@|.?AVCUnitTaskActorProjectileAbstract@GAM@VDK@@
028GUNWTV,013TALGS2,001,AssistWingGundamBird,EXVS2,SummonRushShot,0x14146E138,465,0x2F0,20,0;2;12;18;21;30;42;46;69;72;73;78;79;80;81;84;87;88;89;90,0x14092A310,0x140F76670,0x140DE1770,0x1406A5170,0x1406A5980,0x1406A57D0,0x14094E6F0,0x140E383F0,0x140F8C1D0,0x140F4E9D0,.?AVCUnitTaskAutomata_028GUNWTV_013TALGS2_001_AssistWingGundamBird@EXVS2@@|.?AVCUnitTaskAutomataSummonRushShot@GAM@VDK@@|.?AVCUnitTaskAutomataSummonRush@GAM@VDK@@|.?AVCUnitTaskAutomataSummon@GAM@VDK@@|.?AVCUnitTaskAutomataRadiconParentActor@GAM@VDK@@|.?AVCUnitTaskAutomataRadicon@GAM@VDK@@|.?AVCUnitTaskAutomataAbstract@GAM@VDK@@|.?AVCUnitTaskActorProjectileAbstract@GAM@VDK@@
028GUNWTV,013TALGS2,001,AssistWingGundamMS,EXVS2,SummonRushAttackNormal,0x141662708,465,0x330,18,0;2;18;21;30;42;46;72;73;78;79;80;81;84;87;88;89;90,0x140F8BFF0,0x140F76670,0x1406A5B30,0x1406A5170,0x1406A5980,0x1406A57D0,0x14094E5F0,0x140F8C120,0x140DE1B80,0x140DE1960,.?AVCUnitTaskAutomata_028GUNWTV_013TALGS2_001_AssistWingGundamMS@EXVS2@@|.?AVCUnitTaskAutomataSummonRushAttackNormal@GAM@VDK@@|.?AVCUnitTaskAutomataSummonRushAttack@GAM@VDK@@|.?AVCUnitTaskAutomataSummonRush@GAM@VDK@@|.?AVCUnitTaskAutomataSummon@GAM@VDK@@|.?AVCUnitTaskAutomataRadiconParentActor@GAM@VDK@@|.?AVCUnitTaskAutomataRadicon@GAM@VDK@@|.?AVCUnitTaskAutomataAbstract@GAM@VDK@@
028GUNWTV,013TALGS2,001,LibraLazer,EXVS2,SummonRushShot,0x14146DE08,465,0x2F0,19,0;2;12;18;21;30;42;46;69;72;73;78;79;80;81;84;87;88;90,0x14092A310,0x140E193E0,0x140DE1770,0x1406A5170,0x1406A5980,0x1406A57D0,0x14094E6F0,0x140F8BF60,0x140F8BF00,0x140F41EF0,.?AVCUnitTaskAutomata_028GUNWTV_013TALGS2_001_LibraLazer@EXVS2@@|.?AVCUnitTaskAutomataSummonRushShot@GAM@VDK@@|.?AVCUnitTaskAutomataSummonRush@GAM@VDK@@|.?AVCUnitTaskAutomataSummon@GAM@VDK@@|.?AVCUnitTaskAutomataRadiconParentActor@GAM@VDK@@|.?AVCUnitTaskAutomataRadicon@GAM@VDK@@|.?AVCUnitTaskAutomataAbstract@GAM@VDK@@|.?AVCUnitTaskActorProjectileAbstract@GAM@VDK@@
028GUNWTV,013TALGS2,001,WingGundamHissatsu,EXVS2,StickerLaunchBone,0x14146DAD0,465,0x1C0,12,0;2;12;71;74;78;79;81;84;88;89;91,0x14092A100,0x140F52FA0,0x140F52F60,0x1406A5170,0x1406A5980,0x1406A57D0,0x14094E4D0,0x140F8BEC0,0x140F8BBA0,0x140F8BE00,.?AVCUnitTaskAutomata_028GUNWTV_013TALGS2_001_WingGundamHissatsu@EXVS2@@|.?AVCUnitTaskAutomataStickerLaunchBone@GAM@VDK@@|.?AVCUnitTaskAutomataSticker@GAM@VDK@@|.?AVCUnitTaskAutomataRadiconParentActor@GAM@VDK@@|.?AVCUnitTaskAutomataRadicon@GAM@VDK@@|.?AVCUnitTaskAutomataAbstract@GAM@VDK@@|.?AVCUnitTaskActorProjectileAbstract@GAM@VDK@@|.?AVCUnitTaskActorAbstract@GAM@VDK@@
028GUNWTV,014TALGES,001,PororiMissileLauncher,EXVS2,FreeFall,0x14146E790,465,0x1C0,11,0;2;22;25;49;78;79;81;84;88;89,0x14092A3E0,0x140F76310,0x1406A5B30,0x1406A5170,0x1406A5980,0x1406A57D0,0x14094DF60,0x140F8C5C0,0x140DDC810,0x140DDC890,.?AVCUnitTaskAutomata_028GUNWTV_014TALGES_001_PororiMissileLauncher@EXVS2@@|.?AVCUnitTaskAutomataFreeFall@GAM@VDK@@|.?AVCUnitTaskAutomataRadiconParentActor@GAM@VDK@@|.?AVCUnitTaskAutomataRadicon@GAM@VDK@@|.?AVCUnitTaskAutomataAbstract@GAM@VDK@@|.?AVCUnitTaskActorProjectileAbstract@GAM@VDK@@|.?AVCUnitTaskActorAbstract@GAM@VDK@@|.?AVCUnitTaskBattleAbstract@GAM@VDK@@
028GUNWTV,014TALGES,001,ThrowDobergun,EXVS2,Throw,0x14146E468,465,0x1C0,10,0;22;76;78;79;81;84;87;88;89,0x14092A3E0,0x1406A5BA0,0x1406A5B30,0x1406A5170,0x1406A5980,0x1406A57D0,0x14094E8C0,0x140F8C4C0,0x140DDC8E0,0x140F8C290,.?AVCUnitTaskAutomata_028GUNWTV_014TALGES_001_ThrowDobergun@EXVS2@@|.?AVCUnitTaskAutomataThrow@GAM@VDK@@|.?AVCUnitTaskAutomataRadiconParentActor@GAM@VDK@@|.?AVCUnitTaskAutomataRadicon@GAM@VDK@@|.?AVCUnitTaskAutomataAbstract@GAM@VDK@@|.?AVCUnitTaskActorProjectileAbstract@GAM@VDK@@|.?AVCUnitTaskActorAbstract@GAM@VDK@@|.?AVCUnitTaskBattleAbstract@GAM@VDK@@
029SSTARG,001STNOIR,001,AnchorLauncher,EXVS2,Anchor,0x14146EAB8,465,0x1E0,13,0;2;11;12;18;23;73;76;78;79;81;84;89,0x14092A700,0x140E1CDD0,0x140F8C660,0x1406A5170,0x1406A5980,0x1406A57D0,0x14094DC60,0x140F8C990,0x140F8C5E0,0x140F40ED0,.?AVCUnitTaskAutomata_029SSTARG_001STNOIR_001_AnchorLauncher@EXVS2@@|.?AVCUnitTaskAutomataAnchor@GAM@VDK@@|.?AVCUnitTaskAutomataRadiconParentActor@GAM@VDK@@|.?AVCUnitTaskAutomataRadicon@GAM@VDK@@|.?AVCUnitTaskAutomataAbstract@GAM@VDK@@|.?AVCUnitTaskActorProjectileAbstract@GAM@VDK@@|.?AVCUnitTaskActorAbstract@GAM@VDK@@|.?AVCUnitTaskBattleAbstract@GAM@VDK@@
029SSTARG,001STNOIR,001,AssistPole,EXVS2,Summon,0x14146EDE0,465,0x290,19,0;2;18;21;30;42;46;71;72;73;74;78;79;80;81;84;87;88;90,0x14092A100,0x140F76670,0x1406A5B30,0x1406A5170,0x1406A5980,0x1406A57D0,0x14094E520,0x140F8CAE0,0x140F8CA30,0x140F507E0,.?AVCUnitTaskAutomata_029SSTARG_001STNOIR_001_AssistPole@EXVS2@@|.?AVCUnitTaskAutomataSummon@GAM@VDK@@|.?AVCUnitTaskAutomataRadiconParentActor@GAM@VDK@@|.?AVCUnitTaskAutomataRadicon@GAM@VDK@@|.?AVCUnitTaskAutomataAbstract@GAM@VDK@@|.?AVCUnitTaskActorProjectileAbstract@GAM@VDK@@|.?AVCUnitTaskActorAbstract@GAM@VDK@@|.?AVCUnitTaskBattleAbstract@GAM@VDK@@
029SSTARG,001STNOIR,001,ThrowFragarach,EXVS2,Throw,0x14146F118,465,0x1C0,12,0;2;22;76;78;79;81;84;87;88;89;91,0x14092A3E0,0x140F76310,0x1406A5B30,0x1406A5170,0x1406A5980,0x1406A57D0,0x14094E8C0,0x140F8CC30,0x140F8CBA0,0x140F8CD20,.?AVCUnitTaskAutomata_029SSTARG_001STNOIR_001_ThrowFragarach@EXVS2@@|.?AVCUnitTaskAutomataThrow@GAM@VDK@@|.?AVCUnitTaskAutomataRadiconParentActor@GAM@VDK@@|.?AVCUnitTaskAutomataRadicon@GAM@VDK@@|.?AVCUnitTaskAutomataAbstract@GAM@VDK@@|.?AVCUnitTaskActorProjectileAbstract@GAM@VDK@@|.?AVCUnitTaskActorAbstract@GAM@VDK@@|.?AVCUnitTaskBattleAbstract@GAM@VDK@@
029SSTARG,001STNOIR,001,ThrowFragarachSP,EXVS2,Throw,0x14146F440,465,0x1C0,12,0;2;22;76;78;79;81;84;87;88;89;91,0x14092A3E0,0x140F76310,0x1406A5B30,0x1406A5170,0x1406A5980,0x1406A57D0,0x14094E8C0,0x140F8CE20,0x140F8CCD0,0x140F8CD20,.?AVCUnitTaskAutomata_029SSTARG_001STNOIR_001_ThrowFragarachSP@EXVS2@@|.?AVCUnitTaskAutomataThrow@GAM@VDK@@|.?AVCUnitTaskAutomataRadiconParentActor@GAM@VDK@@|.?AVCUnitTaskAutomataRadicon@GAM@VDK@@|.?AVCUnitTaskAutomataAbstract@GAM@VDK@@|.?AVCUnitTaskActorProjectileAbstract@GAM@VDK@@|.?AVCUnitTaskActorAbstract@GAM@VDK@@|.?AVCUnitTaskBattleAbstract@GAM@VDK@@
029SSTARG,002STGAZR,001,FlashMine,EXVS2,Throw,0x141662F30,465,0x1C0,11,0;2;22;76;78;79;81;84;87;88;89,0x140F8CF00,0x140F76310,0x1406A5B30,0x1406A5170,0x1406A5980,0x1406A57D0,0x14094E8C0,0x140F8D090,0x140F8CF40,0x140F95870,.?AVCUnitTaskAutomata_029SSTARG_002STGAZR_001_FlashMine@EXVS2@@|.?AVCUnitTaskAutomataThrow@GAM@VDK@@|.?AVCUnitTaskAutomataRadiconParentActor@GAM@VDK@@|.?AVCUnitTaskAutomataRadicon@GAM@VDK@@|.?AVCUnitTaskAutomataAbstract@GAM@VDK@@|.?AVCUnitTaskActorProjectileAbstract@GAM@VDK@@|.?AVCUnitTaskActorAbstract@GAM@VDK@@|.?AVCUnitTaskBattleAbstract@GAM@VDK@@
029SSTARG,002STGAZR,001,OrageBullet,EXVS2,RadiconParentActor,0x14146F768,465,0x1B0,6,0;2;79;81;84;88,0x14092A360,0x140F8D340,0x1406A5B30,0x1406A5170,0x1406A5980,0x1406A57D0,0x1406A50D0,0x140F8D3B0,0x140F8D0C0,0x140F41EF0,.?AVCUnitTaskAutomata_029SSTARG_002STGAZR_001_OrageBullet@EXVS2@@|.?AVCUnitTaskAutomataRadiconParentActor@GAM@VDK@@|.?AVCUnitTaskAutomataRadicon@GAM@VDK@@|.?AVCUnitTaskAutomataAbstract@GAM@VDK@@|.?AVCUnitTaskActorProjectileAbstract@GAM@VDK@@|.?AVCUnitTaskActorAbstract@GAM@VDK@@|.?AVCUnitTaskBattleAbstract@GAM@VDK@@|.?AVCUnitTaskAbstract@FWK@VDK@@
029SSTARG,002STGAZR,001,OrageBullet_Normal,EXVS2,RadiconParentActor,0x14146FA98,465,0x1B0,6,0;2;79;81;84;88,0x14092A360,0x140F8D340,0x1406A5B30,0x1406A5170,0x1406A5980,0x1406A57D0,0x1406A50D0,0x140F8D3B0,0x140F8D0C0,0x140F41EF0,.?AVCUnitTaskAutomata_029SSTARG_002STGAZR_001_OrageBullet_Normal@EXVS2@@|.?AVCUnitTaskAutomata_029SSTARG_002STGAZR_001_OrageBullet@EXVS2@@|.?AVCUnitTaskAutomataRadiconParentActor@GAM@VDK@@|.?AVCUnitTaskAutomataRadicon@GAM@VDK@@|.?AVCUnitTaskAutomataAbstract@GAM@VDK@@|.?AVCUnitTaskActorProjectileAbstract@GAM@VDK@@|.?AVCUnitTaskActorAbstract@GAM@VDK@@|.?AVCUnitTaskBattleAbstract@GAM@VDK@@
029SSTARG,002STGAZR,001,OrageBullet_Powerup,EXVS2,RadiconParentActor,0x14146FDC8,465,0x1B0,6,0;2;79;81;84;88,0x14092A360,0x140F8D340,0x1406A5B30,0x1406A5170,0x1406A5980,0x1406A57D0,0x1406A50D0,0x140F8D3B0,0x140F8D0C0,0x140F41EF0,.?AVCUnitTaskAutomata_029SSTARG_002STGAZR_001_OrageBullet_Powerup@EXVS2@@|.?AVCUnitTaskAutomata_029SSTARG_002STGAZR_001_OrageBullet@EXVS2@@|.?AVCUnitTaskAutomataRadiconParentActor@GAM@VDK@@|.?AVCUnitTaskAutomataRadicon@GAM@VDK@@|.?AVCUnitTaskAutomataAbstract@GAM@VDK@@|.?AVCUnitTaskActorProjectileAbstract@GAM@VDK@@|.?AVCUnitTaskActorAbstract@GAM@VDK@@|.?AVCUnitTaskBattleAbstract@GAM@VDK@@
030GSENTI,001EXSGUN,001,IncomHead,EXVS2,FunnelMawarikomi,0x1414700F8,977,0x210,13,0;2;18;28;43;59;69;78;79;81;84;87;89,0x14092A700,0x140F75740,0x1406A5B30,0x14094F070,0x1406A5980,0x1406A57D0,0x14094E050,0x140DFE520,0x140DFE4C0,0x140DDCDC0,.?AVCUnitTaskAutomata_030GSENTI_001EXSGUN_001_IncomHead@EXVS2@@|.?AVCUnitTaskAutomataFunnelMawarikomi@GAM@VDK@@|.?AVCUnitTaskAutomataFunnelFly@GAM@VDK@@|.?AVCUnitTaskAutomataFunnel@GAM@VDK@@|.?AVCUnitTaskAutomataRadiconParentActor@GAM@VDK@@|.?AVCUnitTaskAutomataRadicon@GAM@VDK@@|.?AVCUnitTaskAutomataAbstract@GAM@VDK@@|.?AVCUnitTaskActorProjectileAbstract@GAM@VDK@@
030GSENTI,001EXSGUN,001,IncomReflectorNotifierAcceptable,EXVS2,RadiconParentActor,0x141470DA0,465,0x1B0,4,0;79;81;84,0x14092A3E0,0x1406A5BA0,0x1406A5B30,0x1406A5170,0x1406A5980,0x1406A57D0,0x1406A50D0,0x140DFEE20,0x140DFEDC0,0x140F41EF0,.?AVCUnitTaskAutomata_030GSENTI_001EXSGUN_001_IncomReflectorNotifierAcceptable@EXVS2@@|.?AVCUnitTaskAutomata_030GSENTI_001EXSGUN_001_IncomReflectorNotifier@EXVS2@@|.?AVCUnitTaskAutomataRadiconParentActor@GAM@VDK@@|.?AVCUnitTaskAutomataRadicon@GAM@VDK@@|.?AVCUnitTaskAutomataAbstract@GAM@VDK@@|.?AVCUnitTaskActorProjectileAbstract@GAM@VDK@@|.?AVCUnitTaskActorAbstract@GAM@VDK@@|.?AVCUnitTaskBattleAbstract@GAM@VDK@@
030GSENTI,001EXSGUN,001,IncomReflectorNotifierReturn,EXVS2,RadiconParentActor,0x1414710C8,465,0x1B0,4,0;79;81;84,0x14092A3E0,0x1406A5BA0,0x1406A5B30,0x1406A5170,0x1406A5980,0x1406A57D0,0x1406A50D0,0x140DFEED0,0x140DFEE70,0x140F41EF0,.?AVCUnitTaskAutomata_030GSENTI_001EXSGUN_001_IncomReflectorNotifierReturn@EXVS2@@|.?AVCUnitTaskAutomata_030GSENTI_001EXSGUN_001_IncomReflectorNotifier@EXVS2@@|.?AVCUnitTaskAutomataRadiconParentActor@GAM@VDK@@|.?AVCUnitTaskAutomataRadicon@GAM@VDK@@|.?AVCUnitTaskAutomataAbstract@GAM@VDK@@|.?AVCUnitTaskActorProjectileAbstract@GAM@VDK@@|.?AVCUnitTaskActorAbstract@GAM@VDK@@|.?AVCUnitTaskBattleAbstract@GAM@VDK@@
030GSENTI,001EXSGUN,001,IncomReflectorRelayBeam,EXVS2,FunnelMawarikomi,0x141470750,977,0x210,17,0;2;18;28;43;59;69;75;78;79;81;84;86;87;89;97;98,0x140929E00,0x140DFE840,0x1406A5B30,0x14094F070,0x1406A5980,0x1406A57D0,0x14094E050,0x140DFEB40,0x140DFED00,0x140F95540,.?AVCUnitTaskAutomata_030GSENTI_001EXSGUN_001_IncomReflectorRelayBeam@EXVS2@@|.?AVCUnitTaskAutomata_030GSENTI_001EXSGUN_001_IncomReflector@EXVS2@@|.?AVCUnitTaskAutomataFunnelMawarikomi@GAM@VDK@@|.?AVCUnitTaskAutomataFunnelFly@GAM@VDK@@|.?AVCUnitTaskAutomataFunnel@GAM@VDK@@|.?AVCUnitTaskAutomataRadiconParentActor@GAM@VDK@@|.?AVCUnitTaskAutomataRadicon@GAM@VDK@@|.?AVCUnitTaskAutomataAbstract@GAM@VDK@@
030GSENTI,001EXSGUN,001,IncomReflectorShot,EXVS2,FunnelMawarikomi,0x141470A78,977,0x210,17,0;2;18;28;43;59;69;75;78;79;81;84;86;87;89;97;98,0x140929E00,0x140DFE840,0x1406A5B30,0x14094F070,0x1406A5980,0x1406A57D0,0x14094E050,0x140DFEB40,0x140DFED60,0x140F95540,.?AVCUnitTaskAutomata_030GSENTI_001EXSGUN_001_IncomReflectorShot@EXVS2@@|.?AVCUnitTaskAutomata_030GSENTI_001EXSGUN_001_IncomReflector@EXVS2@@|.?AVCUnitTaskAutomataFunnelMawarikomi@GAM@VDK@@|.?AVCUnitTaskAutomataFunnelFly@GAM@VDK@@|.?AVCUnitTaskAutomataFunnel@GAM@VDK@@|.?AVCUnitTaskAutomataRadiconParentActor@GAM@VDK@@|.?AVCUnitTaskAutomataRadicon@GAM@VDK@@|.?AVCUnitTaskAutomataAbstract@GAM@VDK@@
030GSENTI,001EXSGUN,001,IncomRelayPoint,EXVS2,Relay,0x141470420,465,0x1B0,6,0;18;59;79;81;84,0x14092A3E0,0x1406A5BA0,0x1406A5B30,0x1406A5170,0x1406A5980,0x1406A57D0,0x1406A50D0,0x140DFE690,0x140DFE620,0x140F67C90,.?AVCUnitTaskAutomata_030GSENTI_001EXSGUN_001_IncomRelayPoint@EXVS2@@|.?AVCUnitTaskAutomataRelay@GAM@VDK@@|.?AVCUnitTaskAutomataRadiconParentActor@GAM@VDK@@|.?AVCUnitTaskAutomataRadicon@GAM@VDK@@|.?AVCUnitTaskAutomataAbstract@GAM@VDK@@|.?AVCUnitTaskActorProjectileAbstract@GAM@VDK@@|.?AVCUnitTaskActorAbstract@GAM@VDK@@|.?AVCUnitTaskBattleAbstract@GAM@VDK@@
030GSENTI,001EXSGUN,001,PropellantTankFloatExplosion,EXVS2,Detonator,0x1414713F0,465,0x1C0,11,0;2;22;74;76;78;79;81;84;87;88,0x14092A3E0,0x140F75740,0x1406A5B30,0x1406A5170,0x1406A5980,0x1406A57D0,0x14094E8C0,0x140DFEFB0,0x140DFEEE0,0x140DFEF40,.?AVCUnitTaskAutomata_030GSENTI_001EXSGUN_001_PropellantTankFloatExplosion@EXVS2@@|.?AVCUnitTaskAutomataDetonator@GAM@VDK@@|.?AVCUnitTaskAutomataThrow@GAM@VDK@@|.?AVCUnitTaskAutomataRadiconParentActor@GAM@VDK@@|.?AVCUnitTaskAutomataRadicon@GAM@VDK@@|.?AVCUnitTaskAutomataAbstract@GAM@VDK@@|.?AVCUnitTaskActorProjectileAbstract@GAM@VDK@@|.?AVCUnitTaskActorAbstract@GAM@VDK@@
031GNHATH,001XIGNDM,001,AssistMesserGrap,EXVS2,SummonGrap,0x1414726F0,465,0x290,18,0;2;18;21;30;42;46;72;73;78;79;80;81;84;87;88;89;90,0x14092A700,0x140DE1070,0x1406A5B30,0x1406A5170,0x1406A5980,0x1406A57D0,0x14094E560,0x140E3DCE0,0x140DFF410,0x140F64B30,.?AVCUnitTaskAutomata_031GNHATH_001XIGNDM_001_AssistMesserGrap@EXVS2@@|.?AVCUnitTaskAutomataSummonGrap@GAM@VDK@@|.?AVCUnitTaskAutomataSummon@GAM@VDK@@|.?AVCUnitTaskAutomataRadiconParentActor@GAM@VDK@@|.?AVCUnitTaskAutomataRadicon@GAM@VDK@@|.?AVCUnitTaskAutomataAbstract@GAM@VDK@@|.?AVCUnitTaskActorProjectileAbstract@GAM@VDK@@|.?AVCUnitTaskActorAbstract@GAM@VDK@@
031GNHATH,001XIGNDM,001,AssistMesserRush,EXVS2,SummonRushAttackNormal,0x141471D68,465,0x330,17,0;2;18;21;30;42;46;72;73;78;79;80;81;84;87;88;90,0x14092A700,0x140DFF130,0x1406A5B30,0x1406A5170,0x1406A5980,0x1406A57D0,0x14094E5F0,0x140DFF190,0x140DE1B80,0x140DE1960,.?AVCUnitTaskAutomata_031GNHATH_001XIGNDM_001_AssistMesserRush@EXVS2@@|.?AVCUnitTaskAutomataSummonRushAttackNormal@GAM@VDK@@|.?AVCUnitTaskAutomataSummonRushAttack@GAM@VDK@@|.?AVCUnitTaskAutomataSummonRush@GAM@VDK@@|.?AVCUnitTaskAutomataSummon@GAM@VDK@@|.?AVCUnitTaskAutomataRadiconParentActor@GAM@VDK@@|.?AVCUnitTaskAutomataRadicon@GAM@VDK@@|.?AVCUnitTaskAutomataAbstract@GAM@VDK@@
031GNHATH,001XIGNDM,001,AssistMesserSaberRush,EXVS2,SummonRushAttackNormal,0x141472A28,465,0x330,18,0;2;18;21;30;42;46;72;73;78;79;80;81;84;87;88;89;90,0x14092A700,0x140DE1070,0x1406A5B30,0x1406A5170,0x1406A5980,0x1406A57D0,0x14094E5F0,0x140DFF580,0x140DFF4D0,0x140DE1960,.?AVCUnitTaskAutomata_031GNHATH_001XIGNDM_001_AssistMesserSaberRush@EXVS2@@|.?AVCUnitTaskAutomataSummonRushAttackNormal@GAM@VDK@@|.?AVCUnitTaskAutomataSummonRushAttack@GAM@VDK@@|.?AVCUnitTaskAutomataSummonRush@GAM@VDK@@|.?AVCUnitTaskAutomataSummon@GAM@VDK@@|.?AVCUnitTaskAutomataRadiconParentActor@GAM@VDK@@|.?AVCUnitTaskAutomataRadicon@GAM@VDK@@|.?AVCUnitTaskAutomataAbstract@GAM@VDK@@
031GNHATH,001XIGNDM,001,AssistMesserShot,EXVS2,SummonRushShot,0x141472098,465,0x2F0,19,0;2;12;18;21;30;42;46;69;72;73;78;79;80;81;84;87;88;90,0x14092A310,0x140DFF130,0x140DE1770,0x1406A5170,0x1406A5980,0x1406A57D0,0x14094E6F0,0x140DFF240,0x140DE1710,0x140DE1820,.?AVCUnitTaskAutomata_031GNHATH_001XIGNDM_001_AssistMesserShot@EXVS2@@|.?AVCUnitTaskAutomataSummonRushShot@GAM@VDK@@|.?AVCUnitTaskAutomataSummonRush@GAM@VDK@@|.?AVCUnitTaskAutomataSummon@GAM@VDK@@|.?AVCUnitTaskAutomataRadiconParentActor@GAM@VDK@@|.?AVCUnitTaskAutomataRadicon@GAM@VDK@@|.?AVCUnitTaskAutomataAbstract@GAM@VDK@@|.?AVCUnitTaskActorProjectileAbstract@GAM@VDK@@
031GNHATH,001XIGNDM,001,FunnelMissile,EXVS2,FunnelFlySword,0x141471718,977,0x220,14,0;2;28;43;52;69;76;78;79;81;84;87;89;91,0x14092A700,0x140E37660,0x1406A5B30,0x14094F070,0x1406A5980,0x1406A57D0,0x14094E100,0x140DFF0E0,0x140DFEFF0,0x140E2BFD0,.?AVCUnitTaskAutomata_031GNHATH_001XIGNDM_001_FunnelMissile@EXVS2@@|.?AVCUnitTaskAutomataFunnelFlySword@GAM@VDK@@|.?AVCUnitTaskAutomataFunnelMawarikomi@GAM@VDK@@|.?AVCUnitTaskAutomataFunnelFly@GAM@VDK@@|.?AVCUnitTaskAutomataFunnel@GAM@VDK@@|.?AVCUnitTaskAutomataRadiconParentActor@GAM@VDK@@|.?AVCUnitTaskAutomataRadicon@GAM@VDK@@|.?AVCUnitTaskAutomataAbstract@GAM@VDK@@
031GNHATH,001XIGNDM,001,FunnelMissileShotAiming,EXVS2,FunnelShotStayShift,0x1414723C8,977,0x210,10,0;2;28;43;78;79;81;84;87;89,0x14092A3E0,0x140F75740,0x1406A5B30,0x14094F070,0x1406A5980,0x1406A57D0,0x14094E2A0,0x140DFF320,0x140DFF290,0x140E2BFD0,.?AVCUnitTaskAutomata_031GNHATH_001XIGNDM_001_FunnelMissileShotAiming@EXVS2@@|.?AVCUnitTaskAutomata_031GNHATH_001XIGNDM_001_FunnelMissileShotAbstract@EXVS2@@|.?AVCUnitTaskAutomataFunnelShotStayShift@GAM@VDK@@|.?AVCUnitTaskAutomataFunnelShiftPos@GAM@VDK@@|.?AVCUnitTaskAutomataFunnel@GAM@VDK@@|.?AVCUnitTaskAutomataRadiconParentActor@GAM@VDK@@|.?AVCUnitTaskAutomataRadicon@GAM@VDK@@|.?AVCUnitTaskAutomataAbstract@GAM@VDK@@
031GNHATH,001XIGNDM,001,FunnelMissileWinlose,EXVS2,PutObj,0x141471A40,465,0x1D0,7,0;2;78;79;80;81;84,0x14092A040,0x140F543E0,0x1406A5B30,0x1406A5170,0x1406A5980,0x1406A57D0,0x14094E380,0x140DFF920,0x140DDCC00,0x140E28260,.?AVCUnitTaskAutomata_031GNHATH_001XIGNDM_001_FunnelMissileWinlose@EXVS2@@|.?AVCUnitTaskAutomataPutObj@GAM@VDK@@|.?AVCUnitTaskAutomataRadiconParentActor@GAM@VDK@@|.?AVCUnitTaskAutomataRadicon@GAM@VDK@@|.?AVCUnitTaskAutomataAbstract@GAM@VDK@@|.?AVCUnitTaskActorProjectileAbstract@GAM@VDK@@|.?AVCUnitTaskActorAbstract@GAM@VDK@@|.?AVCUnitTaskBattleAbstract@GAM@VDK@@
031GNHATH,001XIGNDM,001,ThrowBeamRifle,EXVS2,Detonator,0x141472D58,465,0x1C0,10,0;22;74;76;78;79;81;84;87;88,0x14092A3E0,0x1406A5BA0,0x1406A5B30,0x1406A5170,0x1406A5980,0x1406A57D0,0x14094E8C0,0x140DFF760,0x140DFF700,0x140DDCAC0,.?AVCUnitTaskAutomata_031GNHATH_001XIGNDM_001_ThrowBeamRifle@EXVS2@@|.?AVCUnitTaskAutomataDetonator@GAM@VDK@@|.?AVCUnitTaskAutomataThrow@GAM@VDK@@|.?AVCUnitTaskAutomataRadiconParentActor@GAM@VDK@@|.?AVCUnitTaskAutomataRadicon@GAM@VDK@@|.?AVCUnitTaskAutomataAbstract@GAM@VDK@@|.?AVCUnitTaskActorProjectileAbstract@GAM@VDK@@|.?AVCUnitTaskActorAbstract@GAM@VDK@@
031GNHATH,002PENELP,001,FunnelMissile,EXVS2,FunnelFlySword,0x141473080,977,0x220,14,0;2;28;43;52;69;76;78;79;81;84;87;89;91,0x14092A700,0x140E37660,0x1406A5B30,0x14094F070,0x1406A5980,0x1406A57D0,0x14094E100,0x140DFF8D0,0x140DFF7E0,0x140E2BFD0,.?AVCUnitTaskAutomata_031GNHATH_002PENELP_001_FunnelMissile@EXVS2@@|.?AVCUnitTaskAutomataFunnelFlySword@GAM@VDK@@|.?AVCUnitTaskAutomataFunnelMawarikomi@GAM@VDK@@|.?AVCUnitTaskAutomataFunnelFly@GAM@VDK@@|.?AVCUnitTaskAutomataFunnel@GAM@VDK@@|.?AVCUnitTaskAutomataRadiconParentActor@GAM@VDK@@|.?AVCUnitTaskAutomataRadicon@GAM@VDK@@|.?AVCUnitTaskAutomataAbstract@GAM@VDK@@
031GNHATH,002PENELP,001,FunnelMissileShotAiming,EXVS2,FunnelShotStayShift,0x1414736D0,977,0x210,10,0;2;28;43;78;79;81;84;87;89,0x14092A3E0,0x140F75740,0x1406A5B30,0x14094F070,0x1406A5980,0x1406A57D0,0x14094E2A0,0x140DFF9A0,0x140DFF930,0x140E2BFD0,.?AVCUnitTaskAutomata_031GNHATH_002PENELP_001_FunnelMissileShotAiming@EXVS2@@|.?AVCUnitTaskAutomata_031GNHATH_002PENELP_001_FunnelMissileShotAbstract@EXVS2@@|.?AVCUnitTaskAutomataFunnelShotStayShift@GAM@VDK@@|.?AVCUnitTaskAutomataFunnelShiftPos@GAM@VDK@@|.?AVCUnitTaskAutomataFunnel@GAM@VDK@@|.?AVCUnitTaskAutomataRadiconParentActor@GAM@VDK@@|.?AVCUnitTaskAutomataRadicon@GAM@VDK@@|.?AVCUnitTaskAutomataAbstract@GAM@VDK@@
031GNHATH,002PENELP,001,FunnelMissileWinlose,EXVS2,PutObj,0x1414733A8,465,0x1D0,7,0;2;78;79;80;81;84,0x14092A040,0x140F543E0,0x1406A5B30,0x1406A5170,0x1406A5980,0x1406A57D0,0x14094E380,0x140DFF920,0x140DDCC00,0x140E28260,.?AVCUnitTaskAutomata_031GNHATH_002PENELP_001_FunnelMissileWinlose@EXVS2@@|.?AVCUnitTaskAutomataPutObj@GAM@VDK@@|.?AVCUnitTaskAutomataRadiconParentActor@GAM@VDK@@|.?AVCUnitTaskAutomataRadicon@GAM@VDK@@|.?AVCUnitTaskAutomataAbstract@GAM@VDK@@|.?AVCUnitTaskActorProjectileAbstract@GAM@VDK@@|.?AVCUnitTaskActorAbstract@GAM@VDK@@|.?AVCUnitTaskBattleAbstract@GAM@VDK@@
033GNDAGE,001GNAGE1,001,ThrowLargeRock,EXVS2,Throw,0x141473D20,465,0x1C0,13,0;22;71;72;73;76;78;79;81;84;86;87;88,0x14092A3E0,0x1406A5BA0,0x1406A5B30,0x1406A5170,0x1406A5980,0x1406A57D0,0x14094E8C0,0x140DFFFD0,0x140DFFED0,0x140DDCAC0,.?AVCUnitTaskAutomata_033GNDAGE_001GNAGE1_001_ThrowLargeRock@EXVS2@@|.?AVCUnitTaskAutomataThrow@GAM@VDK@@|.?AVCUnitTaskAutomataRadiconParentActor@GAM@VDK@@|.?AVCUnitTaskAutomataRadicon@GAM@VDK@@|.?AVCUnitTaskAutomataAbstract@GAM@VDK@@|.?AVCUnitTaskActorProjectileAbstract@GAM@VDK@@|.?AVCUnitTaskActorAbstract@GAM@VDK@@|.?AVCUnitTaskBattleAbstract@GAM@VDK@@
033GNDAGE,001GNAGE1,001,ThrowSmallRock,EXVS2,ThrowMortar,0x1414739F8,465,0x1C0,13,0;22;71;72;73;76;78;79;81;82;84;87;88,0x14092A3E0,0x1406A5BA0,0x1406A5B30,0x1406A5170,0x1406A5980,0x1406A57D0,0x14094E8C0,0x140DDFFA0,0x140DDFF20,0x140DDCAC0,.?AVCUnitTaskAutomata_033GNDAGE_001GNAGE1_001_ThrowSmallRock@EXVS2@@|.?AVCUnitTaskAutomataThrowMortar@GAM@VDK@@|.?AVCUnitTaskAutomataThrow@GAM@VDK@@|.?AVCUnitTaskAutomataRadiconParentActor@GAM@VDK@@|.?AVCUnitTaskAutomataRadicon@GAM@VDK@@|.?AVCUnitTaskAutomataAbstract@GAM@VDK@@|.?AVCUnitTaskActorProjectileAbstract@GAM@VDK@@|.?AVCUnitTaskActorAbstract@GAM@VDK@@
033GNDAGE,003GNAGE3,001,ThrowBlade,EXVS2,ThrowBlade,0x141474048,465,0x1D0,12,0;2;22;52;76;78;79;81;84;87;88;89,0x14092A100,0x140DDE490,0x1406A5B30,0x1406A5170,0x1406A5980,0x1406A57D0,0x14094E910,0x140F56440,0x140E00060,0x140E00170,.?AVCUnitTaskAutomata_033GNDAGE_003GNAGE3_001_ThrowBlade@EXVS2@@|.?AVCUnitTaskAutomataThrowBlade@GAM@VDK@@|.?AVCUnitTaskAutomataThrow@GAM@VDK@@|.?AVCUnitTaskAutomataRadiconParentActor@GAM@VDK@@|.?AVCUnitTaskAutomataRadicon@GAM@VDK@@|.?AVCUnitTaskAutomataAbstract@GAM@VDK@@|.?AVCUnitTaskActorProjectileAbstract@GAM@VDK@@|.?AVCUnitTaskActorAbstract@GAM@VDK@@
033GNDAGE,003GNAGE3,001,ThrowBlastiaUnit,EXVS2,Throw,0x141474370,465,0x1C0,11,0;22;76;78;79;81;84;87;88;89;90,0x14092A3E0,0x1406A5BA0,0x1406A5B30,0x1406A5170,0x1406A5980,0x1406A57D0,0x14094E8C0,0x140E00470,0x140DDC8E0,0x140F41EF0,.?AVCUnitTaskAutomata_033GNDAGE_003GNAGE3_001_ThrowBlastiaUnit@EXVS2@@|.?AVCUnitTaskAutomataThrow@GAM@VDK@@|.?AVCUnitTaskAutomataRadiconParentActor@GAM@VDK@@|.?AVCUnitTaskAutomataRadicon@GAM@VDK@@|.?AVCUnitTaskAutomataAbstract@GAM@VDK@@|.?AVCUnitTaskActorProjectileAbstract@GAM@VDK@@|.?AVCUnitTaskActorAbstract@GAM@VDK@@|.?AVCUnitTaskBattleAbstract@GAM@VDK@@
033GNDAGE,003GNAGE3,001,ThrowNet,EXVS2,Throw,0x141474698,465,0x1C0,10,0;22;76;78;79;81;84;87;88;91,0x14092A3E0,0x1406A5BA0,0x1406A5B30,0x1406A5170,0x1406A5980,0x1406A57D0,0x14094E8C0,0x140E006E0,0x140E00510,0x140E00610,.?AVCUnitTaskAutomata_033GNDAGE_003GNAGE3_001_ThrowNet@EXVS2@@|.?AVCUnitTaskAutomataThrow@GAM@VDK@@|.?AVCUnitTaskAutomataRadiconParentActor@GAM@VDK@@|.?AVCUnitTaskAutomataRadicon@GAM@VDK@@|.?AVCUnitTaskAutomataAbstract@GAM@VDK@@|.?AVCUnitTaskActorProjectileAbstract@GAM@VDK@@|.?AVCUnitTaskActorAbstract@GAM@VDK@@|.?AVCUnitTaskBattleAbstract@GAM@VDK@@
033GNDAGE,004GAGEFX,001,FunnelAttachChangeAutomata,EXVS2,AttachToRadiconReturn,0x141476340,465,0x1F0,7,0;2;78;79;81;84;96,0x14092A3E0,0x140E01710,0x1406A5B30,0x1406A5170,0x1406A5980,0x1406A57D0,0x14094DED0,0x140E01760,0x140DE3980,0x140E28260,.?AVCUnitTaskAutomata_033GNDAGE_004GAGEFX_001_FunnelAttachChangeAutomata@EXVS2@@|.?AVCUnitTaskAutomataAttachToRadiconReturn@GAM@VDK@@|.?AVCUnitTaskAutomataAttachToRadicon@GAM@VDK@@|.?AVCUnitTaskAutomataRadiconParentActor@GAM@VDK@@|.?AVCUnitTaskAutomataRadicon@GAM@VDK@@|.?AVCUnitTaskAutomataAbstract@GAM@VDK@@|.?AVCUnitTaskActorProjectileAbstract@GAM@VDK@@|.?AVCUnitTaskActorAbstract@GAM@VDK@@
033GNDAGE,004GAGEFX,001,FunnelAttachChangeWeaponDefenseformGurd,EXVS2,AttachReturn,0x141476010,465,0x240,9,0;2;78;79;81;84;88;91;96,0x14092A3E0,0x140E00E60,0x1406A5B30,0x1406A5170,0x1406A5980,0x1406A57D0,0x14094DDB0,0x140E01660,0x140DE3690,0x140DE1E80,.?AVCUnitTaskAutomata_033GNDAGE_004GAGEFX_001_FunnelAttachChangeWeaponDefenseformGurd@EXVS2@@|.?AVCUnitTaskAutomata_033GNDAGE_004GAGEFX_001_FunnelAttachChangeWeaponAbstract@EXVS2@@|.?AVCUnitTaskAutomataAttachReturn@GAM@VDK@@|.?AVCUnitTaskAutomataAttach@GAM@VDK@@|.?AVCUnitTaskAutomataAttachAbstract@GAM@VDK@@|.?AVCUnitTaskAutomataRadiconParentActor@GAM@VDK@@|.?AVCUnitTaskAutomataRadicon@GAM@VDK@@|.?AVCUnitTaskAutomataAbstract@GAM@VDK@@
033GNDAGE,004GAGEFX,001,FunnelAttachChangeWeaponDefenseformMayu,EXVS2,AttachReturn,0x141475CE0,465,0x240,9,0;2;78;79;81;84;88;91;96,0x14092A3E0,0x140E00E60,0x1406A5B30,0x1406A5170,0x1406A5980,0x1406A57D0,0x14094DDB0,0x140E01230,0x140E01010,0x140DE1E80,.?AVCUnitTaskAutomata_033GNDAGE_004GAGEFX_001_FunnelAttachChangeWeaponDefenseformMayu@EXVS2@@|.?AVCUnitTaskAutomata_033GNDAGE_004GAGEFX_001_FunnelAttachChangeWeaponAbstract@EXVS2@@|.?AVCUnitTaskAutomataAttachReturn@GAM@VDK@@|.?AVCUnitTaskAutomataAttach@GAM@VDK@@|.?AVCUnitTaskAutomataAttachAbstract@GAM@VDK@@|.?AVCUnitTaskAutomataRadiconParentActor@GAM@VDK@@|.?AVCUnitTaskAutomataRadicon@GAM@VDK@@|.?AVCUnitTaskAutomataAbstract@GAM@VDK@@
033GNDAGE,004GAGEFX,001,FunnelFlySwordThrowFxBurst,EXVS2,FunnelFlySwordPenetrate,0x141475010,977,0x220,14,0;2;28;43;52;69;76;78;79;81;84;87;88;91,0x14092A700,0x140E01DA0,0x1406A5B30,0x14094F070,0x1406A5980,0x1406A57D0,0x14094E100,0x140E00C10,0x140E00BB0,0x140F847F0,.?AVCUnitTaskAutomata_033GNDAGE_004GAGEFX_001_FunnelFlySwordThrowFxBurst@EXVS2@@|.?AVCUnitTaskAutomata_033GNDAGE_004GAGEFX_001_FunnelFlySwordThrowAbstract@EXVS2@@|.?AVCUnitTaskAutomataFunnelFlySwordPenetrate@GAM@VDK@@|.?AVCUnitTaskAutomataFunnelFlySword@GAM@VDK@@|.?AVCUnitTaskAutomataFunnelMawarikomi@GAM@VDK@@|.?AVCUnitTaskAutomataFunnelFly@GAM@VDK@@|.?AVCUnitTaskAutomataFunnel@GAM@VDK@@|.?AVCUnitTaskAutomataRadiconParentActor@GAM@VDK@@
033GNDAGE,004GAGEFX,001,FunnelFlySwordThrowHissatsu,EXVS2,FunnelFlySwordPenetrate,0x141475340,977,0x220,14,0;2;28;43;52;69;76;78;79;81;84;87;88;91,0x14092A700,0x140E01DA0,0x1406A5B30,0x14094F070,0x1406A5980,0x1406A57D0,0x14094E100,0x140E00C10,0x140E00A60,0x140F847F0,.?AVCUnitTaskAutomata_033GNDAGE_004GAGEFX_001_FunnelFlySwordThrowHissatsu@EXVS2@@|.?AVCUnitTaskAutomata_033GNDAGE_004GAGEFX_001_FunnelFlySwordThrowAbstract@EXVS2@@|.?AVCUnitTaskAutomataFunnelFlySwordPenetrate@GAM@VDK@@|.?AVCUnitTaskAutomataFunnelFlySword@GAM@VDK@@|.?AVCUnitTaskAutomataFunnelMawarikomi@GAM@VDK@@|.?AVCUnitTaskAutomataFunnelFly@GAM@VDK@@|.?AVCUnitTaskAutomataFunnel@GAM@VDK@@|.?AVCUnitTaskAutomataRadiconParentActor@GAM@VDK@@
033GNDAGE,004GAGEFX,001,FunnelFlyswordBurst,EXVS2,FunnelFlySwordPenetrate,0x141477CD8,977,0x220,14,0;2;28;43;52;69;76;78;79;81;84;87;88;91,0x14092A700,0x140E01DA0,0x1406A5B30,0x14094F070,0x1406A5980,0x1406A57D0,0x14094E100,0x140E02420,0x140E02320,0x140F75250,.?AVCUnitTaskAutomata_033GNDAGE_004GAGEFX_001_FunnelFlyswordBurst@EXVS2@@|.?AVCUnitTaskAutomata_033GNDAGE_004GAGEFX_001_FunnelFlyswordAbstract@EXVS2@@|.?AVCUnitTaskAutomataFunnelFlySwordPenetrate@GAM@VDK@@|.?AVCUnitTaskAutomataFunnelFlySword@GAM@VDK@@|.?AVCUnitTaskAutomataFunnelMawarikomi@GAM@VDK@@|.?AVCUnitTaskAutomataFunnelFly@GAM@VDK@@|.?AVCUnitTaskAutomataFunnel@GAM@VDK@@|.?AVCUnitTaskAutomataRadiconParentActor@GAM@VDK@@
033GNDAGE,004GAGEFX,001,FunnelFlyswordHasei,EXVS2,FunnelFlySwordPenetrate,0x141474CE8,977,0x220,15,0;2;28;43;52;69;76;78;79;81;84;87;88;91;96,0x14092A700,0x140E007E0,0x1406A5B30,0x14094F070,0x1406A5980,0x1406A57D0,0x14094E100,0x140E00A30,0x140E00720,0x140F75250,.?AVCUnitTaskAutomata_033GNDAGE_004GAGEFX_001_FunnelFlyswordHasei@EXVS2@@|.?AVCUnitTaskAutomata_033GNDAGE_004GAGEFX_001_FunnelFlyswordAbstract@EXVS2@@|.?AVCUnitTaskAutomataFunnelFlySwordPenetrate@GAM@VDK@@|.?AVCUnitTaskAutomataFunnelFlySword@GAM@VDK@@|.?AVCUnitTaskAutomataFunnelMawarikomi@GAM@VDK@@|.?AVCUnitTaskAutomataFunnelFly@GAM@VDK@@|.?AVCUnitTaskAutomataFunnel@GAM@VDK@@|.?AVCUnitTaskAutomataRadiconParentActor@GAM@VDK@@
033GNDAGE,004GAGEFX,001,FunnelFlyswordNormal,EXVS2,FunnelFlySwordPenetrate,0x1414749C0,977,0x220,15,0;2;28;43;52;69;76;78;79;81;84;87;88;91;96,0x14092A700,0x140E007E0,0x1406A5B30,0x14094F070,0x1406A5980,0x1406A57D0,0x14094E100,0x140E009C0,0x140E00720,0x140F75250,.?AVCUnitTaskAutomata_033GNDAGE_004GAGEFX_001_FunnelFlyswordNormal@EXVS2@@|.?AVCUnitTaskAutomata_033GNDAGE_004GAGEFX_001_FunnelFlyswordAbstract@EXVS2@@|.?AVCUnitTaskAutomataFunnelFlySwordPenetrate@GAM@VDK@@|.?AVCUnitTaskAutomataFunnelFlySword@GAM@VDK@@|.?AVCUnitTaskAutomataFunnelMawarikomi@GAM@VDK@@|.?AVCUnitTaskAutomataFunnelFly@GAM@VDK@@|.?AVCUnitTaskAutomataFunnel@GAM@VDK@@|.?AVCUnitTaskAutomataRadiconParentActor@GAM@VDK@@
033GNDAGE,004GAGEFX,001,FunnelMateDefense,EXVS2,FunnelDefenceFormation,0x141477018,1489,0x210,11,0;2;28;43;78;79;81;84;88;91;93,0x140929E00,0x140E01DA0,0x1406A5B30,0x14094F080,0x1406A5980,0x1406A57D0,0x14094E0A0,0x140E01F10,0x140E01EA0,0x140E28260,.?AVCUnitTaskAutomata_033GNDAGE_004GAGEFX_001_FunnelMateDefense@EXVS2@@|.?AVCUnitTaskAutomata_033GNDAGE_004GAGEFX_001_FunnelCommonDefense@EXVS2@@|.?AVCUnitTaskAutomataFunnelDefenceFormation@GAM@VDK@@|.?AVCUnitTaskAutomataFunnelDefence@GAM@VDK@@|.?AVCUnitTaskAutomataFunnelFlyStick@GAM@VDK@@|.?AVCUnitTaskAutomataFunnelShiftPos@GAM@VDK@@|.?AVCUnitTaskAutomataFunnel@GAM@VDK@@|.?AVCUnitTaskAutomataRadiconParentActor@GAM@VDK@@
033GNDAGE,004GAGEFX,001,FunnelSelfDefense,EXVS2,FunnelDefenceFormation,0x141476CD8,1489,0x210,11,0;2;28;43;78;79;81;84;88;91;93,0x140929E00,0x140E01DA0,0x1406A5B30,0x14094F080,0x1406A5980,0x1406A57D0,0x14094E0A0,0x140E01F10,0x140E01E20,0x140E28260,.?AVCUnitTaskAutomata_033GNDAGE_004GAGEFX_001_FunnelSelfDefense@EXVS2@@|.?AVCUnitTaskAutomata_033GNDAGE_004GAGEFX_001_FunnelCommonDefense@EXVS2@@|.?AVCUnitTaskAutomataFunnelDefenceFormation@GAM@VDK@@|.?AVCUnitTaskAutomataFunnelDefence@GAM@VDK@@|.?AVCUnitTaskAutomataFunnelFlyStick@GAM@VDK@@|.?AVCUnitTaskAutomataFunnelShiftPos@GAM@VDK@@|.?AVCUnitTaskAutomataFunnel@GAM@VDK@@|.?AVCUnitTaskAutomataRadiconParentActor@GAM@VDK@@
033GNDAGE,004GAGEFX,001,SpAssistAge1,EXVS2,SummonRushShot,0x141477358,465,0x2F0,19,0;2;12;18;21;30;42;46;69;72;73;78;79;80;81;84;87;88;90,0x14092A310,0x140E193E0,0x140DE1770,0x1406A5170,0x1406A5980,0x1406A57D0,0x14094E6F0,0x140E02070,0x140E01F40,0x140DE1820,.?AVCUnitTaskAutomata_033GNDAGE_004GAGEFX_001_SpAssistAge1@EXVS2@@|.?AVCUnitTaskAutomataSummonRushShot@GAM@VDK@@|.?AVCUnitTaskAutomataSummonRush@GAM@VDK@@|.?AVCUnitTaskAutomataSummon@GAM@VDK@@|.?AVCUnitTaskAutomataRadiconParentActor@GAM@VDK@@|.?AVCUnitTaskAutomataRadicon@GAM@VDK@@|.?AVCUnitTaskAutomataAbstract@GAM@VDK@@|.?AVCUnitTaskActorProjectileAbstract@GAM@VDK@@
033GNDAGE,004GAGEFX,001,SpPlasmaDiverMissile,EXVS2,Throw,0x141477688,465,0x1C0,9,0;22;76;78;79;81;84;87;88,0x14092A3E0,0x1406A5BA0,0x1406A5B30,0x1406A5170,0x1406A5980,0x1406A57D0,0x14094E8C0,0x140E02180,0x140DDC8E0,0x140E02140,.?AVCUnitTaskAutomata_033GNDAGE_004GAGEFX_001_SpPlasmaDiverMissile@EXVS2@@|.?AVCUnitTaskAutomataThrow@GAM@VDK@@|.?AVCUnitTaskAutomataRadiconParentActor@GAM@VDK@@|.?AVCUnitTaskAutomataRadicon@GAM@VDK@@|.?AVCUnitTaskAutomataAbstract@GAM@VDK@@|.?AVCUnitTaskActorProjectileAbstract@GAM@VDK@@|.?AVCUnitTaskActorAbstract@GAM@VDK@@|.?AVCUnitTaskBattleAbstract@GAM@VDK@@
033GNDAGE,004GAGEFX,001,StickerFunnelHissatsu,EXVS2,StickerLaunchBone,0x141475670,465,0x1C0,8,0;2;78;79;81;84;88;91,0x14092A700,0x140E00CC0,0x1406A5B30,0x1406A5170,0x1406A5980,0x1406A57D0,0x14094E4D0,0x140E00DA0,0x140E00D40,0x140E28260,.?AVCUnitTaskAutomata_033GNDAGE_004GAGEFX_001_StickerFunnelHissatsu@EXVS2@@|.?AVCUnitTaskAutomata_033GNDAGE_004GAGEFX_001_StickerFunnelAbstract@EXVS2@@|.?AVCUnitTaskAutomataStickerLaunchBone@GAM@VDK@@|.?AVCUnitTaskAutomataSticker@GAM@VDK@@|.?AVCUnitTaskAutomataRadiconParentActor@GAM@VDK@@|.?AVCUnitTaskAutomataRadicon@GAM@VDK@@|.?AVCUnitTaskAutomataAbstract@GAM@VDK@@|.?AVCUnitTaskActorProjectileAbstract@GAM@VDK@@
033GNDAGE,004GAGEFX,001,StickerFunnelWinLose,EXVS2,StickerLaunchBone,0x1414759A8,465,0x1C0,8,0;2;78;79;81;84;88;91,0x14092A700,0x140E00CC0,0x1406A5B30,0x1406A5170,0x1406A5980,0x1406A57D0,0x14094E4D0,0x140E00DA0,0x140E00C20,0x140E28260,.?AVCUnitTaskAutomata_033GNDAGE_004GAGEFX_001_StickerFunnelWinLose@EXVS2@@|.?AVCUnitTaskAutomata_033GNDAGE_004GAGEFX_001_StickerFunnelAbstract@EXVS2@@|.?AVCUnitTaskAutomataStickerLaunchBone@GAM@VDK@@|.?AVCUnitTaskAutomataSticker@GAM@VDK@@|.?AVCUnitTaskAutomataRadiconParentActor@GAM@VDK@@|.?AVCUnitTaskAutomataRadicon@GAM@VDK@@|.?AVCUnitTaskAutomataAbstract@GAM@VDK@@|.?AVCUnitTaskActorProjectileAbstract@GAM@VDK@@
033GNDAGE,004GAGEFX,001,ThrowDarkhoundMA,EXVS2,Throw,0x1414779B0,465,0x1C0,10,0;2;22;76;78;79;81;84;87;88,0x14092A3E0,0x140E02260,0x1406A5B30,0x1406A5170,0x1406A5980,0x1406A57D0,0x14094E8C0,0x140E022F0,0x140E02210,0x140E022B0,.?AVCUnitTaskAutomata_033GNDAGE_004GAGEFX_001_ThrowDarkhoundMA@EXVS2@@|.?AVCUnitTaskAutomataThrow@GAM@VDK@@|.?AVCUnitTaskAutomataRadiconParentActor@GAM@VDK@@|.?AVCUnitTaskAutomataRadicon@GAM@VDK@@|.?AVCUnitTaskAutomataAbstract@GAM@VDK@@|.?AVCUnitTaskActorProjectileAbstract@GAM@VDK@@|.?AVCUnitTaskActorAbstract@GAM@VDK@@|.?AVCUnitTaskBattleAbstract@GAM@VDK@@
033GNDAGE,004GAGEFX,001,TransparentSlasher01,EXVS2,SummonGrap,0x141476668,465,0x290,17,0;2;18;21;30;42;46;72;73;78;79;80;81;84;87;88;90,0x14092A700,0x140DE1070,0x1406A5B30,0x1406A5170,0x1406A5980,0x1406A57D0,0x14094E560,0x140E01D20,0x140E01A60,0x140E01AC0,.?AVCUnitTaskAutomata_033GNDAGE_004GAGEFX_001_TransparentSlasher01@EXVS2@@|.?AVCUnitTaskAutomata_033GNDAGE_004GAGEFX_001_TransparentSlasherAbstract@EXVS2@@|.?AVCUnitTaskAutomataSummonGrap@GAM@VDK@@|.?AVCUnitTaskAutomataSummon@GAM@VDK@@|.?AVCUnitTaskAutomataRadiconParentActor@GAM@VDK@@|.?AVCUnitTaskAutomataRadicon@GAM@VDK@@|.?AVCUnitTaskAutomataAbstract@GAM@VDK@@|.?AVCUnitTaskActorProjectileAbstract@GAM@VDK@@
033GNDAGE,004GAGEFX,001,TransparentSlasher04,EXVS2,SummonGrap,0x1414769A0,465,0x290,17,0;2;18;21;30;42;46;72;73;78;79;80;81;84;87;88;90,0x14092A700,0x140DE1070,0x1406A5B30,0x1406A5170,0x1406A5980,0x1406A57D0,0x14094E560,0x140E01D20,0x140E01B90,0x140E01BF0,.?AVCUnitTaskAutomata_033GNDAGE_004GAGEFX_001_TransparentSlasher04@EXVS2@@|.?AVCUnitTaskAutomata_033GNDAGE_004GAGEFX_001_TransparentSlasherAbstract@EXVS2@@|.?AVCUnitTaskAutomataSummonGrap@GAM@VDK@@|.?AVCUnitTaskAutomataSummon@GAM@VDK@@|.?AVCUnitTaskAutomataRadiconParentActor@GAM@VDK@@|.?AVCUnitTaskAutomataRadicon@GAM@VDK@@|.?AVCUnitTaskAutomataAbstract@GAM@VDK@@|.?AVCUnitTaskActorProjectileAbstract@GAM@VDK@@
033GNDAGE,006FARSIA,001,FunnelAttachChange2,EXVS2,AttachToRadicon,0x141478978,465,0x1D0,5,0;78;79;81;84,0x14092A3E0,0x1406A5BA0,0x1406A5B30,0x1406A5170,0x1406A5980,0x1406A57D0,0x14094DE40,0x140E02800,0x140E02680,0x140E28260,.?AVCUnitTaskAutomata_033GNDAGE_006FARSIA_001_FunnelAttachChange2@EXVS2@@|.?AVCUnitTaskAutomata_033GNDAGE_006FARSIA_001_FunnelAttachChange@EXVS2@@|.?AVCUnitTaskAutomataAttachToRadicon@GAM@VDK@@|.?AVCUnitTaskAutomataRadiconParentActor@GAM@VDK@@|.?AVCUnitTaskAutomataRadicon@GAM@VDK@@|.?AVCUnitTaskAutomataAbstract@GAM@VDK@@|.?AVCUnitTaskActorProjectileAbstract@GAM@VDK@@|.?AVCUnitTaskActorAbstract@GAM@VDK@@
033GNDAGE,006FARSIA,001,FunnelAttachChange3,EXVS2,AttachToRadicon,0x141478CB0,465,0x1D0,5,0;78;79;81;84,0x14092A3E0,0x1406A5BA0,0x1406A5B30,0x1406A5170,0x1406A5980,0x1406A57D0,0x14094DE40,0x140E02800,0x140E02680,0x140E28260,.?AVCUnitTaskAutomata_033GNDAGE_006FARSIA_001_FunnelAttachChange3@EXVS2@@|.?AVCUnitTaskAutomata_033GNDAGE_006FARSIA_001_FunnelAttachChange@EXVS2@@|.?AVCUnitTaskAutomataAttachToRadicon@GAM@VDK@@|.?AVCUnitTaskAutomataRadiconParentActor@GAM@VDK@@|.?AVCUnitTaskAutomataRadicon@GAM@VDK@@|.?AVCUnitTaskAutomataAbstract@GAM@VDK@@|.?AVCUnitTaskActorProjectileAbstract@GAM@VDK@@|.?AVCUnitTaskActorAbstract@GAM@VDK@@
033GNDAGE,006FARSIA,001,FunnelFly,EXVS2,FunnelMawarikomi,0x141478000,977,0x210,10,0;2;28;43;69;78;79;81;84;87,0x14092A700,0x140F75740,0x1406A5B30,0x14094F070,0x1406A5980,0x1406A57D0,0x14094E050,0x140E024D0,0x140E02470,0x140DDCDC0,.?AVCUnitTaskAutomata_033GNDAGE_006FARSIA_001_FunnelFly@EXVS2@@|.?AVCUnitTaskAutomataFunnelMawarikomi@GAM@VDK@@|.?AVCUnitTaskAutomataFunnelFly@GAM@VDK@@|.?AVCUnitTaskAutomataFunnel@GAM@VDK@@|.?AVCUnitTaskAutomataRadiconParentActor@GAM@VDK@@|.?AVCUnitTaskAutomataRadicon@GAM@VDK@@|.?AVCUnitTaskAutomataAbstract@GAM@VDK@@|.?AVCUnitTaskActorProjectileAbstract@GAM@VDK@@
033GNDAGE,006FARSIA,001,FunnelNet,EXVS2,FunnelShotStayShift,0x14147A9A8,977,0x210,10,0;2;12;28;43;78;79;81;84;87,0x14092A3E0,0x140E37A90,0x140F89630,0x14094F070,0x1406A5980,0x1406A57D0,0x14094E2A0,0x140E04A90,0x140E03200,0x140E04A60,.?AVCUnitTaskAutomata_033GNDAGE_006FARSIA_001_FunnelNet@EXVS2@@|.?AVCUnitTaskAutomataFunnelShotStayShift@GAM@VDK@@|.?AVCUnitTaskAutomataFunnelShiftPos@GAM@VDK@@|.?AVCUnitTaskAutomataFunnel@GAM@VDK@@|.?AVCUnitTaskAutomataRadiconParentActor@GAM@VDK@@|.?AVCUnitTaskAutomataRadicon@GAM@VDK@@|.?AVCUnitTaskAutomataAbstract@GAM@VDK@@|.?AVCUnitTaskActorProjectileAbstract@GAM@VDK@@
033GNDAGE,006FARSIA,001,FunnelReturn,EXVS2,RadiconParentActor,0x141478328,465,0x1B0,5,0;79;81;84;88,0x14092A3E0,0x1406A5BA0,0x1406A5B30,0x1406A5170,0x1406A5980,0x1406A57D0,0x1406A50D0,0x140E025A0,0x140E02520,0x140F41EF0,.?AVCUnitTaskAutomata_033GNDAGE_006FARSIA_001_FunnelReturn@EXVS2@@|.?AVCUnitTaskAutomataRadiconParentActor@GAM@VDK@@|.?AVCUnitTaskAutomataRadicon@GAM@VDK@@|.?AVCUnitTaskAutomataAbstract@GAM@VDK@@|.?AVCUnitTaskActorProjectileAbstract@GAM@VDK@@|.?AVCUnitTaskActorAbstract@GAM@VDK@@|.?AVCUnitTaskBattleAbstract@GAM@VDK@@|.?AVCUnitTaskAbstract@FWK@VDK@@
033GNDAGE,006FARSIA,001,FunnelShot,EXVS2,FunnelMawarikomi_ShotOrder,0x141478650,977,0x230,9,0;2;28;43;69;78;79;81;84,0x14092A700,0x140F75740,0x1406A5B30,0x14094F070,0x1406A5980,0x1406A57D0,0x14094E170,0x140E02630,0x140E025C0,0x140DDCDC0,.?AVCUnitTaskAutomata_033GNDAGE_006FARSIA_001_FunnelShot@EXVS2@@|.?AVCUnitTaskAutomataFunnelMawarikomi_ShotOrder@GAM@VDK@@|.?AVCUnitTaskAutomataFunnelShotImmediate@GAM@VDK@@|.?AVCUnitTaskAutomataFunnelMawarikomi@GAM@VDK@@|.?AVCUnitTaskAutomataFunnelFly@GAM@VDK@@|.?AVCUnitTaskAutomataFunnel@GAM@VDK@@|.?AVCUnitTaskAutomataRadiconParentActor@GAM@VDK@@|.?AVCUnitTaskAutomataRadicon@GAM@VDK@@
033GNDAGE,006FARSIA,001,TransparentShooter2,EXVS2,SummonRushShot,0x141478FE8,465,0x2F0,19,0;2;12;18;21;30;42;46;69;72;73;78;79;80;81;84;87;88;90,0x14092A310,0x140DE1070,0x140DE1770,0x1406A5170,0x1406A5980,0x1406A57D0,0x14094E6F0,0x140E02A60,0x140E028C0,0x140F62E20,.?AVCUnitTaskAutomata_033GNDAGE_006FARSIA_001_TransparentShooter2@EXVS2@@|.?AVCUnitTaskAutomata_033GNDAGE_006FARSIA_001_TransparentShooter@EXVS2@@|.?AVCUnitTaskAutomataSummonRushShot@GAM@VDK@@|.?AVCUnitTaskAutomataSummonRush@GAM@VDK@@|.?AVCUnitTaskAutomataSummon@GAM@VDK@@|.?AVCUnitTaskAutomataRadiconParentActor@GAM@VDK@@|.?AVCUnitTaskAutomataRadicon@GAM@VDK@@|.?AVCUnitTaskAutomataAbstract@GAM@VDK@@
033GNDAGE,006FARSIA,001,TransparentShooter3,EXVS2,SummonRushShot,0x141479338,465,0x2F0,19,0;2;12;18;21;30;42;46;69;72;73;78;79;80;81;84;87;88;90,0x14092A310,0x140DE1070,0x140DE1770,0x1406A5170,0x1406A5980,0x1406A57D0,0x14094E6F0,0x140E02A60,0x140E028C0,0x140F62E20,.?AVCUnitTaskAutomata_033GNDAGE_006FARSIA_001_TransparentShooter3@EXVS2@@|.?AVCUnitTaskAutomata_033GNDAGE_006FARSIA_001_TransparentShooter@EXVS2@@|.?AVCUnitTaskAutomataSummonRushShot@GAM@VDK@@|.?AVCUnitTaskAutomataSummonRush@GAM@VDK@@|.?AVCUnitTaskAutomataSummon@GAM@VDK@@|.?AVCUnitTaskAutomataRadiconParentActor@GAM@VDK@@|.?AVCUnitTaskAutomataRadicon@GAM@VDK@@|.?AVCUnitTaskAutomataAbstract@GAM@VDK@@
033GNDAGE,006FARSIA,001,ZedasHissatsuCombo,EXVS2,StickerLaunchBone,0x141479688,465,0x1C0,10,0;2;12;78;79;81;84;88;90;91,0x14092A700,0x140F52FA0,0x140F52F60,0x1406A5170,0x1406A5980,0x1406A57D0,0x14094E4D0,0x140E02BB0,0x140E02B20,0x140E29790,.?AVCUnitTaskAutomata_033GNDAGE_006FARSIA_001_ZedasHissatsuCombo@EXVS2@@|.?AVCUnitTaskAutomataStickerLaunchBone@GAM@VDK@@|.?AVCUnitTaskAutomataSticker@GAM@VDK@@|.?AVCUnitTaskAutomataRadiconParentActor@GAM@VDK@@|.?AVCUnitTaskAutomataRadicon@GAM@VDK@@|.?AVCUnitTaskAutomataAbstract@GAM@VDK@@|.?AVCUnitTaskActorProjectileAbstract@GAM@VDK@@|.?AVCUnitTaskActorAbstract@GAM@VDK@@
033GNDAGE,006FARSIA,001,ZedasHissatsuFinish,EXVS2,SummonRushAttackNormal,0x1414799C0,465,0x330,18,0;2;18;21;30;42;46;72;73;78;79;80;81;84;87;88;90;91,0x14092A700,0x140DE1070,0x1406A5B30,0x1406A5170,0x1406A5980,0x1406A57D0,0x14094E5F0,0x140E02CB0,0x140E02C00,0x140DE1960,.?AVCUnitTaskAutomata_033GNDAGE_006FARSIA_001_ZedasHissatsuFinish@EXVS2@@|.?AVCUnitTaskAutomataSummonRushAttackNormal@GAM@VDK@@|.?AVCUnitTaskAutomataSummonRushAttack@GAM@VDK@@|.?AVCUnitTaskAutomataSummonRush@GAM@VDK@@|.?AVCUnitTaskAutomataSummon@GAM@VDK@@|.?AVCUnitTaskAutomataRadiconParentActor@GAM@VDK@@|.?AVCUnitTaskAutomataRadicon@GAM@VDK@@|.?AVCUnitTaskAutomataAbstract@GAM@VDK@@
033GNDAGE,006FARSIA,001,ZedasRush,EXVS2,SummonRushAttackNormal,0x141479CF0,465,0x330,18,0;2;18;21;30;42;46;72;73;78;79;80;81;84;87;88;89;90,0x14092A700,0x140DE1070,0x1406A5B30,0x1406A5170,0x1406A5980,0x1406A57D0,0x14094E5F0,0x140E02E60,0x140E02D40,0x140DE1960,.?AVCUnitTaskAutomata_033GNDAGE_006FARSIA_001_ZedasRush@EXVS2@@|.?AVCUnitTaskAutomataSummonRushAttackNormal@GAM@VDK@@|.?AVCUnitTaskAutomataSummonRushAttack@GAM@VDK@@|.?AVCUnitTaskAutomataSummonRush@GAM@VDK@@|.?AVCUnitTaskAutomataSummon@GAM@VDK@@|.?AVCUnitTaskAutomataRadiconParentActor@GAM@VDK@@|.?AVCUnitTaskAutomataRadicon@GAM@VDK@@|.?AVCUnitTaskAutomataAbstract@GAM@VDK@@
033GNDAGE,006FARSIA,001,ZedasTsukimatoi,EXVS2,SummonTukimatoiAndAction,0x14147A020,465,0x2C0,17,0;2;18;21;30;42;46;72;73;78;79;80;81;84;87;88;90,0x14092A700,0x140DE1070,0x1406A5B30,0x1406A5170,0x1406A5980,0x1406A57D0,0x14094E810,0x140E02FF0,0x140E02F70,0x140DE1820,.?AVCUnitTaskAutomata_033GNDAGE_006FARSIA_001_ZedasTsukimatoi@EXVS2@@|.?AVCUnitTaskAutomata_033GNDAGE_006FARSIA_001_ZedasTsukimatoiAbstract@EXVS2@@|.?AVCUnitTaskAutomataSummonTukimatoiAndAction@GAM@VDK@@|.?AVCUnitTaskAutomataSummonTukimatoi@GAM@VDK@@|.?AVCUnitTaskAutomataSummon@GAM@VDK@@|.?AVCUnitTaskAutomataRadiconParentActor@GAM@VDK@@|.?AVCUnitTaskAutomataRadicon@GAM@VDK@@|.?AVCUnitTaskAutomataAbstract@GAM@VDK@@
033GNDAGE,006FARSIA,001,ZedasTsukimatoiRefollow,EXVS2,SummonTukimatoiAndAction,0x14147A350,465,0x2C0,17,0;2;18;21;30;42;46;72;73;78;79;80;81;84;87;88;90,0x14092A700,0x140DE1070,0x1406A5B30,0x1406A5170,0x1406A5980,0x1406A57D0,0x14094E810,0x140E030E0,0x140E02F70,0x140DE1820,.?AVCUnitTaskAutomata_033GNDAGE_006FARSIA_001_ZedasTsukimatoiRefollow@EXVS2@@|.?AVCUnitTaskAutomata_033GNDAGE_006FARSIA_001_ZedasTsukimatoiAbstract@EXVS2@@|.?AVCUnitTaskAutomataSummonTukimatoiAndAction@GAM@VDK@@|.?AVCUnitTaskAutomataSummonTukimatoi@GAM@VDK@@|.?AVCUnitTaskAutomataSummon@GAM@VDK@@|.?AVCUnitTaskAutomataRadiconParentActor@GAM@VDK@@|.?AVCUnitTaskAutomataRadicon@GAM@VDK@@|.?AVCUnitTaskAutomataAbstract@GAM@VDK@@
033GNDAGE,006FARSIA,001,ZedasWinlose,EXVS2,PutObj,0x14147A680,465,0x1D0,9,0;2;78;79;80;81;84;88;90,0x14092A040,0x140F76310,0x1406A5B30,0x1406A5170,0x1406A5980,0x1406A57D0,0x14094E380,0x140E031C0,0x140E03110,0x140E28260,.?AVCUnitTaskAutomata_033GNDAGE_006FARSIA_001_ZedasWinlose@EXVS2@@|.?AVCUnitTaskAutomataPutObj@GAM@VDK@@|.?AVCUnitTaskAutomataRadiconParentActor@GAM@VDK@@|.?AVCUnitTaskAutomataRadicon@GAM@VDK@@|.?AVCUnitTaskAutomataAbstract@GAM@VDK@@|.?AVCUnitTaskActorProjectileAbstract@GAM@VDK@@|.?AVCUnitTaskActorAbstract@GAM@VDK@@|.?AVCUnitTaskBattleAbstract@GAM@VDK@@
033GNDAGE,007LEGILS,001,AssistFunnelFly,EXVS2,FunnelMawarikomi,0x14147B978,977,0x210,10,0;2;28;43;69;78;79;81;84;87,0x14092A3A0,0x140E06020,0x1406A5B30,0x14094F070,0x1406A5980,0x1406A57D0,0x14094E050,0x140E039B0,0x140E03910,0x140DDCDC0,.?AVCUnitTaskAutomata_033GNDAGE_007LEGILS_001_AssistFunnelFly@EXVS2@@|.?AVCUnitTaskAutomataFunnelMawarikomi@GAM@VDK@@|.?AVCUnitTaskAutomataFunnelFly@GAM@VDK@@|.?AVCUnitTaskAutomataFunnel@GAM@VDK@@|.?AVCUnitTaskAutomataRadiconParentActor@GAM@VDK@@|.?AVCUnitTaskAutomataRadicon@GAM@VDK@@|.?AVCUnitTaskAutomataAbstract@GAM@VDK@@|.?AVCUnitTaskActorProjectileAbstract@GAM@VDK@@
033GNDAGE,007LEGILS,001,AssistShotFunnel,EXVS2,SummonRushShot,0x1415E08E8,465,0x2F0,20,0;2;12;18;21;30;42;46;69;72;73;78;79;80;81;84;87;88;89;90,0x140E03850,0x140F76670,0x140DE1770,0x1406A5170,0x1406A5980,0x1406A57D0,0x14094E6F0,0x140E03B90,0x140E038B0,0x140DE1820,.?AVCUnitTaskAutomata_033GNDAGE_007LEGILS_001_AssistShotFunnel@EXVS2@@|.?AVCUnitTaskAutomataSummonRushShot@GAM@VDK@@|.?AVCUnitTaskAutomataSummonRush@GAM@VDK@@|.?AVCUnitTaskAutomataSummon@GAM@VDK@@|.?AVCUnitTaskAutomataRadiconParentActor@GAM@VDK@@|.?AVCUnitTaskAutomataRadicon@GAM@VDK@@|.?AVCUnitTaskAutomataAbstract@GAM@VDK@@|.?AVCUnitTaskActorProjectileAbstract@GAM@VDK@@
033GNDAGE,007LEGILS,001,AssistShotLaser,EXVS2,SummonRushShot,0x1415E04A8,465,0x2F0,20,0;2;12;18;21;30;42;46;69;72;73;78;79;80;81;84;87;88;89;90,0x140E03640,0x140F76670,0x140DE1770,0x1406A5170,0x1406A5980,0x1406A57D0,0x14094E6F0,0x140E03D60,0x140E036A0,0x140DE1820,.?AVCUnitTaskAutomata_033GNDAGE_007LEGILS_001_AssistShotLaser@EXVS2@@|.?AVCUnitTaskAutomataSummonRushShot@GAM@VDK@@|.?AVCUnitTaskAutomataSummonRush@GAM@VDK@@|.?AVCUnitTaskAutomataSummon@GAM@VDK@@|.?AVCUnitTaskAutomataRadiconParentActor@GAM@VDK@@|.?AVCUnitTaskAutomataRadicon@GAM@VDK@@|.?AVCUnitTaskAutomataAbstract@GAM@VDK@@|.?AVCUnitTaskActorProjectileAbstract@GAM@VDK@@
033GNDAGE,007LEGILS,001,FunnelFly,EXVS2,FunnelMawarikomi,0x14147ACD8,977,0x210,10,0;2;28;43;69;78;79;81;84;87,0x14092A700,0x140F75740,0x1406A5B30,0x14094F070,0x1406A5980,0x1406A57D0,0x14094E050,0x140E03330,0x140E03270,0x140DDCDC0,.?AVCUnitTaskAutomata_033GNDAGE_007LEGILS_001_FunnelFly@EXVS2@@|.?AVCUnitTaskAutomata_033GNDAGE_007LEGILS_001_FunnelFlyAbstract@EXVS2@@|.?AVCUnitTaskAutomataFunnelMawarikomi@GAM@VDK@@|.?AVCUnitTaskAutomataFunnelFly@GAM@VDK@@|.?AVCUnitTaskAutomataFunnel@GAM@VDK@@|.?AVCUnitTaskAutomataRadiconParentActor@GAM@VDK@@|.?AVCUnitTaskAutomataRadicon@GAM@VDK@@|.?AVCUnitTaskAutomataAbstract@GAM@VDK@@
033GNDAGE,007LEGILS,001,FunnelFlyHasei,EXVS2,FunnelMawarikomi,0x14147B000,977,0x210,10,0;2;28;43;69;78;79;81;84;87,0x14092A700,0x140F75740,0x1406A5B30,0x14094F070,0x1406A5980,0x1406A57D0,0x14094E050,0x140E03330,0x140E032D0,0x140DDCDC0,.?AVCUnitTaskAutomata_033GNDAGE_007LEGILS_001_FunnelFlyHasei@EXVS2@@|.?AVCUnitTaskAutomata_033GNDAGE_007LEGILS_001_FunnelFlyAbstract@EXVS2@@|.?AVCUnitTaskAutomataFunnelMawarikomi@GAM@VDK@@|.?AVCUnitTaskAutomataFunnelFly@GAM@VDK@@|.?AVCUnitTaskAutomataFunnel@GAM@VDK@@|.?AVCUnitTaskAutomataRadiconParentActor@GAM@VDK@@|.?AVCUnitTaskAutomataRadicon@GAM@VDK@@|.?AVCUnitTaskAutomataAbstract@GAM@VDK@@
033GNDAGE,007LEGILS,001,FunnelShotAiming,EXVS2,FunnelShotStayShift,0x14147B328,977,0x210,9,0;2;28;43;78;79;81;84;87,0x14092A3E0,0x140F75740,0x1406A5B30,0x14094F070,0x1406A5980,0x1406A57D0,0x14094E2A0,0x140E03580,0x140E033B0,0x140DDCDC0,.?AVCUnitTaskAutomata_033GNDAGE_007LEGILS_001_FunnelShotAiming@EXVS2@@|.?AVCUnitTaskAutomata_033GNDAGE_007LEGILS_001_FunnelShotAbstract@EXVS2@@|.?AVCUnitTaskAutomataFunnelShotStayShift@GAM@VDK@@|.?AVCUnitTaskAutomataFunnelShiftPos@GAM@VDK@@|.?AVCUnitTaskAutomataFunnel@GAM@VDK@@|.?AVCUnitTaskAutomataRadiconParentActor@GAM@VDK@@|.?AVCUnitTaskAutomataRadicon@GAM@VDK@@|.?AVCUnitTaskAutomataAbstract@GAM@VDK@@
033GNDAGE,007LEGILS,001,FunnelShotDirection,EXVS2,FunnelShotStayShift,0x14147B650,977,0x210,10,0;2;28;43;69;78;79;81;84;87,0x14092A700,0x140F75740,0x1406A5B30,0x14094F070,0x1406A5980,0x1406A57D0,0x14094E2A0,0x140E03580,0x140E03420,0x140DDCDC0,.?AVCUnitTaskAutomata_033GNDAGE_007LEGILS_001_FunnelShotDirection@EXVS2@@|.?AVCUnitTaskAutomata_033GNDAGE_007LEGILS_001_FunnelShotAbstract@EXVS2@@|.?AVCUnitTaskAutomataFunnelShotStayShift@GAM@VDK@@|.?AVCUnitTaskAutomataFunnelShiftPos@GAM@VDK@@|.?AVCUnitTaskAutomataFunnel@GAM@VDK@@|.?AVCUnitTaskAutomataRadiconParentActor@GAM@VDK@@|.?AVCUnitTaskAutomataRadicon@GAM@VDK@@|.?AVCUnitTaskAutomataAbstract@GAM@VDK@@
033GNDAGE,007LEGILS,002,AssistShotFunnel,EXVS2,SummonRushShot,0x1415E0E68,465,0x2F0,20,0;2;12;18;21;30;42;46;69;72;73;78;79;80;81;84;87;88;89;90,0x140E03A20,0x140F76670,0x140DE1770,0x1406A5170,0x1406A5980,0x1406A57D0,0x14094E6F0,0x140E03B90,0x140E03A80,0x140DE1820,.?AVCUnitTaskAutomata_033GNDAGE_007LEGILS_002_AssistShotFunnel@EXVS2@@|.?AVCUnitTaskAutomataSummonRushShot@GAM@VDK@@|.?AVCUnitTaskAutomataSummonRush@GAM@VDK@@|.?AVCUnitTaskAutomataSummon@GAM@VDK@@|.?AVCUnitTaskAutomataRadiconParentActor@GAM@VDK@@|.?AVCUnitTaskAutomataRadicon@GAM@VDK@@|.?AVCUnitTaskAutomataAbstract@GAM@VDK@@|.?AVCUnitTaskActorProjectileAbstract@GAM@VDK@@
033GNDAGE,007LEGILS,002,AssistShotLaser,EXVS2,SummonRushShot,0x1415E12A8,465,0x2F0,20,0;2;12;18;21;30;42;46;69;72;73;78;79;80;81;84;87;88;89;90,0x140E03C40,0x140F76670,0x140DE1770,0x1406A5170,0x1406A5980,0x1406A57D0,0x14094E6F0,0x140E03D60,0x140E03CA0,0x140DE1820,.?AVCUnitTaskAutomata_033GNDAGE_007LEGILS_002_AssistShotLaser@EXVS2@@|.?AVCUnitTaskAutomataSummonRushShot@GAM@VDK@@|.?AVCUnitTaskAutomataSummonRush@GAM@VDK@@|.?AVCUnitTaskAutomataSummon@GAM@VDK@@|.?AVCUnitTaskAutomataRadiconParentActor@GAM@VDK@@|.?AVCUnitTaskAutomataRadicon@GAM@VDK@@|.?AVCUnitTaskAutomataAbstract@GAM@VDK@@|.?AVCUnitTaskActorProjectileAbstract@GAM@VDK@@
033GNDAGE,008DRKHND,001,Anchor,EXVS2,AnchorReturn,0x14147BCA0,465,0x1F0,13,0;2;11;12;18;23;73;76;78;79;81;84;89,0x14092A700,0x140DE0460,0x140DE01B0,0x1406A5170,0x1406A5980,0x1406A57D0,0x14094DCE0,0x140E03F40,0x140E03DD0,0x140F40ED0,.?AVCUnitTaskAutomata_033GNDAGE_008DRKHND_001_Anchor@EXVS2@@|.?AVCUnitTaskAutomataAnchorReturn@GAM@VDK@@|.?AVCUnitTaskAutomataAnchor@GAM@VDK@@|.?AVCUnitTaskAutomataRadiconParentActor@GAM@VDK@@|.?AVCUnitTaskAutomataRadicon@GAM@VDK@@|.?AVCUnitTaskAutomataAbstract@GAM@VDK@@|.?AVCUnitTaskActorProjectileAbstract@GAM@VDK@@|.?AVCUnitTaskActorAbstract@GAM@VDK@@
033GNDAGE,008DRKHND,001,AssistShldlrRensha,EXVS2,SummonTukimatoiAndActionSimple,0x14147C618,465,0x2D0,17,0;2;18;21;30;42;46;72;73;78;79;80;81;84;87;88;90,0x14092A700,0x140DE1070,0x1406A5B30,0x1406A5170,0x1406A5980,0x1406A57D0,0x14094E840,0x140E046E0,0x140E04680,0x140DE1820,.?AVCUnitTaskAutomata_033GNDAGE_008DRKHND_001_AssistShldlrRensha@EXVS2@@|.?AVCUnitTaskAutomataSummonTukimatoiAndActionSimple@GAM@VDK@@|.?AVCUnitTaskAutomataSummonTukimatoiAndAction@GAM@VDK@@|.?AVCUnitTaskAutomataSummonTukimatoi@GAM@VDK@@|.?AVCUnitTaskAutomataSummon@GAM@VDK@@|.?AVCUnitTaskAutomataRadiconParentActor@GAM@VDK@@|.?AVCUnitTaskAutomataRadicon@GAM@VDK@@|.?AVCUnitTaskAutomataAbstract@GAM@VDK@@
033GNDAGE,008DRKHND,001,DodslancerThrow,EXVS2,ThrowMortar,0x14147BFC8,465,0x1C0,11,0;22;76;78;79;81;82;84;87;88;91,0x14092A3E0,0x1406A5BA0,0x1406A5B30,0x1406A5170,0x1406A5980,0x1406A57D0,0x14094E8C0,0x140E04200,0x140E040F0,0x140E04150,.?AVCUnitTaskAutomata_033GNDAGE_008DRKHND_001_DodslancerThrow@EXVS2@@|.?AVCUnitTaskAutomataThrowMortar@GAM@VDK@@|.?AVCUnitTaskAutomataThrow@GAM@VDK@@|.?AVCUnitTaskAutomataRadiconParentActor@GAM@VDK@@|.?AVCUnitTaskAutomataRadicon@GAM@VDK@@|.?AVCUnitTaskAutomataAbstract@GAM@VDK@@|.?AVCUnitTaskActorProjectileAbstract@GAM@VDK@@|.?AVCUnitTaskActorAbstract@GAM@VDK@@
033GNDAGE,008DRKHND,001,SaberBoomerang,EXVS2,Boomerang,0x14147C2F0,465,0x1C0,11,0;12;73;78;79;81;84;87;88;89;91,0x14092A700,0x1406A5BA0,0x140DDD470,0x1406A5170,0x1406A5980,0x1406A57D0,0x14094DF10,0x140E04660,0x140E04240,0x140DDCAC0,.?AVCUnitTaskAutomata_033GNDAGE_008DRKHND_001_SaberBoomerang@EXVS2@@|.?AVCUnitTaskAutomataBoomerang@GAM@VDK@@|.?AVCUnitTaskAutomataRadiconParentActor@GAM@VDK@@|.?AVCUnitTaskAutomataRadicon@GAM@VDK@@|.?AVCUnitTaskAutomataAbstract@GAM@VDK@@|.?AVCUnitTaskActorProjectileAbstract@GAM@VDK@@|.?AVCUnitTaskActorAbstract@GAM@VDK@@|.?AVCUnitTaskBattleAbstract@GAM@VDK@@
033GNDAGE,010AGEFLG,001,PdmPorori,EXVS2,FreeFall,0x14147C948,465,0x1C0,11,0;2;22;25;49;78;79;81;84;88;89,0x14092A3E0,0x140F76310,0x1406A5B30,0x1406A5170,0x1406A5980,0x1406A57D0,0x14094DF60,0x140DDC8C0,0x140E04750,0x140DDC890,.?AVCUnitTaskAutomata_033GNDAGE_010AGEFLG_001_PdmPorori@EXVS2@@|.?AVCUnitTaskAutomataFreeFall@GAM@VDK@@|.?AVCUnitTaskAutomataRadiconParentActor@GAM@VDK@@|.?AVCUnitTaskAutomataRadicon@GAM@VDK@@|.?AVCUnitTaskAutomataAbstract@GAM@VDK@@|.?AVCUnitTaskActorProjectileAbstract@GAM@VDK@@|.?AVCUnitTaskActorAbstract@GAM@VDK@@|.?AVCUnitTaskBattleAbstract@GAM@VDK@@
033GNDAGE,011FFRSIA,001,AssistTransparent,EXVS2,SummonRushShot,0x14147D928,465,0x2F0,19,0;2;12;18;21;30;42;46;69;72;73;78;79;80;81;84;87;88;90,0x14092A310,0x140E12E30,0x140E04DE0,0x1406A5170,0x1406A5980,0x1406A57D0,0x14094E6F0,0x140E04CA0,0x140E04C40,0x140F95540,.?AVCUnitTaskAutomata_033GNDAGE_011FFRSIA_001_AssistTransparent@EXVS2@@|.?AVCUnitTaskAutomataSummonRushShot@GAM@VDK@@|.?AVCUnitTaskAutomataSummonRush@GAM@VDK@@|.?AVCUnitTaskAutomataSummon@GAM@VDK@@|.?AVCUnitTaskAutomataRadiconParentActor@GAM@VDK@@|.?AVCUnitTaskAutomataRadicon@GAM@VDK@@|.?AVCUnitTaskAutomataAbstract@GAM@VDK@@|.?AVCUnitTaskActorProjectileAbstract@GAM@VDK@@
033GNDAGE,011FFRSIA,001,AssistTransparentRensha,EXVS2,SummonRushShot,0x14147DC58,465,0x2F0,19,0;2;12;18;21;30;42;46;69;72;73;78;79;80;81;84;87;88;90,0x14092A310,0x140E12E30,0x140E04DE0,0x1406A5170,0x1406A5980,0x1406A57D0,0x14094E6F0,0x140E04E30,0x140E04CF0,0x140F95540,.?AVCUnitTaskAutomata_033GNDAGE_011FFRSIA_001_AssistTransparentRensha@EXVS2@@|.?AVCUnitTaskAutomataSummonRushShot@GAM@VDK@@|.?AVCUnitTaskAutomataSummonRush@GAM@VDK@@|.?AVCUnitTaskAutomataSummon@GAM@VDK@@|.?AVCUnitTaskAutomataRadiconParentActor@GAM@VDK@@|.?AVCUnitTaskAutomataRadicon@GAM@VDK@@|.?AVCUnitTaskAutomataAbstract@GAM@VDK@@|.?AVCUnitTaskActorProjectileAbstract@GAM@VDK@@
033GNDAGE,011FFRSIA,001,FunnelAttachChangeShooter,EXVS2,AttachToRadicon,0x14147D5F0,465,0x1D0,7,0;2;12;78;79;81;84,0x14092A3E0,0x140F76310,0x140E049C0,0x1406A5170,0x1406A5980,0x1406A57D0,0x14094DE40,0x140E04BC0,0x140E04AE0,0x140E28260,.?AVCUnitTaskAutomata_033GNDAGE_011FFRSIA_001_FunnelAttachChangeShooter@EXVS2@@|.?AVCUnitTaskAutomataAttachToRadicon@GAM@VDK@@|.?AVCUnitTaskAutomataRadiconParentActor@GAM@VDK@@|.?AVCUnitTaskAutomataRadicon@GAM@VDK@@|.?AVCUnitTaskAutomataAbstract@GAM@VDK@@|.?AVCUnitTaskActorProjectileAbstract@GAM@VDK@@|.?AVCUnitTaskActorAbstract@GAM@VDK@@|.?AVCUnitTaskBattleAbstract@GAM@VDK@@
033GNDAGE,011FFRSIA,001,FunnelFly,EXVS2,FunnelMawarikomi,0x14147CC70,977,0x210,11,0;2;12;28;43;69;78;79;81;84;87,0x14092A700,0x140F75740,0x140E049C0,0x14094F070,0x1406A5980,0x1406A57D0,0x14094E050,0x140E04840,0x140E047E0,0x140DDCDC0,.?AVCUnitTaskAutomata_033GNDAGE_011FFRSIA_001_FunnelFly@EXVS2@@|.?AVCUnitTaskAutomataFunnelMawarikomi@GAM@VDK@@|.?AVCUnitTaskAutomataFunnelFly@GAM@VDK@@|.?AVCUnitTaskAutomataFunnel@GAM@VDK@@|.?AVCUnitTaskAutomataRadiconParentActor@GAM@VDK@@|.?AVCUnitTaskAutomataRadicon@GAM@VDK@@|.?AVCUnitTaskAutomataAbstract@GAM@VDK@@|.?AVCUnitTaskActorProjectileAbstract@GAM@VDK@@
033GNDAGE,011FFRSIA,001,FunnelNet,EXVS2,FunnelShotStayShift,0x14147D2C0,977,0x210,10,0;2;12;28;43;78;79;81;84;87,0x14092A3E0,0x140E04A10,0x140E049C0,0x14094F070,0x1406A5980,0x1406A57D0,0x14094E2A0,0x140E04A90,0x140E04950,0x140E04A60,.?AVCUnitTaskAutomata_033GNDAGE_011FFRSIA_001_FunnelNet@EXVS2@@|.?AVCUnitTaskAutomataFunnelShotStayShift@GAM@VDK@@|.?AVCUnitTaskAutomataFunnelShiftPos@GAM@VDK@@|.?AVCUnitTaskAutomataFunnel@GAM@VDK@@|.?AVCUnitTaskAutomataRadiconParentActor@GAM@VDK@@|.?AVCUnitTaskAutomataRadicon@GAM@VDK@@|.?AVCUnitTaskAutomataAbstract@GAM@VDK@@|.?AVCUnitTaskActorProjectileAbstract@GAM@VDK@@
033GNDAGE,011FFRSIA,001,FunnelShot,EXVS2,FunnelMawarikomi_ShotOrder,0x14147CF98,977,0x230,10,0;2;12;28;43;69;78;79;81;84,0x14092A700,0x140F75740,0x140E049C0,0x14094F070,0x1406A5980,0x1406A57D0,0x14094E170,0x140E04900,0x140E04890,0x140DDCDC0,.?AVCUnitTaskAutomata_033GNDAGE_011FFRSIA_001_FunnelShot@EXVS2@@|.?AVCUnitTaskAutomataFunnelMawarikomi_ShotOrder@GAM@VDK@@|.?AVCUnitTaskAutomataFunnelShotImmediate@GAM@VDK@@|.?AVCUnitTaskAutomataFunnelMawarikomi@GAM@VDK@@|.?AVCUnitTaskAutomataFunnelFly@GAM@VDK@@|.?AVCUnitTaskAutomataFunnel@GAM@VDK@@|.?AVCUnitTaskAutomataRadiconParentActor@GAM@VDK@@|.?AVCUnitTaskAutomataRadicon@GAM@VDK@@
034EXTGUN,000COMMON,001,DuggerBoomerangAbstract,EXVS2,Boomerang,0x1415E2380,465,0x1C0,11,0;12;73;78;79;81;84;87;88;89;91,0x14092A700,0x1406A5BA0,0x140DDD470,0x1406A5170,0x1406A5980,0x1406A57D0,0x14094DF10,0x140E04660,0x140DDD2D0,0x140DDCAC0,.?AVCUnitTaskAutomata_034EXTGUN_000COMMON_001_DuggerBoomerangAbstract@EXVS2@@|.?AVCUnitTaskAutomataBoomerang@GAM@VDK@@|.?AVCUnitTaskAutomataRadiconParentActor@GAM@VDK@@|.?AVCUnitTaskAutomataRadicon@GAM@VDK@@|.?AVCUnitTaskAutomataAbstract@GAM@VDK@@|.?AVCUnitTaskActorProjectileAbstract@GAM@VDK@@|.?AVCUnitTaskActorAbstract@GAM@VDK@@|.?AVCUnitTaskBattleAbstract@GAM@VDK@@
034EXTGUN,000COMMON,001,FunnelHissatsuAbstract,EXVS2,FunnelShotImmediateShift,0x14147E900,977,0x210,14,0;2;12;28;43;69;78;79;81;84;87;96;97;98,0x14092A700,0x140E06020,0x140E05350,0x14094F070,0x1406A5980,0x1406A57D0,0x14094E240,0x140E053D0,0x140E05250,0x140DDCDC0,.?AVCUnitTaskAutomata_034EXTGUN_000COMMON_001_FunnelHissatsuAbstract@EXVS2@@|.?AVCUnitTaskAutomataFunnelShotImmediateShift@GAM@VDK@@|.?AVCUnitTaskAutomataFunnelShiftPos@GAM@VDK@@|.?AVCUnitTaskAutomataFunnel@GAM@VDK@@|.?AVCUnitTaskAutomataRadiconParentActor@GAM@VDK@@|.?AVCUnitTaskAutomataRadicon@GAM@VDK@@|.?AVCUnitTaskAutomataAbstract@GAM@VDK@@|.?AVCUnitTaskActorProjectileAbstract@GAM@VDK@@
034EXTGUN,001EXECLI,001,ThrowBeamSaber,EXVS2,Throw,0x14147E2B0,465,0x1C0,11,0;22;76;78;79;81;84;87;88;89;91,0x14092A3E0,0x1406A5BA0,0x1406A5B30,0x1406A5170,0x1406A5980,0x1406A57D0,0x14094E8C0,0x140E04F60,0x140F38FD0,0x140F39070,.?AVCUnitTaskAutomata_034EXTGUN_001EXECLI_001_ThrowBeamSaber@EXVS2@@|.?AVCUnitTaskAutomata_000COMMON_000COMMON_001_ThrowSaber@EXVS2@@|.?AVCUnitTaskAutomataThrow@GAM@VDK@@|.?AVCUnitTaskAutomataRadiconParentActor@GAM@VDK@@|.?AVCUnitTaskAutomataRadicon@GAM@VDK@@|.?AVCUnitTaskAutomataAbstract@GAM@VDK@@|.?AVCUnitTaskActorProjectileAbstract@GAM@VDK@@|.?AVCUnitTaskActorAbstract@GAM@VDK@@
034EXTGUN,001EXECLI,001,ThrowCluster,EXVS2,Throw,0x14147DF88,465,0x1C0,10,0;2;22;76;78;79;81;84;87;88,0x14092A3E0,0x140F75740,0x1406A5B30,0x1406A5170,0x1406A5980,0x1406A57D0,0x14094E8C0,0x140E04F40,0x140E04EF0,0x140F44FB0,.?AVCUnitTaskAutomata_034EXTGUN_001EXECLI_001_ThrowCluster@EXVS2@@|.?AVCUnitTaskAutomataThrow@GAM@VDK@@|.?AVCUnitTaskAutomataRadiconParentActor@GAM@VDK@@|.?AVCUnitTaskAutomataRadicon@GAM@VDK@@|.?AVCUnitTaskAutomataAbstract@GAM@VDK@@|.?AVCUnitTaskActorProjectileAbstract@GAM@VDK@@|.?AVCUnitTaskActorAbstract@GAM@VDK@@|.?AVCUnitTaskBattleAbstract@GAM@VDK@@
034EXTGUN,001EXECLI,002,ThrowCluster,EXVS2,Throw,0x14147E5D8,465,0x1C0,10,0;2;22;76;78;79;81;84;87;88,0x14092A3E0,0x140F75740,0x1406A5B30,0x1406A5170,0x1406A5980,0x1406A57D0,0x14094E8C0,0x140E04F40,0x140E05000,0x140F44FB0,.?AVCUnitTaskAutomata_034EXTGUN_001EXECLI_002_ThrowCluster@EXVS2@@|.?AVCUnitTaskAutomataThrow@GAM@VDK@@|.?AVCUnitTaskAutomataRadiconParentActor@GAM@VDK@@|.?AVCUnitTaskAutomataRadicon@GAM@VDK@@|.?AVCUnitTaskAutomataAbstract@GAM@VDK@@|.?AVCUnitTaskActorProjectileAbstract@GAM@VDK@@|.?AVCUnitTaskActorAbstract@GAM@VDK@@|.?AVCUnitTaskBattleAbstract@GAM@VDK@@
034EXTGUN,002EXXENO,001,FlashMine,EXVS2,Throw,0x14147EC28,465,0x1C0,10,0;2;22;76;78;79;81;84;87;88,0x14092A3E0,0x140F76310,0x1406A5B30,0x1406A5170,0x1406A5980,0x1406A57D0,0x14094E8C0,0x140E05410,0x140DDC8E0,0x140DDCDC0,.?AVCUnitTaskAutomata_034EXTGUN_002EXXENO_001_FlashMine@EXVS2@@|.?AVCUnitTaskAutomataThrow@GAM@VDK@@|.?AVCUnitTaskAutomataRadiconParentActor@GAM@VDK@@|.?AVCUnitTaskAutomataRadicon@GAM@VDK@@|.?AVCUnitTaskAutomataAbstract@GAM@VDK@@|.?AVCUnitTaskActorProjectileAbstract@GAM@VDK@@|.?AVCUnitTaskActorAbstract@GAM@VDK@@|.?AVCUnitTaskBattleAbstract@GAM@VDK@@
034EXTGUN,002EXXENO,001,FunnelGenkidama,EXVS2,FunnelTukimatoi,0x14147EF50,977,0x220,10,0;2;28;43;69;78;79;81;84;89,0x14092A700,0x140E06020,0x1406A5B30,0x14094F070,0x1406A5980,0x1406A57D0,0x14094E1E0,0x140E05540,0x140E05430,0x140DDCDC0,.?AVCUnitTaskAutomata_034EXTGUN_002EXXENO_001_FunnelGenkidama@EXVS2@@|.?AVCUnitTaskAutomataFunnelTukimatoi@GAM@VDK@@|.?AVCUnitTaskAutomataFunnelShotImmediate@GAM@VDK@@|.?AVCUnitTaskAutomataFunnelMawarikomi@GAM@VDK@@|.?AVCUnitTaskAutomataFunnelFly@GAM@VDK@@|.?AVCUnitTaskAutomataFunnel@GAM@VDK@@|.?AVCUnitTaskAutomataRadiconParentActor@GAM@VDK@@|.?AVCUnitTaskAutomataRadicon@GAM@VDK@@
034EXTGUN,003EXAIOS,001,AssistTransparentShooter,EXVS2,SummonRushShot,0x14147F278,465,0x2F0,20,0;2;12;18;21;30;42;46;69;72;73;78;79;80;81;84;86;87;88;90,0x14092A310,0x140F76670,0x140E05620,0x1406A5170,0x1406A5980,0x1406A57D0,0x14094E6F0,0x140E056E0,0x140E05570,0x140E056B0,.?AVCUnitTaskAutomata_034EXTGUN_003EXAIOS_001_AssistTransparentShooter@EXVS2@@|.?AVCUnitTaskAutomataSummonRushShot@GAM@VDK@@|.?AVCUnitTaskAutomataSummonRush@GAM@VDK@@|.?AVCUnitTaskAutomataSummon@GAM@VDK@@|.?AVCUnitTaskAutomataRadiconParentActor@GAM@VDK@@|.?AVCUnitTaskAutomataRadicon@GAM@VDK@@|.?AVCUnitTaskAutomataAbstract@GAM@VDK@@|.?AVCUnitTaskActorProjectileAbstract@GAM@VDK@@
034EXTGUN,003EXAIOS,001,AssistTransparentSlasher,EXVS2,SummonGrap,0x14147F5A8,465,0x290,18,0;2;12;18;21;30;42;46;72;73;78;79;80;81;84;87;88;90,0x14092A700,0x140F76670,0x140E067E0,0x1406A5170,0x1406A5980,0x1406A57D0,0x14094E560,0x140E058A0,0x140E05730,0x140E057E0,.?AVCUnitTaskAutomata_034EXTGUN_003EXAIOS_001_AssistTransparentSlasher@EXVS2@@|.?AVCUnitTaskAutomataSummonGrap@GAM@VDK@@|.?AVCUnitTaskAutomataSummon@GAM@VDK@@|.?AVCUnitTaskAutomataRadiconParentActor@GAM@VDK@@|.?AVCUnitTaskAutomataRadicon@GAM@VDK@@|.?AVCUnitTaskAutomataAbstract@GAM@VDK@@|.?AVCUnitTaskActorProjectileAbstract@GAM@VDK@@|.?AVCUnitTaskActorAbstract@GAM@VDK@@
034EXTGUN,003EXAIOS,001,FunnelAttachChangeShooter,EXVS2,AttachToRadicon,0x14147F8E0,465,0x1D0,7,0;2;12;78;79;81;84,0x14092A3E0,0x140F76310,0x140E067E0,0x1406A5170,0x1406A5980,0x1406A57D0,0x14094DE40,0x140E05AB0,0x140E058F0,0x140E28260,.?AVCUnitTaskAutomata_034EXTGUN_003EXAIOS_001_FunnelAttachChangeShooter@EXVS2@@|.?AVCUnitTaskAutomataAttachToRadicon@GAM@VDK@@|.?AVCUnitTaskAutomataRadiconParentActor@GAM@VDK@@|.?AVCUnitTaskAutomataRadicon@GAM@VDK@@|.?AVCUnitTaskAutomataAbstract@GAM@VDK@@|.?AVCUnitTaskActorProjectileAbstract@GAM@VDK@@|.?AVCUnitTaskActorAbstract@GAM@VDK@@|.?AVCUnitTaskBattleAbstract@GAM@VDK@@
034EXTGUN,003EXAIOS,001,FunnelAttachChangeSlasher,EXVS2,AttachToRadicon,0x14147FC18,465,0x1D0,7,0;2;12;78;79;81;84,0x14092A3E0,0x140F76310,0x140E067E0,0x1406A5170,0x1406A5980,0x1406A57D0,0x14094DE40,0x140E05CF0,0x140E05B30,0x140E28260,.?AVCUnitTaskAutomata_034EXTGUN_003EXAIOS_001_FunnelAttachChangeSlasher@EXVS2@@|.?AVCUnitTaskAutomataAttachToRadicon@GAM@VDK@@|.?AVCUnitTaskAutomataRadiconParentActor@GAM@VDK@@|.?AVCUnitTaskAutomataRadicon@GAM@VDK@@|.?AVCUnitTaskAutomataAbstract@GAM@VDK@@|.?AVCUnitTaskActorProjectileAbstract@GAM@VDK@@|.?AVCUnitTaskActorAbstract@GAM@VDK@@|.?AVCUnitTaskBattleAbstract@GAM@VDK@@
034EXTGUN,003EXAIOS,001,FunnelAttachChangeWeapon,EXVS2,AttachReturn,0x14147FF50,465,0x240,9,0;2;12;78;79;81;84;88;91,0x14092A700,0x140F88D10,0x140E067E0,0x1406A5170,0x1406A5980,0x1406A57D0,0x14094DDB0,0x140E05F60,0x140E05D70,0x140DE1E80,.?AVCUnitTaskAutomata_034EXTGUN_003EXAIOS_001_FunnelAttachChangeWeapon@EXVS2@@|.?AVCUnitTaskAutomataAttachReturn@GAM@VDK@@|.?AVCUnitTaskAutomataAttach@GAM@VDK@@|.?AVCUnitTaskAutomataAttachAbstract@GAM@VDK@@|.?AVCUnitTaskAutomataRadiconParentActor@GAM@VDK@@|.?AVCUnitTaskAutomataRadicon@GAM@VDK@@|.?AVCUnitTaskAutomataAbstract@GAM@VDK@@|.?AVCUnitTaskActorProjectileAbstract@GAM@VDK@@
034EXTGUN,003EXAIOS,001,FunnelFly,EXVS2,FunnelMawarikomi,0x141480278,977,0x210,10,0;2;28;43;69;78;79;81;84;87,0x14092A700,0x140E06020,0x1406A5B30,0x14094F070,0x1406A5980,0x1406A57D0,0x14094E050,0x140E06030,0x140E05FC0,0x140DDCDC0,.?AVCUnitTaskAutomata_034EXTGUN_003EXAIOS_001_FunnelFly@EXVS2@@|.?AVCUnitTaskAutomataFunnelMawarikomi@GAM@VDK@@|.?AVCUnitTaskAutomataFunnelFly@GAM@VDK@@|.?AVCUnitTaskAutomataFunnel@GAM@VDK@@|.?AVCUnitTaskAutomataRadiconParentActor@GAM@VDK@@|.?AVCUnitTaskAutomataRadicon@GAM@VDK@@|.?AVCUnitTaskAutomataAbstract@GAM@VDK@@|.?AVCUnitTaskActorProjectileAbstract@GAM@VDK@@
034EXTGUN,003EXAIOS,001,FunnelLaser,EXVS2,FunnelMawarikomi,0x1414805A0,977,0x210,10,0;2;28;43;69;78;79;81;84;87,0x14092A700,0x140E37A90,0x1406A5B30,0x14094F070,0x1406A5980,0x1406A57D0,0x14094E050,0x140E060D0,0x140E06060,0x140F95870,.?AVCUnitTaskAutomata_034EXTGUN_003EXAIOS_001_FunnelLaser@EXVS2@@|.?AVCUnitTaskAutomataFunnelMawarikomi@GAM@VDK@@|.?AVCUnitTaskAutomataFunnelFly@GAM@VDK@@|.?AVCUnitTaskAutomataFunnel@GAM@VDK@@|.?AVCUnitTaskAutomataRadiconParentActor@GAM@VDK@@|.?AVCUnitTaskAutomataRadicon@GAM@VDK@@|.?AVCUnitTaskAutomataAbstract@GAM@VDK@@|.?AVCUnitTaskActorProjectileAbstract@GAM@VDK@@
034EXTGUN,003EXAIOS,001,FunnelLaserNet,EXVS2,FunnelShotStayShift,0x1414808C8,977,0x210,10,0;2;12;28;43;78;79;81;84;87,0x14092A3E0,0x140E06020,0x140E067E0,0x14094F070,0x1406A5980,0x1406A57D0,0x14094E2A0,0x140E06170,0x140E06100,0x140DDCDC0,.?AVCUnitTaskAutomata_034EXTGUN_003EXAIOS_001_FunnelLaserNet@EXVS2@@|.?AVCUnitTaskAutomataFunnelShotStayShift@GAM@VDK@@|.?AVCUnitTaskAutomataFunnelShiftPos@GAM@VDK@@|.?AVCUnitTaskAutomataFunnel@GAM@VDK@@|.?AVCUnitTaskAutomataRadiconParentActor@GAM@VDK@@|.?AVCUnitTaskAutomataRadicon@GAM@VDK@@|.?AVCUnitTaskAutomataAbstract@GAM@VDK@@|.?AVCUnitTaskActorProjectileAbstract@GAM@VDK@@
034EXTGUN,003EXAIOS,001,FunnelShot,EXVS2,FunnelTukimatoi_ShotOrder,0x141480BF8,977,0x230,10,0;2;12;28;43;69;78;79;81;84,0x14092A700,0x140E06020,0x140E06210,0x14094F070,0x1406A5980,0x1406A57D0,0x14094E170,0x140E062A0,0x140E061A0,0x140F95870,.?AVCUnitTaskAutomata_034EXTGUN_003EXAIOS_001_FunnelShot@EXVS2@@|.?AVCUnitTaskAutomataFunnelTukimatoi_ShotOrder@GAM@VDK@@|.?AVCUnitTaskAutomataFunnelMawarikomi_ShotOrder@GAM@VDK@@|.?AVCUnitTaskAutomataFunnelShotImmediate@GAM@VDK@@|.?AVCUnitTaskAutomataFunnelMawarikomi@GAM@VDK@@|.?AVCUnitTaskAutomataFunnelFly@GAM@VDK@@|.?AVCUnitTaskAutomataFunnel@GAM@VDK@@|.?AVCUnitTaskAutomataRadiconParentActor@GAM@VDK@@
034EXTGUN,003EXAIOS,001,FunnelTeleport,EXVS2,FunnelMawarikomi,0x141480F20,977,0x210,11,0;2;12;28;43;69;78;79;81;84;87,0x14092A700,0x140E06020,0x140E067E0,0x14094F070,0x1406A5980,0x1406A57D0,0x14094E050,0x140E06330,0x140E062D0,0x140F95870,.?AVCUnitTaskAutomata_034EXTGUN_003EXAIOS_001_FunnelTeleport@EXVS2@@|.?AVCUnitTaskAutomataFunnelMawarikomi@GAM@VDK@@|.?AVCUnitTaskAutomataFunnelFly@GAM@VDK@@|.?AVCUnitTaskAutomataFunnel@GAM@VDK@@|.?AVCUnitTaskAutomataRadiconParentActor@GAM@VDK@@|.?AVCUnitTaskAutomataRadicon@GAM@VDK@@|.?AVCUnitTaskAutomataAbstract@GAM@VDK@@|.?AVCUnitTaskActorProjectileAbstract@GAM@VDK@@
034EXTGUN,003EXAIOS,001,ScaleController,EXVS2,RadiconParentActor,0x141481248,465,0x1B0,8,0;2;79;81;84;96;97;98,0x14092A3E0,0x140F76310,0x1406A5B30,0x1406A5170,0x1406A5980,0x1406A57D0,0x1406A50D0,0x140E06670,0x140E06350,0x140F41EF0,.?AVCUnitTaskAutomata_034EXTGUN_003EXAIOS_001_ScaleController@EXVS2@@|.?AVCUnitTaskAutomataRadiconParentActor@GAM@VDK@@|.?AVCUnitTaskAutomataRadicon@GAM@VDK@@|.?AVCUnitTaskAutomataAbstract@GAM@VDK@@|.?AVCUnitTaskActorProjectileAbstract@GAM@VDK@@|.?AVCUnitTaskActorAbstract@GAM@VDK@@|.?AVCUnitTaskBattleAbstract@GAM@VDK@@|.?AVCUnitTaskAbstract@FWK@VDK@@
034EXTGUN,003EXAIOS,001,ScaleController_All,EXVS2,RadiconParentActor,0x141481580,465,0x1B0,8,0;2;79;81;84;96;97;98,0x14092A3E0,0x140F76310,0x1406A5B30,0x1406A5170,0x1406A5980,0x1406A57D0,0x1406A50D0,0x140E06670,0x140E064D0,0x140F41EF0,.?AVCUnitTaskAutomata_034EXTGUN_003EXAIOS_001_ScaleController_All@EXVS2@@|.?AVCUnitTaskAutomataRadiconParentActor@GAM@VDK@@|.?AVCUnitTaskAutomataRadicon@GAM@VDK@@|.?AVCUnitTaskAutomataAbstract@GAM@VDK@@|.?AVCUnitTaskActorProjectileAbstract@GAM@VDK@@|.?AVCUnitTaskActorAbstract@GAM@VDK@@|.?AVCUnitTaskBattleAbstract@GAM@VDK@@|.?AVCUnitTaskAbstract@FWK@VDK@@
034EXTGUN,003EXAIOS,001,ScaleController_Large,EXVS2,RadiconParentActor,0x1414818B8,465,0x1B0,8,0;2;79;81;84;96;97;98,0x14092A3E0,0x140F76310,0x1406A5B30,0x1406A5170,0x1406A5980,0x1406A57D0,0x1406A50D0,0x140E06670,0x140E065D0,0x140F41EF0,.?AVCUnitTaskAutomata_034EXTGUN_003EXAIOS_001_ScaleController_Large@EXVS2@@|.?AVCUnitTaskAutomataRadiconParentActor@GAM@VDK@@|.?AVCUnitTaskAutomataRadicon@GAM@VDK@@|.?AVCUnitTaskAutomataAbstract@GAM@VDK@@|.?AVCUnitTaskActorProjectileAbstract@GAM@VDK@@|.?AVCUnitTaskActorAbstract@GAM@VDK@@|.?AVCUnitTaskBattleAbstract@GAM@VDK@@|.?AVCUnitTaskAbstract@FWK@VDK@@
034EXTGUN,003EXAIOS,001,ScaleController_Small,EXVS2,RadiconParentActor,0x141481BF0,465,0x1B0,8,0;2;79;81;84;96;97;98,0x14092A3E0,0x140F76310,0x1406A5B30,0x1406A5170,0x1406A5980,0x1406A57D0,0x1406A50D0,0x140E06670,0x140E06680,0x140F41EF0,.?AVCUnitTaskAutomata_034EXTGUN_003EXAIOS_001_ScaleController_Small@EXVS2@@|.?AVCUnitTaskAutomataRadiconParentActor@GAM@VDK@@|.?AVCUnitTaskAutomataRadicon@GAM@VDK@@|.?AVCUnitTaskAutomataAbstract@GAM@VDK@@|.?AVCUnitTaskActorProjectileAbstract@GAM@VDK@@|.?AVCUnitTaskActorAbstract@GAM@VDK@@|.?AVCUnitTaskBattleAbstract@GAM@VDK@@|.?AVCUnitTaskAbstract@FWK@VDK@@
034EXTGUN,003EXAIOS,001,SpFunnelLaser,EXVS2,FunnelMawarikomi,0x1414828A0,977,0x210,11,0;2;12;28;43;69;78;79;81;84;87,0x14092A700,0x140E37A90,0x140E067E0,0x14094F070,0x1406A5980,0x1406A57D0,0x14094E050,0x140E060D0,0x140E06D00,0x140F95870,.?AVCUnitTaskAutomata_034EXTGUN_003EXAIOS_001_SpFunnelLaser@EXVS2@@|.?AVCUnitTaskAutomata_034EXTGUN_003EXAIOS_001_FunnelLaser@EXVS2@@|.?AVCUnitTaskAutomataFunnelMawarikomi@GAM@VDK@@|.?AVCUnitTaskAutomataFunnelFly@GAM@VDK@@|.?AVCUnitTaskAutomataFunnel@GAM@VDK@@|.?AVCUnitTaskAutomataRadiconParentActor@GAM@VDK@@|.?AVCUnitTaskAutomataRadicon@GAM@VDK@@|.?AVCUnitTaskAutomataAbstract@GAM@VDK@@
034EXTGUN,003EXAIOS,001,SpFunnelTeleport,EXVS2,FunnelMawarikomi,0x141482578,977,0x210,12,0;2;12;28;43;69;78;79;81;84;87;88,0x14092A700,0x140E06020,0x140E067E0,0x14094F070,0x1406A5980,0x1406A57D0,0x14094E050,0x140E06330,0x140E06BE0,0x140F95870,.?AVCUnitTaskAutomata_034EXTGUN_003EXAIOS_001_SpFunnelTeleport@EXVS2@@|.?AVCUnitTaskAutomata_034EXTGUN_003EXAIOS_001_FunnelTeleport@EXVS2@@|.?AVCUnitTaskAutomataFunnelMawarikomi@GAM@VDK@@|.?AVCUnitTaskAutomataFunnelFly@GAM@VDK@@|.?AVCUnitTaskAutomataFunnel@GAM@VDK@@|.?AVCUnitTaskAutomataRadiconParentActor@GAM@VDK@@|.?AVCUnitTaskAutomataRadicon@GAM@VDK@@|.?AVCUnitTaskAutomataAbstract@GAM@VDK@@
034EXTGUN,003EXAIOS,001,SpFunnelThrow,EXVS2,ThrowStopRotateOnStick,0x141482BC8,465,0x1E0,13,0;2;22;59;76;78;79;81;84;87;88;89;91,0x14092A3E0,0x140E06DD0,0x1406A5B30,0x1406A5170,0x1406A5980,0x1406A57D0,0x14094E970,0x140E35AA0,0x140E06D70,0x140DDCAC0,.?AVCUnitTaskAutomata_034EXTGUN_003EXAIOS_001_SpFunnelThrow@EXVS2@@|.?AVCUnitTaskAutomata_000COMMON_000COMMON_001_ThrowSaberRolling@EXVS2@@|.?AVCUnitTaskAutomataThrowStopRotateOnStick@GAM@VDK@@|.?AVCUnitTaskAutomataThrow@GAM@VDK@@|.?AVCUnitTaskAutomataRadiconParentActor@GAM@VDK@@|.?AVCUnitTaskAutomataRadicon@GAM@VDK@@|.?AVCUnitTaskAutomataAbstract@GAM@VDK@@|.?AVCUnitTaskActorProjectileAbstract@GAM@VDK@@
034EXTGUN,003EXAIOS,001,ThrowFunnel,EXVS2,Throw,0x141481F28,465,0x1C0,13,0;2;12;22;76;78;79;81;84;87;88;89;91,0x14092A3E0,0x140E06830,0x140E067E0,0x1406A5170,0x1406A5980,0x1406A57D0,0x14094E8C0,0x140E06A70,0x140E06790,0x140DDCAC0,.?AVCUnitTaskAutomata_034EXTGUN_003EXAIOS_001_ThrowFunnel@EXVS2@@|.?AVCUnitTaskAutomataThrow@GAM@VDK@@|.?AVCUnitTaskAutomataRadiconParentActor@GAM@VDK@@|.?AVCUnitTaskAutomataRadicon@GAM@VDK@@|.?AVCUnitTaskAutomataAbstract@GAM@VDK@@|.?AVCUnitTaskActorProjectileAbstract@GAM@VDK@@|.?AVCUnitTaskActorAbstract@GAM@VDK@@|.?AVCUnitTaskBattleAbstract@GAM@VDK@@
034EXTGUN,003EXAIOS,001,Winlose_Funnel,EXVS2,FunnelTukimatoi_ShotOrder,0x141482250,977,0x230,10,0;2;12;28;43;69;78;79;81;84,0x14092A700,0x140F75740,0x140E06210,0x14094F070,0x1406A5980,0x1406A57D0,0x14094E170,0x140F88AB0,0x140E06AA0,0x140DDCDC0,.?AVCUnitTaskAutomata_034EXTGUN_003EXAIOS_001_Winlose_Funnel@EXVS2@@|.?AVCUnitTaskAutomataFunnelTukimatoi_ShotOrder@GAM@VDK@@|.?AVCUnitTaskAutomataFunnelMawarikomi_ShotOrder@GAM@VDK@@|.?AVCUnitTaskAutomataFunnelShotImmediate@GAM@VDK@@|.?AVCUnitTaskAutomataFunnelMawarikomi@GAM@VDK@@|.?AVCUnitTaskAutomataFunnelFly@GAM@VDK@@|.?AVCUnitTaskAutomataFunnel@GAM@VDK@@|.?AVCUnitTaskAutomataRadiconParentActor@GAM@VDK@@
034EXTGUN,004EXLEOS,001,AssistTransparentSlasher,EXVS2,SummonGrap,0x141484B78,465,0x290,19,0;2;12;18;21;30;42;46;72;73;78;79;80;81;84;87;88;89;90,0x14092A700,0x140F76670,0x140E07860,0x1406A5170,0x1406A5980,0x1406A57D0,0x14094E560,0x140E08080,0x140E07DC0,0x140E07EC0,.?AVCUnitTaskAutomata_034EXTGUN_004EXLEOS_001_AssistTransparentSlasher@EXVS2@@|.?AVCUnitTaskAutomataSummonGrap@GAM@VDK@@|.?AVCUnitTaskAutomataSummon@GAM@VDK@@|.?AVCUnitTaskAutomataRadiconParentActor@GAM@VDK@@|.?AVCUnitTaskAutomataRadicon@GAM@VDK@@|.?AVCUnitTaskAutomataAbstract@GAM@VDK@@|.?AVCUnitTaskActorProjectileAbstract@GAM@VDK@@|.?AVCUnitTaskActorAbstract@GAM@VDK@@
034EXTGUN,004EXLEOS,001,AttachDockingBBitReturnAbstract,EXVS2,AttachAbstract,0x141483218,465,0x210,10,0;2;12;78;79;81;84;96;97;98,0x14092A3E0,0x140F88D10,0x140E07860,0x1406A5170,0x1406A5980,0x1406A57D0,0x14094DD70,0x140E07220,0x140E06F90,0x140DE1E80,.?AVCUnitTaskAutomata_034EXTGUN_004EXLEOS_001_AttachDockingBBitReturnAbstract@EXVS2@@|.?AVCUnitTaskAutomataAttachAbstract@GAM@VDK@@|.?AVCUnitTaskAutomataRadiconParentActor@GAM@VDK@@|.?AVCUnitTaskAutomataRadicon@GAM@VDK@@|.?AVCUnitTaskAutomataAbstract@GAM@VDK@@|.?AVCUnitTaskActorProjectileAbstract@GAM@VDK@@|.?AVCUnitTaskActorAbstract@GAM@VDK@@|.?AVCUnitTaskBattleAbstract@GAM@VDK@@
034EXTGUN,004EXLEOS,001,AttachDockingRifleSword,EXVS2,AttachAbstract,0x141485838,465,0x210,10,0;2;12;78;79;81;84;96;97;98,0x14092A3E0,0x140F88D10,0x140E07860,0x1406A5170,0x1406A5980,0x1406A57D0,0x14094DD70,0x140E088D0,0x140E083C0,0x140DE1E80,.?AVCUnitTaskAutomata_034EXTGUN_004EXLEOS_001_AttachDockingRifleSword@EXVS2@@|.?AVCUnitTaskAutomataAttachAbstract@GAM@VDK@@|.?AVCUnitTaskAutomataRadiconParentActor@GAM@VDK@@|.?AVCUnitTaskAutomataRadicon@GAM@VDK@@|.?AVCUnitTaskAutomataAbstract@GAM@VDK@@|.?AVCUnitTaskActorProjectileAbstract@GAM@VDK@@|.?AVCUnitTaskActorAbstract@GAM@VDK@@|.?AVCUnitTaskBattleAbstract@GAM@VDK@@
034EXTGUN,004EXLEOS,001,FreeFallRifleSword,EXVS2,FreeFall,0x141484EB8,465,0x1C0,11,0;2;22;25;49;78;79;81;84;88;89,0x14092A3E0,0x140F76310,0x1406A5B30,0x1406A5170,0x1406A5980,0x1406A57D0,0x14094DF60,0x140F8C5C0,0x140DDC810,0x140DDC890,.?AVCUnitTaskAutomata_034EXTGUN_004EXLEOS_001_FreeFallRifleSword@EXVS2@@|.?AVCUnitTaskAutomataFreeFall@GAM@VDK@@|.?AVCUnitTaskAutomataRadiconParentActor@GAM@VDK@@|.?AVCUnitTaskAutomataRadicon@GAM@VDK@@|.?AVCUnitTaskAutomataAbstract@GAM@VDK@@|.?AVCUnitTaskActorProjectileAbstract@GAM@VDK@@|.?AVCUnitTaskActorAbstract@GAM@VDK@@|.?AVCUnitTaskBattleAbstract@GAM@VDK@@
034EXTGUN,004EXLEOS,001,FunnelAttachChangePBitOnGuardAbstract,EXVS2,AttachReturn,0x141485E98,465,0x240,11,0;2;12;78;79;81;84;91;96;97;98,0x14092A3E0,0x140F88D10,0x140E07860,0x1406A5170,0x1406A5980,0x1406A57D0,0x14094DDB0,0x140E08BA0,0x140E08940,0x140DE1E80,.?AVCUnitTaskAutomata_034EXTGUN_004EXLEOS_001_FunnelAttachChangePBitOnGuardAbstract@EXVS2@@|.?AVCUnitTaskAutomata_034EXTGUN_004EXLEOS_001_FunnelAttachChangePBitAbstract@EXVS2@@|.?AVCUnitTaskAutomataAttachReturn@GAM@VDK@@|.?AVCUnitTaskAutomataAttach@GAM@VDK@@|.?AVCUnitTaskAutomataAttachAbstract@GAM@VDK@@|.?AVCUnitTaskAutomataRadiconParentActor@GAM@VDK@@|.?AVCUnitTaskAutomataRadicon@GAM@VDK@@|.?AVCUnitTaskAutomataAbstract@GAM@VDK@@
034EXTGUN,004EXLEOS,001,FunnelAttachChangePBitOnShotAbstract,EXVS2,AttachReturn,0x141485B70,465,0x240,11,0;2;12;78;79;81;84;91;96;97;98,0x14092A3E0,0x140F88D10,0x140E07860,0x1406A5170,0x1406A5980,0x1406A57D0,0x14094DDB0,0x140E08BA0,0x140E08940,0x140DE1E80,.?AVCUnitTaskAutomata_034EXTGUN_004EXLEOS_001_FunnelAttachChangePBitOnShotAbstract@EXVS2@@|.?AVCUnitTaskAutomata_034EXTGUN_004EXLEOS_001_FunnelAttachChangePBitAbstract@EXVS2@@|.?AVCUnitTaskAutomataAttachReturn@GAM@VDK@@|.?AVCUnitTaskAutomataAttach@GAM@VDK@@|.?AVCUnitTaskAutomataAttachAbstract@GAM@VDK@@|.?AVCUnitTaskAutomataRadiconParentActor@GAM@VDK@@|.?AVCUnitTaskAutomataRadicon@GAM@VDK@@|.?AVCUnitTaskAutomataAbstract@GAM@VDK@@
034EXTGUN,004EXLEOS,001,FunnelAttachChangeRifleAgiosAbstract,EXVS2,AttachReturn,0x141484518,465,0x240,8,0;2;12;78;79;81;84;91,0x14092A3E0,0x140F88D10,0x140E07860,0x1406A5170,0x1406A5980,0x1406A57D0,0x14094DDB0,0x140E07AB0,0x140E07800,0x140DE1E80,.?AVCUnitTaskAutomata_034EXTGUN_004EXLEOS_001_FunnelAttachChangeRifleAgiosAbstract@EXVS2@@|.?AVCUnitTaskAutomataAttachReturn@GAM@VDK@@|.?AVCUnitTaskAutomataAttach@GAM@VDK@@|.?AVCUnitTaskAutomataAttachAbstract@GAM@VDK@@|.?AVCUnitTaskAutomataRadiconParentActor@GAM@VDK@@|.?AVCUnitTaskAutomataRadicon@GAM@VDK@@|.?AVCUnitTaskAutomataAbstract@GAM@VDK@@|.?AVCUnitTaskActorProjectileAbstract@GAM@VDK@@
034EXTGUN,004EXLEOS,001,FunnelAttachChangeRifleBBitAbstract,EXVS2,AttachReturn,0x141484840,465,0x240,11,0;2;12;78;79;81;84;91;96;97;98,0x14092A3E0,0x140F88D10,0x140E07860,0x1406A5170,0x1406A5980,0x1406A57D0,0x14094DDB0,0x140E07D60,0x140E07AE0,0x140DE1E80,.?AVCUnitTaskAutomata_034EXTGUN_004EXLEOS_001_FunnelAttachChangeRifleBBitAbstract@EXVS2@@|.?AVCUnitTaskAutomataAttachReturn@GAM@VDK@@|.?AVCUnitTaskAutomataAttach@GAM@VDK@@|.?AVCUnitTaskAutomataAttachAbstract@GAM@VDK@@|.?AVCUnitTaskAutomataRadiconParentActor@GAM@VDK@@|.?AVCUnitTaskAutomataRadicon@GAM@VDK@@|.?AVCUnitTaskAutomataAbstract@GAM@VDK@@|.?AVCUnitTaskActorProjectileAbstract@GAM@VDK@@
034EXTGUN,004EXLEOS,001,FunnelFly,EXVS2,FunnelMawarikomi,0x141483878,977,0x210,11,0;2;12;28;43;69;78;79;81;84;87,0x14092A700,0x140E06020,0x140E07860,0x14094F070,0x1406A5980,0x1406A57D0,0x14094E050,0x140E073B0,0x140E07350,0x140DDCDC0,.?AVCUnitTaskAutomata_034EXTGUN_004EXLEOS_001_FunnelFly@EXVS2@@|.?AVCUnitTaskAutomataFunnelMawarikomi@GAM@VDK@@|.?AVCUnitTaskAutomataFunnelFly@GAM@VDK@@|.?AVCUnitTaskAutomataFunnel@GAM@VDK@@|.?AVCUnitTaskAutomataRadiconParentActor@GAM@VDK@@|.?AVCUnitTaskAutomataRadicon@GAM@VDK@@|.?AVCUnitTaskAutomataAbstract@GAM@VDK@@|.?AVCUnitTaskActorProjectileAbstract@GAM@VDK@@
034EXTGUN,004EXLEOS,001,FunnelHissatsuAgiosAbstract,EXVS2,FunnelFlySword,0x1414851E0,977,0x220,15,0;2;12;28;43;52;69;76;78;79;81;84;87;91;92,0x14092A700,0x140E06020,0x140E07860,0x14094F070,0x1406A5980,0x1406A57D0,0x14094E100,0x140E08390,0x140E08180,0x140E2BFD0,.?AVCUnitTaskAutomata_034EXTGUN_004EXLEOS_001_FunnelHissatsuAgiosAbstract@EXVS2@@|.?AVCUnitTaskAutomataFunnelFlySword@GAM@VDK@@|.?AVCUnitTaskAutomataFunnelMawarikomi@GAM@VDK@@|.?AVCUnitTaskAutomataFunnelFly@GAM@VDK@@|.?AVCUnitTaskAutomataFunnel@GAM@VDK@@|.?AVCUnitTaskAutomataRadiconParentActor@GAM@VDK@@|.?AVCUnitTaskAutomataRadicon@GAM@VDK@@|.?AVCUnitTaskAutomataAbstract@GAM@VDK@@
034EXTGUN,004EXLEOS,001,FunnelHissatsuBBitAbstract,EXVS2,FunnelFlySword,0x141485510,977,0x220,18,0;2;12;28;43;52;69;76;78;79;81;84;87;91;92;96;97;98,0x14092A700,0x140E06020,0x140E07860,0x14094F070,0x1406A5980,0x1406A57D0,0x14094E100,0x140E08390,0x140E08230,0x140E2BFD0,.?AVCUnitTaskAutomata_034EXTGUN_004EXLEOS_001_FunnelHissatsuBBitAbstract@EXVS2@@|.?AVCUnitTaskAutomataFunnelFlySword@GAM@VDK@@|.?AVCUnitTaskAutomataFunnelMawarikomi@GAM@VDK@@|.?AVCUnitTaskAutomataFunnelFly@GAM@VDK@@|.?AVCUnitTaskAutomataFunnel@GAM@VDK@@|.?AVCUnitTaskAutomataRadiconParentActor@GAM@VDK@@|.?AVCUnitTaskAutomataRadicon@GAM@VDK@@|.?AVCUnitTaskAutomataAbstract@GAM@VDK@@
034EXTGUN,004EXLEOS,001,FunnelShot,EXVS2,FunnelTukimatoi_ShotOrder,0x141483550,977,0x230,10,0;2;12;28;43;69;78;79;81;84,0x14092A700,0x140E06020,0x140E07860,0x14094F070,0x1406A5980,0x1406A57D0,0x14094E170,0x140E07320,0x140E072B0,0x140DDCDC0,.?AVCUnitTaskAutomata_034EXTGUN_004EXLEOS_001_FunnelShot@EXVS2@@|.?AVCUnitTaskAutomataFunnelTukimatoi_ShotOrder@GAM@VDK@@|.?AVCUnitTaskAutomataFunnelMawarikomi_ShotOrder@GAM@VDK@@|.?AVCUnitTaskAutomataFunnelShotImmediate@GAM@VDK@@|.?AVCUnitTaskAutomataFunnelMawarikomi@GAM@VDK@@|.?AVCUnitTaskAutomataFunnelFly@GAM@VDK@@|.?AVCUnitTaskAutomataFunnel@GAM@VDK@@|.?AVCUnitTaskAutomataRadiconParentActor@GAM@VDK@@
034EXTGUN,004EXLEOS,001,ScaleControllerAgiosAllAbstract,EXVS2,RadiconParentActor,0x141483EC8,465,0x1B0,8,0;2;79;81;84;96;97;98,0x14092A3E0,0x140F76310,0x1406A5B30,0x1406A5170,0x1406A5980,0x1406A57D0,0x1406A50D0,0x140E07770,0x140E07640,0x140F41EF0,.?AVCUnitTaskAutomata_034EXTGUN_004EXLEOS_001_ScaleControllerAgiosAllAbstract@EXVS2@@|.?AVCUnitTaskAutomataRadiconParentActor@GAM@VDK@@|.?AVCUnitTaskAutomataRadicon@GAM@VDK@@|.?AVCUnitTaskAutomataAbstract@GAM@VDK@@|.?AVCUnitTaskActorProjectileAbstract@GAM@VDK@@|.?AVCUnitTaskActorAbstract@GAM@VDK@@|.?AVCUnitTaskBattleAbstract@GAM@VDK@@|.?AVCUnitTaskAbstract@FWK@VDK@@
034EXTGUN,004EXLEOS,001,ScaleControllerAgiosOneAbstract,EXVS2,RadiconParentActor,0x141483BA0,465,0x1B0,8,0;2;79;81;84;96;97;98,0x14092A3E0,0x140F76310,0x1406A5B30,0x1406A5170,0x1406A5980,0x1406A57D0,0x1406A50D0,0x140E07770,0x140E073F0,0x140F41EF0,.?AVCUnitTaskAutomata_034EXTGUN_004EXLEOS_001_ScaleControllerAgiosOneAbstract@EXVS2@@|.?AVCUnitTaskAutomataRadiconParentActor@GAM@VDK@@|.?AVCUnitTaskAutomataRadicon@GAM@VDK@@|.?AVCUnitTaskAutomataAbstract@GAM@VDK@@|.?AVCUnitTaskActorProjectileAbstract@GAM@VDK@@|.?AVCUnitTaskActorAbstract@GAM@VDK@@|.?AVCUnitTaskBattleAbstract@GAM@VDK@@|.?AVCUnitTaskAbstract@FWK@VDK@@
034EXTGUN,004EXLEOS,001,ScaleControllerBBitAllAbstract,EXVS2,RadiconParentActor,0x1414841F0,465,0x1B0,8,0;2;79;81;84;96;97;98,0x14092A3E0,0x140F76310,0x1406A5B30,0x1406A5170,0x1406A5980,0x1406A57D0,0x1406A50D0,0x140E07770,0x140E07780,0x140F41EF0,.?AVCUnitTaskAutomata_034EXTGUN_004EXLEOS_001_ScaleControllerBBitAllAbstract@EXVS2@@|.?AVCUnitTaskAutomataRadiconParentActor@GAM@VDK@@|.?AVCUnitTaskAutomataRadicon@GAM@VDK@@|.?AVCUnitTaskAutomataAbstract@GAM@VDK@@|.?AVCUnitTaskActorProjectileAbstract@GAM@VDK@@|.?AVCUnitTaskActorAbstract@GAM@VDK@@|.?AVCUnitTaskBattleAbstract@GAM@VDK@@|.?AVCUnitTaskAbstract@FWK@VDK@@
034EXTGUN,004EXLEOS,001,ThrowBBit,EXVS2,Throw,0x141482EF0,465,0x1C0,11,0;12;22;76;78;79;81;84;87;88;91,0x14092A3E0,0x1406A5BA0,0x140E07860,0x1406A5170,0x1406A5980,0x1406A57D0,0x14094E8C0,0x140E06F00,0x140E06E90,0x140DDCAC0,.?AVCUnitTaskAutomata_034EXTGUN_004EXLEOS_001_ThrowBBit@EXVS2@@|.?AVCUnitTaskAutomataThrow@GAM@VDK@@|.?AVCUnitTaskAutomataRadiconParentActor@GAM@VDK@@|.?AVCUnitTaskAutomataRadicon@GAM@VDK@@|.?AVCUnitTaskAutomataAbstract@GAM@VDK@@|.?AVCUnitTaskActorProjectileAbstract@GAM@VDK@@|.?AVCUnitTaskActorAbstract@GAM@VDK@@|.?AVCUnitTaskBattleAbstract@GAM@VDK@@
034EXTGUN,005EXEXEL,001,AssistClusterMissile,EXVS2,Summon,0x1414871A8,465,0x290,18,0;2;18;21;30;42;46;72;73;78;79;80;81;84;87;88;89;90,0x14092A700,0x140DE1070,0x1406A5B30,0x1406A5170,0x1406A5980,0x1406A57D0,0x14094E520,0x140E09580,0x140E09430,0x140F44FB0,.?AVCUnitTaskAutomata_034EXTGUN_005EXEXEL_001_AssistClusterMissile@EXVS2@@|.?AVCUnitTaskAutomataSummon@GAM@VDK@@|.?AVCUnitTaskAutomataRadiconParentActor@GAM@VDK@@|.?AVCUnitTaskAutomataRadicon@GAM@VDK@@|.?AVCUnitTaskAutomataAbstract@GAM@VDK@@|.?AVCUnitTaskActorProjectileAbstract@GAM@VDK@@|.?AVCUnitTaskActorAbstract@GAM@VDK@@|.?AVCUnitTaskBattleAbstract@GAM@VDK@@
034EXTGUN,005EXEXEL,001,IceBall,EXVS2,Throw,0x1414864E8,465,0x1C0,9,0;22;76;78;79;81;84;87;88,0x14092A3E0,0x1406A5BA0,0x1406A5B30,0x1406A5170,0x1406A5980,0x1406A57D0,0x14094E8C0,0x140E09000,0x140E08F80,0x140DDCAC0,.?AVCUnitTaskAutomata_034EXTGUN_005EXEXEL_001_IceBall@EXVS2@@|.?AVCUnitTaskAutomataThrow@GAM@VDK@@|.?AVCUnitTaskAutomataRadiconParentActor@GAM@VDK@@|.?AVCUnitTaskAutomataRadicon@GAM@VDK@@|.?AVCUnitTaskAutomataAbstract@GAM@VDK@@|.?AVCUnitTaskActorProjectileAbstract@GAM@VDK@@|.?AVCUnitTaskActorAbstract@GAM@VDK@@|.?AVCUnitTaskBattleAbstract@GAM@VDK@@
034EXTGUN,005EXEXEL,001,ShieldBitMate,EXVS2,FunnelDefenceFormation,0x141486810,1489,0x210,12,0;2;12;28;43;78;79;81;84;88;91;93,0x14092A620,0x140F75740,0x140E09070,0x14094F080,0x1406A5980,0x1406A57D0,0x14094E0A0,0x140E09090,0x140E091B0,0x140E28260,.?AVCUnitTaskAutomata_034EXTGUN_005EXEXEL_001_ShieldBitMate@EXVS2@@|.?AVCUnitTaskAutomata_034EXTGUN_005EXEXEL_001_ShieldBitCommon@EXVS2@@|.?AVCUnitTaskAutomataFunnelDefenceFormation@GAM@VDK@@|.?AVCUnitTaskAutomataFunnelDefence@GAM@VDK@@|.?AVCUnitTaskAutomataFunnelFlyStick@GAM@VDK@@|.?AVCUnitTaskAutomataFunnelShiftPos@GAM@VDK@@|.?AVCUnitTaskAutomataFunnel@GAM@VDK@@|.?AVCUnitTaskAutomataRadiconParentActor@GAM@VDK@@
034EXTGUN,005EXEXEL,001,ShieldBitSelf,EXVS2,FunnelDefenceFormation,0x141486B48,1489,0x210,12,0;2;12;28;43;78;79;81;84;88;91;93,0x14092A620,0x140F75740,0x140E09070,0x14094F080,0x1406A5980,0x1406A57D0,0x14094E0A0,0x140E09090,0x140E09220,0x140E28260,.?AVCUnitTaskAutomata_034EXTGUN_005EXEXEL_001_ShieldBitSelf@EXVS2@@|.?AVCUnitTaskAutomata_034EXTGUN_005EXEXEL_001_ShieldBitCommon@EXVS2@@|.?AVCUnitTaskAutomataFunnelDefenceFormation@GAM@VDK@@|.?AVCUnitTaskAutomataFunnelDefence@GAM@VDK@@|.?AVCUnitTaskAutomataFunnelFlyStick@GAM@VDK@@|.?AVCUnitTaskAutomataFunnelShiftPos@GAM@VDK@@|.?AVCUnitTaskAutomataFunnel@GAM@VDK@@|.?AVCUnitTaskAutomataRadiconParentActor@GAM@VDK@@
034EXTGUN,005EXEXEL,001,SphereBit,EXVS2,FunnelFlySword,0x141486E80,977,0x220,14,0;2;28;43;52;69;76;78;79;81;84;87;88;91,0x14092A700,0x140E09340,0x1406A5B30,0x14094F070,0x1406A5980,0x1406A57D0,0x14094E100,0x140E09370,0x140E09290,0x140E2BFD0,.?AVCUnitTaskAutomata_034EXTGUN_005EXEXEL_001_SphereBit@EXVS2@@|.?AVCUnitTaskAutomataFunnelFlySword@GAM@VDK@@|.?AVCUnitTaskAutomataFunnelMawarikomi@GAM@VDK@@|.?AVCUnitTaskAutomataFunnelFly@GAM@VDK@@|.?AVCUnitTaskAutomataFunnel@GAM@VDK@@|.?AVCUnitTaskAutomataRadiconParentActor@GAM@VDK@@|.?AVCUnitTaskAutomataRadicon@GAM@VDK@@|.?AVCUnitTaskAutomataAbstract@GAM@VDK@@
034EXTGUN,005EXEXEL,001,ThrowBeamDagger,EXVS2,ThrowStopRotateOnStick,0x1414861C0,465,0x1E0,11,0;22;76;78;79;81;84;87;88;89;91,0x14092A3E0,0x1406A5BA0,0x1406A5B30,0x1406A5170,0x1406A5980,0x1406A57D0,0x14094E970,0x140E08F60,0x140E08CA0,0x140DDCAC0,.?AVCUnitTaskAutomata_034EXTGUN_005EXEXEL_001_ThrowBeamDagger@EXVS2@@|.?AVCUnitTaskAutomataThrowStopRotateOnStick@GAM@VDK@@|.?AVCUnitTaskAutomataThrow@GAM@VDK@@|.?AVCUnitTaskAutomataRadiconParentActor@GAM@VDK@@|.?AVCUnitTaskAutomataRadicon@GAM@VDK@@|.?AVCUnitTaskAutomataAbstract@GAM@VDK@@|.?AVCUnitTaskActorProjectileAbstract@GAM@VDK@@|.?AVCUnitTaskActorAbstract@GAM@VDK@@
042GRECON,001GSELF0,001,AssistHighTorquePack,EXVS2,SummonRush,0x141489160,465,0x2C0,17,0;2;18;21;30;42;46;72;73;78;79;80;81;84;87;88;90,0x14092A700,0x140E0A1E0,0x1406A5B30,0x1406A5170,0x1406A5980,0x1406A57D0,0x14094E5B0,0x140E0A280,0x140E0A180,0x140E0A210,.?AVCUnitTaskAutomata_042GRECON_001GSELF0_001_AssistHighTorquePack@EXVS2@@|.?AVCUnitTaskAutomataSummonRush@GAM@VDK@@|.?AVCUnitTaskAutomataSummon@GAM@VDK@@|.?AVCUnitTaskAutomataRadiconParentActor@GAM@VDK@@|.?AVCUnitTaskAutomataRadicon@GAM@VDK@@|.?AVCUnitTaskAutomataAbstract@GAM@VDK@@|.?AVCUnitTaskActorProjectileAbstract@GAM@VDK@@|.?AVCUnitTaskActorAbstract@GAM@VDK@@
042GRECON,001GSELF0,001,BlastNotifier,EXVS2,Sticker,0x1414874D8,465,0x1C0,7,0;2;78;79;81;84;91,0x14092A700,0x140DDD100,0x1406A5B30,0x1406A5170,0x1406A5980,0x1406A57D0,0x14094E4D0,0x140F46350,0x140E095D0,0x140E28260,.?AVCUnitTaskAutomata_042GRECON_001GSELF0_001_BlastNotifier@EXVS2@@|.?AVCUnitTaskAutomataSticker@GAM@VDK@@|.?AVCUnitTaskAutomataRadiconParentActor@GAM@VDK@@|.?AVCUnitTaskAutomataRadicon@GAM@VDK@@|.?AVCUnitTaskAutomataAbstract@GAM@VDK@@|.?AVCUnitTaskActorProjectileAbstract@GAM@VDK@@|.?AVCUnitTaskActorAbstract@GAM@VDK@@|.?AVCUnitTaskBattleAbstract@GAM@VDK@@
042GRECON,001GSELF0,001,PororiReflectorPackClose,EXVS2,FreeFall,0x141487810,465,0x1C0,11,0;2;22;25;49;78;79;81;84;88;89,0x14092A3E0,0x140F76310,0x1406A5B30,0x1406A5170,0x1406A5980,0x1406A57D0,0x14094DF60,0x140DDC8C0,0x140DDC810,0x140DDC890,.?AVCUnitTaskAutomata_042GRECON_001GSELF0_001_PororiReflectorPackClose@EXVS2@@|.?AVCUnitTaskAutomata_042GRECON_001GSELF0_001_PororiReflectorPackAbstract@EXVS2@@|.?AVCUnitTaskAutomataFreeFall@GAM@VDK@@|.?AVCUnitTaskAutomataRadiconParentActor@GAM@VDK@@|.?AVCUnitTaskAutomataRadicon@GAM@VDK@@|.?AVCUnitTaskAutomataAbstract@GAM@VDK@@|.?AVCUnitTaskActorProjectileAbstract@GAM@VDK@@|.?AVCUnitTaskActorAbstract@GAM@VDK@@
042GRECON,001GSELF0,001,PororiReflectorPackOpen,EXVS2,FreeFall,0x141487B38,465,0x1C0,12,0;2;22;25;49;78;79;81;84;88;89;90,0x14092A3E0,0x140F76310,0x1406A5B30,0x1406A5170,0x1406A5980,0x1406A57D0,0x14094DF60,0x140E09870,0x140DDC810,0x140DDC890,.?AVCUnitTaskAutomata_042GRECON_001GSELF0_001_PororiReflectorPackOpen@EXVS2@@|.?AVCUnitTaskAutomata_042GRECON_001GSELF0_001_PororiReflectorPackAbstract@EXVS2@@|.?AVCUnitTaskAutomataFreeFall@GAM@VDK@@|.?AVCUnitTaskAutomataRadiconParentActor@GAM@VDK@@|.?AVCUnitTaskAutomataRadicon@GAM@VDK@@|.?AVCUnitTaskAutomataAbstract@GAM@VDK@@|.?AVCUnitTaskActorProjectileAbstract@GAM@VDK@@|.?AVCUnitTaskActorAbstract@GAM@VDK@@
042GRECON,001GSELF0,001,PororiSpacePack,EXVS2,FreeFall,0x141487E60,465,0x1C0,11,0;2;22;25;49;78;79;81;84;88;89,0x14092A3E0,0x140F76310,0x1406A5B30,0x1406A5170,0x1406A5980,0x1406A57D0,0x14094DF60,0x140DDC8C0,0x140DDC810,0x140DDC890,.?AVCUnitTaskAutomata_042GRECON_001GSELF0_001_PororiSpacePack@EXVS2@@|.?AVCUnitTaskAutomataFreeFall@GAM@VDK@@|.?AVCUnitTaskAutomataRadiconParentActor@GAM@VDK@@|.?AVCUnitTaskAutomataRadicon@GAM@VDK@@|.?AVCUnitTaskAutomataAbstract@GAM@VDK@@|.?AVCUnitTaskActorProjectileAbstract@GAM@VDK@@|.?AVCUnitTaskActorAbstract@GAM@VDK@@|.?AVCUnitTaskBattleAbstract@GAM@VDK@@
042GRECON,001GSELF0,001,PurgeAssaultPack,EXVS2,RadiconParentActor,0x141488188,465,0x1B0,5,0;79;81;84;88,0x14092A3E0,0x1406A5BA0,0x1406A5B30,0x1406A5170,0x1406A5980,0x1406A57D0,0x1406A50D0,0x140E0EDD0,0x140E09A00,0x140E04A60,.?AVCUnitTaskAutomata_042GRECON_001GSELF0_001_PurgeAssaultPack@EXVS2@@|.?AVCUnitTaskAutomataRadiconParentActor@GAM@VDK@@|.?AVCUnitTaskAutomataRadicon@GAM@VDK@@|.?AVCUnitTaskAutomataAbstract@GAM@VDK@@|.?AVCUnitTaskActorProjectileAbstract@GAM@VDK@@|.?AVCUnitTaskActorAbstract@GAM@VDK@@|.?AVCUnitTaskBattleAbstract@GAM@VDK@@|.?AVCUnitTaskAbstract@FWK@VDK@@
042GRECON,001GSELF0,001,ThrowAssaultPackLeft,EXVS2,Throw,0x1414884B0,465,0x1C0,10,0;22;76;78;79;81;84;86;87;88,0x14092A3E0,0x1406A5BA0,0x1406A5B30,0x1406A5170,0x1406A5980,0x1406A57D0,0x14094E8C0,0x140E09EE0,0x140E09BB0,0x140DDF870,.?AVCUnitTaskAutomata_042GRECON_001GSELF0_001_ThrowAssaultPackLeft@EXVS2@@|.?AVCUnitTaskAutomata_042GRECON_001GSELF0_001_ThrowAssaultPackAbstract@EXVS2@@|.?AVCUnitTaskAutomataThrow@GAM@VDK@@|.?AVCUnitTaskAutomataRadiconParentActor@GAM@VDK@@|.?AVCUnitTaskAutomataRadicon@GAM@VDK@@|.?AVCUnitTaskAutomataAbstract@GAM@VDK@@|.?AVCUnitTaskActorProjectileAbstract@GAM@VDK@@|.?AVCUnitTaskActorAbstract@GAM@VDK@@
042GRECON,001GSELF0,001,ThrowAssaultPackRight,EXVS2,Throw,0x1414887E0,465,0x1C0,10,0;22;76;78;79;81;84;86;87;88,0x14092A3E0,0x1406A5BA0,0x1406A5B30,0x1406A5170,0x1406A5980,0x1406A57D0,0x14094E8C0,0x140E09EE0,0x140E09C10,0x140DDF870,.?AVCUnitTaskAutomata_042GRECON_001GSELF0_001_ThrowAssaultPackRight@EXVS2@@|.?AVCUnitTaskAutomata_042GRECON_001GSELF0_001_ThrowAssaultPackAbstract@EXVS2@@|.?AVCUnitTaskAutomataThrow@GAM@VDK@@|.?AVCUnitTaskAutomataRadiconParentActor@GAM@VDK@@|.?AVCUnitTaskAutomataRadicon@GAM@VDK@@|.?AVCUnitTaskAutomataAbstract@GAM@VDK@@|.?AVCUnitTaskActorProjectileAbstract@GAM@VDK@@|.?AVCUnitTaskActorAbstract@GAM@VDK@@
042GRECON,001GSELF0,001,ThrowFryschop,EXVS2,Throw,0x141488B10,465,0x1C0,10,0;22;76;78;79;81;84;87;88;89,0x14092A3E0,0x1406A5BA0,0x1406A5B30,0x1406A5170,0x1406A5980,0x1406A57D0,0x14094E8C0,0x140E0A0A0,0x140E09F90,0x140E09FE0,.?AVCUnitTaskAutomata_042GRECON_001GSELF0_001_ThrowFryschop@EXVS2@@|.?AVCUnitTaskAutomataThrow@GAM@VDK@@|.?AVCUnitTaskAutomataRadiconParentActor@GAM@VDK@@|.?AVCUnitTaskAutomataRadicon@GAM@VDK@@|.?AVCUnitTaskAutomataAbstract@GAM@VDK@@|.?AVCUnitTaskActorProjectileAbstract@GAM@VDK@@|.?AVCUnitTaskActorAbstract@GAM@VDK@@|.?AVCUnitTaskBattleAbstract@GAM@VDK@@
042GRECON,001GSELF0,001,ThrowZanzoDan,EXVS2,Throw,0x141488E38,465,0x1C0,9,0;22;76;78;79;81;84;87;88,0x14092A3E0,0x1406A5BA0,0x1406A5B30,0x1406A5170,0x1406A5980,0x1406A57D0,0x14094E8C0,0x140E0A100,0x140DDC8E0,0x140E0A0D0,.?AVCUnitTaskAutomata_042GRECON_001GSELF0_001_ThrowZanzoDan@EXVS2@@|.?AVCUnitTaskAutomataThrow@GAM@VDK@@|.?AVCUnitTaskAutomataRadiconParentActor@GAM@VDK@@|.?AVCUnitTaskAutomataRadicon@GAM@VDK@@|.?AVCUnitTaskAutomataAbstract@GAM@VDK@@|.?AVCUnitTaskActorProjectileAbstract@GAM@VDK@@|.?AVCUnitTaskActorAbstract@GAM@VDK@@|.?AVCUnitTaskBattleAbstract@GAM@VDK@@
042GRECON,002MACMSK,001,Anchor,EXVS2,AnchorReturn,0x141489490,465,0x1F0,12,0;2;11;12;18;23;73;76;78;79;81;84,0x14092A700,0x140DE0460,0x140DE01B0,0x1406A5170,0x1406A5980,0x1406A57D0,0x14094DCE0,0x140E0A460,0x140E0A3E0,0x140F40ED0,.?AVCUnitTaskAutomata_042GRECON_002MACMSK_001_Anchor@EXVS2@@|.?AVCUnitTaskAutomataAnchorReturn@GAM@VDK@@|.?AVCUnitTaskAutomataAnchor@GAM@VDK@@|.?AVCUnitTaskAutomataRadiconParentActor@GAM@VDK@@|.?AVCUnitTaskAutomataRadicon@GAM@VDK@@|.?AVCUnitTaskAutomataAbstract@GAM@VDK@@|.?AVCUnitTaskActorProjectileAbstract@GAM@VDK@@|.?AVCUnitTaskActorAbstract@GAM@VDK@@
042GRECON,002MACMSK,001,AssistMackKnifeBararaTsukimatoi,EXVS2,SummonTukimatoiAndAction,0x1414897B8,465,0x2C0,17,0;2;18;21;30;42;46;72;73;78;79;80;81;84;87;88;90,0x14092A700,0x140DE1070,0x1406A5B30,0x1406A5170,0x1406A5980,0x1406A57D0,0x14094E810,0x140E0A580,0x140E0A4C0,0x140DE1820,.?AVCUnitTaskAutomata_042GRECON_002MACMSK_001_AssistMackKnifeBararaTsukimatoi@EXVS2@@|.?AVCUnitTaskAutomataSummonTukimatoiAndAction@GAM@VDK@@|.?AVCUnitTaskAutomataSummonTukimatoi@GAM@VDK@@|.?AVCUnitTaskAutomataSummon@GAM@VDK@@|.?AVCUnitTaskAutomataRadiconParentActor@GAM@VDK@@|.?AVCUnitTaskAutomataRadicon@GAM@VDK@@|.?AVCUnitTaskAutomataAbstract@GAM@VDK@@|.?AVCUnitTaskActorProjectileAbstract@GAM@VDK@@
042GRECON,002MACMSK,001,PororiBoosterBoost,EXVS2,FreeFall,0x141489E10,465,0x1C0,11,0;2;22;25;49;78;79;81;84;88;89,0x14092A3E0,0x140F76310,0x1406A5B30,0x1406A5170,0x1406A5980,0x1406A57D0,0x14094DF60,0x140DDC8C0,0x140DDC810,0x140DDC890,.?AVCUnitTaskAutomata_042GRECON_002MACMSK_001_PororiBoosterBoost@EXVS2@@|.?AVCUnitTaskAutomataFreeFall@GAM@VDK@@|.?AVCUnitTaskAutomataRadiconParentActor@GAM@VDK@@|.?AVCUnitTaskAutomataRadicon@GAM@VDK@@|.?AVCUnitTaskAutomataAbstract@GAM@VDK@@|.?AVCUnitTaskActorProjectileAbstract@GAM@VDK@@|.?AVCUnitTaskActorAbstract@GAM@VDK@@|.?AVCUnitTaskBattleAbstract@GAM@VDK@@
042GRECON,002MACMSK,001,PororiBoosterDefault,EXVS2,FreeFall,0x141489AE8,465,0x1C0,11,0;2;22;25;49;78;79;81;84;88;89,0x14092A3E0,0x140F76310,0x1406A5B30,0x1406A5170,0x1406A5980,0x1406A57D0,0x14094DF60,0x140DDC8C0,0x140DDC810,0x140DDC890,.?AVCUnitTaskAutomata_042GRECON_002MACMSK_001_PororiBoosterDefault@EXVS2@@|.?AVCUnitTaskAutomataFreeFall@GAM@VDK@@|.?AVCUnitTaskAutomataRadiconParentActor@GAM@VDK@@|.?AVCUnitTaskAutomataRadicon@GAM@VDK@@|.?AVCUnitTaskAutomataAbstract@GAM@VDK@@|.?AVCUnitTaskActorProjectileAbstract@GAM@VDK@@|.?AVCUnitTaskActorAbstract@GAM@VDK@@|.?AVCUnitTaskBattleAbstract@GAM@VDK@@
042GRECON,003PSELF0,001,FunnelTrackFin,EXVS2,FunnelFlySword,0x14148A138,977,0x220,13,0;2;28;43;52;69;76;78;79;81;84;87;91,0x14092A700,0x140E09340,0x1406A5B30,0x14094F070,0x1406A5980,0x1406A57D0,0x14094E100,0x140E0A770,0x140E0A710,0x140E2BFD0,.?AVCUnitTaskAutomata_042GRECON_003PSELF0_001_FunnelTrackFin@EXVS2@@|.?AVCUnitTaskAutomataFunnelFlySword@GAM@VDK@@|.?AVCUnitTaskAutomataFunnelMawarikomi@GAM@VDK@@|.?AVCUnitTaskAutomataFunnelFly@GAM@VDK@@|.?AVCUnitTaskAutomataFunnel@GAM@VDK@@|.?AVCUnitTaskAutomataRadiconParentActor@GAM@VDK@@|.?AVCUnitTaskAutomataRadicon@GAM@VDK@@|.?AVCUnitTaskAutomataAbstract@GAM@VDK@@
042GRECON,003PSELF0,001,ThrowPhotonTorpedo,EXVS2,Throw,0x14148A460,465,0x1C0,11,0;22;76;78;79;81;84;87;88;89;91,0x14092A3E0,0x1406A5BA0,0x1406A5B30,0x1406A5170,0x1406A5980,0x1406A57D0,0x14094E8C0,0x140E0A910,0x140E0A830,0x140DDF870,.?AVCUnitTaskAutomata_042GRECON_003PSELF0_001_ThrowPhotonTorpedo@EXVS2@@|.?AVCUnitTaskAutomataThrow@GAM@VDK@@|.?AVCUnitTaskAutomataRadiconParentActor@GAM@VDK@@|.?AVCUnitTaskAutomataRadicon@GAM@VDK@@|.?AVCUnitTaskAutomataAbstract@GAM@VDK@@|.?AVCUnitTaskActorProjectileAbstract@GAM@VDK@@|.?AVCUnitTaskActorAbstract@GAM@VDK@@|.?AVCUnitTaskBattleAbstract@GAM@VDK@@
042GRECON,004GARCAN,001,StickerBeamWireMakitsuki,EXVS2,Sticker,0x14148A788,465,0x1E0,8,0;2;78;79;81;84;88;91,0x14092A700,0x140DDD100,0x1406A5B30,0x1406A5170,0x1406A5980,0x1406A57D0,0x14094EC90,0x140E0AA40,0x140E0A940,0x140E28260,.?AVCUnitTaskAutomata_042GRECON_004GARCAN_001_StickerBeamWireMakitsuki@EXVS2@@|.?AVCUnitTaskAutomataSticker@GAM@VDK@@|.?AVCUnitTaskAutomataRadiconParentActor@GAM@VDK@@|.?AVCUnitTaskAutomataRadicon@GAM@VDK@@|.?AVCUnitTaskAutomataAbstract@GAM@VDK@@|.?AVCUnitTaskActorProjectileAbstract@GAM@VDK@@|.?AVCUnitTaskActorAbstract@GAM@VDK@@|.?AVCUnitTaskBattleAbstract@GAM@VDK@@
042GRECON,005MNTERO,001,BeamJavelinThrow,EXVS2,Throw,0x14148B120,465,0x1C0,11,0;22;76;78;79;81;84;87;88;89;91,0x14092A3E0,0x1406A5BA0,0x1406A5B30,0x1406A5170,0x1406A5980,0x1406A57D0,0x14094E8C0,0x140E0B090,0x140E0ACD0,0x140E0AF30,.?AVCUnitTaskAutomata_042GRECON_005MNTERO_001_BeamJavelinThrow@EXVS2@@|.?AVCUnitTaskAutomataThrow@GAM@VDK@@|.?AVCUnitTaskAutomataRadiconParentActor@GAM@VDK@@|.?AVCUnitTaskAutomataRadicon@GAM@VDK@@|.?AVCUnitTaskAutomataAbstract@GAM@VDK@@|.?AVCUnitTaskActorProjectileAbstract@GAM@VDK@@|.?AVCUnitTaskActorAbstract@GAM@VDK@@|.?AVCUnitTaskBattleAbstract@GAM@VDK@@
042GRECON,005MNTERO,001,BeamJavelinThrowSP,EXVS2,Throw,0x14148AAC0,465,0x1C0,12,0;2;22;76;78;79;81;84;87;88;89;91,0x14092A3E0,0x140F76310,0x1406A5B30,0x1406A5170,0x1406A5980,0x1406A57D0,0x14094E8C0,0x140E0ABB0,0x140E0AB00,0x140E0AF30,.?AVCUnitTaskAutomata_042GRECON_005MNTERO_001_BeamJavelinThrowSP@EXVS2@@|.?AVCUnitTaskAutomataThrow@GAM@VDK@@|.?AVCUnitTaskAutomataRadiconParentActor@GAM@VDK@@|.?AVCUnitTaskAutomataRadicon@GAM@VDK@@|.?AVCUnitTaskAutomataAbstract@GAM@VDK@@|.?AVCUnitTaskActorProjectileAbstract@GAM@VDK@@|.?AVCUnitTaskActorAbstract@GAM@VDK@@|.?AVCUnitTaskBattleAbstract@GAM@VDK@@
042GRECON,005MNTERO,001,HookShot,EXVS2,Throw,0x14148B448,465,0x1C0,10,0;22;76;78;79;81;84;87;88;89,0x14092A3E0,0x1406A5BA0,0x1406A5B30,0x1406A5170,0x1406A5980,0x1406A57D0,0x14094E8C0,0x140E0B230,0x140E0B140,0x140DDCAC0,.?AVCUnitTaskAutomata_042GRECON_005MNTERO_001_HookShot@EXVS2@@|.?AVCUnitTaskAutomataThrow@GAM@VDK@@|.?AVCUnitTaskAutomataRadiconParentActor@GAM@VDK@@|.?AVCUnitTaskAutomataRadicon@GAM@VDK@@|.?AVCUnitTaskAutomataAbstract@GAM@VDK@@|.?AVCUnitTaskActorProjectileAbstract@GAM@VDK@@|.?AVCUnitTaskActorAbstract@GAM@VDK@@|.?AVCUnitTaskBattleAbstract@GAM@VDK@@
042GRECON,005MNTERO,001,StickerBeamWireMakitsuki,EXVS2,Sticker,0x14148ADE8,465,0x1E0,8,0;2;78;79;81;84;88;91,0x14092A700,0x140DDD100,0x1406A5B30,0x1406A5170,0x1406A5980,0x1406A57D0,0x14094EC90,0x140E0AA40,0x140E0AC00,0x140E28260,.?AVCUnitTaskAutomata_042GRECON_005MNTERO_001_StickerBeamWireMakitsuki@EXVS2@@|.?AVCUnitTaskAutomataSticker@GAM@VDK@@|.?AVCUnitTaskAutomataRadiconParentActor@GAM@VDK@@|.?AVCUnitTaskAutomataRadicon@GAM@VDK@@|.?AVCUnitTaskAutomataAbstract@GAM@VDK@@|.?AVCUnitTaskActorProjectileAbstract@GAM@VDK@@|.?AVCUnitTaskActorAbstract@GAM@VDK@@|.?AVCUnitTaskBattleAbstract@GAM@VDK@@
042GRECON,006GLUCIF,001,SkirtFunnel,EXVS2,FunnelMawarikomiMultipleShot,0x14148B770,977,0x220,10,0;2;28;43;69;78;79;81;84;87,0x14092A100,0x140F75740,0x1406A5B30,0x14094F070,0x1406A5980,0x1406A57D0,0x14094E9E0,0x140E0B2C0,0x140E0B260,0x140DDCDC0,.?AVCUnitTaskAutomata_042GRECON_006GLUCIF_001_SkirtFunnel@EXVS2@@|.?AVCUnitTaskAutomataFunnelMawarikomiMultipleShot@GAM@VDK@@|.?AVCUnitTaskAutomataFunnelMawarikomi@GAM@VDK@@|.?AVCUnitTaskAutomataFunnelFly@GAM@VDK@@|.?AVCUnitTaskAutomataFunnel@GAM@VDK@@|.?AVCUnitTaskAutomataRadiconParentActor@GAM@VDK@@|.?AVCUnitTaskAutomataRadicon@GAM@VDK@@|.?AVCUnitTaskAutomataAbstract@GAM@VDK@@
042GRECON,007KABAKL,001,AssistGrach,EXVS2,SummonRushShot,0x1415E63C0,465,0x2F0,20,0;2;11;12;18;21;30;42;46;69;72;73;78;79;80;81;84;87;88;90,0x140E0B330,0x140F76670,0x140DE1770,0x1406A5170,0x1406A5980,0x1406A57D0,0x14094E6F0,0x140E0B430,0x140E0B390,0x140DE1820,.?AVCUnitTaskAutomata_042GRECON_007KABAKL_001_AssistGrach@EXVS2@@|.?AVCUnitTaskAutomataSummonRushShot@GAM@VDK@@|.?AVCUnitTaskAutomataSummonRush@GAM@VDK@@|.?AVCUnitTaskAutomataSummon@GAM@VDK@@|.?AVCUnitTaskAutomataRadiconParentActor@GAM@VDK@@|.?AVCUnitTaskAutomataRadicon@GAM@VDK@@|.?AVCUnitTaskAutomataAbstract@GAM@VDK@@|.?AVCUnitTaskActorProjectileAbstract@GAM@VDK@@
042GRECON,007KABAKL,001,FlyBeefrestBit,EXVS2,FunnelMawarikomi,0x14148BA98,977,0x210,9,0;2;28;43;69;78;79;81;84,0x14092A700,0x140F75740,0x1406A5B30,0x14094F070,0x1406A5980,0x1406A57D0,0x14094E050,0x140E0B510,0x140E0B4A0,0x140DDCDC0,.?AVCUnitTaskAutomata_042GRECON_007KABAKL_001_FlyBeefrestBit@EXVS2@@|.?AVCUnitTaskAutomataFunnelMawarikomi@GAM@VDK@@|.?AVCUnitTaskAutomataFunnelFly@GAM@VDK@@|.?AVCUnitTaskAutomataFunnel@GAM@VDK@@|.?AVCUnitTaskAutomataRadiconParentActor@GAM@VDK@@|.?AVCUnitTaskAutomataRadicon@GAM@VDK@@|.?AVCUnitTaskAutomataAbstract@GAM@VDK@@|.?AVCUnitTaskActorProjectileAbstract@GAM@VDK@@
042GRECON,007KABAKL,001,ThrowBeamRing,EXVS2,Throw,0x14148BDC0,465,0x1C0,14,0;22;72;73;76;78;79;81;87;88;89;96;97;98,0x14092A700,0x1406A5BA0,0x1406A5B30,0x1406A5170,0x1406A5980,0x1406A57D0,0x14094E8C0,0x140E0B930,0x140E0B5D0,0x140E26F80,.?AVCUnitTaskAutomata_042GRECON_007KABAKL_001_ThrowBeamRing@EXVS2@@|.?AVCUnitTaskAutomataThrow@GAM@VDK@@|.?AVCUnitTaskAutomataRadiconParentActor@GAM@VDK@@|.?AVCUnitTaskAutomataRadicon@GAM@VDK@@|.?AVCUnitTaskAutomataAbstract@GAM@VDK@@|.?AVCUnitTaskActorProjectileAbstract@GAM@VDK@@|.?AVCUnitTaskActorAbstract@GAM@VDK@@|.?AVCUnitTaskBattleAbstract@GAM@VDK@@
042GRECON,008DAHACK,001,AssistLegFunnel,EXVS2,FunnelMawarikomi,0x14148CA80,977,0x210,11,0;2;12;28;43;69;78;79;81;84;87,0x14092A700,0x140F75740,0x140F89630,0x14094F070,0x1406A5980,0x1406A57D0,0x14094E050,0x140E0C030,0x140E0BFD0,0x140DDCDC0,.?AVCUnitTaskAutomata_042GRECON_008DAHACK_001_AssistLegFunnel@EXVS2@@|.?AVCUnitTaskAutomataFunnelMawarikomi@GAM@VDK@@|.?AVCUnitTaskAutomataFunnelFly@GAM@VDK@@|.?AVCUnitTaskAutomataFunnel@GAM@VDK@@|.?AVCUnitTaskAutomataRadiconParentActor@GAM@VDK@@|.?AVCUnitTaskAutomataRadicon@GAM@VDK@@|.?AVCUnitTaskAutomataAbstract@GAM@VDK@@|.?AVCUnitTaskActorProjectileAbstract@GAM@VDK@@
042GRECON,008DAHACK,001,TrinityAssistFunnel,EXVS2,SummonRushShot,0x14148C750,465,0x2F0,19,0;2;12;18;21;30;42;46;69;72;73;78;79;80;81;84;87;88;90,0x14092A460,0x140F76670,0x140E0BF30,0x1406A5170,0x1406A5980,0x1406A57D0,0x14094E6F0,0x140E0BF70,0x140E0BED0,0x140F5A890,.?AVCUnitTaskAutomata_042GRECON_008DAHACK_001_TrinityAssistFunnel@EXVS2@@|.?AVCUnitTaskAutomataSummonRushShot@GAM@VDK@@|.?AVCUnitTaskAutomataSummonRush@GAM@VDK@@|.?AVCUnitTaskAutomataSummon@GAM@VDK@@|.?AVCUnitTaskAutomataRadiconParentActor@GAM@VDK@@|.?AVCUnitTaskAutomataRadicon@GAM@VDK@@|.?AVCUnitTaskAutomataAbstract@GAM@VDK@@|.?AVCUnitTaskActorProjectileAbstract@GAM@VDK@@
042GRECON,008DAHACK,001,TrinityAssistRush,EXVS2,SummonGrap,0x14148C418,465,0x290,18,0;2;18;21;30;42;46;72;73;78;79;80;81;84;87;88;89;90,0x14092A100,0x140DE1070,0x1406A5B30,0x1406A5170,0x1406A5980,0x1406A57D0,0x14094E560,0x140E0BEA0,0x140E0BA50,0x140E0BB70,.?AVCUnitTaskAutomata_042GRECON_008DAHACK_001_TrinityAssistRush@EXVS2@@|.?AVCUnitTaskAutomataSummonGrap@GAM@VDK@@|.?AVCUnitTaskAutomataSummon@GAM@VDK@@|.?AVCUnitTaskAutomataRadiconParentActor@GAM@VDK@@|.?AVCUnitTaskAutomataRadicon@GAM@VDK@@|.?AVCUnitTaskAutomataAbstract@GAM@VDK@@|.?AVCUnitTaskActorProjectileAbstract@GAM@VDK@@|.?AVCUnitTaskActorAbstract@GAM@VDK@@
042GRECON,008DAHACK,001,TrinityAssistShot,EXVS2,SummonRushShot,0x14148C0E8,465,0x2F0,19,0;2;12;18;21;30;42;46;69;72;73;78;79;80;81;84;87;88;90,0x14092A310,0x140DE1070,0x140DE1770,0x1406A5170,0x1406A5980,0x1406A57D0,0x14094E6F0,0x140E0BA10,0x140DE1710,0x140E0BA00,.?AVCUnitTaskAutomata_042GRECON_008DAHACK_001_TrinityAssistShot@EXVS2@@|.?AVCUnitTaskAutomataSummonRushShot@GAM@VDK@@|.?AVCUnitTaskAutomataSummonRush@GAM@VDK@@|.?AVCUnitTaskAutomataSummon@GAM@VDK@@|.?AVCUnitTaskAutomataRadiconParentActor@GAM@VDK@@|.?AVCUnitTaskAutomataRadicon@GAM@VDK@@|.?AVCUnitTaskAutomataAbstract@GAM@VDK@@|.?AVCUnitTaskActorProjectileAbstract@GAM@VDK@@
042GRECON,009HECATE,001,BitBarrierFly,EXVS2,FunnelShotStayShift,0x14148CDA8,977,0x210,14,0;2;12;28;43;73;75;78;79;81;84;86;87;88,0x14092A700,0x140E06020,0x140E0C2B0,0x14094F070,0x1406A5980,0x1406A57D0,0x14094E2A0,0x140E0C3C0,0x140E0C070,0x140E0C3A0,.?AVCUnitTaskAutomata_042GRECON_009HECATE_001_BitBarrierFly@EXVS2@@|.?AVCUnitTaskAutomataFunnelShotStayShift@GAM@VDK@@|.?AVCUnitTaskAutomataFunnelShiftPos@GAM@VDK@@|.?AVCUnitTaskAutomataFunnel@GAM@VDK@@|.?AVCUnitTaskAutomataRadiconParentActor@GAM@VDK@@|.?AVCUnitTaskAutomataRadicon@GAM@VDK@@|.?AVCUnitTaskAutomataAbstract@GAM@VDK@@|.?AVCUnitTaskActorProjectileAbstract@GAM@VDK@@
042GRECON,009HECATE,001,BitBarrierFlyHasei,EXVS2,FunnelShotStayShift,0x14148D3F8,977,0x210,14,0;2;12;28;43;73;75;78;79;81;84;86;87;88,0x14092A700,0x140E06020,0x140E0C710,0x14094F070,0x1406A5980,0x1406A57D0,0x14094E2A0,0x140E0C810,0x140E0C400,0x140E0C3A0,.?AVCUnitTaskAutomata_042GRECON_009HECATE_001_BitBarrierFlyHasei@EXVS2@@|.?AVCUnitTaskAutomata_042GRECON_009HECATE_001_BitBarrierFlySetPos@EXVS2@@|.?AVCUnitTaskAutomataFunnelShotStayShift@GAM@VDK@@|.?AVCUnitTaskAutomataFunnelShiftPos@GAM@VDK@@|.?AVCUnitTaskAutomataFunnel@GAM@VDK@@|.?AVCUnitTaskAutomataRadiconParentActor@GAM@VDK@@|.?AVCUnitTaskAutomataRadicon@GAM@VDK@@|.?AVCUnitTaskAutomataAbstract@GAM@VDK@@
042GRECON,009HECATE,001,BitBarrierFlySetPos,EXVS2,FunnelShotStayShift,0x14148D0D0,977,0x210,14,0;2;12;28;43;73;75;78;79;81;84;86;87;88,0x14092A700,0x140E06020,0x140E0C710,0x14094F070,0x1406A5980,0x1406A57D0,0x14094E2A0,0x140E0C810,0x140E0C480,0x140E0C3A0,.?AVCUnitTaskAutomata_042GRECON_009HECATE_001_BitBarrierFlySetPos@EXVS2@@|.?AVCUnitTaskAutomataFunnelShotStayShift@GAM@VDK@@|.?AVCUnitTaskAutomataFunnelShiftPos@GAM@VDK@@|.?AVCUnitTaskAutomataFunnel@GAM@VDK@@|.?AVCUnitTaskAutomataRadiconParentActor@GAM@VDK@@|.?AVCUnitTaskAutomataRadicon@GAM@VDK@@|.?AVCUnitTaskAutomataAbstract@GAM@VDK@@|.?AVCUnitTaskActorProjectileAbstract@GAM@VDK@@
042GRECON,009HECATE,001,BitSpShot,EXVS2,FunnelMawarikomi,0x14148D720,977,0x210,11,0;2;28;43;69;78;79;81;84;87;88,0x14092A700,0x140E2F470,0x1406A5B30,0x14094F070,0x1406A5980,0x1406A57D0,0x14094E050,0x140E0C960,0x140E0C860,0x140DDCDC0,.?AVCUnitTaskAutomata_042GRECON_009HECATE_001_BitSpShot@EXVS2@@|.?AVCUnitTaskAutomataFunnelMawarikomi@GAM@VDK@@|.?AVCUnitTaskAutomataFunnelFly@GAM@VDK@@|.?AVCUnitTaskAutomataFunnel@GAM@VDK@@|.?AVCUnitTaskAutomataRadiconParentActor@GAM@VDK@@|.?AVCUnitTaskAutomataRadicon@GAM@VDK@@|.?AVCUnitTaskAutomataAbstract@GAM@VDK@@|.?AVCUnitTaskActorProjectileAbstract@GAM@VDK@@
042GRECON,009HECATE,001,FreeFallContainer,EXVS2,FreeFall,0x14148DD80,465,0x1C0,10,0;2;22;25;49;78;79;81;84;89,0x14092A3E0,0x140F76310,0x1406A5B30,0x1406A5170,0x1406A5980,0x1406A57D0,0x14094DF60,0x140DDC8C0,0x140E0CCB0,0x140DDC890,.?AVCUnitTaskAutomata_042GRECON_009HECATE_001_FreeFallContainer@EXVS2@@|.?AVCUnitTaskAutomataFreeFall@GAM@VDK@@|.?AVCUnitTaskAutomataRadiconParentActor@GAM@VDK@@|.?AVCUnitTaskAutomataRadicon@GAM@VDK@@|.?AVCUnitTaskAutomataAbstract@GAM@VDK@@|.?AVCUnitTaskActorProjectileAbstract@GAM@VDK@@|.?AVCUnitTaskActorAbstract@GAM@VDK@@|.?AVCUnitTaskBattleAbstract@GAM@VDK@@
042GRECON,009HECATE,001,SpStickExp,EXVS2,Sticker,0x14148DA48,465,0x1C0,8,0;2;74;78;79;81;84;91,0x14092A100,0x140DDD100,0x1406A5B30,0x1406A5170,0x1406A5980,0x1406A57D0,0x14094E4D0,0x140E0CC60,0x140E0CA40,0x140E0CB40,.?AVCUnitTaskAutomata_042GRECON_009HECATE_001_SpStickExp@EXVS2@@|.?AVCUnitTaskAutomataSticker@GAM@VDK@@|.?AVCUnitTaskAutomataRadiconParentActor@GAM@VDK@@|.?AVCUnitTaskAutomataRadicon@GAM@VDK@@|.?AVCUnitTaskAutomataAbstract@GAM@VDK@@|.?AVCUnitTaskActorProjectileAbstract@GAM@VDK@@|.?AVCUnitTaskActorAbstract@GAM@VDK@@|.?AVCUnitTaskBattleAbstract@GAM@VDK@@
043ORPHAN,001GNBARB,001,StickerKatana,EXVS2,Sticker,0x14148EA20,465,0x1C0,7,0;2;78;79;81;84;91,0x14092A700,0x140DDD100,0x1406A5B30,0x1406A5170,0x1406A5980,0x1406A57D0,0x14094E4D0,0x140E0D2B0,0x140DDCFB0,0x140E28260,.?AVCUnitTaskAutomata_043ORPHAN_001GNBARB_001_StickerKatana@EXVS2@@|.?AVCUnitTaskAutomataSticker@GAM@VDK@@|.?AVCUnitTaskAutomataRadiconParentActor@GAM@VDK@@|.?AVCUnitTaskAutomataRadicon@GAM@VDK@@|.?AVCUnitTaskAutomataAbstract@GAM@VDK@@|.?AVCUnitTaskActorProjectileAbstract@GAM@VDK@@|.?AVCUnitTaskActorAbstract@GAM@VDK@@|.?AVCUnitTaskBattleAbstract@GAM@VDK@@
043ORPHAN,001GNBARB,001,ThrowDebrisMortar,EXVS2,ThrowMortar,0x14148E3D0,465,0x1C0,12,0;22;76;78;79;81;82;84;86;87;88;91,0x14092A3E0,0x1406A5BA0,0x1406A5B30,0x1406A5170,0x1406A5980,0x1406A57D0,0x14094E8C0,0x140E0CF90,0x140E0CE20,0x140DDCAC0,.?AVCUnitTaskAutomata_043ORPHAN_001GNBARB_001_ThrowDebrisMortar@EXVS2@@|.?AVCUnitTaskAutomataThrowMortar@GAM@VDK@@|.?AVCUnitTaskAutomataThrow@GAM@VDK@@|.?AVCUnitTaskAutomataRadiconParentActor@GAM@VDK@@|.?AVCUnitTaskAutomataRadicon@GAM@VDK@@|.?AVCUnitTaskAutomataAbstract@GAM@VDK@@|.?AVCUnitTaskActorProjectileAbstract@GAM@VDK@@|.?AVCUnitTaskActorAbstract@GAM@VDK@@
043ORPHAN,001GNBARB,001,ThrowMaceHissatsu,EXVS2,ThrowMortar,0x14148E6F8,465,0x1C0,11,0;22;76;78;79;81;82;84;87;88;91,0x14092A3E0,0x1406A5BA0,0x1406A5B30,0x1406A5170,0x1406A5980,0x1406A57D0,0x14094E8C0,0x140E0D250,0x140E0CFC0,0x140E0D080,.?AVCUnitTaskAutomata_043ORPHAN_001GNBARB_001_ThrowMaceHissatsu@EXVS2@@|.?AVCUnitTaskAutomataThrowMortar@GAM@VDK@@|.?AVCUnitTaskAutomataThrow@GAM@VDK@@|.?AVCUnitTaskAutomataRadiconParentActor@GAM@VDK@@|.?AVCUnitTaskAutomataRadicon@GAM@VDK@@|.?AVCUnitTaskAutomataAbstract@GAM@VDK@@|.?AVCUnitTaskActorProjectileAbstract@GAM@VDK@@|.?AVCUnitTaskActorAbstract@GAM@VDK@@
043ORPHAN,001GNBARB,001,ThrowMaceMortar,EXVS2,ThrowMortar,0x14148E0A8,465,0x1C0,11,0;22;76;78;79;81;82;84;87;88;91,0x14092A3E0,0x1406A5BA0,0x1406A5B30,0x1406A5170,0x1406A5980,0x1406A57D0,0x14094E8C0,0x140E0CDF0,0x140E0CD10,0x140E0CD70,.?AVCUnitTaskAutomata_043ORPHAN_001GNBARB_001_ThrowMaceMortar@EXVS2@@|.?AVCUnitTaskAutomataThrowMortar@GAM@VDK@@|.?AVCUnitTaskAutomataThrow@GAM@VDK@@|.?AVCUnitTaskAutomataRadiconParentActor@GAM@VDK@@|.?AVCUnitTaskAutomataRadicon@GAM@VDK@@|.?AVCUnitTaskAutomataAbstract@GAM@VDK@@|.?AVCUnitTaskActorProjectileAbstract@GAM@VDK@@|.?AVCUnitTaskActorAbstract@GAM@VDK@@
043ORPHAN,004KMRTRP,001,ThrowMine,EXVS2,Throw,0x14148ED58,465,0x1C0,9,0;22;76;78;79;81;84;87;88,0x14092A3E0,0x1406A5BA0,0x1406A5B30,0x1406A5170,0x1406A5980,0x1406A57D0,0x14094E8C0,0x140E0D390,0x140E0D340,0x140DDCAC0,.?AVCUnitTaskAutomata_043ORPHAN_004KMRTRP_001_ThrowMine@EXVS2@@|.?AVCUnitTaskAutomataThrow@GAM@VDK@@|.?AVCUnitTaskAutomataRadiconParentActor@GAM@VDK@@|.?AVCUnitTaskAutomataRadicon@GAM@VDK@@|.?AVCUnitTaskAutomataAbstract@GAM@VDK@@|.?AVCUnitTaskActorProjectileAbstract@GAM@VDK@@|.?AVCUnitTaskActorAbstract@GAM@VDK@@|.?AVCUnitTaskBattleAbstract@GAM@VDK@@
045MISING,002PRIDGH,001,StickSaber,EXVS2,Sticker,0x14148F3A8,465,0x1C0,8,0;2;78;79;81;84;89;91,0x14092A700,0x140DDD100,0x1406A5B30,0x1406A5170,0x1406A5980,0x1406A57D0,0x14094E4D0,0x140E0D4C0,0x140F39C10,0x140E28260,.?AVCUnitTaskAutomata_045MISING_002PRIDGH_001_StickSaber@EXVS2@@|.?AVCUnitTaskAutomata_000COMMON_000COMMON_001_StickSaber@EXVS2@@|.?AVCUnitTaskAutomataSticker@GAM@VDK@@|.?AVCUnitTaskAutomataRadiconParentActor@GAM@VDK@@|.?AVCUnitTaskAutomataRadicon@GAM@VDK@@|.?AVCUnitTaskAutomataAbstract@GAM@VDK@@|.?AVCUnitTaskActorProjectileAbstract@GAM@VDK@@|.?AVCUnitTaskActorAbstract@GAM@VDK@@
045MISING,002PRIDGH,001,ThrowSaber,EXVS2,Throw,0x14148F080,465,0x1C0,11,0;22;76;78;79;81;84;87;88;89;91,0x14092A3E0,0x1406A5BA0,0x1406A5B30,0x1406A5170,0x1406A5980,0x1406A57D0,0x14094E8C0,0x140E0D490,0x140E0D430,0x140F39070,.?AVCUnitTaskAutomata_045MISING_002PRIDGH_001_ThrowSaber@EXVS2@@|.?AVCUnitTaskAutomata_000COMMON_000COMMON_001_ThrowSaber@EXVS2@@|.?AVCUnitTaskAutomataThrow@GAM@VDK@@|.?AVCUnitTaskAutomataRadiconParentActor@GAM@VDK@@|.?AVCUnitTaskAutomataRadicon@GAM@VDK@@|.?AVCUnitTaskAutomataAbstract@GAM@VDK@@|.?AVCUnitTaskActorProjectileAbstract@GAM@VDK@@|.?AVCUnitTaskActorAbstract@GAM@VDK@@
045MISING,003GELGHM,001,BeamnaginataThrow,EXVS2,ThrowStopRotateOnStick,0x14148FA08,465,0x1E0,12,0;22;59;76;78;79;81;84;87;88;89;91,0x14092A3E0,0x1406A5BA0,0x1406A5B30,0x1406A5170,0x1406A5980,0x1406A57D0,0x14094E970,0x140F398B0,0x140E0D9C0,0x140DDCAC0,.?AVCUnitTaskAutomata_045MISING_003GELGHM_001_BeamnaginataThrow@EXVS2@@|.?AVCUnitTaskAutomata_000COMMON_000COMMON_001_ThrowSaberRolling@EXVS2@@|.?AVCUnitTaskAutomataThrowStopRotateOnStick@GAM@VDK@@|.?AVCUnitTaskAutomataThrow@GAM@VDK@@|.?AVCUnitTaskAutomataRadiconParentActor@GAM@VDK@@|.?AVCUnitTaskAutomataRadicon@GAM@VDK@@|.?AVCUnitTaskAutomataAbstract@GAM@VDK@@|.?AVCUnitTaskActorProjectileAbstract@GAM@VDK@@
045MISING,003GELGHM,001,BeamnaginataThrowHissatsu,EXVS2,Throw,0x14148F6E0,465,0x1C0,11,0;22;76;78;79;81;84;87;88;89;91,0x14092A3E0,0x1406A5BA0,0x1406A5B30,0x1406A5170,0x1406A5980,0x1406A57D0,0x14094E8C0,0x140E0D870,0x140E0D560,0x140F8CD20,.?AVCUnitTaskAutomata_045MISING_003GELGHM_001_BeamnaginataThrowHissatsu@EXVS2@@|.?AVCUnitTaskAutomataThrow@GAM@VDK@@|.?AVCUnitTaskAutomataRadiconParentActor@GAM@VDK@@|.?AVCUnitTaskAutomataRadicon@GAM@VDK@@|.?AVCUnitTaskAutomataAbstract@GAM@VDK@@|.?AVCUnitTaskActorProjectileAbstract@GAM@VDK@@|.?AVCUnitTaskActorAbstract@GAM@VDK@@|.?AVCUnitTaskBattleAbstract@GAM@VDK@@
045MISING,006TDSRTR,001,IncomFlyShot,EXVS2,FunnelMawarikomi,0x14148FD30,977,0x210,12,0;2;18;28;43;69;78;79;81;84;87;88,0x14092A700,0x140F75740,0x1406A5B30,0x14094F070,0x1406A5980,0x1406A57D0,0x14094E050,0x140E0DB30,0x140E0DA20,0x140DDCDC0,.?AVCUnitTaskAutomata_045MISING_006TDSRTR_001_IncomFlyShot@EXVS2@@|.?AVCUnitTaskAutomataFunnelMawarikomi@GAM@VDK@@|.?AVCUnitTaskAutomataFunnelFly@GAM@VDK@@|.?AVCUnitTaskAutomataFunnel@GAM@VDK@@|.?AVCUnitTaskAutomataRadiconParentActor@GAM@VDK@@|.?AVCUnitTaskAutomataRadicon@GAM@VDK@@|.?AVCUnitTaskAutomataAbstract@GAM@VDK@@|.?AVCUnitTaskActorProjectileAbstract@GAM@VDK@@
045MISING,006TDSRTR,001,IncomRelay,EXVS2,Relay,0x141490380,465,0x1B0,8,0;2;18;59;79;81;84;88,0x14092A3E0,0x140F76310,0x1406A5B30,0x1406A5170,0x1406A5980,0x1406A57D0,0x1406A50D0,0x140E0DF40,0x140E0DE70,0x140F67C90,.?AVCUnitTaskAutomata_045MISING_006TDSRTR_001_IncomRelay@EXVS2@@|.?AVCUnitTaskAutomataRelay@GAM@VDK@@|.?AVCUnitTaskAutomataRadiconParentActor@GAM@VDK@@|.?AVCUnitTaskAutomataRadicon@GAM@VDK@@|.?AVCUnitTaskAutomataAbstract@GAM@VDK@@|.?AVCUnitTaskActorProjectileAbstract@GAM@VDK@@|.?AVCUnitTaskActorAbstract@GAM@VDK@@|.?AVCUnitTaskBattleAbstract@GAM@VDK@@
045MISING,006TDSRTR,001,IncomStayShot,EXVS2,FunnelShotStayShift,0x141490058,977,0x210,11,0;2;18;28;43;78;79;81;84;87;88,0x14092A3E0,0x140F75740,0x1406A5B30,0x14094F070,0x1406A5980,0x1406A57D0,0x14094E2A0,0x140E0E090,0x140E0DD50,0x140E32DF0,.?AVCUnitTaskAutomata_045MISING_006TDSRTR_001_IncomStayShot@EXVS2@@|.?AVCUnitTaskAutomataFunnelShotStayShift@GAM@VDK@@|.?AVCUnitTaskAutomataFunnelShiftPos@GAM@VDK@@|.?AVCUnitTaskAutomataFunnel@GAM@VDK@@|.?AVCUnitTaskAutomataRadiconParentActor@GAM@VDK@@|.?AVCUnitTaskAutomataRadicon@GAM@VDK@@|.?AVCUnitTaskAutomataAbstract@GAM@VDK@@|.?AVCUnitTaskActorProjectileAbstract@GAM@VDK@@
045MISING,006TDSRTR,001,SpIncomStayShot,EXVS2,FunnelShotStayShift,0x1414906B0,977,0x210,11,0;2;18;28;43;78;79;81;84;87;88,0x14092A3E0,0x140F75740,0x1406A5B30,0x14094F070,0x1406A5980,0x1406A57D0,0x14094E2A0,0x140E0E090,0x140E0DF70,0x140E32DF0,.?AVCUnitTaskAutomata_045MISING_006TDSRTR_001_SpIncomStayShot@EXVS2@@|.?AVCUnitTaskAutomataFunnelShotStayShift@GAM@VDK@@|.?AVCUnitTaskAutomataFunnelShiftPos@GAM@VDK@@|.?AVCUnitTaskAutomataFunnel@GAM@VDK@@|.?AVCUnitTaskAutomataRadiconParentActor@GAM@VDK@@|.?AVCUnitTaskAutomataRadicon@GAM@VDK@@|.?AVCUnitTaskAutomataAbstract@GAM@VDK@@|.?AVCUnitTaskActorProjectileAbstract@GAM@VDK@@
045MISING,006TDSRTR,001,SpTryBladeRush,EXVS2,Throw,0x1414909D8,465,0x1C0,13,0;2;22;72;76;78;79;81;84;87;88;89;91,0x14092A3E0,0x140F76310,0x1406A5B30,0x1406A5170,0x1406A5980,0x1406A57D0,0x14094E8C0,0x140E0E490,0x140E0E230,0x140E28D60,.?AVCUnitTaskAutomata_045MISING_006TDSRTR_001_SpTryBladeRush@EXVS2@@|.?AVCUnitTaskAutomata_000COMMON_000COMMON_001_ThrowSaber@EXVS2@@|.?AVCUnitTaskAutomataThrow@GAM@VDK@@|.?AVCUnitTaskAutomataRadiconParentActor@GAM@VDK@@|.?AVCUnitTaskAutomataRadicon@GAM@VDK@@|.?AVCUnitTaskAutomataAbstract@GAM@VDK@@|.?AVCUnitTaskActorProjectileAbstract@GAM@VDK@@|.?AVCUnitTaskActorAbstract@GAM@VDK@@
046TNBOLT,001FAGNDM,001,AssistGmRushShot,EXVS2,SummonRushShot,0x141492000,465,0x2F0,19,0;2;12;18;21;30;42;46;69;72;73;78;79;80;81;84;87;88;90,0x14092A310,0x140F76670,0x140DE1770,0x1406A5170,0x1406A5980,0x1406A57D0,0x14094E6F0,0x140E0EB80,0x140E0EB20,0x140F4E9D0,.?AVCUnitTaskAutomata_046TNBOLT_001FAGNDM_001_AssistGmRushShot@EXVS2@@|.?AVCUnitTaskAutomataSummonRushShot@GAM@VDK@@|.?AVCUnitTaskAutomataSummonRush@GAM@VDK@@|.?AVCUnitTaskAutomataSummon@GAM@VDK@@|.?AVCUnitTaskAutomataRadiconParentActor@GAM@VDK@@|.?AVCUnitTaskAutomataRadicon@GAM@VDK@@|.?AVCUnitTaskAutomataAbstract@GAM@VDK@@|.?AVCUnitTaskActorProjectileAbstract@GAM@VDK@@
046TNBOLT,001FAGNDM,001,PororiBackpack,EXVS2,FreeFall,0x141490D00,465,0x1C0,11,0;2;22;25;49;78;79;81;84;89;90,0x14092A3E0,0x140F76310,0x1406A5B30,0x1406A5170,0x1406A5980,0x1406A57D0,0x14094DF60,0x140E09870,0x140DDC810,0x140DDC890,.?AVCUnitTaskAutomata_046TNBOLT_001FAGNDM_001_PororiBackpack@EXVS2@@|.?AVCUnitTaskAutomataFreeFall@GAM@VDK@@|.?AVCUnitTaskAutomataRadiconParentActor@GAM@VDK@@|.?AVCUnitTaskAutomataRadicon@GAM@VDK@@|.?AVCUnitTaskAutomataAbstract@GAM@VDK@@|.?AVCUnitTaskActorProjectileAbstract@GAM@VDK@@|.?AVCUnitTaskActorAbstract@GAM@VDK@@|.?AVCUnitTaskBattleAbstract@GAM@VDK@@
046TNBOLT,001FAGNDM,001,PororiBackpackShield,EXVS2,FreeFall,0x141491028,465,0x1C0,10,0;2;22;25;49;78;79;81;84;89,0x14092A3E0,0x140F76310,0x1406A5B30,0x1406A5170,0x1406A5980,0x1406A57D0,0x14094DF60,0x140E0E590,0x140DDC810,0x140DDC890,.?AVCUnitTaskAutomata_046TNBOLT_001FAGNDM_001_PororiBackpackShield@EXVS2@@|.?AVCUnitTaskAutomataFreeFall@GAM@VDK@@|.?AVCUnitTaskAutomataRadiconParentActor@GAM@VDK@@|.?AVCUnitTaskAutomataRadicon@GAM@VDK@@|.?AVCUnitTaskAutomataAbstract@GAM@VDK@@|.?AVCUnitTaskActorProjectileAbstract@GAM@VDK@@|.?AVCUnitTaskActorAbstract@GAM@VDK@@|.?AVCUnitTaskBattleAbstract@GAM@VDK@@
046TNBOLT,001FAGNDM,001,PororiRocketLauncher,EXVS2,FreeFall,0x141491350,465,0x1C0,11,0;2;22;25;49;78;79;81;84;88;89,0x14092A3E0,0x140F76310,0x1406A5B30,0x1406A5170,0x1406A5980,0x1406A57D0,0x14094DF60,0x140F8C5C0,0x140DDC810,0x140DDC890,.?AVCUnitTaskAutomata_046TNBOLT_001FAGNDM_001_PororiRocketLauncher@EXVS2@@|.?AVCUnitTaskAutomataFreeFall@GAM@VDK@@|.?AVCUnitTaskAutomataRadiconParentActor@GAM@VDK@@|.?AVCUnitTaskAutomataRadicon@GAM@VDK@@|.?AVCUnitTaskAutomataAbstract@GAM@VDK@@|.?AVCUnitTaskActorProjectileAbstract@GAM@VDK@@|.?AVCUnitTaskActorAbstract@GAM@VDK@@|.?AVCUnitTaskBattleAbstract@GAM@VDK@@
046TNBOLT,001FAGNDM,001,StickerRocketBooster,EXVS2,Sticker,0x141491678,465,0x1C0,11,0;2;71;74;78;79;81;84;88;89;91,0x14092A700,0x140DDD100,0x1406A5B30,0x1406A5170,0x1406A5980,0x1406A57D0,0x14094E4D0,0x140E0E970,0x140E0E5E0,0x140E0E770,.?AVCUnitTaskAutomata_046TNBOLT_001FAGNDM_001_StickerRocketBooster@EXVS2@@|.?AVCUnitTaskAutomataSticker@GAM@VDK@@|.?AVCUnitTaskAutomataRadiconParentActor@GAM@VDK@@|.?AVCUnitTaskAutomataRadicon@GAM@VDK@@|.?AVCUnitTaskAutomataAbstract@GAM@VDK@@|.?AVCUnitTaskActorProjectileAbstract@GAM@VDK@@|.?AVCUnitTaskActorAbstract@GAM@VDK@@|.?AVCUnitTaskBattleAbstract@GAM@VDK@@
046TNBOLT,001FAGNDM,001,ThrowClusterMissile,EXVS2,Throw,0x1414919B0,465,0x1C0,10,0;22;76;78;79;81;84;87;88;91,0x14092A3E0,0x1406A5BA0,0x1406A5B30,0x1406A5170,0x1406A5980,0x1406A57D0,0x14094E8C0,0x140E0EAE0,0x140E0EA20,0x140DDCAC0,.?AVCUnitTaskAutomata_046TNBOLT_001FAGNDM_001_ThrowClusterMissile@EXVS2@@|.?AVCUnitTaskAutomata_046TNBOLT_001FAGNDM_001_ThrowClusterMissileAbstract@EXVS2@@|.?AVCUnitTaskAutomataThrow@GAM@VDK@@|.?AVCUnitTaskAutomataRadiconParentActor@GAM@VDK@@|.?AVCUnitTaskAutomataRadicon@GAM@VDK@@|.?AVCUnitTaskAutomataAbstract@GAM@VDK@@|.?AVCUnitTaskActorProjectileAbstract@GAM@VDK@@|.?AVCUnitTaskActorAbstract@GAM@VDK@@
046TNBOLT,001FAGNDM,001,ThrowSPClusterMissile,EXVS2,Throw,0x141491CD8,465,0x1C0,10,0;22;76;78;79;81;84;87;88;91,0x14092A3E0,0x1406A5BA0,0x1406A5B30,0x1406A5170,0x1406A5980,0x1406A57D0,0x14094E8C0,0x140E0EAE0,0x140E0EA80,0x140DDCAC0,.?AVCUnitTaskAutomata_046TNBOLT_001FAGNDM_001_ThrowSPClusterMissile@EXVS2@@|.?AVCUnitTaskAutomata_046TNBOLT_001FAGNDM_001_ThrowClusterMissileAbstract@EXVS2@@|.?AVCUnitTaskAutomataThrow@GAM@VDK@@|.?AVCUnitTaskAutomataRadiconParentActor@GAM@VDK@@|.?AVCUnitTaskAutomataRadicon@GAM@VDK@@|.?AVCUnitTaskAutomataAbstract@GAM@VDK@@|.?AVCUnitTaskActorProjectileAbstract@GAM@VDK@@|.?AVCUnitTaskActorAbstract@GAM@VDK@@
046TNBOLT,002PSYCZK,001,BigGun,EXVS2,RadiconParentActor,0x141492CC0,465,0x1B0,5,0;79;81;84;87,0x14092A3E0,0x1406A5BA0,0x1406A5B30,0x1406A5170,0x1406A5980,0x1406A57D0,0x1406A50D0,0x140E0EE70,0x140E0EDE0,0x140E0EE30,.?AVCUnitTaskAutomata_046TNBOLT_002PSYCZK_001_BigGun@EXVS2@@|.?AVCUnitTaskAutomataRadiconParentActor@GAM@VDK@@|.?AVCUnitTaskAutomataRadicon@GAM@VDK@@|.?AVCUnitTaskAutomataAbstract@GAM@VDK@@|.?AVCUnitTaskActorProjectileAbstract@GAM@VDK@@|.?AVCUnitTaskActorAbstract@GAM@VDK@@|.?AVCUnitTaskBattleAbstract@GAM@VDK@@|.?AVCUnitTaskAbstract@FWK@VDK@@
046TNBOLT,002PSYCZK,001,Gattle,EXVS2,Summon,0x141492FE8,465,0x290,17,0;2;18;21;30;42;46;72;73;78;79;80;81;84;87;88;90,0x14092A700,0x140DE1070,0x1406A5B30,0x1406A5170,0x1406A5980,0x1406A57D0,0x14094E520,0x140E0EF40,0x140E0EF00,0x140F411E0,.?AVCUnitTaskAutomata_046TNBOLT_002PSYCZK_001_Gattle@EXVS2@@|.?AVCUnitTaskAutomataSummon@GAM@VDK@@|.?AVCUnitTaskAutomataRadiconParentActor@GAM@VDK@@|.?AVCUnitTaskAutomataRadicon@GAM@VDK@@|.?AVCUnitTaskAutomataAbstract@GAM@VDK@@|.?AVCUnitTaskActorProjectileAbstract@GAM@VDK@@|.?AVCUnitTaskActorAbstract@GAM@VDK@@|.?AVCUnitTaskBattleAbstract@GAM@VDK@@
046TNBOLT,002PSYCZK,001,PororiSturmFaust,EXVS2,FreeFall,0x141492348,465,0x1C0,11,0;2;22;25;49;78;79;81;84;88;89,0x14092A3E0,0x140F543E0,0x1406A5B30,0x1406A5170,0x1406A5980,0x1406A57D0,0x14094DF60,0x140F543F0,0x140DDC810,0x140DDC890,.?AVCUnitTaskAutomata_046TNBOLT_002PSYCZK_001_PororiSturmFaust@EXVS2@@|.?AVCUnitTaskAutomataFreeFall@GAM@VDK@@|.?AVCUnitTaskAutomataRadiconParentActor@GAM@VDK@@|.?AVCUnitTaskAutomataRadicon@GAM@VDK@@|.?AVCUnitTaskAutomataAbstract@GAM@VDK@@|.?AVCUnitTaskActorProjectileAbstract@GAM@VDK@@|.?AVCUnitTaskActorAbstract@GAM@VDK@@|.?AVCUnitTaskBattleAbstract@GAM@VDK@@
046TNBOLT,002PSYCZK,001,PurgePropellantTanksLower,EXVS2,RadiconParentActor,0x141492998,465,0x1B0,4,0;79;81;88,0x14092A3E0,0x1406A5BA0,0x1406A5B30,0x1406A5170,0x1406A5980,0x1406A57D0,0x1406A50D0,0x140E0EDD0,0x140E0EC00,0x140E26F80,.?AVCUnitTaskAutomata_046TNBOLT_002PSYCZK_001_PurgePropellantTanksLower@EXVS2@@|.?AVCUnitTaskAutomata_046TNBOLT_002PSYCZK_001_PurgePropellantTanks@EXVS2@@|.?AVCUnitTaskAutomataRadiconParentActor@GAM@VDK@@|.?AVCUnitTaskAutomataRadicon@GAM@VDK@@|.?AVCUnitTaskAutomataAbstract@GAM@VDK@@|.?AVCUnitTaskActorProjectileAbstract@GAM@VDK@@|.?AVCUnitTaskActorAbstract@GAM@VDK@@|.?AVCUnitTaskBattleAbstract@GAM@VDK@@
046TNBOLT,002PSYCZK,001,PurgePropellantTanksUpper,EXVS2,RadiconParentActor,0x141492670,465,0x1B0,4,0;79;81;88,0x14092A3E0,0x1406A5BA0,0x1406A5B30,0x1406A5170,0x1406A5980,0x1406A57D0,0x1406A50D0,0x140E0EDD0,0x140E0EC70,0x140E26F80,.?AVCUnitTaskAutomata_046TNBOLT_002PSYCZK_001_PurgePropellantTanksUpper@EXVS2@@|.?AVCUnitTaskAutomata_046TNBOLT_002PSYCZK_001_PurgePropellantTanks@EXVS2@@|.?AVCUnitTaskAutomataRadiconParentActor@GAM@VDK@@|.?AVCUnitTaskAutomataRadicon@GAM@VDK@@|.?AVCUnitTaskAutomataAbstract@GAM@VDK@@|.?AVCUnitTaskActorProjectileAbstract@GAM@VDK@@|.?AVCUnitTaskActorAbstract@GAM@VDK@@|.?AVCUnitTaskBattleAbstract@GAM@VDK@@
046TNBOLT,003ATLASG,001,AssistGuncannonAquqShot,EXVS2,SummonRushShot,0x141493318,465,0x2F0,19,0;2;12;18;21;30;42;46;69;72;73;78;79;80;81;84;87;88;90,0x14092A310,0x140F76670,0x140DE1770,0x1406A5170,0x1406A5980,0x1406A57D0,0x14094E6F0,0x140E0F130,0x140E0EF70,0x140DE1820,.?AVCUnitTaskAutomata_046TNBOLT_003ATLASG_001_AssistGuncannonAquqShot@EXVS2@@|.?AVCUnitTaskAutomataSummonRushShot@GAM@VDK@@|.?AVCUnitTaskAutomataSummonRush@GAM@VDK@@|.?AVCUnitTaskAutomataSummon@GAM@VDK@@|.?AVCUnitTaskAutomataRadiconParentActor@GAM@VDK@@|.?AVCUnitTaskAutomataRadicon@GAM@VDK@@|.?AVCUnitTaskAutomataAbstract@GAM@VDK@@|.?AVCUnitTaskActorProjectileAbstract@GAM@VDK@@
046TNBOLT,003ATLASG,001,AssistGuncannonAquqThrust,EXVS2,SummonRushAttackNormal,0x141493648,465,0x330,18,0;2;18;21;30;42;46;72;73;78;79;80;81;84;87;88;89;90,0x14092A700,0x140F76670,0x1406A5B30,0x1406A5170,0x1406A5980,0x1406A57D0,0x14094E5F0,0x140E0F310,0x140E0F160,0x140DE1960,.?AVCUnitTaskAutomata_046TNBOLT_003ATLASG_001_AssistGuncannonAquqThrust@EXVS2@@|.?AVCUnitTaskAutomataSummonRushAttackNormal@GAM@VDK@@|.?AVCUnitTaskAutomataSummonRushAttack@GAM@VDK@@|.?AVCUnitTaskAutomataSummonRush@GAM@VDK@@|.?AVCUnitTaskAutomataSummon@GAM@VDK@@|.?AVCUnitTaskAutomataRadiconParentActor@GAM@VDK@@|.?AVCUnitTaskAutomataRadicon@GAM@VDK@@|.?AVCUnitTaskAutomataAbstract@GAM@VDK@@
046TNBOLT,003ATLASG,001,MedusaArrow,EXVS2,Sticker,0x141493978,465,0x1C0,8,0;2;74;78;79;81;84;91,0x14092A100,0x140DDD100,0x1406A5B30,0x1406A5170,0x1406A5980,0x1406A57D0,0x14094E4D0,0x140E0F4C0,0x140E0F370,0x140F3FF80,.?AVCUnitTaskAutomata_046TNBOLT_003ATLASG_001_MedusaArrow@EXVS2@@|.?AVCUnitTaskAutomataSticker@GAM@VDK@@|.?AVCUnitTaskAutomataRadiconParentActor@GAM@VDK@@|.?AVCUnitTaskAutomataRadicon@GAM@VDK@@|.?AVCUnitTaskAutomataAbstract@GAM@VDK@@|.?AVCUnitTaskActorProjectileAbstract@GAM@VDK@@|.?AVCUnitTaskActorAbstract@GAM@VDK@@|.?AVCUnitTaskBattleAbstract@GAM@VDK@@
046TNBOLT,003ATLASG,001,MedusaArrowBullet,EXVS2,Throw,0x141493CB0,465,0x1C0,11,0;22;73;76;78;79;81;84;87;88;91,0x14092A3E0,0x1406A5BA0,0x1406A5B30,0x1406A5170,0x1406A5980,0x1406A57D0,0x14094E8C0,0x140F584D0,0x140E0F570,0x140DDCAC0,.?AVCUnitTaskAutomata_046TNBOLT_003ATLASG_001_MedusaArrowBullet@EXVS2@@|.?AVCUnitTaskAutomataThrow@GAM@VDK@@|.?AVCUnitTaskAutomataRadiconParentActor@GAM@VDK@@|.?AVCUnitTaskAutomataRadicon@GAM@VDK@@|.?AVCUnitTaskAutomataAbstract@GAM@VDK@@|.?AVCUnitTaskActorProjectileAbstract@GAM@VDK@@|.?AVCUnitTaskActorAbstract@GAM@VDK@@|.?AVCUnitTaskBattleAbstract@GAM@VDK@@
046TNBOLT,003ATLASG,001,ShieldPorori,EXVS2,FreeFall,0x141493FD8,465,0x1C0,11,0;2;22;25;49;78;79;81;84;88;89,0x14092A3E0,0x140F76310,0x1406A5B30,0x1406A5170,0x1406A5980,0x1406A57D0,0x14094DF60,0x140DDC8C0,0x140F387C0,0x140DDC890,.?AVCUnitTaskAutomata_046TNBOLT_003ATLASG_001_ShieldPorori@EXVS2@@|.?AVCUnitTaskAutomata_000COMMON_000COMMON_001_FreeFall@EXVS2@@|.?AVCUnitTaskAutomataFreeFall@GAM@VDK@@|.?AVCUnitTaskAutomataRadiconParentActor@GAM@VDK@@|.?AVCUnitTaskAutomataRadicon@GAM@VDK@@|.?AVCUnitTaskAutomataAbstract@GAM@VDK@@|.?AVCUnitTaskActorProjectileAbstract@GAM@VDK@@|.?AVCUnitTaskActorAbstract@GAM@VDK@@
046TNBOLT,004ACGYTB,001,AssistAcguyMBBuster,EXVS2,SummonRushShot,0x1414952F8,465,0x2F0,20,0;2;12;18;21;30;42;46;69;72;73;78;79;80;81;84;87;88;89;90,0x14092A310,0x140DE1070,0x140E10080,0x1406A5170,0x1406A5980,0x1406A57D0,0x14094E6F0,0x140E10570,0x140E104E0,0x140E10540,.?AVCUnitTaskAutomata_046TNBOLT_004ACGYTB_001_AssistAcguyMBBuster@EXVS2@@|.?AVCUnitTaskAutomataSummonRushShot@GAM@VDK@@|.?AVCUnitTaskAutomataSummonRush@GAM@VDK@@|.?AVCUnitTaskAutomataSummon@GAM@VDK@@|.?AVCUnitTaskAutomataRadiconParentActor@GAM@VDK@@|.?AVCUnitTaskAutomataRadicon@GAM@VDK@@|.?AVCUnitTaskAutomataAbstract@GAM@VDK@@|.?AVCUnitTaskActorProjectileAbstract@GAM@VDK@@
046TNBOLT,004ACGYTB,001,AssistAcguyRush,EXVS2,SummonRushAttackNormal,0x141494300,465,0x330,19,0;2;12;18;21;30;42;46;72;73;78;79;80;81;84;87;88;89;90,0x14092A700,0x140DE1070,0x140E0F7F0,0x1406A5170,0x1406A5980,0x1406A57D0,0x14094E5F0,0x140E0F900,0x140E0F720,0x140E0F8D0,.?AVCUnitTaskAutomata_046TNBOLT_004ACGYTB_001_AssistAcguyRush@EXVS2@@|.?AVCUnitTaskAutomataSummonRushAttackNormal@GAM@VDK@@|.?AVCUnitTaskAutomataSummonRushAttack@GAM@VDK@@|.?AVCUnitTaskAutomataSummonRush@GAM@VDK@@|.?AVCUnitTaskAutomataSummon@GAM@VDK@@|.?AVCUnitTaskAutomataRadiconParentActor@GAM@VDK@@|.?AVCUnitTaskAutomataRadicon@GAM@VDK@@|.?AVCUnitTaskAutomataAbstract@GAM@VDK@@
046TNBOLT,004ACGYTB,001,AssistAcguyShotFlamethrower,EXVS2,SummonRushShotMachinegun,0x141494630,465,0x300,20,0;2;12;18;21;30;42;46;69;72;73;78;79;80;81;84;87;88;89;90,0x14092A310,0x140DE1070,0x140E0FC40,0x1406A5170,0x1406A5980,0x1406A57D0,0x14094E730,0x140E0FD50,0x140E0FA70,0x140E0FD20,.?AVCUnitTaskAutomata_046TNBOLT_004ACGYTB_001_AssistAcguyShotFlamethrower@EXVS2@@|.?AVCUnitTaskAutomataSummonRushShotMachinegun@GAM@VDK@@|.?AVCUnitTaskAutomataSummonRushShot@GAM@VDK@@|.?AVCUnitTaskAutomataSummonRush@GAM@VDK@@|.?AVCUnitTaskAutomataSummon@GAM@VDK@@|.?AVCUnitTaskAutomataRadiconParentActor@GAM@VDK@@|.?AVCUnitTaskAutomataRadicon@GAM@VDK@@|.?AVCUnitTaskAutomataAbstract@GAM@VDK@@
046TNBOLT,004ACGYTB,001,AssistAcguySprayMissileLauncher,EXVS2,SummonRushShot,0x141494C98,465,0x340,21,0;2;12;18;21;30;42;46;69;72;73;78;79;80;81;84;86;87;88;89;90,0x14092A310,0x140DE1070,0x140E10080,0x1406A5170,0x1406A5980,0x1406A57D0,0x14094EDB0,0x140E102C0,0x140E0FFC0,0x140E10540,.?AVCUnitTaskAutomata_046TNBOLT_004ACGYTB_001_AssistAcguySprayMissileLauncher@EXVS2@@|.?AVCUnitTaskAutomataSummonRushShot@GAM@VDK@@|.?AVCUnitTaskAutomataSummonRush@GAM@VDK@@|.?AVCUnitTaskAutomataSummon@GAM@VDK@@|.?AVCUnitTaskAutomataRadiconParentActor@GAM@VDK@@|.?AVCUnitTaskAutomataRadicon@GAM@VDK@@|.?AVCUnitTaskAutomataAbstract@GAM@VDK@@|.?AVCUnitTaskActorProjectileAbstract@GAM@VDK@@
046TNBOLT,004ACGYTB,001,AssistAcguySprayMissileLauncherPowerUp,EXVS2,SummonRushShot,0x141494FC8,465,0x340,21,0;2;12;18;21;30;42;46;69;72;73;78;79;80;81;84;86;87;88;89;90,0x14092A310,0x140DE1070,0x140E10080,0x1406A5170,0x1406A5980,0x1406A57D0,0x14094EDB0,0x140E103E0,0x140E0FFC0,0x140E10540,.?AVCUnitTaskAutomata_046TNBOLT_004ACGYTB_001_AssistAcguySprayMissileLauncherPowerUp@EXVS2@@|.?AVCUnitTaskAutomata_046TNBOLT_004ACGYTB_001_AssistAcguySprayMissileLauncher@EXVS2@@|.?AVCUnitTaskAutomataSummonRushShot@GAM@VDK@@|.?AVCUnitTaskAutomataSummonRush@GAM@VDK@@|.?AVCUnitTaskAutomataSummon@GAM@VDK@@|.?AVCUnitTaskAutomataRadiconParentActor@GAM@VDK@@|.?AVCUnitTaskAutomataRadicon@GAM@VDK@@|.?AVCUnitTaskAutomataAbstract@GAM@VDK@@
046TNBOLT,004ACGYTB,001,NotifyRader,EXVS2,Sticker,0x141494960,465,0x1C0,9,0;2;78;79;81;82;84;89;91,0x14092A700,0x140DDD100,0x1406A5B30,0x1406A5170,0x1406A5980,0x1406A57D0,0x14094E4D0,0x140F59010,0x140E0FE20,0x140E28260,.?AVCUnitTaskAutomata_046TNBOLT_004ACGYTB_001_NotifyRader@EXVS2@@|.?AVCUnitTaskAutomataSticker@GAM@VDK@@|.?AVCUnitTaskAutomataRadiconParentActor@GAM@VDK@@|.?AVCUnitTaskAutomataRadicon@GAM@VDK@@|.?AVCUnitTaskAutomataAbstract@GAM@VDK@@|.?AVCUnitTaskActorProjectileAbstract@GAM@VDK@@|.?AVCUnitTaskActorAbstract@GAM@VDK@@|.?AVCUnitTaskBattleAbstract@GAM@VDK@@
046TNBOLT,004ACGYTB,001,ThrowMBMissile,EXVS2,Throw,0x141495628,465,0x1C0,12,0;2;22;52;76;78;79;81;84;87;88;89,0x14092A3E0,0x140F66F60,0x1406A5B30,0x1406A5170,0x1406A5980,0x1406A57D0,0x14094E8C0,0x140E107D0,0x140E10640,0x140E10690,.?AVCUnitTaskAutomata_046TNBOLT_004ACGYTB_001_ThrowMBMissile@EXVS2@@|.?AVCUnitTaskAutomataThrow@GAM@VDK@@|.?AVCUnitTaskAutomataRadiconParentActor@GAM@VDK@@|.?AVCUnitTaskAutomataRadicon@GAM@VDK@@|.?AVCUnitTaskAutomataAbstract@GAM@VDK@@|.?AVCUnitTaskActorProjectileAbstract@GAM@VDK@@|.?AVCUnitTaskActorAbstract@GAM@VDK@@|.?AVCUnitTaskBattleAbstract@GAM@VDK@@
046TNBOLT,004ACGYTB,001,Winlose,EXVS2,PutObj,0x141495950,465,0x1D0,9,0;2;78;79;80;81;84;88;90,0x14092A040,0x140F76310,0x1406A5B30,0x1406A5170,0x1406A5980,0x1406A57D0,0x14094E380,0x140E108D0,0x140DDCC00,0x140E28260,.?AVCUnitTaskAutomata_046TNBOLT_004ACGYTB_001_Winlose@EXVS2@@|.?AVCUnitTaskAutomataPutObj@GAM@VDK@@|.?AVCUnitTaskAutomataRadiconParentActor@GAM@VDK@@|.?AVCUnitTaskAutomataRadicon@GAM@VDK@@|.?AVCUnitTaskAutomataAbstract@GAM@VDK@@|.?AVCUnitTaskActorProjectileAbstract@GAM@VDK@@|.?AVCUnitTaskActorAbstract@GAM@VDK@@|.?AVCUnitTaskBattleAbstract@GAM@VDK@@
049ORPHN2,001BRLUPS,001,PororiVBSword,EXVS2,FreeFall,0x1414962C8,465,0x1C0,10,0;2;22;25;49;78;79;81;84;89,0x14092A3E0,0x140F76310,0x1406A5B30,0x1406A5170,0x1406A5980,0x1406A57D0,0x14094DF60,0x140E10C10,0x140E10BB0,0x140DDC890,.?AVCUnitTaskAutomata_049ORPHN2_001BRLUPS_001_PororiVBSword@EXVS2@@|.?AVCUnitTaskAutomataFreeFall@GAM@VDK@@|.?AVCUnitTaskAutomataRadiconParentActor@GAM@VDK@@|.?AVCUnitTaskAutomataRadicon@GAM@VDK@@|.?AVCUnitTaskAutomataAbstract@GAM@VDK@@|.?AVCUnitTaskActorProjectileAbstract@GAM@VDK@@|.?AVCUnitTaskActorAbstract@GAM@VDK@@|.?AVCUnitTaskBattleAbstract@GAM@VDK@@
049ORPHN2,001BRLUPS,001,ThrowLance,EXVS2,Throw,0x141495C78,465,0x1C0,13,0;12;22;73;76;78;79;81;84;87;88;89;91,0x14092A3E0,0x1406A5BA0,0x140E10B10,0x1406A5170,0x1406A5980,0x1406A57D0,0x14094E8C0,0x140E10B50,0x140E10AB0,0x140F39070,.?AVCUnitTaskAutomata_049ORPHN2_001BRLUPS_001_ThrowLance@EXVS2@@|.?AVCUnitTaskAutomata_000COMMON_000COMMON_001_ThrowSaber@EXVS2@@|.?AVCUnitTaskAutomataThrow@GAM@VDK@@|.?AVCUnitTaskAutomataRadiconParentActor@GAM@VDK@@|.?AVCUnitTaskAutomataRadicon@GAM@VDK@@|.?AVCUnitTaskAutomataAbstract@GAM@VDK@@|.?AVCUnitTaskActorProjectileAbstract@GAM@VDK@@|.?AVCUnitTaskActorAbstract@GAM@VDK@@
049ORPHN2,001BRLUPS,001,ThrowMace,EXVS2,ThrowStopRotateOnStick,0x141495FA0,465,0x1E0,11,0;22;59;78;79;81;84;87;88;89;91,0x14092A3E0,0x1406A5BA0,0x1406A5B30,0x1406A5170,0x1406A5980,0x1406A57D0,0x14094E970,0x140E10B90,0x140F393E0,0x140F41EF0,.?AVCUnitTaskAutomata_049ORPHN2_001BRLUPS_001_ThrowMace@EXVS2@@|.?AVCUnitTaskAutomata_000COMMON_000COMMON_001_ThrowSaberRolling@EXVS2@@|.?AVCUnitTaskAutomataThrowStopRotateOnStick@GAM@VDK@@|.?AVCUnitTaskAutomataThrow@GAM@VDK@@|.?AVCUnitTaskAutomataRadiconParentActor@GAM@VDK@@|.?AVCUnitTaskAutomataRadicon@GAM@VDK@@|.?AVCUnitTaskAutomataAbstract@GAM@VDK@@|.?AVCUnitTaskActorProjectileAbstract@GAM@VDK@@
049ORPHN2,002GSONRF,001,ScissorShieldDocking,EXVS2,AttachAbstract,0x1414965F0,465,0x210,10,0;2;78;79;81;84;88;96;97;98,0x14092A3E0,0x140DE1E40,0x1406A5B30,0x1406A5170,0x1406A5980,0x1406A57D0,0x14094DD70,0x140E10D60,0x140E10C40,0x140DE1E80,.?AVCUnitTaskAutomata_049ORPHN2_002GSONRF_001_ScissorShieldDocking@EXVS2@@|.?AVCUnitTaskAutomata_049ORPHN2_002GSONRF_001_ScissorShieldDockingCommon@EXVS2@@|.?AVCUnitTaskAutomataAttachAbstract@GAM@VDK@@|.?AVCUnitTaskAutomataRadiconParentActor@GAM@VDK@@|.?AVCUnitTaskAutomataRadicon@GAM@VDK@@|.?AVCUnitTaskAutomataAbstract@GAM@VDK@@|.?AVCUnitTaskActorProjectileAbstract@GAM@VDK@@|.?AVCUnitTaskActorAbstract@GAM@VDK@@
049ORPHN2,002GSONRF,001,ScissorShieldDockingTransform,EXVS2,AttachAbstract,0x141496918,465,0x210,11,0;2;78;79;81;84;88;90;96;97;98,0x14092A3E0,0x140DE1E40,0x1406A5B30,0x1406A5170,0x1406A5980,0x1406A57D0,0x14094DD70,0x140E10E10,0x140E10C40,0x140DE1E80,.?AVCUnitTaskAutomata_049ORPHN2_002GSONRF_001_ScissorShieldDockingTransform@EXVS2@@|.?AVCUnitTaskAutomata_049ORPHN2_002GSONRF_001_ScissorShieldDockingCommon@EXVS2@@|.?AVCUnitTaskAutomataAttachAbstract@GAM@VDK@@|.?AVCUnitTaskAutomataRadiconParentActor@GAM@VDK@@|.?AVCUnitTaskAutomataRadicon@GAM@VDK@@|.?AVCUnitTaskAutomataAbstract@GAM@VDK@@|.?AVCUnitTaskActorProjectileAbstract@GAM@VDK@@|.?AVCUnitTaskActorAbstract@GAM@VDK@@
049ORPHN2,003GNBAEL,001,ThrowSword,EXVS2,Throw,0x141496C40,465,0x1C0,11,0;2;22;76;78;79;81;84;87;88;91,0x14092A3E0,0x140F76310,0x1406A5B30,0x1406A5170,0x1406A5980,0x1406A57D0,0x14094E8C0,0x140E11060,0x140E10EA0,0x140E10EF0,.?AVCUnitTaskAutomata_049ORPHN2_003GNBAEL_001_ThrowSword@EXVS2@@|.?AVCUnitTaskAutomataThrow@GAM@VDK@@|.?AVCUnitTaskAutomataRadiconParentActor@GAM@VDK@@|.?AVCUnitTaskAutomataRadicon@GAM@VDK@@|.?AVCUnitTaskAutomataAbstract@GAM@VDK@@|.?AVCUnitTaskActorProjectileAbstract@GAM@VDK@@|.?AVCUnitTaskActorAbstract@GAM@VDK@@|.?AVCUnitTaskBattleAbstract@GAM@VDK@@
049ORPHN2,004BARREX,001,TailFly,EXVS2,ThrowReturn,0x141497F30,465,0x1C0,11,0;22;52;76;78;79;81;84;87;88;91,0x14092A3E0,0x1406A5BA0,0x1406A5B30,0x1406A5170,0x1406A5980,0x1406A57D0,0x14094E8C0,0x140E11A00,0x140E11900,0x140E119E0,.?AVCUnitTaskAutomata_049ORPHN2_004BARREX_001_TailFly@EXVS2@@|.?AVCUnitTaskAutomataThrowReturn@GAM@VDK@@|.?AVCUnitTaskAutomataThrow@GAM@VDK@@|.?AVCUnitTaskAutomataRadiconParentActor@GAM@VDK@@|.?AVCUnitTaskAutomataRadicon@GAM@VDK@@|.?AVCUnitTaskAutomataAbstract@GAM@VDK@@|.?AVCUnitTaskActorProjectileAbstract@GAM@VDK@@|.?AVCUnitTaskActorAbstract@GAM@VDK@@
049ORPHN2,004BARREX,001,TailStay,EXVS2,FunnelMawarikomi_ShotOrder,0x1414975B8,977,0x230,9,0;2;28;43;69;78;79;81;84,0x14092A700,0x140F75740,0x1406A5B30,0x14094F070,0x1406A5980,0x1406A57D0,0x14094E170,0x140E116F0,0x140E11660,0x140E116D0,.?AVCUnitTaskAutomata_049ORPHN2_004BARREX_001_TailStay@EXVS2@@|.?AVCUnitTaskAutomataFunnelMawarikomi_ShotOrder@GAM@VDK@@|.?AVCUnitTaskAutomataFunnelShotImmediate@GAM@VDK@@|.?AVCUnitTaskAutomataFunnelMawarikomi@GAM@VDK@@|.?AVCUnitTaskAutomataFunnelFly@GAM@VDK@@|.?AVCUnitTaskAutomataFunnel@GAM@VDK@@|.?AVCUnitTaskAutomataRadiconParentActor@GAM@VDK@@|.?AVCUnitTaskAutomataRadicon@GAM@VDK@@
049ORPHN2,004BARREX,001,TailStayAttack,EXVS2,FunnelFlySword,0x1414978E0,977,0x220,14,0;2;12;28;43;52;69;76;78;79;81;84;87;91,0x14092A700,0x140F75740,0x140E117A0,0x14094F070,0x1406A5980,0x1406A57D0,0x14094E100,0x140E11820,0x140E11740,0x140E117F0,.?AVCUnitTaskAutomata_049ORPHN2_004BARREX_001_TailStayAttack@EXVS2@@|.?AVCUnitTaskAutomataFunnelFlySword@GAM@VDK@@|.?AVCUnitTaskAutomataFunnelMawarikomi@GAM@VDK@@|.?AVCUnitTaskAutomataFunnelFly@GAM@VDK@@|.?AVCUnitTaskAutomataFunnel@GAM@VDK@@|.?AVCUnitTaskAutomataRadiconParentActor@GAM@VDK@@|.?AVCUnitTaskAutomataRadicon@GAM@VDK@@|.?AVCUnitTaskAutomataAbstract@GAM@VDK@@
049ORPHN2,004BARREX,001,TailStayLaunch,EXVS2,Funnel,0x141497290,977,0x200,8,0;2;28;43;78;79;81;84,0x14092A3E0,0x140F75740,0x1406A5B30,0x14094F070,0x1406A5980,0x1406A57D0,0x14094E010,0x140E11630,0x140E115D0,0x140DDCDC0,.?AVCUnitTaskAutomata_049ORPHN2_004BARREX_001_TailStayLaunch@EXVS2@@|.?AVCUnitTaskAutomataFunnel@GAM@VDK@@|.?AVCUnitTaskAutomataRadiconParentActor@GAM@VDK@@|.?AVCUnitTaskAutomataRadicon@GAM@VDK@@|.?AVCUnitTaskAutomataAbstract@GAM@VDK@@|.?AVCUnitTaskActorProjectileAbstract@GAM@VDK@@|.?AVCUnitTaskActorAbstract@GAM@VDK@@|.?AVCUnitTaskBattleAbstract@GAM@VDK@@
049ORPHN2,004BARREX,001,TailStayReturn,EXVS2,Funnel,0x141497C08,977,0x200,8,0;2;28;43;78;79;81;84,0x14092A3E0,0x140F75740,0x1406A5B30,0x14094F070,0x1406A5980,0x1406A57D0,0x14094E010,0x140E118D0,0x140E11870,0x140DDCDC0,.?AVCUnitTaskAutomata_049ORPHN2_004BARREX_001_TailStayReturn@EXVS2@@|.?AVCUnitTaskAutomataFunnel@GAM@VDK@@|.?AVCUnitTaskAutomataRadiconParentActor@GAM@VDK@@|.?AVCUnitTaskAutomataRadicon@GAM@VDK@@|.?AVCUnitTaskAutomataAbstract@GAM@VDK@@|.?AVCUnitTaskActorProjectileAbstract@GAM@VDK@@|.?AVCUnitTaskActorAbstract@GAM@VDK@@|.?AVCUnitTaskBattleAbstract@GAM@VDK@@
049ORPHN2,004BARREX,001,ThrowGraze,EXVS2,ThrowMortar,0x141498258,465,0x1C0,10,0;22;76;78;79;81;82;84;87;88,0x14092A3E0,0x1406A5BA0,0x1406A5B30,0x1406A5170,0x1406A5980,0x1406A57D0,0x14094E8C0,0x140E11A40,0x140DDFF20,0x140DDCAC0,.?AVCUnitTaskAutomata_049ORPHN2_004BARREX_001_ThrowGraze@EXVS2@@|.?AVCUnitTaskAutomataThrowMortar@GAM@VDK@@|.?AVCUnitTaskAutomataThrow@GAM@VDK@@|.?AVCUnitTaskAutomataRadiconParentActor@GAM@VDK@@|.?AVCUnitTaskAutomataRadicon@GAM@VDK@@|.?AVCUnitTaskAutomataAbstract@GAM@VDK@@|.?AVCUnitTaskActorProjectileAbstract@GAM@VDK@@|.?AVCUnitTaskActorAbstract@GAM@VDK@@
049ORPHN2,004BARREX,001,ThrowMace,EXVS2,Throw,0x141496F68,465,0x1C0,11,0;22;76;78;79;81;84;87;88;89;91,0x14092A3E0,0x1406A5BA0,0x1406A5B30,0x1406A5170,0x1406A5980,0x1406A57D0,0x14094E8C0,0x140E11DA0,0x140F38FD0,0x140E110B0,.?AVCUnitTaskAutomata_049ORPHN2_004BARREX_001_ThrowMace@EXVS2@@|.?AVCUnitTaskAutomata_000COMMON_000COMMON_001_ThrowSaber@EXVS2@@|.?AVCUnitTaskAutomataThrow@GAM@VDK@@|.?AVCUnitTaskAutomataRadiconParentActor@GAM@VDK@@|.?AVCUnitTaskAutomataRadicon@GAM@VDK@@|.?AVCUnitTaskAutomataAbstract@GAM@VDK@@|.?AVCUnitTaskActorProjectileAbstract@GAM@VDK@@|.?AVCUnitTaskActorAbstract@GAM@VDK@@
049ORPHN2,005KMRVDR,001,ThrowDainsleif,EXVS2,Throw,0x141498580,465,0x1C0,10,0;22;76;78;79;81;84;87;88;91,0x14092A3E0,0x1406A5BA0,0x1406A5B30,0x1406A5170,0x1406A5980,0x1406A57D0,0x14094E8C0,0x140E11CE0,0x140E11AD0,0x140DDCAC0,.?AVCUnitTaskAutomata_049ORPHN2_005KMRVDR_001_ThrowDainsleif@EXVS2@@|.?AVCUnitTaskAutomataThrow@GAM@VDK@@|.?AVCUnitTaskAutomataRadiconParentActor@GAM@VDK@@|.?AVCUnitTaskAutomataRadicon@GAM@VDK@@|.?AVCUnitTaskAutomataAbstract@GAM@VDK@@|.?AVCUnitTaskActorProjectileAbstract@GAM@VDK@@|.?AVCUnitTaskActorAbstract@GAM@VDK@@|.?AVCUnitTaskBattleAbstract@GAM@VDK@@
049ORPHN2,005KMRVDR,001,ThrowDrillLance,EXVS2,Throw,0x1414988A8,465,0x1C0,11,0;22;76;78;79;81;84;87;88;89;91,0x14092A3E0,0x1406A5BA0,0x1406A5B30,0x1406A5170,0x1406A5980,0x1406A57D0,0x14094E8C0,0x140E11DA0,0x140F38FD0,0x140E110B0,.?AVCUnitTaskAutomata_049ORPHN2_005KMRVDR_001_ThrowDrillLance@EXVS2@@|.?AVCUnitTaskAutomata_000COMMON_000COMMON_001_ThrowSaber@EXVS2@@|.?AVCUnitTaskAutomataThrow@GAM@VDK@@|.?AVCUnitTaskAutomataRadiconParentActor@GAM@VDK@@|.?AVCUnitTaskAutomataRadicon@GAM@VDK@@|.?AVCUnitTaskAutomataAbstract@GAM@VDK@@|.?AVCUnitTaskActorProjectileAbstract@GAM@VDK@@|.?AVCUnitTaskActorAbstract@GAM@VDK@@
049ORPHN2,005KMRVDR,001,ThrowShield,EXVS2,Throw,0x141498BD0,465,0x1C0,12,0;2;22;76;78;79;81;84;87;88;89;91,0x14092A3E0,0x140F76310,0x1406A5B30,0x1406A5170,0x1406A5980,0x1406A57D0,0x14094E8C0,0x140E120E0,0x140E11DC0,0x140E11E20,.?AVCUnitTaskAutomata_049ORPHN2_005KMRVDR_001_ThrowShield@EXVS2@@|.?AVCUnitTaskAutomata_000COMMON_000COMMON_001_ThrowSaber@EXVS2@@|.?AVCUnitTaskAutomataThrow@GAM@VDK@@|.?AVCUnitTaskAutomataRadiconParentActor@GAM@VDK@@|.?AVCUnitTaskAutomataRadicon@GAM@VDK@@|.?AVCUnitTaskAutomataAbstract@GAM@VDK@@|.?AVCUnitTaskActorProjectileAbstract@GAM@VDK@@|.?AVCUnitTaskActorAbstract@GAM@VDK@@
049ORPHN2,006FLAURS,001,ThrowSuperGalaxyCannon,EXVS2,Throw,0x141498EF8,465,0x1C0,11,0;22;76;78;79;81;84;87;88;89;91,0x14092A3E0,0x1406A5BA0,0x1406A5B30,0x1406A5170,0x1406A5980,0x1406A57D0,0x14094E8C0,0x140E12140,0x140F38FD0,0x140F39070,.?AVCUnitTaskAutomata_049ORPHN2_006FLAURS_001_ThrowSuperGalaxyCannon@EXVS2@@|.?AVCUnitTaskAutomata_000COMMON_000COMMON_001_ThrowSaber@EXVS2@@|.?AVCUnitTaskAutomataThrow@GAM@VDK@@|.?AVCUnitTaskAutomataRadiconParentActor@GAM@VDK@@|.?AVCUnitTaskAutomataRadicon@GAM@VDK@@|.?AVCUnitTaskAutomataAbstract@GAM@VDK@@|.?AVCUnitTaskActorProjectileAbstract@GAM@VDK@@|.?AVCUnitTaskActorAbstract@GAM@VDK@@
051BUILDF,001BLDSTR,001,BuildBoosterFly,EXVS2,FunnelMawarikomi,0x141499220,977,0x210,11,0;2;28;43;69;78;79;81;84;87;90,0x14092A700,0x140E37A90,0x1406A5B30,0x14094F070,0x1406A5980,0x1406A57D0,0x14094E050,0x140E12240,0x140E12170,0x140E12200,.?AVCUnitTaskAutomata_051BUILDF_001BLDSTR_001_BuildBoosterFly@EXVS2@@|.?AVCUnitTaskAutomataFunnelMawarikomi@GAM@VDK@@|.?AVCUnitTaskAutomataFunnelFly@GAM@VDK@@|.?AVCUnitTaskAutomataFunnel@GAM@VDK@@|.?AVCUnitTaskAutomataRadiconParentActor@GAM@VDK@@|.?AVCUnitTaskAutomataRadicon@GAM@VDK@@|.?AVCUnitTaskAutomataAbstract@GAM@VDK@@|.?AVCUnitTaskActorProjectileAbstract@GAM@VDK@@
051BUILDF,001BLDSTR,001,BuildBoosterRushShot,EXVS2,Funnel,0x141499548,977,0x200,12,0;2;28;43;72;78;79;81;84;87;88;90,0x14092A3E0,0x140F75740,0x1406A5B30,0x14094F070,0x1406A5980,0x1406A57D0,0x14094E010,0x140E12420,0x140E12360,0x140F4B380,.?AVCUnitTaskAutomata_051BUILDF_001BLDSTR_001_BuildBoosterRushShot@EXVS2@@|.?AVCUnitTaskAutomataFunnel@GAM@VDK@@|.?AVCUnitTaskAutomataRadiconParentActor@GAM@VDK@@|.?AVCUnitTaskAutomataRadicon@GAM@VDK@@|.?AVCUnitTaskAutomataAbstract@GAM@VDK@@|.?AVCUnitTaskActorProjectileAbstract@GAM@VDK@@|.?AVCUnitTaskActorAbstract@GAM@VDK@@|.?AVCUnitTaskBattleAbstract@GAM@VDK@@
051BUILDF,003GNXMAO,001,ReflectThrusterImpact,EXVS2,Throw,0x141499870,465,0x1C0,10,0;2;22;76;78;79;81;84;87;88,0x14092A3E0,0x140F76310,0x1406A5B30,0x1406A5170,0x1406A5980,0x1406A57D0,0x14094E8C0,0x140E12530,0x140DDC8E0,0x140E12500,.?AVCUnitTaskAutomata_051BUILDF_003GNXMAO_001_ReflectThrusterImpact@EXVS2@@|.?AVCUnitTaskAutomataThrow@GAM@VDK@@|.?AVCUnitTaskAutomataRadiconParentActor@GAM@VDK@@|.?AVCUnitTaskAutomataRadicon@GAM@VDK@@|.?AVCUnitTaskAutomataAbstract@GAM@VDK@@|.?AVCUnitTaskActorProjectileAbstract@GAM@VDK@@|.?AVCUnitTaskActorAbstract@GAM@VDK@@|.?AVCUnitTaskBattleAbstract@GAM@VDK@@
051BUILDF,004WGFENC,001,AssistMeteoHopperRushKijou,EXVS2,SummonRushGround,0x141499B98,465,0x2E0,17,0;2;18;21;30;42;46;72;73;78;79;80;81;84;87;88;90,0x14092A100,0x140E12890,0x1406A5B30,0x1406A5170,0x1406A5980,0x1406A57D0,0x14094E670,0x140E12AC0,0x140E125B0,0x140E128D0,.?AVCUnitTaskAutomata_051BUILDF_004WGFENC_001_AssistMeteoHopperRushKijou@EXVS2@@|.?AVCUnitTaskAutomataSummonRushGround@GAM@VDK@@|.?AVCUnitTaskAutomataSummonRush@GAM@VDK@@|.?AVCUnitTaskAutomataSummon@GAM@VDK@@|.?AVCUnitTaskAutomataRadiconParentActor@GAM@VDK@@|.?AVCUnitTaskAutomataRadicon@GAM@VDK@@|.?AVCUnitTaskAutomataAbstract@GAM@VDK@@|.?AVCUnitTaskActorProjectileAbstract@GAM@VDK@@
051BUILDF,004WGFENC,001,AssistMeteoHopperflyRush,EXVS2,SummonRush,0x141499EC8,465,0x2C0,17,0;2;18;21;30;42;46;72;73;78;79;80;81;84;87;88;90,0x14092A700,0x140E12E30,0x1406A5B30,0x1406A5170,0x1406A5980,0x1406A57D0,0x14094E5B0,0x140E13090,0x140E12CA0,0x140E12E50,.?AVCUnitTaskAutomata_051BUILDF_004WGFENC_001_AssistMeteoHopperflyRush@EXVS2@@|.?AVCUnitTaskAutomataSummonRush@GAM@VDK@@|.?AVCUnitTaskAutomataSummon@GAM@VDK@@|.?AVCUnitTaskAutomataRadiconParentActor@GAM@VDK@@|.?AVCUnitTaskAutomataRadicon@GAM@VDK@@|.?AVCUnitTaskAutomataAbstract@GAM@VDK@@|.?AVCUnitTaskActorProjectileAbstract@GAM@VDK@@|.?AVCUnitTaskActorAbstract@GAM@VDK@@
051BUILDF,005STABLD,001,ChargeGabtly,EXVS2,SummonRushShot,0x14149A528,465,0x2F0,19,0;2;12;18;21;30;42;46;69;72;73;78;79;80;81;84;87;88;90,0x14092A310,0x140E193E0,0x140DE1770,0x1406A5170,0x1406A5980,0x1406A57D0,0x14094E6F0,0x140E13380,0x140E13320,0x140DE1820,.?AVCUnitTaskAutomata_051BUILDF_005STABLD_001_ChargeGabtly@EXVS2@@|.?AVCUnitTaskAutomataSummonRushShot@GAM@VDK@@|.?AVCUnitTaskAutomataSummonRush@GAM@VDK@@|.?AVCUnitTaskAutomataSummon@GAM@VDK@@|.?AVCUnitTaskAutomataRadiconParentActor@GAM@VDK@@|.?AVCUnitTaskAutomataRadicon@GAM@VDK@@|.?AVCUnitTaskAutomataAbstract@GAM@VDK@@|.?AVCUnitTaskActorProjectileAbstract@GAM@VDK@@
051BUILDF,005STABLD,001,FunnelFlySwordThrow,EXVS2,FunnelFlySwordPenetrate,0x14149A1F8,977,0x220,14,0;2;28;43;52;69;76;78;79;81;84;87;88;91,0x14092A700,0x140E13290,0x1406A5B30,0x14094F070,0x1406A5980,0x1406A57D0,0x14094E100,0x140E132E0,0x140E13190,0x140F847F0,.?AVCUnitTaskAutomata_051BUILDF_005STABLD_001_FunnelFlySwordThrow@EXVS2@@|.?AVCUnitTaskAutomataFunnelFlySwordPenetrate@GAM@VDK@@|.?AVCUnitTaskAutomataFunnelFlySword@GAM@VDK@@|.?AVCUnitTaskAutomataFunnelMawarikomi@GAM@VDK@@|.?AVCUnitTaskAutomataFunnelFly@GAM@VDK@@|.?AVCUnitTaskAutomataFunnel@GAM@VDK@@|.?AVCUnitTaskAutomataRadiconParentActor@GAM@VDK@@|.?AVCUnitTaskAutomataRadicon@GAM@VDK@@
051BUILDF,005STABLD,001,ThrowBrinicleBlade,EXVS2,Throw,0x14149AEA8,465,0x1C0,11,0;22;52;76;78;79;81;84;87;88;91,0x14092A3E0,0x1406A5BA0,0x1406A5B30,0x1406A5170,0x1406A5980,0x1406A57D0,0x14094E8C0,0x140E13910,0x140E13820,0x140E13870,.?AVCUnitTaskAutomata_051BUILDF_005STABLD_001_ThrowBrinicleBlade@EXVS2@@|.?AVCUnitTaskAutomataThrow@GAM@VDK@@|.?AVCUnitTaskAutomataRadiconParentActor@GAM@VDK@@|.?AVCUnitTaskAutomataRadicon@GAM@VDK@@|.?AVCUnitTaskAutomataAbstract@GAM@VDK@@|.?AVCUnitTaskActorProjectileAbstract@GAM@VDK@@|.?AVCUnitTaskActorAbstract@GAM@VDK@@|.?AVCUnitTaskBattleAbstract@GAM@VDK@@
051BUILDF,005STABLD,001,TransparentBladeAmpRelay,EXVS2,Attach,0x14149B1D0,465,0x220,11,0;2;12;75;78;79;81;84;86;88;91,0x14092A700,0x140E13A00,0x140E13C50,0x1406A5170,0x1406A5980,0x1406A57D0,0x14094DD20,0x140E13BA0,0x140E139A0,0x140E168E0,.?AVCUnitTaskAutomata_051BUILDF_005STABLD_001_TransparentBladeAmpRelay@EXVS2@@|.?AVCUnitTaskAutomataAttach@GAM@VDK@@|.?AVCUnitTaskAutomataAttachAbstract@GAM@VDK@@|.?AVCUnitTaskAutomataRadiconParentActor@GAM@VDK@@|.?AVCUnitTaskAutomataRadicon@GAM@VDK@@|.?AVCUnitTaskAutomataAbstract@GAM@VDK@@|.?AVCUnitTaskActorProjectileAbstract@GAM@VDK@@|.?AVCUnitTaskActorAbstract@GAM@VDK@@
051BUILDF,005STABLD,001,TransparentBladeAmpShot,EXVS2,Attach,0x14149B4F8,465,0x220,11,0;2;12;75;78;79;81;84;86;88;91,0x14092A700,0x140E13A00,0x140E13C50,0x1406A5170,0x1406A5980,0x1406A57D0,0x14094DD20,0x140E13DB0,0x140E13BF0,0x140E168E0,.?AVCUnitTaskAutomata_051BUILDF_005STABLD_001_TransparentBladeAmpShot@EXVS2@@|.?AVCUnitTaskAutomataAttach@GAM@VDK@@|.?AVCUnitTaskAutomataAttachAbstract@GAM@VDK@@|.?AVCUnitTaskAutomataRadiconParentActor@GAM@VDK@@|.?AVCUnitTaskAutomataRadicon@GAM@VDK@@|.?AVCUnitTaskAutomataAbstract@GAM@VDK@@|.?AVCUnitTaskActorProjectileAbstract@GAM@VDK@@|.?AVCUnitTaskActorAbstract@GAM@VDK@@
051BUILDF,005STABLD,001,TransparentLaserAmp,EXVS2,Attach,0x14149AB80,465,0x220,11,0;2;12;75;78;79;81;84;86;88;91,0x14092A700,0x140E13A00,0x140E13C50,0x1406A5170,0x1406A5980,0x1406A57D0,0x14094DD20,0x140E13760,0x140E135B0,0x140E168E0,.?AVCUnitTaskAutomata_051BUILDF_005STABLD_001_TransparentLaserAmp@EXVS2@@|.?AVCUnitTaskAutomataAttach@GAM@VDK@@|.?AVCUnitTaskAutomataAttachAbstract@GAM@VDK@@|.?AVCUnitTaskAutomataRadiconParentActor@GAM@VDK@@|.?AVCUnitTaskAutomataRadicon@GAM@VDK@@|.?AVCUnitTaskAutomataAbstract@GAM@VDK@@|.?AVCUnitTaskActorProjectileAbstract@GAM@VDK@@|.?AVCUnitTaskActorAbstract@GAM@VDK@@
051BUILDF,005STABLD,001,TransparentLaserAmpDiffusion,EXVS2,Attach,0x14149A858,465,0x220,11,0;2;12;75;78;79;81;84;86;88;91,0x14092A700,0x140E13A00,0x140E13C50,0x1406A5170,0x1406A5980,0x1406A57D0,0x14094DD20,0x140E13560,0x140E133B0,0x140E168E0,.?AVCUnitTaskAutomata_051BUILDF_005STABLD_001_TransparentLaserAmpDiffusion@EXVS2@@|.?AVCUnitTaskAutomataAttach@GAM@VDK@@|.?AVCUnitTaskAutomataAttachAbstract@GAM@VDK@@|.?AVCUnitTaskAutomataRadiconParentActor@GAM@VDK@@|.?AVCUnitTaskAutomataRadicon@GAM@VDK@@|.?AVCUnitTaskAutomataAbstract@GAM@VDK@@|.?AVCUnitTaskActorProjectileAbstract@GAM@VDK@@|.?AVCUnitTaskActorAbstract@GAM@VDK@@
051BUILDF,005STABLD,001,UniverseBoosterFly,EXVS2,FunnelMawarikomi,0x14149BB48,977,0x210,11,0;2;28;43;69;78;79;81;84;87;90,0x14092A700,0x140E37A90,0x1406A5B30,0x14094F070,0x1406A5980,0x1406A57D0,0x14094E050,0x140E14060,0x140E13FC0,0x140E14020,.?AVCUnitTaskAutomata_051BUILDF_005STABLD_001_UniverseBoosterFly@EXVS2@@|.?AVCUnitTaskAutomataFunnelMawarikomi@GAM@VDK@@|.?AVCUnitTaskAutomataFunnelFly@GAM@VDK@@|.?AVCUnitTaskAutomataFunnel@GAM@VDK@@|.?AVCUnitTaskAutomataRadiconParentActor@GAM@VDK@@|.?AVCUnitTaskAutomataRadicon@GAM@VDK@@|.?AVCUnitTaskAutomataAbstract@GAM@VDK@@|.?AVCUnitTaskActorProjectileAbstract@GAM@VDK@@
051BUILDF,005STABLD,001,UniverseBoosterRushShot,EXVS2,Funnel,0x14149B820,977,0x200,11,0;2;28;43;72;78;79;81;84;87;90,0x14092A3E0,0x140F75740,0x1406A5B30,0x14094F070,0x1406A5980,0x1406A57D0,0x14094E010,0x140E13EE0,0x140E13E00,0x140E13E90,.?AVCUnitTaskAutomata_051BUILDF_005STABLD_001_UniverseBoosterRushShot@EXVS2@@|.?AVCUnitTaskAutomataFunnel@GAM@VDK@@|.?AVCUnitTaskAutomataRadiconParentActor@GAM@VDK@@|.?AVCUnitTaskAutomataRadicon@GAM@VDK@@|.?AVCUnitTaskAutomataAbstract@GAM@VDK@@|.?AVCUnitTaskActorProjectileAbstract@GAM@VDK@@|.?AVCUnitTaskActorAbstract@GAM@VDK@@|.?AVCUnitTaskBattleAbstract@GAM@VDK@@
051BUILDF,006SENGOK,001,HakkeiEffect,EXVS2,RadiconParentActor,0x14149CB38,465,0x1B0,6,0;2;12;79;81;84,0x14092A700,0x140E3DB30,0x140E3DAE0,0x1406A5170,0x1406A5980,0x1406A57D0,0x1406A50D0,0x140E14B30,0x140E14AD0,0x140F648E0,.?AVCUnitTaskAutomata_051BUILDF_006SENGOK_001_HakkeiEffect@EXVS2@@|.?AVCUnitTaskAutomataRadiconParentActor@GAM@VDK@@|.?AVCUnitTaskAutomataRadicon@GAM@VDK@@|.?AVCUnitTaskAutomataAbstract@GAM@VDK@@|.?AVCUnitTaskActorProjectileAbstract@GAM@VDK@@|.?AVCUnitTaskActorAbstract@GAM@VDK@@|.?AVCUnitTaskBattleAbstract@GAM@VDK@@|.?AVCUnitTaskAbstract@FWK@VDK@@
051BUILDF,006SENGOK,001,HakkeiStickExplosion,EXVS2,Sticker,0x14149C7F8,465,0x1C0,7,0;2;78;79;81;84;91,0x14092A700,0x140DDD100,0x1406A5B30,0x1406A5170,0x1406A5980,0x1406A57D0,0x14094E4D0,0x140E23F90,0x140E14960,0x140E14A00,.?AVCUnitTaskAutomata_051BUILDF_006SENGOK_001_HakkeiStickExplosion@EXVS2@@|.?AVCUnitTaskAutomataSticker@GAM@VDK@@|.?AVCUnitTaskAutomataRadiconParentActor@GAM@VDK@@|.?AVCUnitTaskAutomataRadicon@GAM@VDK@@|.?AVCUnitTaskAutomataAbstract@GAM@VDK@@|.?AVCUnitTaskActorProjectileAbstract@GAM@VDK@@|.?AVCUnitTaskActorAbstract@GAM@VDK@@|.?AVCUnitTaskBattleAbstract@GAM@VDK@@
051BUILDF,006SENGOK,001,ThrowHammer,EXVS2,ThrowStopRotateOnStick,0x14149C4D0,465,0x1E0,13,0;22;59;72;76;78;79;81;84;87;88;89;91,0x14092A3E0,0x1406A5BA0,0x1406A5B30,0x1406A5170,0x1406A5980,0x1406A57D0,0x14094E970,0x140E14930,0x140F393E0,0x140E14890,.?AVCUnitTaskAutomata_051BUILDF_006SENGOK_001_ThrowHammer@EXVS2@@|.?AVCUnitTaskAutomata_000COMMON_000COMMON_001_ThrowSaberRolling@EXVS2@@|.?AVCUnitTaskAutomataThrowStopRotateOnStick@GAM@VDK@@|.?AVCUnitTaskAutomataThrow@GAM@VDK@@|.?AVCUnitTaskAutomataRadiconParentActor@GAM@VDK@@|.?AVCUnitTaskAutomataRadicon@GAM@VDK@@|.?AVCUnitTaskAutomataAbstract@GAM@VDK@@|.?AVCUnitTaskActorProjectileAbstract@GAM@VDK@@
051BUILDF,006SENGOK,001,XKiriShockWave,EXVS2,ThrowBlade,0x14149BE70,465,0x1D0,12,0;2;22;73;76;78;79;81;84;87;88;89,0x14092A100,0x140DDE490,0x1406A5B30,0x1406A5170,0x1406A5980,0x1406A57D0,0x14094E910,0x140E143A0,0x140E141F0,0x140F41EF0,.?AVCUnitTaskAutomata_051BUILDF_006SENGOK_001_XKiriShockWave@EXVS2@@|.?AVCUnitTaskAutomataThrowBlade@GAM@VDK@@|.?AVCUnitTaskAutomataThrow@GAM@VDK@@|.?AVCUnitTaskAutomataRadiconParentActor@GAM@VDK@@|.?AVCUnitTaskAutomataRadicon@GAM@VDK@@|.?AVCUnitTaskAutomataAbstract@GAM@VDK@@|.?AVCUnitTaskActorProjectileAbstract@GAM@VDK@@|.?AVCUnitTaskActorAbstract@GAM@VDK@@
051BUILDF,006SENGOK,001,YoyoMakitsuki,EXVS2,Sticker,0x14149C198,465,0x1E0,9,0;2;78;79;81;84;88;89;91,0x14092A700,0x140DDD100,0x1406A5B30,0x1406A5170,0x1406A5980,0x1406A57D0,0x14094EC90,0x140F6C890,0x140E145C0,0x140E28260,.?AVCUnitTaskAutomata_051BUILDF_006SENGOK_001_YoyoMakitsuki@EXVS2@@|.?AVCUnitTaskAutomataSticker@GAM@VDK@@|.?AVCUnitTaskAutomataRadiconParentActor@GAM@VDK@@|.?AVCUnitTaskAutomataRadicon@GAM@VDK@@|.?AVCUnitTaskAutomataAbstract@GAM@VDK@@|.?AVCUnitTaskActorProjectileAbstract@GAM@VDK@@|.?AVCUnitTaskActorAbstract@GAM@VDK@@|.?AVCUnitTaskBattleAbstract@GAM@VDK@@
052BLDTRY,001HOTSCR,001,FunnelAttachChange,EXVS2,AttachAbstract,0x14149D7E0,465,0x210,11,0;2;12;78;79;81;84;88;96;97;98,0x14092A700,0x140F832A0,0x140E24650,0x1406A5170,0x1406A5980,0x1406A57D0,0x14094DD70,0x140E15210,0x140E14FE0,0x140DE1E80,.?AVCUnitTaskAutomata_052BLDTRY_001HOTSCR_001_FunnelAttachChange@EXVS2@@|.?AVCUnitTaskAutomataAttachAbstract@GAM@VDK@@|.?AVCUnitTaskAutomataRadiconParentActor@GAM@VDK@@|.?AVCUnitTaskAutomataRadicon@GAM@VDK@@|.?AVCUnitTaskAutomataAbstract@GAM@VDK@@|.?AVCUnitTaskActorProjectileAbstract@GAM@VDK@@|.?AVCUnitTaskActorAbstract@GAM@VDK@@|.?AVCUnitTaskBattleAbstract@GAM@VDK@@
052BLDTRY,001HOTSCR,001,FunnelFly,EXVS2,FunnelMawarikomi,0x14149CE68,977,0x210,15,0;2;12;28;43;69;78;79;81;84;87;88;96;97;98,0x14092A100,0x140F847D0,0x140E24650,0x14094F070,0x1406A5980,0x1406A57D0,0x14094E050,0x140E14C40,0x140E14B40,0x140DDCDC0,.?AVCUnitTaskAutomata_052BLDTRY_001HOTSCR_001_FunnelFly@EXVS2@@|.?AVCUnitTaskAutomataFunnelMawarikomi@GAM@VDK@@|.?AVCUnitTaskAutomataFunnelFly@GAM@VDK@@|.?AVCUnitTaskAutomataFunnel@GAM@VDK@@|.?AVCUnitTaskAutomataRadiconParentActor@GAM@VDK@@|.?AVCUnitTaskAutomataRadicon@GAM@VDK@@|.?AVCUnitTaskAutomataAbstract@GAM@VDK@@|.?AVCUnitTaskActorProjectileAbstract@GAM@VDK@@
052BLDTRY,001HOTSCR,001,FunnelHissatsu,EXVS2,FunnelSwarm,0x14149D4B8,977,0x230,12,0;2;12;28;43;69;78;79;81;84;87;88,0x140929E00,0x140F75740,0x140E24650,0x14094F070,0x1406A5980,0x1406A57D0,0x14094E2F0,0x140E14F40,0x140E14E60,0x140DDCDC0,.?AVCUnitTaskAutomata_052BLDTRY_001HOTSCR_001_FunnelHissatsu@EXVS2@@|.?AVCUnitTaskAutomataFunnelSwarm@GAM@VDK@@|.?AVCUnitTaskAutomataFunnelMawarikomi@GAM@VDK@@|.?AVCUnitTaskAutomataFunnelFly@GAM@VDK@@|.?AVCUnitTaskAutomataFunnel@GAM@VDK@@|.?AVCUnitTaskAutomataRadiconParentActor@GAM@VDK@@|.?AVCUnitTaskAutomataRadicon@GAM@VDK@@|.?AVCUnitTaskAutomataAbstract@GAM@VDK@@
052BLDTRY,001HOTSCR,001,FunnelNet,EXVS2,FunnelShotStayShift,0x14149D190,977,0x210,14,0;2;12;28;43;78;79;81;84;87;88;96;97;98,0x14092A700,0x140E14E50,0x140E24650,0x14094F070,0x1406A5980,0x1406A57D0,0x14094E2A0,0x140E14D60,0x140E14DE0,0x140DDCDC0,.?AVCUnitTaskAutomata_052BLDTRY_001HOTSCR_001_FunnelNet@EXVS2@@|.?AVCUnitTaskAutomata_052BLDTRY_001HOTSCR_001_FunnelShotStayShift@EXVS2@@|.?AVCUnitTaskAutomataFunnelShotStayShift@GAM@VDK@@|.?AVCUnitTaskAutomataFunnelShiftPos@GAM@VDK@@|.?AVCUnitTaskAutomataFunnel@GAM@VDK@@|.?AVCUnitTaskAutomataRadiconParentActor@GAM@VDK@@|.?AVCUnitTaskAutomataRadicon@GAM@VDK@@|.?AVCUnitTaskAutomataAbstract@GAM@VDK@@
052BLDTRY,001HOTSCR,001,FunnelStayShot,EXVS2,FunnelShotStayShift,0x14149DB08,977,0x210,14,0;2;12;28;43;78;79;81;84;87;88;96;97;98,0x14092A700,0x140E14E50,0x140E24650,0x14094F070,0x1406A5980,0x1406A57D0,0x14094E2A0,0x140E14D60,0x140E15250,0x140DDCDC0,.?AVCUnitTaskAutomata_052BLDTRY_001HOTSCR_001_FunnelStayShot@EXVS2@@|.?AVCUnitTaskAutomata_052BLDTRY_001HOTSCR_001_FunnelShotStayShift@EXVS2@@|.?AVCUnitTaskAutomataFunnelShotStayShift@GAM@VDK@@|.?AVCUnitTaskAutomataFunnelShiftPos@GAM@VDK@@|.?AVCUnitTaskAutomataFunnel@GAM@VDK@@|.?AVCUnitTaskAutomataRadiconParentActor@GAM@VDK@@|.?AVCUnitTaskAutomataRadicon@GAM@VDK@@|.?AVCUnitTaskAutomataAbstract@GAM@VDK@@
053GBFTRY,002TRYBNG,001,AssistBunshinHaganken,EXVS2,SummonRushAttackNormal,0x14149F468,465,0x330,17,0;2;18;21;30;42;46;72;73;78;79;80;81;84;87;88;90,0x14092A100,0x140E15D90,0x1406A5B30,0x1406A5170,0x1406A5980,0x1406A57D0,0x14094E5F0,0x140E15F10,0x140E15CA0,0x140E15EF0,.?AVCUnitTaskAutomata_053GBFTRY_002TRYBNG_001_AssistBunshinHaganken@EXVS2@@|.?AVCUnitTaskAutomataSummonRushAttackNormal@GAM@VDK@@|.?AVCUnitTaskAutomataSummonRushAttack@GAM@VDK@@|.?AVCUnitTaskAutomataSummonRush@GAM@VDK@@|.?AVCUnitTaskAutomataSummon@GAM@VDK@@|.?AVCUnitTaskAutomataRadiconParentActor@GAM@VDK@@|.?AVCUnitTaskAutomataRadicon@GAM@VDK@@|.?AVCUnitTaskAutomataAbstract@GAM@VDK@@
053GBFTRY,002TRYBNG,001,AssistBunshinReppakuKen,EXVS2,SummonRushAttackNormal,0x14149F798,465,0x330,17,0;2;18;21;30;42;46;72;73;78;79;80;81;84;87;88;90,0x14092A100,0x140E161B0,0x1406A5B30,0x1406A5170,0x1406A5980,0x1406A57D0,0x14094E5F0,0x140E16310,0x140E160C0,0x140E15EF0,.?AVCUnitTaskAutomata_053GBFTRY_002TRYBNG_001_AssistBunshinReppakuKen@EXVS2@@|.?AVCUnitTaskAutomataSummonRushAttackNormal@GAM@VDK@@|.?AVCUnitTaskAutomataSummonRushAttack@GAM@VDK@@|.?AVCUnitTaskAutomataSummonRush@GAM@VDK@@|.?AVCUnitTaskAutomataSummon@GAM@VDK@@|.?AVCUnitTaskAutomataRadiconParentActor@GAM@VDK@@|.?AVCUnitTaskAutomataRadicon@GAM@VDK@@|.?AVCUnitTaskAutomataAbstract@GAM@VDK@@
053GBFTRY,002TRYBNG,001,AssistBunshinRush,EXVS2,SummonRushAttackNormal,0x14149F138,465,0x330,17,0;2;18;21;30;42;46;72;73;78;79;80;81;84;87;88;90,0x14092A100,0x140E15D90,0x1406A5B30,0x1406A5170,0x1406A5980,0x1406A57D0,0x14094E5F0,0x140E15AF0,0x140E159D0,0x140E15EF0,.?AVCUnitTaskAutomata_053GBFTRY_002TRYBNG_001_AssistBunshinRush@EXVS2@@|.?AVCUnitTaskAutomataSummonRushAttackNormal@GAM@VDK@@|.?AVCUnitTaskAutomataSummonRushAttack@GAM@VDK@@|.?AVCUnitTaskAutomataSummonRush@GAM@VDK@@|.?AVCUnitTaskAutomataSummon@GAM@VDK@@|.?AVCUnitTaskAutomataRadiconParentActor@GAM@VDK@@|.?AVCUnitTaskAutomataRadicon@GAM@VDK@@|.?AVCUnitTaskAutomataAbstract@GAM@VDK@@
053GBFTRY,002TRYBNG,001,BunshinLauncher,EXVS2,FunnelMawarikomi,0x14149EE10,977,0x210,10,0;2;28;43;69;78;79;81;84;87,0x14092A700,0x140F75740,0x1406A5B30,0x14094F070,0x1406A5980,0x1406A57D0,0x14094E050,0x140E15990,0x140E15930,0x140E28260,.?AVCUnitTaskAutomata_053GBFTRY_002TRYBNG_001_BunshinLauncher@EXVS2@@|.?AVCUnitTaskAutomataFunnelMawarikomi@GAM@VDK@@|.?AVCUnitTaskAutomataFunnelFly@GAM@VDK@@|.?AVCUnitTaskAutomataFunnel@GAM@VDK@@|.?AVCUnitTaskAutomataRadiconParentActor@GAM@VDK@@|.?AVCUnitTaskAutomataRadicon@GAM@VDK@@|.?AVCUnitTaskAutomataAbstract@GAM@VDK@@|.?AVCUnitTaskActorProjectileAbstract@GAM@VDK@@
053GBFTRY,002TRYBNG,001,LightningGundam,EXVS2,SummonRushShot,0x14149E488,465,0x2F0,19,0;2;12;18;21;30;42;46;69;72;73;78;79;80;81;84;87;88;90,0x14092A310,0x140DE1070,0x140DE1770,0x1406A5170,0x1406A5980,0x1406A57D0,0x14094E6F0,0x140E154F0,0x140E15440,0x140DE1820,.?AVCUnitTaskAutomata_053GBFTRY_002TRYBNG_001_LightningGundam@EXVS2@@|.?AVCUnitTaskAutomataSummonRushShot@GAM@VDK@@|.?AVCUnitTaskAutomataSummonRush@GAM@VDK@@|.?AVCUnitTaskAutomataSummon@GAM@VDK@@|.?AVCUnitTaskAutomataRadiconParentActor@GAM@VDK@@|.?AVCUnitTaskAutomataRadicon@GAM@VDK@@|.?AVCUnitTaskAutomataAbstract@GAM@VDK@@|.?AVCUnitTaskActorProjectileAbstract@GAM@VDK@@
053GBFTRY,002TRYBNG,001,Reppakuken,EXVS2,ThrowMortar,0x14149DE30,465,0x1C0,11,0;22;76;78;79;81;82;84;87;88;91,0x14092A3E0,0x1406A5BA0,0x1406A5B30,0x1406A5170,0x1406A5980,0x1406A57D0,0x14094E8C0,0x140E15360,0x140E152C0,0x140E15320,.?AVCUnitTaskAutomata_053GBFTRY_002TRYBNG_001_Reppakuken@EXVS2@@|.?AVCUnitTaskAutomataThrowMortar@GAM@VDK@@|.?AVCUnitTaskAutomataThrow@GAM@VDK@@|.?AVCUnitTaskAutomataRadiconParentActor@GAM@VDK@@|.?AVCUnitTaskAutomataRadicon@GAM@VDK@@|.?AVCUnitTaskAutomataAbstract@GAM@VDK@@|.?AVCUnitTaskActorProjectileAbstract@GAM@VDK@@|.?AVCUnitTaskActorAbstract@GAM@VDK@@
053GBFTRY,002TRYBNG,001,Reppakuken_Entry,EXVS2,SummonRush,0x14149E158,465,0x2C0,17,0;2;18;21;30;42;46;72;73;78;79;80;81;84;87;88;90,0x14092A700,0x140DE1070,0x1406A5B30,0x1406A5170,0x1406A5980,0x1406A57D0,0x14094E5B0,0x140E153F0,0x140E15390,0x140E28260,.?AVCUnitTaskAutomata_053GBFTRY_002TRYBNG_001_Reppakuken_Entry@EXVS2@@|.?AVCUnitTaskAutomataSummonRush@GAM@VDK@@|.?AVCUnitTaskAutomataSummon@GAM@VDK@@|.?AVCUnitTaskAutomataRadiconParentActor@GAM@VDK@@|.?AVCUnitTaskAutomataRadicon@GAM@VDK@@|.?AVCUnitTaskAutomataAbstract@GAM@VDK@@|.?AVCUnitTaskActorProjectileAbstract@GAM@VDK@@|.?AVCUnitTaskActorAbstract@GAM@VDK@@
053GBFTRY,002TRYBNG,001,StarWinningGundam,EXVS2,SummonRushShot,0x14149E7B8,465,0x2F0,19,0;2;12;18;21;30;42;46;69;72;73;78;79;80;81;84;87;88;90,0x14092A310,0x140DE1070,0x140DE1770,0x1406A5170,0x1406A5980,0x1406A57D0,0x14094E6F0,0x140E156C0,0x140E15560,0x140DE1820,.?AVCUnitTaskAutomata_053GBFTRY_002TRYBNG_001_StarWinningGundam@EXVS2@@|.?AVCUnitTaskAutomataSummonRushShot@GAM@VDK@@|.?AVCUnitTaskAutomataSummonRush@GAM@VDK@@|.?AVCUnitTaskAutomataSummon@GAM@VDK@@|.?AVCUnitTaskAutomataRadiconParentActor@GAM@VDK@@|.?AVCUnitTaskAutomataRadicon@GAM@VDK@@|.?AVCUnitTaskAutomataAbstract@GAM@VDK@@|.?AVCUnitTaskActorProjectileAbstract@GAM@VDK@@
053GBFTRY,002TRYBNG,001,StarWinningGundam_Funnel,EXVS2,FunnelFlySword,0x14149EAE8,977,0x220,14,0;2;28;43;52;69;76;78;79;81;84;87;88;91,0x14092A420,0x140F75740,0x1406A5B30,0x14094F070,0x1406A5980,0x1406A57D0,0x14094E100,0x140E15860,0x140E15740,0x140E17910,.?AVCUnitTaskAutomata_053GBFTRY_002TRYBNG_001_StarWinningGundam_Funnel@EXVS2@@|.?AVCUnitTaskAutomataFunnelFlySword@GAM@VDK@@|.?AVCUnitTaskAutomataFunnelMawarikomi@GAM@VDK@@|.?AVCUnitTaskAutomataFunnelFly@GAM@VDK@@|.?AVCUnitTaskAutomataFunnel@GAM@VDK@@|.?AVCUnitTaskAutomataRadiconParentActor@GAM@VDK@@|.?AVCUnitTaskAutomataRadicon@GAM@VDK@@|.?AVCUnitTaskAutomataAbstract@GAM@VDK@@
053GBFTRY,002TRYBNG,001,WinLightningGundam,EXVS2,PutObj,0x14149FAC8,465,0x1D0,9,0;2;78;79;80;81;84;88;90,0x14092A040,0x140F76310,0x1406A5B30,0x1406A5170,0x1406A5980,0x1406A57D0,0x14094E380,0x140E165B0,0x140E164C0,0x140E28260,.?AVCUnitTaskAutomata_053GBFTRY_002TRYBNG_001_WinLightningGundam@EXVS2@@|.?AVCUnitTaskAutomataPutObj@GAM@VDK@@|.?AVCUnitTaskAutomataRadiconParentActor@GAM@VDK@@|.?AVCUnitTaskAutomataRadicon@GAM@VDK@@|.?AVCUnitTaskAutomataAbstract@GAM@VDK@@|.?AVCUnitTaskActorProjectileAbstract@GAM@VDK@@|.?AVCUnitTaskActorAbstract@GAM@VDK@@|.?AVCUnitTaskBattleAbstract@GAM@VDK@@
053GBFTRY,002TRYBNG,001,WinStarWinningGundam,EXVS2,PutObj,0x14149FDF0,465,0x1D0,9,0;2;78;79;80;81;84;88;90,0x14092A040,0x140F76310,0x1406A5B30,0x1406A5170,0x1406A5980,0x1406A57D0,0x14094E380,0x140E165B0,0x140E16620,0x140E28260,.?AVCUnitTaskAutomata_053GBFTRY_002TRYBNG_001_WinStarWinningGundam@EXVS2@@|.?AVCUnitTaskAutomataPutObj@GAM@VDK@@|.?AVCUnitTaskAutomataRadiconParentActor@GAM@VDK@@|.?AVCUnitTaskAutomataRadicon@GAM@VDK@@|.?AVCUnitTaskAutomataAbstract@GAM@VDK@@|.?AVCUnitTaskActorProjectileAbstract@GAM@VDK@@|.?AVCUnitTaskActorAbstract@GAM@VDK@@|.?AVCUnitTaskBattleAbstract@GAM@VDK@@
053GBFTRY,003LTNGFB,001,TransparentLaserAmp,EXVS2,Attach,0x1414A0118,465,0x220,11,0;2;12;75;78;79;81;84;86;88;91,0x14092A700,0x140E13A00,0x140E13C50,0x1406A5170,0x1406A5980,0x1406A57D0,0x14094DD20,0x140E16900,0x140E167B0,0x140E168E0,.?AVCUnitTaskAutomata_053GBFTRY_003LTNGFB_001_TransparentLaserAmp@EXVS2@@|.?AVCUnitTaskAutomataAttach@GAM@VDK@@|.?AVCUnitTaskAutomataAttachAbstract@GAM@VDK@@|.?AVCUnitTaskAutomataRadiconParentActor@GAM@VDK@@|.?AVCUnitTaskAutomataRadicon@GAM@VDK@@|.?AVCUnitTaskAutomataAbstract@GAM@VDK@@|.?AVCUnitTaskActorProjectileAbstract@GAM@VDK@@|.?AVCUnitTaskActorAbstract@GAM@VDK@@
053GBFTRY,004STRWIN,001,FunnelAttachChangeAutomata,EXVS2,AttachToRadicon,0x1414A0A90,465,0x1D0,6,0;2;78;79;81;84,0x14092A3E0,0x140E16CA0,0x1406A5B30,0x1406A5170,0x1406A5980,0x1406A57D0,0x14094DE40,0x140E16D20,0x140E16C40,0x140E28260,.?AVCUnitTaskAutomata_053GBFTRY_004STRWIN_001_FunnelAttachChangeAutomata@EXVS2@@|.?AVCUnitTaskAutomataAttachToRadicon@GAM@VDK@@|.?AVCUnitTaskAutomataRadiconParentActor@GAM@VDK@@|.?AVCUnitTaskAutomataRadicon@GAM@VDK@@|.?AVCUnitTaskAutomataAbstract@GAM@VDK@@|.?AVCUnitTaskActorProjectileAbstract@GAM@VDK@@|.?AVCUnitTaskActorAbstract@GAM@VDK@@|.?AVCUnitTaskBattleAbstract@GAM@VDK@@
053GBFTRY,004STRWIN,001,StarCrossEndaction,EXVS2,AttachAbstract,0x1414A0DB8,465,0x210,7,0;2;78;79;81;84;88,0x14092A3E0,0x140DE1E40,0x1406A5B30,0x1406A5170,0x1406A5980,0x1406A57D0,0x14094DD70,0x140E16E80,0x140E16E20,0x140DE1E80,.?AVCUnitTaskAutomata_053GBFTRY_004STRWIN_001_StarCrossEndaction@EXVS2@@|.?AVCUnitTaskAutomataAttachAbstract@GAM@VDK@@|.?AVCUnitTaskAutomataRadiconParentActor@GAM@VDK@@|.?AVCUnitTaskAutomataRadicon@GAM@VDK@@|.?AVCUnitTaskAutomataAbstract@GAM@VDK@@|.?AVCUnitTaskActorProjectileAbstract@GAM@VDK@@|.?AVCUnitTaskActorAbstract@GAM@VDK@@|.?AVCUnitTaskBattleAbstract@GAM@VDK@@
053GBFTRY,004STRWIN,001,StarCrossSpline,EXVS2,BoomerangSpline,0x1414A0440,465,0x1C0,12,0;2;12;21;73;78;79;81;84;87;88;91,0x14092A700,0x140E16B40,0x140DDD470,0x1406A5170,0x1406A5980,0x1406A57D0,0x14094DF10,0x140E16A00,0x140E16950,0x140E2BFD0,.?AVCUnitTaskAutomata_053GBFTRY_004STRWIN_001_StarCrossSpline@EXVS2@@|.?AVCUnitTaskAutomataBoomerangSpline@GAM@VDK@@|.?AVCUnitTaskAutomataBoomerang@GAM@VDK@@|.?AVCUnitTaskAutomataRadiconParentActor@GAM@VDK@@|.?AVCUnitTaskAutomataRadicon@GAM@VDK@@|.?AVCUnitTaskAutomataAbstract@GAM@VDK@@|.?AVCUnitTaskActorProjectileAbstract@GAM@VDK@@|.?AVCUnitTaskActorAbstract@GAM@VDK@@
053GBFTRY,004STRWIN,001,StarCrossStraight,EXVS2,Boomerang,0x1414A0768,465,0x1C0,12,0;2;12;21;73;78;79;81;84;87;88;91,0x14092A700,0x140E16B40,0x140DDD470,0x1406A5170,0x1406A5980,0x1406A57D0,0x14094DF10,0x140E16BC0,0x140E16A80,0x140DDCAC0,.?AVCUnitTaskAutomata_053GBFTRY_004STRWIN_001_StarCrossStraight@EXVS2@@|.?AVCUnitTaskAutomataBoomerang@GAM@VDK@@|.?AVCUnitTaskAutomataRadiconParentActor@GAM@VDK@@|.?AVCUnitTaskAutomataRadicon@GAM@VDK@@|.?AVCUnitTaskAutomataAbstract@GAM@VDK@@|.?AVCUnitTaskActorProjectileAbstract@GAM@VDK@@|.?AVCUnitTaskActorAbstract@GAM@VDK@@|.?AVCUnitTaskBattleAbstract@GAM@VDK@@
053GBFTRY,004STRWIN,001,StarFunnelGuardBitTukimatoi,EXVS2,FunnelTukimatoi_ShotOrder,0x1414A1408,977,0x230,12,0;2;12;21;28;43;69;78;79;81;84;88,0x14092A100,0x140E17210,0x140E17310,0x14094F070,0x1406A5980,0x1406A57D0,0x14094E170,0x140E17230,0x140E17120,0x140DDCDC0,.?AVCUnitTaskAutomata_053GBFTRY_004STRWIN_001_StarFunnelGuardBitTukimatoi@EXVS2@@|.?AVCUnitTaskAutomataFunnelTukimatoi_ShotOrder@GAM@VDK@@|.?AVCUnitTaskAutomataFunnelMawarikomi_ShotOrder@GAM@VDK@@|.?AVCUnitTaskAutomataFunnelShotImmediate@GAM@VDK@@|.?AVCUnitTaskAutomataFunnelMawarikomi@GAM@VDK@@|.?AVCUnitTaskAutomataFunnelFly@GAM@VDK@@|.?AVCUnitTaskAutomataFunnel@GAM@VDK@@|.?AVCUnitTaskAutomataRadiconParentActor@GAM@VDK@@
053GBFTRY,004STRWIN,001,StarFunnelGunBitRensha,EXVS2,FunnelShotStayShift,0x1414A20C8,977,0x210,13,0;2;28;43;78;79;81;84;87;88;96;97;98,0x14092A3E0,0x140F75740,0x1406A5B30,0x14094F070,0x1406A5980,0x1406A57D0,0x14094E2A0,0x140E170F0,0x140E17AA0,0x140DDCDC0,.?AVCUnitTaskAutomata_053GBFTRY_004STRWIN_001_StarFunnelGunBitRensha@EXVS2@@|.?AVCUnitTaskAutomata_053GBFTRY_004STRWIN_001_StarFunnelGunBitShot@EXVS2@@|.?AVCUnitTaskAutomataFunnelShotStayShift@GAM@VDK@@|.?AVCUnitTaskAutomataFunnelShiftPos@GAM@VDK@@|.?AVCUnitTaskAutomataFunnel@GAM@VDK@@|.?AVCUnitTaskAutomataRadiconParentActor@GAM@VDK@@|.?AVCUnitTaskAutomataRadicon@GAM@VDK@@|.?AVCUnitTaskAutomataAbstract@GAM@VDK@@
053GBFTRY,004STRWIN,001,StarFunnelGunBitShot,EXVS2,FunnelShotStayShift,0x1414A10E0,977,0x210,13,0;2;28;43;78;79;81;84;87;88;96;97;98,0x14092A3E0,0x140F75740,0x1406A5B30,0x14094F070,0x1406A5980,0x1406A57D0,0x14094E2A0,0x140E170F0,0x140E16F00,0x140DDCDC0,.?AVCUnitTaskAutomata_053GBFTRY_004STRWIN_001_StarFunnelGunBitShot@EXVS2@@|.?AVCUnitTaskAutomataFunnelShotStayShift@GAM@VDK@@|.?AVCUnitTaskAutomataFunnelShiftPos@GAM@VDK@@|.?AVCUnitTaskAutomataFunnel@GAM@VDK@@|.?AVCUnitTaskAutomataRadiconParentActor@GAM@VDK@@|.?AVCUnitTaskAutomataRadicon@GAM@VDK@@|.?AVCUnitTaskAutomataAbstract@GAM@VDK@@|.?AVCUnitTaskActorProjectileAbstract@GAM@VDK@@
053GBFTRY,004STRWIN,001,StarFunnelSheildMate,EXVS2,FunnelDefenceFormation,0x1414A1730,1489,0x210,12,0;2;12;28;43;78;79;81;84;88;91;93,0x140929E00,0x140E17350,0x140E17310,0x14094F080,0x1406A5980,0x1406A57D0,0x14094E0A0,0x140E173E0,0x140E17410,0x140E28260,.?AVCUnitTaskAutomata_053GBFTRY_004STRWIN_001_StarFunnelSheildMate@EXVS2@@|.?AVCUnitTaskAutomata_053GBFTRY_004STRWIN_001_StarFunnelSheildCommon@EXVS2@@|.?AVCUnitTaskAutomataFunnelDefenceFormation@GAM@VDK@@|.?AVCUnitTaskAutomataFunnelDefence@GAM@VDK@@|.?AVCUnitTaskAutomataFunnelFlyStick@GAM@VDK@@|.?AVCUnitTaskAutomataFunnelShiftPos@GAM@VDK@@|.?AVCUnitTaskAutomataFunnel@GAM@VDK@@|.?AVCUnitTaskAutomataRadiconParentActor@GAM@VDK@@
053GBFTRY,004STRWIN,001,StarFunnelSheildSelf,EXVS2,FunnelDefenceFormation,0x1414A1A68,1489,0x210,12,0;2;12;28;43;78;79;81;84;88;91;93,0x140929E00,0x140E17350,0x140E17310,0x14094F080,0x1406A5980,0x1406A57D0,0x14094E0A0,0x140E173E0,0x140E17480,0x140E28260,.?AVCUnitTaskAutomata_053GBFTRY_004STRWIN_001_StarFunnelSheildSelf@EXVS2@@|.?AVCUnitTaskAutomata_053GBFTRY_004STRWIN_001_StarFunnelSheildCommon@EXVS2@@|.?AVCUnitTaskAutomataFunnelDefenceFormation@GAM@VDK@@|.?AVCUnitTaskAutomataFunnelDefence@GAM@VDK@@|.?AVCUnitTaskAutomataFunnelFlyStick@GAM@VDK@@|.?AVCUnitTaskAutomataFunnelShiftPos@GAM@VDK@@|.?AVCUnitTaskAutomataFunnel@GAM@VDK@@|.?AVCUnitTaskAutomataRadiconParentActor@GAM@VDK@@
053GBFTRY,004STRWIN,001,StarFunnelThrow,EXVS2,FunnelFlySword,0x1414A1DA0,977,0x220,18,0;2;12;28;43;52;69;76;78;79;81;84;87;88;91;96;97;98,0x14092A420,0x140E17840,0x140E177C0,0x14094F070,0x1406A5980,0x1406A57D0,0x14094E100,0x140E17990,0x140E174F0,0x140E17910,.?AVCUnitTaskAutomata_053GBFTRY_004STRWIN_001_StarFunnelThrow@EXVS2@@|.?AVCUnitTaskAutomataFunnelFlySword@GAM@VDK@@|.?AVCUnitTaskAutomataFunnelMawarikomi@GAM@VDK@@|.?AVCUnitTaskAutomataFunnelFly@GAM@VDK@@|.?AVCUnitTaskAutomataFunnel@GAM@VDK@@|.?AVCUnitTaskAutomataRadiconParentActor@GAM@VDK@@|.?AVCUnitTaskAutomataRadicon@GAM@VDK@@|.?AVCUnitTaskAutomataAbstract@GAM@VDK@@
053GBFTRY,005TSIENT,001,AssistThanderRain,EXVS2,SummonRushShot,0x1414A2718,465,0x2F0,19,0;2;12;18;21;30;42;46;69;72;73;78;79;80;81;84;87;88;90,0x14092A460,0x140E12E30,0x140F3CE50,0x1406A5170,0x1406A5980,0x1406A57D0,0x14094E6F0,0x140E17C50,0x140E17BF0,0x140F95540,.?AVCUnitTaskAutomata_053GBFTRY_005TSIENT_001_AssistThanderRain@EXVS2@@|.?AVCUnitTaskAutomataSummonRushShot@GAM@VDK@@|.?AVCUnitTaskAutomataSummonRush@GAM@VDK@@|.?AVCUnitTaskAutomataSummon@GAM@VDK@@|.?AVCUnitTaskAutomataRadiconParentActor@GAM@VDK@@|.?AVCUnitTaskAutomataRadicon@GAM@VDK@@|.?AVCUnitTaskAutomataAbstract@GAM@VDK@@|.?AVCUnitTaskActorProjectileAbstract@GAM@VDK@@
053GBFTRY,005TSIENT,001,AssistThanderRainAiming,EXVS2,SummonRushShot,0x1414A2A48,465,0x2F0,19,0;2;12;18;21;30;42;46;69;72;73;78;79;80;81;84;87;88;90,0x14092A460,0x140E17D20,0x140F3CE50,0x1406A5170,0x1406A5980,0x1406A57D0,0x14094E6F0,0x140E17E70,0x140E17CC0,0x140F95540,.?AVCUnitTaskAutomata_053GBFTRY_005TSIENT_001_AssistThanderRainAiming@EXVS2@@|.?AVCUnitTaskAutomata_053GBFTRY_005TSIENT_001_AssistThanderRain@EXVS2@@|.?AVCUnitTaskAutomataSummonRushShot@GAM@VDK@@|.?AVCUnitTaskAutomataSummonRush@GAM@VDK@@|.?AVCUnitTaskAutomataSummon@GAM@VDK@@|.?AVCUnitTaskAutomataRadiconParentActor@GAM@VDK@@|.?AVCUnitTaskAutomataRadicon@GAM@VDK@@|.?AVCUnitTaskAutomataAbstract@GAM@VDK@@
053GBFTRY,005TSIENT,001,AssistThanderRainEntry,EXVS2,SummonRush,0x1414A30A8,465,0x2C0,17,0;2;18;21;30;42;46;72;73;78;79;80;81;84;87;88;90,0x14092A700,0x140DE1070,0x1406A5B30,0x1406A5170,0x1406A5980,0x1406A57D0,0x14094E5B0,0x140E17F00,0x140E17EA0,0x140E28260,.?AVCUnitTaskAutomata_053GBFTRY_005TSIENT_001_AssistThanderRainEntry@EXVS2@@|.?AVCUnitTaskAutomataSummonRush@GAM@VDK@@|.?AVCUnitTaskAutomataSummon@GAM@VDK@@|.?AVCUnitTaskAutomataRadiconParentActor@GAM@VDK@@|.?AVCUnitTaskAutomataRadicon@GAM@VDK@@|.?AVCUnitTaskAutomataAbstract@GAM@VDK@@|.?AVCUnitTaskActorProjectileAbstract@GAM@VDK@@|.?AVCUnitTaskActorAbstract@GAM@VDK@@
053GBFTRY,005TSIENT,001,AssistThanderRainHukakuRotate,EXVS2,SummonRushShot,0x1414A2D78,465,0x2F0,19,0;2;12;18;21;30;42;46;69;72;73;78;79;80;81;84;87;88;90,0x14092A460,0x140E17E60,0x140F3CE50,0x1406A5170,0x1406A5980,0x1406A57D0,0x14094E6F0,0x140E17E70,0x140E17E00,0x140F95540,.?AVCUnitTaskAutomata_053GBFTRY_005TSIENT_001_AssistThanderRainHukakuRotate@EXVS2@@|.?AVCUnitTaskAutomata_053GBFTRY_005TSIENT_001_AssistThanderRain@EXVS2@@|.?AVCUnitTaskAutomataSummonRushShot@GAM@VDK@@|.?AVCUnitTaskAutomataSummonRush@GAM@VDK@@|.?AVCUnitTaskAutomataSummon@GAM@VDK@@|.?AVCUnitTaskAutomataRadiconParentActor@GAM@VDK@@|.?AVCUnitTaskAutomataRadicon@GAM@VDK@@|.?AVCUnitTaskAutomataAbstract@GAM@VDK@@
053GBFTRY,005TSIENT,001,FunnelFly,EXVS2,FunnelMawarikomi,0x1414A23F0,977,0x210,10,0;2;28;43;69;78;79;81;84;87,0x14092A700,0x140F75740,0x1406A5B30,0x14094F070,0x1406A5980,0x1406A57D0,0x14094E050,0x140E17B70,0x140E17B10,0x140DDCDC0,.?AVCUnitTaskAutomata_053GBFTRY_005TSIENT_001_FunnelFly@EXVS2@@|.?AVCUnitTaskAutomataFunnelMawarikomi@GAM@VDK@@|.?AVCUnitTaskAutomataFunnelFly@GAM@VDK@@|.?AVCUnitTaskAutomataFunnel@GAM@VDK@@|.?AVCUnitTaskAutomataRadiconParentActor@GAM@VDK@@|.?AVCUnitTaskAutomataRadicon@GAM@VDK@@|.?AVCUnitTaskAutomataAbstract@GAM@VDK@@|.?AVCUnitTaskActorProjectileAbstract@GAM@VDK@@
053GBFTRY,005TSIENT,001,FunnelLargeFlyRushShot,EXVS2,FunnelFlySwordPenetrate,0x1414A3A28,977,0x220,15,0;2;12;28;43;52;69;76;78;79;81;84;87;88;91,0x14092A700,0x140E18270,0x140E26E80,0x14094F070,0x1406A5980,0x1406A57D0,0x14094E100,0x140E18300,0x140E181B0,0x140E18140,.?AVCUnitTaskAutomata_053GBFTRY_005TSIENT_001_FunnelLargeFlyRushShot@EXVS2@@|.?AVCUnitTaskAutomataFunnelFlySwordPenetrate@GAM@VDK@@|.?AVCUnitTaskAutomataFunnelFlySword@GAM@VDK@@|.?AVCUnitTaskAutomataFunnelMawarikomi@GAM@VDK@@|.?AVCUnitTaskAutomataFunnelFly@GAM@VDK@@|.?AVCUnitTaskAutomataFunnel@GAM@VDK@@|.?AVCUnitTaskAutomataRadiconParentActor@GAM@VDK@@|.?AVCUnitTaskAutomataRadicon@GAM@VDK@@
053GBFTRY,005TSIENT,001,FunnelSmallFlyRush,EXVS2,FunnelFlySwordPenetrate,0x1414A3700,977,0x220,15,0;2;12;28;43;52;69;76;78;79;81;84;87;88;91,0x14092A700,0x140E18270,0x140E26E80,0x14094F070,0x1406A5980,0x1406A57D0,0x14094E100,0x140E18300,0x140E18080,0x140E18140,.?AVCUnitTaskAutomata_053GBFTRY_005TSIENT_001_FunnelSmallFlyRush@EXVS2@@|.?AVCUnitTaskAutomataFunnelFlySwordPenetrate@GAM@VDK@@|.?AVCUnitTaskAutomataFunnelFlySword@GAM@VDK@@|.?AVCUnitTaskAutomataFunnelMawarikomi@GAM@VDK@@|.?AVCUnitTaskAutomataFunnelFly@GAM@VDK@@|.?AVCUnitTaskAutomataFunnel@GAM@VDK@@|.?AVCUnitTaskAutomataRadiconParentActor@GAM@VDK@@|.?AVCUnitTaskAutomataRadicon@GAM@VDK@@
053GBFTRY,005TSIENT,001,GnPartisanThrow,EXVS2,Throw,0x1414A33D8,465,0x1C0,10,0;2;12;22;76;78;79;81;87;88,0x14092A3E0,0x140E26F00,0x140E26E80,0x1406A5170,0x1406A5980,0x1406A57D0,0x14094E8C0,0x140E18030,0x140E17FC0,0x140E26F80,.?AVCUnitTaskAutomata_053GBFTRY_005TSIENT_001_GnPartisanThrow@EXVS2@@|.?AVCUnitTaskAutomataThrow@GAM@VDK@@|.?AVCUnitTaskAutomataRadiconParentActor@GAM@VDK@@|.?AVCUnitTaskAutomataRadicon@GAM@VDK@@|.?AVCUnitTaskAutomataAbstract@GAM@VDK@@|.?AVCUnitTaskActorProjectileAbstract@GAM@VDK@@|.?AVCUnitTaskActorAbstract@GAM@VDK@@|.?AVCUnitTaskBattleAbstract@GAM@VDK@@
053GBFTRY,005TSIENT,001,Laser,EXVS2,Unknown,0x1414A43B8,49,,78,0;2;3;8;9;11;12;15;16;17;18;19;20;21;22;23;24;28;29;31;32;37;39;40;41;42;44;45;47;48;49;50;51;53;54;55;56;58;59;60;61;62;63;64;65;66;67;68;69;70;71;72;73;74;75;76;77;78;79;80;81;82;83;84;85;86;88;89;90;91;92;93;94;95;96;97;98;99,0x14092A4B0,0x140DD9EA0,0x140DD9AC0,0x140BA2F50,0x14066E870,0x14066E860,0x14035E830,0x14035E810,0x14063C250,0x1406733F0,.?AVCUnitTaskAutomata_053GBFTRY_005TSIENT_001_Laser@EXVS2@@|.?AVCUnitTaskActorProjBulletLaser@GAM@VDK@@|.?AVCUnitTaskActorProjBulletAbstract@GAM@VDK@@|.?AVCUnitTaskActorProjectileAbstract@GAM@VDK@@|.?AVCUnitTaskActorAbstract@GAM@VDK@@|.?AVCUnitTaskBattleAbstract@GAM@VDK@@|.?AVCUnitTaskAbstract@FWK@VDK@@|.?AVCTaskEntityActAbstract@DEV@VDK@@
053GBFTRY,005TSIENT,001,SpAssistGportent,EXVS2,Summon,0x1414A3D50,465,0x290,19,0;2;18;21;30;42;46;72;73;78;79;80;81;84;86;87;88;89;90,0x14092A700,0x140F76670,0x1406A5B30,0x1406A5170,0x1406A5980,0x1406A57D0,0x14094E520,0x140E18620,0x140E183C0,0x140E184F0,.?AVCUnitTaskAutomata_053GBFTRY_005TSIENT_001_SpAssistGportent@EXVS2@@|.?AVCUnitTaskAutomataSummon@GAM@VDK@@|.?AVCUnitTaskAutomataRadiconParentActor@GAM@VDK@@|.?AVCUnitTaskAutomataRadicon@GAM@VDK@@|.?AVCUnitTaskAutomataAbstract@GAM@VDK@@|.?AVCUnitTaskActorProjectileAbstract@GAM@VDK@@|.?AVCUnitTaskActorAbstract@GAM@VDK@@|.?AVCUnitTaskBattleAbstract@GAM@VDK@@
053GBFTRY,005TSIENT,001,SpAssistKarel,EXVS2,Sticker,0x1414A4080,465,0x1C0,8,0;2;78;79;81;84;88;91,0x14092A700,0x140E18750,0x1406A5B30,0x1406A5170,0x1406A5980,0x1406A57D0,0x14094E4D0,0x140E189D0,0x140E18670,0x140E29790,.?AVCUnitTaskAutomata_053GBFTRY_005TSIENT_001_SpAssistKarel@EXVS2@@|.?AVCUnitTaskAutomataSticker@GAM@VDK@@|.?AVCUnitTaskAutomataRadiconParentActor@GAM@VDK@@|.?AVCUnitTaskAutomataRadicon@GAM@VDK@@|.?AVCUnitTaskAutomataAbstract@GAM@VDK@@|.?AVCUnitTaskActorProjectileAbstract@GAM@VDK@@|.?AVCUnitTaskActorAbstract@GAM@VDK@@|.?AVCUnitTaskBattleAbstract@GAM@VDK@@
055SDGAID,001KNTGND,001,KnightShieldBoomerang,EXVS2,Boomerang,0x1414A5C30,465,0x1C0,10,0;12;73;78;79;81;84;87;88;91,0x14092A700,0x1406A5BA0,0x140DDD470,0x1406A5170,0x1406A5980,0x1406A57D0,0x14094DF10,0x140E19740,0x140E196E0,0x140DDCAC0,.?AVCUnitTaskAutomata_055SDGAID_001KNTGND_001_KnightShieldBoomerang@EXVS2@@|.?AVCUnitTaskAutomataBoomerang@GAM@VDK@@|.?AVCUnitTaskAutomataRadiconParentActor@GAM@VDK@@|.?AVCUnitTaskAutomataRadicon@GAM@VDK@@|.?AVCUnitTaskAutomataAbstract@GAM@VDK@@|.?AVCUnitTaskActorProjectileAbstract@GAM@VDK@@|.?AVCUnitTaskActorAbstract@GAM@VDK@@|.?AVCUnitTaskBattleAbstract@GAM@VDK@@
055SDGAID,001KNTGND,001,MoveOnFirePillar_Entry,EXVS2,SummonRush,0x1414A52A8,465,0x2C0,17,0;2;18;21;30;42;46;72;73;78;79;80;81;84;87;88;90,0x14092A700,0x140DE1070,0x1406A5B30,0x1406A5170,0x1406A5980,0x1406A57D0,0x14094E5B0,0x140E153F0,0x140E19540,0x140E28260,.?AVCUnitTaskAutomata_055SDGAID_001KNTGND_001_MoveOnFirePillar_Entry@EXVS2@@|.?AVCUnitTaskAutomataSummonRush@GAM@VDK@@|.?AVCUnitTaskAutomataSummon@GAM@VDK@@|.?AVCUnitTaskAutomataRadiconParentActor@GAM@VDK@@|.?AVCUnitTaskAutomataRadicon@GAM@VDK@@|.?AVCUnitTaskAutomataAbstract@GAM@VDK@@|.?AVCUnitTaskActorProjectileAbstract@GAM@VDK@@|.?AVCUnitTaskActorAbstract@GAM@VDK@@
055SDGAID,001KNTGND,001,ThrowFlameSword,EXVS2,Throw,0x1414A4600,465,0x1C0,9,0;22;73;76;78;79;81;87;88,0x14092A3E0,0x1406A5BA0,0x1406A5B30,0x1406A5170,0x1406A5980,0x1406A57D0,0x14094E8C0,0x140E18EE0,0x140E18E80,0x140E26F80,.?AVCUnitTaskAutomata_055SDGAID_001KNTGND_001_ThrowFlameSword@EXVS2@@|.?AVCUnitTaskAutomataThrow@GAM@VDK@@|.?AVCUnitTaskAutomataRadiconParentActor@GAM@VDK@@|.?AVCUnitTaskAutomataRadicon@GAM@VDK@@|.?AVCUnitTaskAutomataAbstract@GAM@VDK@@|.?AVCUnitTaskActorProjectileAbstract@GAM@VDK@@|.?AVCUnitTaskActorAbstract@GAM@VDK@@|.?AVCUnitTaskBattleAbstract@GAM@VDK@@
055SDGAID,001KNTGND,001,ThrowKnightShield,EXVS2,BoomerangSpline,0x1414A4C50,465,0x1C0,12,0;2;12;73;78;79;81;84;87;88;89;91,0x14092A700,0x140F8A350,0x140DDD470,0x1406A5170,0x1406A5980,0x1406A57D0,0x14094DF10,0x140E19350,0x140E192C0,0x140F75250,.?AVCUnitTaskAutomata_055SDGAID_001KNTGND_001_ThrowKnightShield@EXVS2@@|.?AVCUnitTaskAutomataBoomerangSpline@GAM@VDK@@|.?AVCUnitTaskAutomataBoomerang@GAM@VDK@@|.?AVCUnitTaskAutomataRadiconParentActor@GAM@VDK@@|.?AVCUnitTaskAutomataRadicon@GAM@VDK@@|.?AVCUnitTaskAutomataAbstract@GAM@VDK@@|.?AVCUnitTaskActorProjectileAbstract@GAM@VDK@@|.?AVCUnitTaskActorAbstract@GAM@VDK@@
055SDGAID,001KNTGND,001,ThrowKnightSword,EXVS2,Throw,0x1414A4928,465,0x1C0,11,0;22;76;78;79;81;84;87;88;89;91,0x14092A3E0,0x1406A5BA0,0x1406A5B30,0x1406A5170,0x1406A5980,0x1406A57D0,0x14094E8C0,0x140E19280,0x140E19070,0x140E19260,.?AVCUnitTaskAutomata_055SDGAID_001KNTGND_001_ThrowKnightSword@EXVS2@@|.?AVCUnitTaskAutomataThrow@GAM@VDK@@|.?AVCUnitTaskAutomataRadiconParentActor@GAM@VDK@@|.?AVCUnitTaskAutomataRadicon@GAM@VDK@@|.?AVCUnitTaskAutomataAbstract@GAM@VDK@@|.?AVCUnitTaskActorProjectileAbstract@GAM@VDK@@|.?AVCUnitTaskActorAbstract@GAM@VDK@@|.?AVCUnitTaskBattleAbstract@GAM@VDK@@
055SDGAID,001KNTGND,001,ThrowLightArrow,EXVS2,Throw,0x1414A55D8,465,0x1C0,11,0;2;22;52;76;78;79;81;84;87;88,0x14092A3E0,0x140F66F60,0x1406A5B30,0x1406A5170,0x1406A5980,0x1406A57D0,0x14094E8C0,0x140E19660,0x140E19610,0x140E10690,.?AVCUnitTaskAutomata_055SDGAID_001KNTGND_001_ThrowLightArrow@EXVS2@@|.?AVCUnitTaskAutomataThrow@GAM@VDK@@|.?AVCUnitTaskAutomataRadiconParentActor@GAM@VDK@@|.?AVCUnitTaskAutomataRadicon@GAM@VDK@@|.?AVCUnitTaskAutomataAbstract@GAM@VDK@@|.?AVCUnitTaskActorProjectileAbstract@GAM@VDK@@|.?AVCUnitTaskActorAbstract@GAM@VDK@@|.?AVCUnitTaskBattleAbstract@GAM@VDK@@
055SDGAID,001KNTGND,001,ThrowThanderRain,EXVS2,SummonRushShot,0x1414A4F78,465,0x2F0,19,0;2;12;18;21;30;42;46;69;72;73;78;79;80;81;84;87;88;90,0x14092A310,0x140E193E0,0x140DE1770,0x1406A5170,0x1406A5980,0x1406A57D0,0x14094E6F0,0x140E19500,0x140E19380,0x140F41EF0,.?AVCUnitTaskAutomata_055SDGAID_001KNTGND_001_ThrowThanderRain@EXVS2@@|.?AVCUnitTaskAutomataSummonRushShot@GAM@VDK@@|.?AVCUnitTaskAutomataSummonRush@GAM@VDK@@|.?AVCUnitTaskAutomataSummon@GAM@VDK@@|.?AVCUnitTaskAutomataRadiconParentActor@GAM@VDK@@|.?AVCUnitTaskAutomataRadicon@GAM@VDK@@|.?AVCUnitTaskAutomataAbstract@GAM@VDK@@|.?AVCUnitTaskActorProjectileAbstract@GAM@VDK@@
055SDGAID,001KNTGND,001,ThrowThanderRain_Fa,EXVS2,SummonRushShot,0x1414A5900,465,0x2F0,19,0;2;12;18;21;30;42;46;69;72;73;78;79;80;81;84;87;88;90,0x14092A310,0x140E193E0,0x140DE1770,0x1406A5170,0x1406A5980,0x1406A57D0,0x14094E6F0,0x140E19500,0x140E19680,0x140F41EF0,.?AVCUnitTaskAutomata_055SDGAID_001KNTGND_001_ThrowThanderRain_Fa@EXVS2@@|.?AVCUnitTaskAutomataSummonRushShot@GAM@VDK@@|.?AVCUnitTaskAutomataSummonRush@GAM@VDK@@|.?AVCUnitTaskAutomataSummon@GAM@VDK@@|.?AVCUnitTaskAutomataRadiconParentActor@GAM@VDK@@|.?AVCUnitTaskAutomataRadicon@GAM@VDK@@|.?AVCUnitTaskAutomataAbstract@GAM@VDK@@|.?AVCUnitTaskActorProjectileAbstract@GAM@VDK@@
056GNDMNT,001NARRTV,001,AssistPhenex,EXVS2,SummonRushShot,0x1414A5F58,465,0x2F0,20,0;2;12;18;21;30;42;46;69;72;73;78;79;80;81;84;87;88;89;90,0x14092A4F0,0x140DE1070,0x140DE1770,0x1406A5170,0x1406A5980,0x1406A57D0,0x14094E6F0,0x140E19980,0x140E197C0,0x140DE1820,.?AVCUnitTaskAutomata_056GNDMNT_001NARRTV_001_AssistPhenex@EXVS2@@|.?AVCUnitTaskAutomataSummonRushShot@GAM@VDK@@|.?AVCUnitTaskAutomataSummonRush@GAM@VDK@@|.?AVCUnitTaskAutomataSummon@GAM@VDK@@|.?AVCUnitTaskAutomataRadiconParentActor@GAM@VDK@@|.?AVCUnitTaskAutomataRadicon@GAM@VDK@@|.?AVCUnitTaskAutomataAbstract@GAM@VDK@@|.?AVCUnitTaskActorProjectileAbstract@GAM@VDK@@
056GNDMNT,001NARRTV,001,PhenexArmedArmorDE,EXVS2,FunnelFlySwordPenetrate,0x1414A6288,977,0x220,14,0;2;28;43;52;69;76;78;79;81;84;87;90;91,0x14092A700,0x140F75740,0x1406A5B30,0x14094F070,0x1406A5980,0x1406A57D0,0x14094E100,0x140E19B30,0x140E19A30,0x140E2BFD0,.?AVCUnitTaskAutomata_056GNDMNT_001NARRTV_001_PhenexArmedArmorDE@EXVS2@@|.?AVCUnitTaskAutomataFunnelFlySwordPenetrate@GAM@VDK@@|.?AVCUnitTaskAutomataFunnelFlySword@GAM@VDK@@|.?AVCUnitTaskAutomataFunnelMawarikomi@GAM@VDK@@|.?AVCUnitTaskAutomataFunnelFly@GAM@VDK@@|.?AVCUnitTaskAutomataFunnel@GAM@VDK@@|.?AVCUnitTaskAutomataRadiconParentActor@GAM@VDK@@|.?AVCUnitTaskAutomataRadicon@GAM@VDK@@
056GNDMNT,001NARRTV,001,PsychoField,EXVS2,ThrowBlade,0x1414A65B0,465,0x1D0,12,0;2;22;73;76;78;79;81;84;87;88;89,0x14092A100,0x140DDE490,0x1406A5B30,0x1406A5170,0x1406A5980,0x1406A57D0,0x14094E910,0x140E19F30,0x140E19BE0,0x140F41EF0,.?AVCUnitTaskAutomata_056GNDMNT_001NARRTV_001_PsychoField@EXVS2@@|.?AVCUnitTaskAutomataThrowBlade@GAM@VDK@@|.?AVCUnitTaskAutomataThrow@GAM@VDK@@|.?AVCUnitTaskAutomataRadiconParentActor@GAM@VDK@@|.?AVCUnitTaskAutomataRadicon@GAM@VDK@@|.?AVCUnitTaskAutomataAbstract@GAM@VDK@@|.?AVCUnitTaskActorProjectileAbstract@GAM@VDK@@|.?AVCUnitTaskActorAbstract@GAM@VDK@@
056GNDMNT,001NARRTV,001,WireGuidedAssaultUnit,EXVS2,FunnelMawarikomiMultipleShot,0x1414A68D8,977,0x220,10,0;2;28;43;69;78;79;81;84;87,0x14092A100,0x140F75740,0x1406A5B30,0x14094F070,0x1406A5980,0x1406A57D0,0x14094E9E0,0x140E1A090,0x140E1A030,0x140DDCDC0,.?AVCUnitTaskAutomata_056GNDMNT_001NARRTV_001_WireGuidedAssaultUnit@EXVS2@@|.?AVCUnitTaskAutomataFunnelMawarikomiMultipleShot@GAM@VDK@@|.?AVCUnitTaskAutomataFunnelMawarikomi@GAM@VDK@@|.?AVCUnitTaskAutomataFunnelFly@GAM@VDK@@|.?AVCUnitTaskAutomataFunnel@GAM@VDK@@|.?AVCUnitTaskAutomataRadiconParentActor@GAM@VDK@@|.?AVCUnitTaskAutomataRadicon@GAM@VDK@@|.?AVCUnitTaskAutomataAbstract@GAM@VDK@@
056GNDMNT,001NARRTV,001,WireGuidedAssaultUnitFlySword,EXVS2,FunnelFlySword,0x1414A6F28,977,0x220,14,0;2;28;43;52;69;76;78;79;81;84;87;88;91,0x140929E00,0x140F75740,0x1406A5B30,0x14094F070,0x1406A5980,0x1406A57D0,0x14094E100,0x140E1A3A0,0x140E1A190,0x140E2BFD0,.?AVCUnitTaskAutomata_056GNDMNT_001NARRTV_001_WireGuidedAssaultUnitFlySword@EXVS2@@|.?AVCUnitTaskAutomata_056GNDMNT_001NARRTV_001_WireGuidedAssaultUnitFlySwordStart@EXVS2@@|.?AVCUnitTaskAutomataFunnelFlySword@GAM@VDK@@|.?AVCUnitTaskAutomataFunnelMawarikomi@GAM@VDK@@|.?AVCUnitTaskAutomataFunnelFly@GAM@VDK@@|.?AVCUnitTaskAutomataFunnel@GAM@VDK@@|.?AVCUnitTaskAutomataRadiconParentActor@GAM@VDK@@|.?AVCUnitTaskAutomataRadicon@GAM@VDK@@
056GNDMNT,001NARRTV,001,WireGuidedAssaultUnitFlySwordStart,EXVS2,FunnelFlySword,0x1414A6C00,977,0x220,13,0;2;28;43;52;69;76;78;79;81;84;87;91,0x140929E00,0x140F75740,0x1406A5B30,0x14094F070,0x1406A5980,0x1406A57D0,0x14094E100,0x140E1A3A0,0x140E1A1F0,0x140E2BFD0,.?AVCUnitTaskAutomata_056GNDMNT_001NARRTV_001_WireGuidedAssaultUnitFlySwordStart@EXVS2@@|.?AVCUnitTaskAutomataFunnelFlySword@GAM@VDK@@|.?AVCUnitTaskAutomataFunnelMawarikomi@GAM@VDK@@|.?AVCUnitTaskAutomataFunnelFly@GAM@VDK@@|.?AVCUnitTaskAutomataFunnel@GAM@VDK@@|.?AVCUnitTaskAutomataRadiconParentActor@GAM@VDK@@|.?AVCUnitTaskAutomataRadicon@GAM@VDK@@|.?AVCUnitTaskAutomataAbstract@GAM@VDK@@
056GNDMNT,002SINAST,001,AssistGrzlElicUnqRush,EXVS2,SummonRushAttackNormal,0x1414A7250,465,0x330,18,0;2;18;21;30;42;46;72;73;78;79;80;81;84;87;88;89;90,0x14092A100,0x140F76670,0x1406A5B30,0x1406A5170,0x1406A5980,0x1406A57D0,0x14094E5F0,0x140E1A920,0x140E1A6D0,0x140DE1960,.?AVCUnitTaskAutomata_056GNDMNT_002SINAST_001_AssistGrzlElicUnqRush@EXVS2@@|.?AVCUnitTaskAutomataSummonRushAttackNormal@GAM@VDK@@|.?AVCUnitTaskAutomataSummonRushAttack@GAM@VDK@@|.?AVCUnitTaskAutomataSummonRush@GAM@VDK@@|.?AVCUnitTaskAutomataSummon@GAM@VDK@@|.?AVCUnitTaskAutomataRadiconParentActor@GAM@VDK@@|.?AVCUnitTaskAutomataRadicon@GAM@VDK@@|.?AVCUnitTaskAutomataAbstract@GAM@VDK@@
056GNDMNT,002SINAST,001,AssistGrzlRush,EXVS2,SummonRushAttackNormal,0x1415EE650,465,0x330,18,0;2;18;21;30;42;46;72;73;78;79;80;81;84;87;88;89;90,0x14092A700,0x140F76670,0x1406A5B30,0x1406A5170,0x1406A5980,0x1406A57D0,0x14094E5F0,0x140E1A540,0x140E1A430,0x140DE1960,.?AVCUnitTaskAutomata_056GNDMNT_002SINAST_001_AssistGrzlRush@EXVS2@@|.?AVCUnitTaskAutomataSummonRushAttackNormal@GAM@VDK@@|.?AVCUnitTaskAutomataSummonRushAttack@GAM@VDK@@|.?AVCUnitTaskAutomataSummonRush@GAM@VDK@@|.?AVCUnitTaskAutomataSummon@GAM@VDK@@|.?AVCUnitTaskAutomataRadiconParentActor@GAM@VDK@@|.?AVCUnitTaskAutomataRadicon@GAM@VDK@@|.?AVCUnitTaskAutomataAbstract@GAM@VDK@@
056GNDMNT,002SINAST,001,BeamNaginata,EXVS2,Sticker,0x1414A7580,465,0x1C0,9,0;2;78;79;81;84;88;89;91,0x14092A700,0x140DDD100,0x1406A5B30,0x1406A5170,0x1406A5980,0x1406A57D0,0x14094E4D0,0x140E1AEC0,0x140E1AAC0,0x140E28260,.?AVCUnitTaskAutomata_056GNDMNT_002SINAST_001_BeamNaginata@EXVS2@@|.?AVCUnitTaskAutomataSticker@GAM@VDK@@|.?AVCUnitTaskAutomataRadiconParentActor@GAM@VDK@@|.?AVCUnitTaskAutomataRadicon@GAM@VDK@@|.?AVCUnitTaskAutomataAbstract@GAM@VDK@@|.?AVCUnitTaskActorProjectileAbstract@GAM@VDK@@|.?AVCUnitTaskActorAbstract@GAM@VDK@@|.?AVCUnitTaskBattleAbstract@GAM@VDK@@
056GNDMNT,003PHENEX,001,AssistJeganA2Grap,EXVS2,SummonRushAttackNormal,0x1415EEEC8,465,0x330,18,0;2;18;21;30;42;46;72;73;78;79;80;81;84;87;88;89;90,0x140E1B5F0,0x140F76670,0x1406A5B30,0x1406A5170,0x1406A5980,0x1406A57D0,0x14094E5F0,0x140E1B790,0x140DE1B80,0x140DE1960,.?AVCUnitTaskAutomata_056GNDMNT_003PHENEX_001_AssistJeganA2Grap@EXVS2@@|.?AVCUnitTaskAutomataSummonRushAttackNormal@GAM@VDK@@|.?AVCUnitTaskAutomataSummonRushAttack@GAM@VDK@@|.?AVCUnitTaskAutomataSummonRush@GAM@VDK@@|.?AVCUnitTaskAutomataSummon@GAM@VDK@@|.?AVCUnitTaskAutomataRadiconParentActor@GAM@VDK@@|.?AVCUnitTaskAutomataRadicon@GAM@VDK@@|.?AVCUnitTaskAutomataAbstract@GAM@VDK@@
056GNDMNT,003PHENEX,001,AssistJeganA2Shot,EXVS2,SummonRushShot,0x1415EF200,465,0x2F0,19,0;2;12;18;21;30;42;46;69;72;73;78;79;80;81;84;87;88;90,0x140E1BA00,0x140F76670,0x140DE1770,0x1406A5170,0x1406A5980,0x1406A57D0,0x14094E6F0,0x140E1BA60,0x140DE1710,0x140DE1820,.?AVCUnitTaskAutomata_056GNDMNT_003PHENEX_001_AssistJeganA2Shot@EXVS2@@|.?AVCUnitTaskAutomataSummonRushShot@GAM@VDK@@|.?AVCUnitTaskAutomataSummonRush@GAM@VDK@@|.?AVCUnitTaskAutomataSummon@GAM@VDK@@|.?AVCUnitTaskAutomataRadiconParentActor@GAM@VDK@@|.?AVCUnitTaskAutomataRadicon@GAM@VDK@@|.?AVCUnitTaskAutomataAbstract@GAM@VDK@@|.?AVCUnitTaskActorProjectileAbstract@GAM@VDK@@
056GNDMNT,003PHENEX,001,AssistSilverBulletSuppressor,EXVS2,SummonRushShot,0x1414A7F10,465,0x2F0,19,0;2;12;18;21;30;42;46;69;72;73;78;79;80;81;84;87;88;90,0x14092A310,0x140DE1070,0x140DE1770,0x1406A5170,0x1406A5980,0x1406A57D0,0x14094E6F0,0x140E1BC80,0x140E1BBD0,0x140DE1820,.?AVCUnitTaskAutomata_056GNDMNT_003PHENEX_001_AssistSilverBulletSuppressor@EXVS2@@|.?AVCUnitTaskAutomataSummonRushShot@GAM@VDK@@|.?AVCUnitTaskAutomataSummonRush@GAM@VDK@@|.?AVCUnitTaskAutomataSummon@GAM@VDK@@|.?AVCUnitTaskAutomataRadiconParentActor@GAM@VDK@@|.?AVCUnitTaskAutomataRadicon@GAM@VDK@@|.?AVCUnitTaskAutomataAbstract@GAM@VDK@@|.?AVCUnitTaskActorProjectileAbstract@GAM@VDK@@
056GNDMNT,003PHENEX,001,FunnelFlySword,EXVS2,FunnelFlySwordPenetrate,0x1414A7BE0,977,0x220,16,0;2;12;28;43;52;69;76;78;79;81;84;87;88;90;91,0x14092A700,0x140E06020,0x140E1B260,0x14094F070,0x1406A5980,0x1406A57D0,0x14094E100,0x140E1B360,0x140E1B190,0x140E1B2B0,.?AVCUnitTaskAutomata_056GNDMNT_003PHENEX_001_FunnelFlySword@EXVS2@@|.?AVCUnitTaskAutomataFunnelFlySwordPenetrate@GAM@VDK@@|.?AVCUnitTaskAutomataFunnelFlySword@GAM@VDK@@|.?AVCUnitTaskAutomataFunnelMawarikomi@GAM@VDK@@|.?AVCUnitTaskAutomataFunnelFly@GAM@VDK@@|.?AVCUnitTaskAutomataFunnel@GAM@VDK@@|.?AVCUnitTaskAutomataRadiconParentActor@GAM@VDK@@|.?AVCUnitTaskAutomataRadicon@GAM@VDK@@
056GNDMNT,003PHENEX,001,FunnelFlySwordCounter,EXVS2,FunnelFlySwordPenetrate,0x1414A88C0,977,0x220,16,0;2;12;28;43;52;69;76;78;79;81;84;87;88;90;91,0x14092A700,0x140E06020,0x140E1B260,0x14094F070,0x1406A5980,0x1406A57D0,0x14094E100,0x140E1C430,0x140E1C200,0x140E1C3C0,.?AVCUnitTaskAutomata_056GNDMNT_003PHENEX_001_FunnelFlySwordCounter@EXVS2@@|.?AVCUnitTaskAutomataFunnelFlySwordPenetrate@GAM@VDK@@|.?AVCUnitTaskAutomataFunnelFlySword@GAM@VDK@@|.?AVCUnitTaskAutomataFunnelMawarikomi@GAM@VDK@@|.?AVCUnitTaskAutomataFunnelFly@GAM@VDK@@|.?AVCUnitTaskAutomataFunnel@GAM@VDK@@|.?AVCUnitTaskAutomataRadiconParentActor@GAM@VDK@@|.?AVCUnitTaskAutomataRadicon@GAM@VDK@@
056GNDMNT,003PHENEX,001,FunnelMateDefense,EXVS2,FunnelDefenceFormation,0x1414A8580,1489,0x210,12,0;2;12;28;43;78;79;81;84;90;91;93,0x14092A540,0x140E1BE10,0x140F89630,0x14094F080,0x1406A5980,0x1406A57D0,0x14094E0A0,0x140E1C160,0x140E1C190,0x140E28260,.?AVCUnitTaskAutomata_056GNDMNT_003PHENEX_001_FunnelMateDefense@EXVS2@@|.?AVCUnitTaskAutomata_056GNDMNT_003PHENEX_001_FunnelCommonDefense@EXVS2@@|.?AVCUnitTaskAutomataFunnelDefenceFormation@GAM@VDK@@|.?AVCUnitTaskAutomataFunnelDefence@GAM@VDK@@|.?AVCUnitTaskAutomataFunnelFlyStick@GAM@VDK@@|.?AVCUnitTaskAutomataFunnelShiftPos@GAM@VDK@@|.?AVCUnitTaskAutomataFunnel@GAM@VDK@@|.?AVCUnitTaskAutomataRadiconParentActor@GAM@VDK@@
056GNDMNT,003PHENEX,001,FunnelSelfDefense,EXVS2,FunnelDefenceFormation,0x1414A8240,1489,0x210,12,0;2;12;28;43;78;79;81;84;90;91;93,0x14092A540,0x140E1BE10,0x140F89630,0x14094F080,0x1406A5980,0x1406A57D0,0x14094E0A0,0x140E1C160,0x140E1C0D0,0x140E28260,.?AVCUnitTaskAutomata_056GNDMNT_003PHENEX_001_FunnelSelfDefense@EXVS2@@|.?AVCUnitTaskAutomata_056GNDMNT_003PHENEX_001_FunnelCommonDefense@EXVS2@@|.?AVCUnitTaskAutomataFunnelDefenceFormation@GAM@VDK@@|.?AVCUnitTaskAutomataFunnelDefence@GAM@VDK@@|.?AVCUnitTaskAutomataFunnelFlyStick@GAM@VDK@@|.?AVCUnitTaskAutomataFunnelShiftPos@GAM@VDK@@|.?AVCUnitTaskAutomataFunnel@GAM@VDK@@|.?AVCUnitTaskAutomataRadiconParentActor@GAM@VDK@@
056GNDMNT,003PHENEX,001,PsychoField,EXVS2,ThrowBlade,0x1414A78B8,465,0x1D0,12,0;2;22;73;76;78;79;81;84;87;88;89,0x14092A100,0x140DDE490,0x1406A5B30,0x1406A5170,0x1406A5980,0x1406A57D0,0x14094E910,0x140E1AFB0,0x140E1AF60,0x140F41EF0,.?AVCUnitTaskAutomata_056GNDMNT_003PHENEX_001_PsychoField@EXVS2@@|.?AVCUnitTaskAutomataThrowBlade@GAM@VDK@@|.?AVCUnitTaskAutomataThrow@GAM@VDK@@|.?AVCUnitTaskAutomataRadiconParentActor@GAM@VDK@@|.?AVCUnitTaskAutomataRadicon@GAM@VDK@@|.?AVCUnitTaskAutomataAbstract@GAM@VDK@@|.?AVCUnitTaskActorProjectileAbstract@GAM@VDK@@|.?AVCUnitTaskActorAbstract@GAM@VDK@@
057BUILDD,001OODVAC,001,AssistGmbeamBeam,EXVS2,SummonRushShot,0x1414A8F20,465,0x2F0,19,0;2;12;18;21;30;42;46;69;72;73;78;79;80;81;84;87;88;90,0x14092A310,0x140F76670,0x140DE1770,0x1406A5170,0x1406A5980,0x1406A57D0,0x14094E6F0,0x140E1C890,0x140E1C830,0x140DE1820,.?AVCUnitTaskAutomata_057BUILDD_001OODVAC_001_AssistGmbeamBeam@EXVS2@@|.?AVCUnitTaskAutomataSummonRushShot@GAM@VDK@@|.?AVCUnitTaskAutomataSummonRush@GAM@VDK@@|.?AVCUnitTaskAutomataSummon@GAM@VDK@@|.?AVCUnitTaskAutomataRadiconParentActor@GAM@VDK@@|.?AVCUnitTaskAutomataRadicon@GAM@VDK@@|.?AVCUnitTaskAutomataAbstract@GAM@VDK@@|.?AVCUnitTaskActorProjectileAbstract@GAM@VDK@@
057BUILDD,001OODVAC,001,AssistGmbeamMissileShot,EXVS2,SummonRushShot,0x1414A9250,465,0x2F0,19,0;2;12;18;21;30;42;46;69;72;73;78;79;80;81;84;87;88;90,0x14092A310,0x140F76670,0x140DE1770,0x1406A5170,0x1406A5980,0x1406A57D0,0x14094E6F0,0x140E1C9E0,0x140E1C8C0,0x140DE1820,.?AVCUnitTaskAutomata_057BUILDD_001OODVAC_001_AssistGmbeamMissileShot@EXVS2@@|.?AVCUnitTaskAutomataSummonRushShot@GAM@VDK@@|.?AVCUnitTaskAutomataSummonRush@GAM@VDK@@|.?AVCUnitTaskAutomataSummon@GAM@VDK@@|.?AVCUnitTaskAutomataRadiconParentActor@GAM@VDK@@|.?AVCUnitTaskAutomataRadicon@GAM@VDK@@|.?AVCUnitTaskAutomataAbstract@GAM@VDK@@|.?AVCUnitTaskActorProjectileAbstract@GAM@VDK@@
057BUILDD,001OODVAC,001,AssistGmbeamThrust,EXVS2,SummonRushAttackNormal,0x1414A8BF0,465,0x330,18,0;2;18;21;30;42;46;72;73;78;79;80;81;84;87;88;89;90,0x14092A700,0x140F76670,0x1406A5B30,0x1406A5170,0x1406A5980,0x1406A57D0,0x14094E5F0,0x140E1C7D0,0x140E1C670,0x140DE1960,.?AVCUnitTaskAutomata_057BUILDD_001OODVAC_001_AssistGmbeamThrust@EXVS2@@|.?AVCUnitTaskAutomataSummonRushAttackNormal@GAM@VDK@@|.?AVCUnitTaskAutomataSummonRushAttack@GAM@VDK@@|.?AVCUnitTaskAutomataSummonRush@GAM@VDK@@|.?AVCUnitTaskAutomataSummon@GAM@VDK@@|.?AVCUnitTaskAutomataRadiconParentActor@GAM@VDK@@|.?AVCUnitTaskAutomataRadicon@GAM@VDK@@|.?AVCUnitTaskAutomataAbstract@GAM@VDK@@
057BUILDD,001OODVAC,001,ThrowSword,EXVS2,Throw,0x1414A9BE0,465,0x1C0,11,0;22;76;78;79;81;84;87;88;89;91,0x14092A3E0,0x1406A5BA0,0x1406A5B30,0x1406A5170,0x1406A5980,0x1406A57D0,0x14094E8C0,0x140E1CFD0,0x140F38FD0,0x140F39070,.?AVCUnitTaskAutomata_057BUILDD_001OODVAC_001_ThrowSword@EXVS2@@|.?AVCUnitTaskAutomata_000COMMON_000COMMON_001_ThrowSaber@EXVS2@@|.?AVCUnitTaskAutomataThrow@GAM@VDK@@|.?AVCUnitTaskAutomataRadiconParentActor@GAM@VDK@@|.?AVCUnitTaskAutomataRadicon@GAM@VDK@@|.?AVCUnitTaskAutomataAbstract@GAM@VDK@@|.?AVCUnitTaskActorProjectileAbstract@GAM@VDK@@|.?AVCUnitTaskActorAbstract@GAM@VDK@@
057BUILDD,001OODVAC,001,wiregun,EXVS2,AnchorReturn,0x1414A98B8,465,0x1F0,13,0;2;11;12;18;23;73;76;78;79;81;84;89,0x14092A700,0x140E1CDD0,0x140E1CCE0,0x1406A5170,0x1406A5980,0x1406A57D0,0x14094DCE0,0x140E1CF10,0x140E1CC60,0x140F40ED0,.?AVCUnitTaskAutomata_057BUILDD_001OODVAC_001_wiregun@EXVS2@@|.?AVCUnitTaskAutomataAnchorReturn@GAM@VDK@@|.?AVCUnitTaskAutomataAnchor@GAM@VDK@@|.?AVCUnitTaskAutomataRadiconParentActor@GAM@VDK@@|.?AVCUnitTaskAutomataRadicon@GAM@VDK@@|.?AVCUnitTaskAutomataAbstract@GAM@VDK@@|.?AVCUnitTaskActorProjectileAbstract@GAM@VDK@@|.?AVCUnitTaskActorAbstract@GAM@VDK@@
057BUILDD,002ZEROMR,001,AssistCapsuleNinjaArtsLancer,EXVS2,SummonRush,0x1414AB858,465,0x2C0,18,0;2;18;21;30;42;46;72;73;76;78;79;80;81;84;87;88;90,0x14092A700,0x140E203D0,0x1406A5B30,0x1406A5170,0x1406A5980,0x1406A57D0,0x14094E5B0,0x140E1DB70,0x140E1DB00,0x140F47E30,.?AVCUnitTaskAutomata_057BUILDD_002ZEROMR_001_AssistCapsuleNinjaArtsLancer@EXVS2@@|.?AVCUnitTaskAutomataSummonRush@GAM@VDK@@|.?AVCUnitTaskAutomataSummon@GAM@VDK@@|.?AVCUnitTaskAutomataRadiconParentActor@GAM@VDK@@|.?AVCUnitTaskAutomataRadicon@GAM@VDK@@|.?AVCUnitTaskAutomataAbstract@GAM@VDK@@|.?AVCUnitTaskActorProjectileAbstract@GAM@VDK@@|.?AVCUnitTaskActorAbstract@GAM@VDK@@
057BUILDD,002ZEROMR,001,AssistHattoriRush,EXVS2,SummonRushAttackNormal,0x1414AABB0,465,0x330,17,0;2;18;21;30;42;46;72;73;78;79;80;81;84;87;88;90,0x14092A700,0x140E1D600,0x1406A5B30,0x1406A5170,0x1406A5980,0x1406A57D0,0x14094E5F0,0x140E1F090,0x140E1D580,0x140E1F040,.?AVCUnitTaskAutomata_057BUILDD_002ZEROMR_001_AssistHattoriRush@EXVS2@@|.?AVCUnitTaskAutomataSummonRushAttackNormal@GAM@VDK@@|.?AVCUnitTaskAutomataSummonRushAttack@GAM@VDK@@|.?AVCUnitTaskAutomataSummonRush@GAM@VDK@@|.?AVCUnitTaskAutomataSummon@GAM@VDK@@|.?AVCUnitTaskAutomataRadiconParentActor@GAM@VDK@@|.?AVCUnitTaskAutomataRadicon@GAM@VDK@@|.?AVCUnitTaskAutomataAbstract@GAM@VDK@@
057BUILDD,002ZEROMR,001,AssistHattoriRushShot,EXVS2,SummonRushShot,0x1414AA880,465,0x2F0,19,0;2;12;18;21;30;42;46;69;72;73;78;79;80;81;84;87;88;90,0x14092A310,0x140E1D600,0x140DE1770,0x1406A5170,0x1406A5980,0x1406A57D0,0x14094E6F0,0x140E1EF30,0x140E1D4F0,0x140E1EEE0,.?AVCUnitTaskAutomata_057BUILDD_002ZEROMR_001_AssistHattoriRushShot@EXVS2@@|.?AVCUnitTaskAutomataSummonRushShot@GAM@VDK@@|.?AVCUnitTaskAutomataSummonRush@GAM@VDK@@|.?AVCUnitTaskAutomataSummon@GAM@VDK@@|.?AVCUnitTaskAutomataRadiconParentActor@GAM@VDK@@|.?AVCUnitTaskAutomataRadicon@GAM@VDK@@|.?AVCUnitTaskAutomataAbstract@GAM@VDK@@|.?AVCUnitTaskActorProjectileAbstract@GAM@VDK@@
057BUILDD,002ZEROMR,001,AyameSlashBunshinHissatu,EXVS2,StickerLaunchBone,0x1414AC1E8,465,0x1C0,12,0;2;12;18;78;79;81;83;84;88;89;91,0x14092A100,0x140E1E140,0x140E1E070,0x1406A5170,0x1406A5980,0x1406A57D0,0x14094E4D0,0x140E1E1C0,0x140E1DF20,0x140F62E20,.?AVCUnitTaskAutomata_057BUILDD_002ZEROMR_001_AyameSlashBunshinHissatu@EXVS2@@|.?AVCUnitTaskAutomataStickerLaunchBone@GAM@VDK@@|.?AVCUnitTaskAutomataSticker@GAM@VDK@@|.?AVCUnitTaskAutomataRadiconParentActor@GAM@VDK@@|.?AVCUnitTaskAutomataRadicon@GAM@VDK@@|.?AVCUnitTaskAutomataAbstract@GAM@VDK@@|.?AVCUnitTaskActorProjectileAbstract@GAM@VDK@@|.?AVCUnitTaskActorAbstract@GAM@VDK@@
057BUILDD,002ZEROMR,001,AyameSlashEffectStick,EXVS2,Sticker,0x1414ABEB0,465,0x1C0,7,0;2;78;79;81;84;91,0x14092A700,0x140DDD100,0x1406A5B30,0x1406A5170,0x1406A5980,0x1406A57D0,0x14094E4D0,0x140E1F7B0,0x140E1DEC0,0x140E202A0,.?AVCUnitTaskAutomata_057BUILDD_002ZEROMR_001_AyameSlashEffectStick@EXVS2@@|.?AVCUnitTaskAutomataSticker@GAM@VDK@@|.?AVCUnitTaskAutomataRadiconParentActor@GAM@VDK@@|.?AVCUnitTaskAutomataRadicon@GAM@VDK@@|.?AVCUnitTaskAutomataAbstract@GAM@VDK@@|.?AVCUnitTaskActorProjectileAbstract@GAM@VDK@@|.?AVCUnitTaskActorAbstract@GAM@VDK@@|.?AVCUnitTaskBattleAbstract@GAM@VDK@@
057BUILDD,002ZEROMR,001,AyameSlashZeroTypeBunshinHissatu,EXVS2,StickerLaunchBone,0x1414AC520,465,0x1C0,12,0;2;12;18;78;79;81;83;84;88;89;91,0x14092A100,0x140E1E580,0x140E1E2D0,0x1406A5170,0x1406A5980,0x1406A57D0,0x14094E4D0,0x140E1E1C0,0x140E1E200,0x140F62E20,.?AVCUnitTaskAutomata_057BUILDD_002ZEROMR_001_AyameSlashZeroTypeBunshinHissatu@EXVS2@@|.?AVCUnitTaskAutomataStickerLaunchBone@GAM@VDK@@|.?AVCUnitTaskAutomataSticker@GAM@VDK@@|.?AVCUnitTaskAutomataRadiconParentActor@GAM@VDK@@|.?AVCUnitTaskAutomataRadicon@GAM@VDK@@|.?AVCUnitTaskAutomataAbstract@GAM@VDK@@|.?AVCUnitTaskActorProjectileAbstract@GAM@VDK@@|.?AVCUnitTaskActorAbstract@GAM@VDK@@
057BUILDD,002ZEROMR,001,AyameSlashZeroTypeBunshinHissatuEntry,EXVS2,StickerLaunchBone,0x1414AC858,465,0x1C0,12,0;2;12;18;78;79;81;83;84;88;89;91,0x14092A100,0x140E1E580,0x140E1E4C0,0x1406A5170,0x1406A5980,0x1406A57D0,0x14094E4D0,0x140E1E1C0,0x140E1E3D0,0x140F62E20,.?AVCUnitTaskAutomata_057BUILDD_002ZEROMR_001_AyameSlashZeroTypeBunshinHissatuEntry@EXVS2@@|.?AVCUnitTaskAutomataStickerLaunchBone@GAM@VDK@@|.?AVCUnitTaskAutomataSticker@GAM@VDK@@|.?AVCUnitTaskAutomataRadiconParentActor@GAM@VDK@@|.?AVCUnitTaskAutomataRadicon@GAM@VDK@@|.?AVCUnitTaskAutomataAbstract@GAM@VDK@@|.?AVCUnitTaskActorProjectileAbstract@GAM@VDK@@|.?AVCUnitTaskActorAbstract@GAM@VDK@@
057BUILDD,002ZEROMR,001,BoomerangFrameFumaShuriken,EXVS2,Boomerang,0x1414ABB88,465,0x1C0,13,0;2;12;21;73;78;79;81;84;87;88;89;91,0x14092A100,0x140E1F450,0x140DDD470,0x1406A5170,0x1406A5980,0x1406A57D0,0x14094DF10,0x140E1DE50,0x140E1DBB0,0x140DDCAC0,.?AVCUnitTaskAutomata_057BUILDD_002ZEROMR_001_BoomerangFrameFumaShuriken@EXVS2@@|.?AVCUnitTaskAutomataBoomerang@GAM@VDK@@|.?AVCUnitTaskAutomataRadiconParentActor@GAM@VDK@@|.?AVCUnitTaskAutomataRadicon@GAM@VDK@@|.?AVCUnitTaskAutomataAbstract@GAM@VDK@@|.?AVCUnitTaskActorProjectileAbstract@GAM@VDK@@|.?AVCUnitTaskActorAbstract@GAM@VDK@@|.?AVCUnitTaskBattleAbstract@GAM@VDK@@
057BUILDD,002ZEROMR,001,BoomerangShieldShuriken,EXVS2,Boomerang,0x1414A9F08,465,0x1C0,12,0;2;12;21;73;78;79;81;84;87;88;91,0x14092A700,0x140E1F450,0x140DDD470,0x1406A5170,0x1406A5980,0x1406A57D0,0x14094DF10,0x140E1D0A0,0x140E1D040,0x140DDCAC0,.?AVCUnitTaskAutomata_057BUILDD_002ZEROMR_001_BoomerangShieldShuriken@EXVS2@@|.?AVCUnitTaskAutomataBoomerang@GAM@VDK@@|.?AVCUnitTaskAutomataRadiconParentActor@GAM@VDK@@|.?AVCUnitTaskAutomataRadicon@GAM@VDK@@|.?AVCUnitTaskAutomataAbstract@GAM@VDK@@|.?AVCUnitTaskActorProjectileAbstract@GAM@VDK@@|.?AVCUnitTaskActorAbstract@GAM@VDK@@|.?AVCUnitTaskBattleAbstract@GAM@VDK@@
057BUILDD,002ZEROMR,001,BunshinMuffler,EXVS2,AttachToRadicon,0x1414ACEC8,465,0x1D0,8,0;2;12;78;79;81;84;88,0x140929E00,0x140E20240,0x140E20200,0x1406A5170,0x1406A5980,0x1406A57D0,0x14094DE40,0x140E1E8E0,0x140E1E7C0,0x140E202A0,.?AVCUnitTaskAutomata_057BUILDD_002ZEROMR_001_BunshinMuffler@EXVS2@@|.?AVCUnitTaskAutomataAttachToRadicon@GAM@VDK@@|.?AVCUnitTaskAutomataRadiconParentActor@GAM@VDK@@|.?AVCUnitTaskAutomataRadicon@GAM@VDK@@|.?AVCUnitTaskAutomataAbstract@GAM@VDK@@|.?AVCUnitTaskActorProjectileAbstract@GAM@VDK@@|.?AVCUnitTaskActorAbstract@GAM@VDK@@|.?AVCUnitTaskBattleAbstract@GAM@VDK@@
057BUILDD,002ZEROMR,001,FreeFallFireworksBall,EXVS2,FreeFall_Interaction,0x1414AB208,465,0x1C0,10,0;2;22;49;78;79;81;84;87;89,0x14092A3E0,0x140F75740,0x1406A5B30,0x1406A5170,0x1406A5980,0x1406A57D0,0x14094DF60,0x140E1D9C0,0x140E1D880,0x140DDCDC0,.?AVCUnitTaskAutomata_057BUILDD_002ZEROMR_001_FreeFallFireworksBall@EXVS2@@|.?AVCUnitTaskAutomataFreeFall_Interaction@GAM@VDK@@|.?AVCUnitTaskAutomataRadiconParentActor@GAM@VDK@@|.?AVCUnitTaskAutomataRadicon@GAM@VDK@@|.?AVCUnitTaskAutomataAbstract@GAM@VDK@@|.?AVCUnitTaskActorProjectileAbstract@GAM@VDK@@|.?AVCUnitTaskActorAbstract@GAM@VDK@@|.?AVCUnitTaskBattleAbstract@GAM@VDK@@
057BUILDD,002ZEROMR,001,MufflerSticker,EXVS2,Sticker,0x1414ACB90,465,0x1C0,9,0;2;12;78;79;81;84;88;91,0x14092A700,0x140E20080,0x140E20050,0x1406A5170,0x1406A5980,0x1406A57D0,0x14094E4D0,0x140E1E780,0x140E1E6A0,0x140E28260,.?AVCUnitTaskAutomata_057BUILDD_002ZEROMR_001_MufflerSticker@EXVS2@@|.?AVCUnitTaskAutomataSticker@GAM@VDK@@|.?AVCUnitTaskAutomataRadiconParentActor@GAM@VDK@@|.?AVCUnitTaskAutomataRadicon@GAM@VDK@@|.?AVCUnitTaskAutomataAbstract@GAM@VDK@@|.?AVCUnitTaskActorProjectileAbstract@GAM@VDK@@|.?AVCUnitTaskActorAbstract@GAM@VDK@@|.?AVCUnitTaskBattleAbstract@GAM@VDK@@
057BUILDD,002ZEROMR,001,SpThrowShieldShuriken,EXVS2,Throw,0x1414AA558,465,0x1C0,12,0;2;21;22;73;76;78;79;81;84;87;88,0x14092A3E0,0x140E1F450,0x1406A5B30,0x1406A5170,0x1406A5980,0x1406A57D0,0x14094E8C0,0x140E1D480,0x140E1D350,0x140E1D3A0,.?AVCUnitTaskAutomata_057BUILDD_002ZEROMR_001_SpThrowShieldShuriken@EXVS2@@|.?AVCUnitTaskAutomataThrow@GAM@VDK@@|.?AVCUnitTaskAutomataRadiconParentActor@GAM@VDK@@|.?AVCUnitTaskAutomataRadicon@GAM@VDK@@|.?AVCUnitTaskAutomataAbstract@GAM@VDK@@|.?AVCUnitTaskActorProjectileAbstract@GAM@VDK@@|.?AVCUnitTaskActorAbstract@GAM@VDK@@|.?AVCUnitTaskBattleAbstract@GAM@VDK@@
057BUILDD,002ZEROMR,001,ThrowCapsuleNinjaArtsLancer,EXVS2,ThrowMortar,0x1414AB530,465,0x1C0,10,0;22;76;78;79;81;82;84;87;88,0x14092A3E0,0x1406A5BA0,0x1406A5B30,0x1406A5170,0x1406A5980,0x1406A57D0,0x14094E8C0,0x140E1DA90,0x140E1DA30,0x140DDCAC0,.?AVCUnitTaskAutomata_057BUILDD_002ZEROMR_001_ThrowCapsuleNinjaArtsLancer@EXVS2@@|.?AVCUnitTaskAutomataThrowMortar@GAM@VDK@@|.?AVCUnitTaskAutomataThrow@GAM@VDK@@|.?AVCUnitTaskAutomataRadiconParentActor@GAM@VDK@@|.?AVCUnitTaskAutomataRadicon@GAM@VDK@@|.?AVCUnitTaskAutomataAbstract@GAM@VDK@@|.?AVCUnitTaskActorProjectileAbstract@GAM@VDK@@|.?AVCUnitTaskActorAbstract@GAM@VDK@@
057BUILDD,002ZEROMR,001,ThrowHattori,EXVS2,Throw,0x1414AAEE0,465,0x1C0,12,0;2;21;22;76;78;79;81;84;87;88;90,0x14092A3E0,0x140E1F450,0x1406A5B30,0x1406A5170,0x1406A5980,0x1406A57D0,0x14094E8C0,0x140E1D7E0,0x140E1D6B0,0x140E1D790,.?AVCUnitTaskAutomata_057BUILDD_002ZEROMR_001_ThrowHattori@EXVS2@@|.?AVCUnitTaskAutomataThrow@GAM@VDK@@|.?AVCUnitTaskAutomataRadiconParentActor@GAM@VDK@@|.?AVCUnitTaskAutomataRadicon@GAM@VDK@@|.?AVCUnitTaskAutomataAbstract@GAM@VDK@@|.?AVCUnitTaskActorProjectileAbstract@GAM@VDK@@|.?AVCUnitTaskActorAbstract@GAM@VDK@@|.?AVCUnitTaskBattleAbstract@GAM@VDK@@
057BUILDD,002ZEROMR,001,ThrowShieldShuriken,EXVS2,Throw,0x1414AA230,465,0x1C0,12,0;2;21;22;73;76;78;79;81;84;87;88,0x14092A3E0,0x140E1ECC0,0x1406A5B30,0x1406A5170,0x1406A5980,0x1406A57D0,0x14094E8C0,0x140E1D270,0x140E1D1E0,0x140E1D3A0,.?AVCUnitTaskAutomata_057BUILDD_002ZEROMR_001_ThrowShieldShuriken@EXVS2@@|.?AVCUnitTaskAutomataThrow@GAM@VDK@@|.?AVCUnitTaskAutomataRadiconParentActor@GAM@VDK@@|.?AVCUnitTaskAutomataRadicon@GAM@VDK@@|.?AVCUnitTaskAutomataAbstract@GAM@VDK@@|.?AVCUnitTaskActorProjectileAbstract@GAM@VDK@@|.?AVCUnitTaskActorAbstract@GAM@VDK@@|.?AVCUnitTaskBattleAbstract@GAM@VDK@@
057BUILDD,002ZEROMR,002,AssistCapsuleNinjaArtsLancer,EXVS2,SummonRush,0x1414AFE80,465,0x2C0,18,0;2;18;21;30;42;46;72;73;76;78;79;80;81;84;87;88;90,0x14092A700,0x140E203D0,0x1406A5B30,0x1406A5170,0x1406A5980,0x1406A57D0,0x14094E5B0,0x140E20430,0x140E20360,0x140F47E30,.?AVCUnitTaskAutomata_057BUILDD_002ZEROMR_002_AssistCapsuleNinjaArtsLancer@EXVS2@@|.?AVCUnitTaskAutomataSummonRush@GAM@VDK@@|.?AVCUnitTaskAutomataSummon@GAM@VDK@@|.?AVCUnitTaskAutomataRadiconParentActor@GAM@VDK@@|.?AVCUnitTaskAutomataRadicon@GAM@VDK@@|.?AVCUnitTaskAutomataAbstract@GAM@VDK@@|.?AVCUnitTaskActorProjectileAbstract@GAM@VDK@@|.?AVCUnitTaskActorAbstract@GAM@VDK@@
057BUILDD,002ZEROMR,002,AssistHattoriRush,EXVS2,SummonRushAttackNormal,0x1414ADE98,465,0x330,17,0;2;18;21;30;42;46;72;73;78;79;80;81;84;87;88;90,0x14092A700,0x140E1D600,0x1406A5B30,0x1406A5170,0x1406A5980,0x1406A57D0,0x14094E5F0,0x140E1F090,0x140E1EFC0,0x140E1F040,.?AVCUnitTaskAutomata_057BUILDD_002ZEROMR_002_AssistHattoriRush@EXVS2@@|.?AVCUnitTaskAutomataSummonRushAttackNormal@GAM@VDK@@|.?AVCUnitTaskAutomataSummonRushAttack@GAM@VDK@@|.?AVCUnitTaskAutomataSummonRush@GAM@VDK@@|.?AVCUnitTaskAutomataSummon@GAM@VDK@@|.?AVCUnitTaskAutomataRadiconParentActor@GAM@VDK@@|.?AVCUnitTaskAutomataRadicon@GAM@VDK@@|.?AVCUnitTaskAutomataAbstract@GAM@VDK@@
057BUILDD,002ZEROMR,002,AssistHattoriRushShot,EXVS2,SummonRushShot,0x1414ADB68,465,0x2F0,19,0;2;12;18;21;30;42;46;69;72;73;78;79;80;81;84;87;88;90,0x14092A310,0x140E1D600,0x140DE1770,0x1406A5170,0x1406A5980,0x1406A57D0,0x14094E6F0,0x140E1EF30,0x140E1EE80,0x140E1EEE0,.?AVCUnitTaskAutomata_057BUILDD_002ZEROMR_002_AssistHattoriRushShot@EXVS2@@|.?AVCUnitTaskAutomataSummonRushShot@GAM@VDK@@|.?AVCUnitTaskAutomataSummonRush@GAM@VDK@@|.?AVCUnitTaskAutomataSummon@GAM@VDK@@|.?AVCUnitTaskAutomataRadiconParentActor@GAM@VDK@@|.?AVCUnitTaskAutomataRadicon@GAM@VDK@@|.?AVCUnitTaskAutomataAbstract@GAM@VDK@@|.?AVCUnitTaskActorProjectileAbstract@GAM@VDK@@
057BUILDD,002ZEROMR,002,AyameSlashBunshinHissatu,EXVS2,StickerLaunchBone,0x1414AEE78,465,0x1C0,12,0;2;12;18;78;79;81;83;84;88;89;91,0x14092A100,0x140E1F9D0,0x140E1F900,0x1406A5170,0x1406A5980,0x1406A57D0,0x14094E4D0,0x140E1E1C0,0x140E1F7F0,0x140F62E20,.?AVCUnitTaskAutomata_057BUILDD_002ZEROMR_002_AyameSlashBunshinHissatu@EXVS2@@|.?AVCUnitTaskAutomataStickerLaunchBone@GAM@VDK@@|.?AVCUnitTaskAutomataSticker@GAM@VDK@@|.?AVCUnitTaskAutomataRadiconParentActor@GAM@VDK@@|.?AVCUnitTaskAutomataRadicon@GAM@VDK@@|.?AVCUnitTaskAutomataAbstract@GAM@VDK@@|.?AVCUnitTaskActorProjectileAbstract@GAM@VDK@@|.?AVCUnitTaskActorAbstract@GAM@VDK@@
057BUILDD,002ZEROMR,002,AyameSlashEffectStick,EXVS2,Sticker,0x1414AEB40,465,0x1C0,7,0;2;78;79;81;84;91,0x14092A700,0x140DDD100,0x1406A5B30,0x1406A5170,0x1406A5980,0x1406A57D0,0x14094E4D0,0x140E1F7B0,0x140E1F740,0x140E202A0,.?AVCUnitTaskAutomata_057BUILDD_002ZEROMR_002_AyameSlashEffectStick@EXVS2@@|.?AVCUnitTaskAutomataSticker@GAM@VDK@@|.?AVCUnitTaskAutomataRadiconParentActor@GAM@VDK@@|.?AVCUnitTaskAutomataRadicon@GAM@VDK@@|.?AVCUnitTaskAutomataAbstract@GAM@VDK@@|.?AVCUnitTaskActorProjectileAbstract@GAM@VDK@@|.?AVCUnitTaskActorAbstract@GAM@VDK@@|.?AVCUnitTaskBattleAbstract@GAM@VDK@@
057BUILDD,002ZEROMR,002,AyameSlashZeroTypeBunshinHissatu,EXVS2,StickerLaunchBone,0x1414AF1B0,465,0x1C0,12,0;2;12;18;78;79;81;83;84;88;89;91,0x14092A100,0x140E1FC60,0x140E1FB60,0x1406A5170,0x1406A5980,0x1406A57D0,0x14094E4D0,0x140E1E1C0,0x140E1FA50,0x140F62E20,.?AVCUnitTaskAutomata_057BUILDD_002ZEROMR_002_AyameSlashZeroTypeBunshinHissatu@EXVS2@@|.?AVCUnitTaskAutomataStickerLaunchBone@GAM@VDK@@|.?AVCUnitTaskAutomataSticker@GAM@VDK@@|.?AVCUnitTaskAutomataRadiconParentActor@GAM@VDK@@|.?AVCUnitTaskAutomataRadicon@GAM@VDK@@|.?AVCUnitTaskAutomataAbstract@GAM@VDK@@|.?AVCUnitTaskActorProjectileAbstract@GAM@VDK@@|.?AVCUnitTaskActorAbstract@GAM@VDK@@
057BUILDD,002ZEROMR,002,AyameSlashZeroTypeBunshinHissatuEntry,EXVS2,StickerLaunchBone,0x1414AF4E8,465,0x1C0,12,0;2;12;18;78;79;81;83;84;88;89;91,0x14092A100,0x140E1FC60,0x140E1FDD0,0x1406A5170,0x1406A5980,0x1406A57D0,0x14094E4D0,0x140E1E1C0,0x140E1FCE0,0x140F62E20,.?AVCUnitTaskAutomata_057BUILDD_002ZEROMR_002_AyameSlashZeroTypeBunshinHissatuEntry@EXVS2@@|.?AVCUnitTaskAutomataStickerLaunchBone@GAM@VDK@@|.?AVCUnitTaskAutomataSticker@GAM@VDK@@|.?AVCUnitTaskAutomataRadiconParentActor@GAM@VDK@@|.?AVCUnitTaskAutomataRadicon@GAM@VDK@@|.?AVCUnitTaskAutomataAbstract@GAM@VDK@@|.?AVCUnitTaskActorProjectileAbstract@GAM@VDK@@|.?AVCUnitTaskActorAbstract@GAM@VDK@@
057BUILDD,002ZEROMR,002,BoomerangFrameFumaShuriken,EXVS2,Boomerang,0x1414AE818,465,0x1C0,13,0;2;12;21;73;78;79;81;84;87;88;89;91,0x14092A100,0x140E1F450,0x140DDD470,0x1406A5170,0x1406A5980,0x1406A57D0,0x14094DF10,0x140E1DE50,0x140E1F3B0,0x140DDCAC0,.?AVCUnitTaskAutomata_057BUILDD_002ZEROMR_002_BoomerangFrameFumaShuriken@EXVS2@@|.?AVCUnitTaskAutomataBoomerang@GAM@VDK@@|.?AVCUnitTaskAutomataRadiconParentActor@GAM@VDK@@|.?AVCUnitTaskAutomataRadicon@GAM@VDK@@|.?AVCUnitTaskAutomataAbstract@GAM@VDK@@|.?AVCUnitTaskActorProjectileAbstract@GAM@VDK@@|.?AVCUnitTaskActorAbstract@GAM@VDK@@|.?AVCUnitTaskBattleAbstract@GAM@VDK@@
057BUILDD,002ZEROMR,002,BoomerangShieldShuriken,EXVS2,Boomerang,0x1414AD1F0,465,0x1C0,12,0;2;12;21;73;78;79;81;84;87;88;91,0x14092A700,0x140E1F450,0x140DDD470,0x1406A5170,0x1406A5980,0x1406A57D0,0x14094DF10,0x140E1EA00,0x140E1E970,0x140DDCAC0,.?AVCUnitTaskAutomata_057BUILDD_002ZEROMR_002_BoomerangShieldShuriken@EXVS2@@|.?AVCUnitTaskAutomataBoomerang@GAM@VDK@@|.?AVCUnitTaskAutomataRadiconParentActor@GAM@VDK@@|.?AVCUnitTaskAutomataRadicon@GAM@VDK@@|.?AVCUnitTaskAutomataAbstract@GAM@VDK@@|.?AVCUnitTaskActorProjectileAbstract@GAM@VDK@@|.?AVCUnitTaskActorAbstract@GAM@VDK@@|.?AVCUnitTaskBattleAbstract@GAM@VDK@@
057BUILDD,002ZEROMR,002,BunshinMuffler,EXVS2,AttachToRadicon,0x1414AFB58,465,0x1D0,8,0;2;12;78;79;81;84;88,0x140929E00,0x140E20240,0x140E20200,0x1406A5170,0x1406A5980,0x1406A57D0,0x14094DE40,0x140E202D0,0x140E200E0,0x140E202A0,.?AVCUnitTaskAutomata_057BUILDD_002ZEROMR_002_BunshinMuffler@EXVS2@@|.?AVCUnitTaskAutomataAttachToRadicon@GAM@VDK@@|.?AVCUnitTaskAutomataRadiconParentActor@GAM@VDK@@|.?AVCUnitTaskAutomataRadicon@GAM@VDK@@|.?AVCUnitTaskAutomataAbstract@GAM@VDK@@|.?AVCUnitTaskActorProjectileAbstract@GAM@VDK@@|.?AVCUnitTaskActorAbstract@GAM@VDK@@|.?AVCUnitTaskBattleAbstract@GAM@VDK@@
057BUILDD,002ZEROMR,002,FreeFallFireworksBall,EXVS2,FreeFall_Interaction,0x1414AE4F0,465,0x1C0,10,0;2;22;49;78;79;81;84;87;89,0x14092A3E0,0x140F75740,0x1406A5B30,0x1406A5170,0x1406A5980,0x1406A57D0,0x14094DF60,0x140E1D9C0,0x140E1F270,0x140DDCDC0,.?AVCUnitTaskAutomata_057BUILDD_002ZEROMR_002_FreeFallFireworksBall@EXVS2@@|.?AVCUnitTaskAutomataFreeFall_Interaction@GAM@VDK@@|.?AVCUnitTaskAutomataRadiconParentActor@GAM@VDK@@|.?AVCUnitTaskAutomataRadicon@GAM@VDK@@|.?AVCUnitTaskAutomataAbstract@GAM@VDK@@|.?AVCUnitTaskActorProjectileAbstract@GAM@VDK@@|.?AVCUnitTaskActorAbstract@GAM@VDK@@|.?AVCUnitTaskBattleAbstract@GAM@VDK@@
057BUILDD,002ZEROMR,002,MufflerSticker,EXVS2,Sticker,0x1414AF820,465,0x1C0,9,0;2;12;78;79;81;84;88;91,0x14092A700,0x140E20080,0x140E20050,0x1406A5170,0x1406A5980,0x1406A57D0,0x14094E4D0,0x140E1E780,0x140E1FF70,0x140E28260,.?AVCUnitTaskAutomata_057BUILDD_002ZEROMR_002_MufflerSticker@EXVS2@@|.?AVCUnitTaskAutomataSticker@GAM@VDK@@|.?AVCUnitTaskAutomataRadiconParentActor@GAM@VDK@@|.?AVCUnitTaskAutomataRadicon@GAM@VDK@@|.?AVCUnitTaskAutomataAbstract@GAM@VDK@@|.?AVCUnitTaskActorProjectileAbstract@GAM@VDK@@|.?AVCUnitTaskActorAbstract@GAM@VDK@@|.?AVCUnitTaskBattleAbstract@GAM@VDK@@
057BUILDD,002ZEROMR,002,SpThrowShieldShuriken,EXVS2,Throw,0x1414AD840,465,0x1C0,12,0;2;21;22;73;76;78;79;81;84;87;88,0x14092A3E0,0x140E1F450,0x1406A5B30,0x1406A5170,0x1406A5980,0x1406A57D0,0x14094E8C0,0x140E1D480,0x140E1EDB0,0x140E1D3A0,.?AVCUnitTaskAutomata_057BUILDD_002ZEROMR_002_SpThrowShieldShuriken@EXVS2@@|.?AVCUnitTaskAutomataThrow@GAM@VDK@@|.?AVCUnitTaskAutomataRadiconParentActor@GAM@VDK@@|.?AVCUnitTaskAutomataRadicon@GAM@VDK@@|.?AVCUnitTaskAutomataAbstract@GAM@VDK@@|.?AVCUnitTaskActorProjectileAbstract@GAM@VDK@@|.?AVCUnitTaskActorAbstract@GAM@VDK@@|.?AVCUnitTaskBattleAbstract@GAM@VDK@@
057BUILDD,002ZEROMR,002,ThrowHattori,EXVS2,Throw,0x1414AE1C8,465,0x1C0,12,0;2;21;22;76;78;79;81;84;87;88;90,0x14092A3E0,0x140E1F450,0x1406A5B30,0x1406A5170,0x1406A5980,0x1406A57D0,0x14094E8C0,0x140E1D7E0,0x140E1F220,0x140E1D790,.?AVCUnitTaskAutomata_057BUILDD_002ZEROMR_002_ThrowHattori@EXVS2@@|.?AVCUnitTaskAutomataThrow@GAM@VDK@@|.?AVCUnitTaskAutomataRadiconParentActor@GAM@VDK@@|.?AVCUnitTaskAutomataRadicon@GAM@VDK@@|.?AVCUnitTaskAutomataAbstract@GAM@VDK@@|.?AVCUnitTaskActorProjectileAbstract@GAM@VDK@@|.?AVCUnitTaskActorAbstract@GAM@VDK@@|.?AVCUnitTaskBattleAbstract@GAM@VDK@@
057BUILDD,002ZEROMR,002,ThrowShieldShuriken,EXVS2,Throw,0x1414AD518,465,0x1C0,12,0;2;21;22;73;76;78;79;81;84;87;88,0x14092A3E0,0x140E1ECC0,0x1406A5B30,0x1406A5170,0x1406A5980,0x1406A57D0,0x14094E8C0,0x140E1D270,0x140E1EB40,0x140E1D3A0,.?AVCUnitTaskAutomata_057BUILDD_002ZEROMR_002_ThrowShieldShuriken@EXVS2@@|.?AVCUnitTaskAutomataThrow@GAM@VDK@@|.?AVCUnitTaskAutomataRadiconParentActor@GAM@VDK@@|.?AVCUnitTaskAutomataRadicon@GAM@VDK@@|.?AVCUnitTaskAutomataAbstract@GAM@VDK@@|.?AVCUnitTaskActorProjectileAbstract@GAM@VDK@@|.?AVCUnitTaskActorAbstract@GAM@VDK@@|.?AVCUnitTaskBattleAbstract@GAM@VDK@@
057BUILDD,003OOSKY,001,HwsWepPorori,EXVS2,FreeFall,0x1414B0B28,465,0x1C0,10,0;2;22;25;49;78;79;81;84;89,0x14092A3E0,0x140F76310,0x1406A5B30,0x1406A5170,0x1406A5980,0x1406A57D0,0x14094DF60,0x140E20BC0,0x140DDC810,0x140DDC890,.?AVCUnitTaskAutomata_057BUILDD_003OOSKY_001_HwsWepPorori@EXVS2@@|.?AVCUnitTaskAutomataFreeFall@GAM@VDK@@|.?AVCUnitTaskAutomataRadiconParentActor@GAM@VDK@@|.?AVCUnitTaskAutomataRadicon@GAM@VDK@@|.?AVCUnitTaskAutomataAbstract@GAM@VDK@@|.?AVCUnitTaskActorProjectileAbstract@GAM@VDK@@|.?AVCUnitTaskActorAbstract@GAM@VDK@@|.?AVCUnitTaskBattleAbstract@GAM@VDK@@
057BUILDD,003OOSKY,001,KapoolPorori,EXVS2,FreeFall,0x1414B04D8,465,0x1C0,11,0;2;22;25;49;78;79;81;84;88;89,0x14092A3E0,0x140F76310,0x1406A5B30,0x1406A5170,0x1406A5980,0x1406A57D0,0x14094DF60,0x140E20A90,0x140DDC810,0x140E20A60,.?AVCUnitTaskAutomata_057BUILDD_003OOSKY_001_KapoolPorori@EXVS2@@|.?AVCUnitTaskAutomataFreeFall@GAM@VDK@@|.?AVCUnitTaskAutomataRadiconParentActor@GAM@VDK@@|.?AVCUnitTaskAutomataRadicon@GAM@VDK@@|.?AVCUnitTaskAutomataAbstract@GAM@VDK@@|.?AVCUnitTaskActorProjectileAbstract@GAM@VDK@@|.?AVCUnitTaskActorAbstract@GAM@VDK@@|.?AVCUnitTaskBattleAbstract@GAM@VDK@@
057BUILDD,003OOSKY,001,LancerMissile,EXVS2,Throw,0x1414B0800,465,0x1C0,13,0;12;22;73;76;78;79;81;84;87;88;89;91,0x14092A3E0,0x1406A5BA0,0x140E10B10,0x1406A5170,0x1406A5980,0x1406A57D0,0x14094E8C0,0x140E10B50,0x140E20AB0,0x140F39070,.?AVCUnitTaskAutomata_057BUILDD_003OOSKY_001_LancerMissile@EXVS2@@|.?AVCUnitTaskAutomata_000COMMON_000COMMON_001_ThrowSaber@EXVS2@@|.?AVCUnitTaskAutomataThrow@GAM@VDK@@|.?AVCUnitTaskAutomataRadiconParentActor@GAM@VDK@@|.?AVCUnitTaskAutomataRadicon@GAM@VDK@@|.?AVCUnitTaskAutomataAbstract@GAM@VDK@@|.?AVCUnitTaskActorProjectileAbstract@GAM@VDK@@|.?AVCUnitTaskActorAbstract@GAM@VDK@@
057BUILDD,003OOSKY,001,ThrowClusterMissile,EXVS2,Throw,0x1414B0E50,465,0x1C0,10,0;22;76;78;79;81;84;87;88;91,0x14092A3E0,0x1406A5BA0,0x1406A5B30,0x1406A5170,0x1406A5980,0x1406A57D0,0x14094E8C0,0x140E20CA0,0x140E20C50,0x140DDCAC0,.?AVCUnitTaskAutomata_057BUILDD_003OOSKY_001_ThrowClusterMissile@EXVS2@@|.?AVCUnitTaskAutomataThrow@GAM@VDK@@|.?AVCUnitTaskAutomataRadiconParentActor@GAM@VDK@@|.?AVCUnitTaskAutomataRadicon@GAM@VDK@@|.?AVCUnitTaskAutomataAbstract@GAM@VDK@@|.?AVCUnitTaskActorProjectileAbstract@GAM@VDK@@|.?AVCUnitTaskActorAbstract@GAM@VDK@@|.?AVCUnitTaskBattleAbstract@GAM@VDK@@
057BUILDD,003OOSKY,001,ThrowKapool,EXVS2,Throw,0x1414B01B0,465,0x1C0,14,0;2;12;22;72;76;78;79;81;84;87;88;89;91,0x14092A3E0,0x140E205B0,0x140E10B10,0x1406A5170,0x1406A5980,0x1406A57D0,0x14094E8C0,0x140E20930,0x140E20470,0x140E208F0,.?AVCUnitTaskAutomata_057BUILDD_003OOSKY_001_ThrowKapool@EXVS2@@|.?AVCUnitTaskAutomata_000COMMON_000COMMON_001_ThrowSaber@EXVS2@@|.?AVCUnitTaskAutomataThrow@GAM@VDK@@|.?AVCUnitTaskAutomataRadiconParentActor@GAM@VDK@@|.?AVCUnitTaskAutomataRadicon@GAM@VDK@@|.?AVCUnitTaskAutomataAbstract@GAM@VDK@@|.?AVCUnitTaskActorProjectileAbstract@GAM@VDK@@|.?AVCUnitTaskActorAbstract@GAM@VDK@@
057BUILDO,001OODVAC,001,EffectStick,EXVS2,Sticker,0x1414A9580,465,0x1C0,8,0;2;78;79;81;84;89;91,0x14092A700,0x140DDD100,0x1406A5B30,0x1406A5170,0x1406A5980,0x1406A57D0,0x14094E4D0,0x140E1CC30,0x140DDCFB0,0x140F47080,.?AVCUnitTaskAutomata_057BUILDO_001OODVAC_001_EffectStick@EXVS2@@|.?AVCUnitTaskAutomataSticker@GAM@VDK@@|.?AVCUnitTaskAutomataRadiconParentActor@GAM@VDK@@|.?AVCUnitTaskAutomataRadicon@GAM@VDK@@|.?AVCUnitTaskAutomataAbstract@GAM@VDK@@|.?AVCUnitTaskActorProjectileAbstract@GAM@VDK@@|.?AVCUnitTaskActorAbstract@GAM@VDK@@|.?AVCUnitTaskBattleAbstract@GAM@VDK@@
058VLPRGS,001OVERON,001,Anchor,EXVS2,AnchorReturn,0x1414B2AF0,465,0x1F0,13,0;2;11;12;18;23;73;76;78;79;81;84;88,0x14092A700,0x140DE0460,0x140E21BA0,0x1406A5170,0x1406A5980,0x1406A57D0,0x14094DCE0,0x140E21BF0,0x140E219D0,0x140E21BB0,.?AVCUnitTaskAutomata_058VLPRGS_001OVERON_001_Anchor@EXVS2@@|.?AVCUnitTaskAutomataAnchorReturn@GAM@VDK@@|.?AVCUnitTaskAutomataAnchor@GAM@VDK@@|.?AVCUnitTaskAutomataRadiconParentActor@GAM@VDK@@|.?AVCUnitTaskAutomataRadicon@GAM@VDK@@|.?AVCUnitTaskAutomataAbstract@GAM@VDK@@|.?AVCUnitTaskActorProjectileAbstract@GAM@VDK@@|.?AVCUnitTaskActorAbstract@GAM@VDK@@
058VLPRGS,001OVERON,001,AssistMessalaGlashtinRush,EXVS2,SummonRush,0x1414B17E8,465,0x2C0,18,0;2;18;21;30;42;46;72;73;76;78;79;80;81;84;87;88;90,0x14092A100,0x140F76670,0x1406A5B30,0x1406A5170,0x1406A5980,0x1406A57D0,0x14094E5B0,0x140E212C0,0x140E20F80,0x140E21240,.?AVCUnitTaskAutomata_058VLPRGS_001OVERON_001_AssistMessalaGlashtinRush@EXVS2@@|.?AVCUnitTaskAutomataSummonRush@GAM@VDK@@|.?AVCUnitTaskAutomataSummon@GAM@VDK@@|.?AVCUnitTaskAutomataRadiconParentActor@GAM@VDK@@|.?AVCUnitTaskAutomataRadicon@GAM@VDK@@|.?AVCUnitTaskAutomataAbstract@GAM@VDK@@|.?AVCUnitTaskActorProjectileAbstract@GAM@VDK@@|.?AVCUnitTaskActorAbstract@GAM@VDK@@
058VLPRGS,001OVERON,001,AssistMessalaGlashtinShot,EXVS2,SummonRushShot,0x1414B1B18,465,0x2F0,19,0;2;12;18;21;30;42;46;69;72;73;78;79;80;81;84;87;88;90,0x14092A310,0x140F76670,0x140DE1770,0x1406A5170,0x1406A5980,0x1406A57D0,0x14094E6F0,0x140E214D0,0x140E21360,0x140DE1820,.?AVCUnitTaskAutomata_058VLPRGS_001OVERON_001_AssistMessalaGlashtinShot@EXVS2@@|.?AVCUnitTaskAutomataSummonRushShot@GAM@VDK@@|.?AVCUnitTaskAutomataSummonRush@GAM@VDK@@|.?AVCUnitTaskAutomataSummon@GAM@VDK@@|.?AVCUnitTaskAutomataRadiconParentActor@GAM@VDK@@|.?AVCUnitTaskAutomataRadicon@GAM@VDK@@|.?AVCUnitTaskAutomataAbstract@GAM@VDK@@|.?AVCUnitTaskActorProjectileAbstract@GAM@VDK@@
058VLPRGS,001OVERON,001,Grips_Curse,EXVS2,Sticker,0x1414B14B0,465,0x1C0,7,0;2;78;79;81;84;91,0x14092A700,0x140DDD100,0x1406A5B30,0x1406A5170,0x1406A5980,0x1406A57D0,0x14094E4D0,0x140E20F40,0x140E20EC0,0x140E28260,.?AVCUnitTaskAutomata_058VLPRGS_001OVERON_001_Grips_Curse@EXVS2@@|.?AVCUnitTaskAutomataSticker@GAM@VDK@@|.?AVCUnitTaskAutomataRadiconParentActor@GAM@VDK@@|.?AVCUnitTaskAutomataRadicon@GAM@VDK@@|.?AVCUnitTaskAutomataAbstract@GAM@VDK@@|.?AVCUnitTaskActorProjectileAbstract@GAM@VDK@@|.?AVCUnitTaskActorAbstract@GAM@VDK@@|.?AVCUnitTaskBattleAbstract@GAM@VDK@@
058VLPRGS,001OVERON,001,Grips_Curse_Entry,EXVS2,Sticker,0x1414B1178,465,0x1C0,7,0;2;78;79;81;84;91,0x14092A700,0x140E20D40,0x1406A5B30,0x1406A5170,0x1406A5980,0x1406A57D0,0x14094E4D0,0x140E20E80,0x140E20CE0,0x140E28260,.?AVCUnitTaskAutomata_058VLPRGS_001OVERON_001_Grips_Curse_Entry@EXVS2@@|.?AVCUnitTaskAutomataSticker@GAM@VDK@@|.?AVCUnitTaskAutomataRadiconParentActor@GAM@VDK@@|.?AVCUnitTaskAutomataRadicon@GAM@VDK@@|.?AVCUnitTaskAutomataAbstract@GAM@VDK@@|.?AVCUnitTaskActorProjectileAbstract@GAM@VDK@@|.?AVCUnitTaskActorAbstract@GAM@VDK@@|.?AVCUnitTaskBattleAbstract@GAM@VDK@@
058VLPRGS,001OVERON,001,PsychoFlareLandingPredictionMarker,EXVS2,Throw,0x1414B24A0,465,0x1C0,11,0;2;22;76;78;79;81;84;87;88;91,0x14092A3E0,0x140F76310,0x1406A5B30,0x1406A5170,0x1406A5980,0x1406A57D0,0x14094E8C0,0x140E21970,0x140E21920,0x140F41EF0,.?AVCUnitTaskAutomata_058VLPRGS_001OVERON_001_PsychoFlareLandingPredictionMarker@EXVS2@@|.?AVCUnitTaskAutomataThrow@GAM@VDK@@|.?AVCUnitTaskAutomataRadiconParentActor@GAM@VDK@@|.?AVCUnitTaskAutomataRadicon@GAM@VDK@@|.?AVCUnitTaskAutomataAbstract@GAM@VDK@@|.?AVCUnitTaskActorProjectileAbstract@GAM@VDK@@|.?AVCUnitTaskActorAbstract@GAM@VDK@@|.?AVCUnitTaskBattleAbstract@GAM@VDK@@
058VLPRGS,001OVERON,001,PsychoFlareOrpheus,EXVS2,SummonRushShot,0x1414B2170,465,0x2F0,19,0;2;12;18;21;30;42;46;69;72;73;78;79;80;81;84;87;88;90,0x14092A310,0x140E3E980,0x140DE1770,0x1406A5170,0x1406A5980,0x1406A57D0,0x14094E6F0,0x140E3EA80,0x140E21860,0x140F41EF0,.?AVCUnitTaskAutomata_058VLPRGS_001OVERON_001_PsychoFlareOrpheus@EXVS2@@|.?AVCUnitTaskAutomataSummonRushShot@GAM@VDK@@|.?AVCUnitTaskAutomataSummonRush@GAM@VDK@@|.?AVCUnitTaskAutomataSummon@GAM@VDK@@|.?AVCUnitTaskAutomataRadiconParentActor@GAM@VDK@@|.?AVCUnitTaskAutomataRadicon@GAM@VDK@@|.?AVCUnitTaskAutomataAbstract@GAM@VDK@@|.?AVCUnitTaskActorProjectileAbstract@GAM@VDK@@
058VLPRGS,001OVERON,001,ReleaseMessalaGlashtin,EXVS2,Throw,0x1414B1E48,465,0x1C0,13,0;2;22;72;73;76;78;79;81;84;87;88;90,0x14092A3E0,0x140E21770,0x1406A5B30,0x1406A5170,0x1406A5980,0x1406A57D0,0x14094E8C0,0x140E21800,0x140E21590,0x140E217C0,.?AVCUnitTaskAutomata_058VLPRGS_001OVERON_001_ReleaseMessalaGlashtin@EXVS2@@|.?AVCUnitTaskAutomataThrow@GAM@VDK@@|.?AVCUnitTaskAutomataRadiconParentActor@GAM@VDK@@|.?AVCUnitTaskAutomataRadicon@GAM@VDK@@|.?AVCUnitTaskAutomataAbstract@GAM@VDK@@|.?AVCUnitTaskActorProjectileAbstract@GAM@VDK@@|.?AVCUnitTaskActorAbstract@GAM@VDK@@|.?AVCUnitTaskBattleAbstract@GAM@VDK@@
058VLPRGS,001OVERON,001,RifleThrowShot,EXVS2,Summon,0x1414B2E18,465,0x290,19,0;2;12;18;21;30;42;46;72;73;74;78;79;80;81;84;87;88;90,0x14092A100,0x140F76670,0x140E22090,0x1406A5170,0x1406A5980,0x1406A57D0,0x14094E520,0x140E221F0,0x140E21EB0,0x140E221B0,.?AVCUnitTaskAutomata_058VLPRGS_001OVERON_001_RifleThrowShot@EXVS2@@|.?AVCUnitTaskAutomataSummon@GAM@VDK@@|.?AVCUnitTaskAutomataRadiconParentActor@GAM@VDK@@|.?AVCUnitTaskAutomataRadicon@GAM@VDK@@|.?AVCUnitTaskAutomataAbstract@GAM@VDK@@|.?AVCUnitTaskActorProjectileAbstract@GAM@VDK@@|.?AVCUnitTaskActorAbstract@GAM@VDK@@|.?AVCUnitTaskBattleAbstract@GAM@VDK@@
058VLPRGS,001OVERON,001,ThrowShield,EXVS2,Throw,0x1414B27C8,465,0x1C0,11,0;22;76;78;79;81;84;87;88;89;91,0x14092A3E0,0x1406A5BA0,0x1406A5B30,0x1406A5170,0x1406A5980,0x1406A57D0,0x14094E8C0,0x140E219A0,0x140F38FD0,0x140F39070,.?AVCUnitTaskAutomata_058VLPRGS_001OVERON_001_ThrowShield@EXVS2@@|.?AVCUnitTaskAutomata_000COMMON_000COMMON_001_ThrowSaber@EXVS2@@|.?AVCUnitTaskAutomataThrow@GAM@VDK@@|.?AVCUnitTaskAutomataRadiconParentActor@GAM@VDK@@|.?AVCUnitTaskAutomataRadicon@GAM@VDK@@|.?AVCUnitTaskAutomataAbstract@GAM@VDK@@|.?AVCUnitTaskActorProjectileAbstract@GAM@VDK@@|.?AVCUnitTaskActorAbstract@GAM@VDK@@
059NEXTGN,001NEXTGE,001,BomberKnuckleDummyBullet,EXVS2,Throw,0x1414B4688,465,0x1C0,12,0;2;12;22;76;78;79;81;84;87;88;91,0x14092A580,0x140E23150,0x140E240E0,0x1406A5170,0x1406A5980,0x1406A57D0,0x14094E8C0,0x140E23330,0x140E23100,0x140E244D0,.?AVCUnitTaskAutomata_059NEXTGN_001NEXTGE_001_BomberKnuckleDummyBullet@EXVS2@@|.?AVCUnitTaskAutomataThrow@GAM@VDK@@|.?AVCUnitTaskAutomataRadiconParentActor@GAM@VDK@@|.?AVCUnitTaskAutomataRadicon@GAM@VDK@@|.?AVCUnitTaskAutomataAbstract@GAM@VDK@@|.?AVCUnitTaskActorProjectileAbstract@GAM@VDK@@|.?AVCUnitTaskActorAbstract@GAM@VDK@@|.?AVCUnitTaskBattleAbstract@GAM@VDK@@
059NEXTGN,001NEXTGE,001,BomberKnuckleEntry,EXVS2,SummonRush,0x1414B3380,465,0x2C0,17,0;2;18;21;30;42;46;72;73;78;79;80;81;84;87;88;90,0x14092A700,0x140DE1070,0x1406A5B30,0x1406A5170,0x1406A5980,0x1406A57D0,0x14094E5B0,0x140E22680,0x140E22620,0x140E28260,.?AVCUnitTaskAutomata_059NEXTGN_001NEXTGE_001_BomberKnuckleEntry@EXVS2@@|.?AVCUnitTaskAutomataSummonRush@GAM@VDK@@|.?AVCUnitTaskAutomataSummon@GAM@VDK@@|.?AVCUnitTaskAutomataRadiconParentActor@GAM@VDK@@|.?AVCUnitTaskAutomataRadicon@GAM@VDK@@|.?AVCUnitTaskAutomataAbstract@GAM@VDK@@|.?AVCUnitTaskActorProjectileAbstract@GAM@VDK@@|.?AVCUnitTaskActorAbstract@GAM@VDK@@
059NEXTGN,001NEXTGE,001,BomberKnuckleFrontExp,EXVS2,RadiconParentActor,0x1414B4360,465,0x1B0,6,0;2;58;79;81;84,0x14092A3E0,0x140F76310,0x1406A5B30,0x1406A5170,0x1406A5980,0x1406A57D0,0x1406A50D0,0x140E23070,0x140E22FF0,0x140E23050,.?AVCUnitTaskAutomata_059NEXTGN_001NEXTGE_001_BomberKnuckleFrontExp@EXVS2@@|.?AVCUnitTaskAutomataRadiconParentActor@GAM@VDK@@|.?AVCUnitTaskAutomataRadicon@GAM@VDK@@|.?AVCUnitTaskAutomataAbstract@GAM@VDK@@|.?AVCUnitTaskActorProjectileAbstract@GAM@VDK@@|.?AVCUnitTaskActorAbstract@GAM@VDK@@|.?AVCUnitTaskBattleAbstract@GAM@VDK@@|.?AVCUnitTaskAbstract@FWK@VDK@@
059NEXTGN,001NEXTGE,001,BomberKnucklePillar,EXVS2,Unknown,0x1414B3148,49,,78,0;2;3;8;9;11;12;15;16;17;18;19;20;21;22;23;24;28;29;31;32;37;39;40;41;42;44;45;47;48;49;50;51;53;54;55;56;58;59;60;61;62;63;64;65;66;67;68;69;70;71;72;73;74;75;76;77;78;79;80;81;82;83;84;86;87;88;89;90;91;92;93;94;95;96;97;98;99,0x14092A5D0,0x140E22610,0x140E22510,0x140BA2F50,0x14066E870,0x14066E860,0x1400394F0,0x14063C250,0x140033290,0x140033290,.?AVCUnitTaskAutomata_059NEXTGN_001NEXTGE_001_BomberKnucklePillar@EXVS2@@|.?AVCUnitTaskActorProjBulletStationaryPillar@GAM@VDK@@|.?AVCUnitTaskActorProjBulletStationaryCapsuleAbstract@GAM@VDK@@|.?AVCUnitTaskActorProjBulletStationaryAbstract@GAM@VDK@@|.?AVCUnitTaskActorProjBulletAbstract@GAM@VDK@@|.?AVCUnitTaskActorProjectileAbstract@GAM@VDK@@|.?AVCUnitTaskActorAbstract@GAM@VDK@@|.?AVCUnitTaskBattleAbstract@GAM@VDK@@
059NEXTGN,001NEXTGE,001,BomberKnucklePillarSE,EXVS2,RadiconParentActor,0x1414B49B0,465,0x1B0,5,0;2;79;81;84,0x14092A3E0,0x140F76310,0x1406A5B30,0x1406A5170,0x1406A5980,0x1406A57D0,0x1406A50D0,0x140E233F0,0x140E23370,0x140E233D0,.?AVCUnitTaskAutomata_059NEXTGN_001NEXTGE_001_BomberKnucklePillarSE@EXVS2@@|.?AVCUnitTaskAutomataRadiconParentActor@GAM@VDK@@|.?AVCUnitTaskAutomataRadicon@GAM@VDK@@|.?AVCUnitTaskAutomataAbstract@GAM@VDK@@|.?AVCUnitTaskActorProjectileAbstract@GAM@VDK@@|.?AVCUnitTaskActorAbstract@GAM@VDK@@|.?AVCUnitTaskBattleAbstract@GAM@VDK@@|.?AVCUnitTaskAbstract@FWK@VDK@@
059NEXTGN,001NEXTGE,001,BomberKnuckleStageBreak,EXVS2,Throw,0x1414B5000,465,0x1C0,13,0;2;19;22;76;78;79;81;84;87;88;89;91,0x14092A3E0,0x140F76310,0x1406A5B30,0x1406A5170,0x1406A5980,0x1406A57D0,0x14094E8C0,0x140E234A0,0x140F38FD0,0x140F39070,.?AVCUnitTaskAutomata_059NEXTGN_001NEXTGE_001_BomberKnuckleStageBreak@EXVS2@@|.?AVCUnitTaskAutomata_000COMMON_000COMMON_001_ThrowSaber@EXVS2@@|.?AVCUnitTaskAutomataThrow@GAM@VDK@@|.?AVCUnitTaskAutomataRadiconParentActor@GAM@VDK@@|.?AVCUnitTaskAutomataRadicon@GAM@VDK@@|.?AVCUnitTaskAutomataAbstract@GAM@VDK@@|.?AVCUnitTaskActorProjectileAbstract@GAM@VDK@@|.?AVCUnitTaskActorAbstract@GAM@VDK@@
059NEXTGN,001NEXTGE,001,FunnelDiffusionFly,EXVS2,FunnelFlySwordPenetrate,0x1414B39D8,977,0x220,15,0;2;12;28;43;52;69;76;78;79;81;84;87;88;91,0x14092A700,0x140E228F0,0x140E24650,0x14094F070,0x1406A5980,0x1406A57D0,0x14094E100,0x140E22A60,0x140E22820,0x140E22970,.?AVCUnitTaskAutomata_059NEXTGN_001NEXTGE_001_FunnelDiffusionFly@EXVS2@@|.?AVCUnitTaskAutomataFunnelFlySwordPenetrate@GAM@VDK@@|.?AVCUnitTaskAutomataFunnelFlySword@GAM@VDK@@|.?AVCUnitTaskAutomataFunnelMawarikomi@GAM@VDK@@|.?AVCUnitTaskAutomataFunnelFly@GAM@VDK@@|.?AVCUnitTaskAutomataFunnel@GAM@VDK@@|.?AVCUnitTaskAutomataRadiconParentActor@GAM@VDK@@|.?AVCUnitTaskAutomataRadicon@GAM@VDK@@
059NEXTGN,001NEXTGE,001,FunnelFly,EXVS2,FunnelFlySwordPenetrate,0x1414B36B0,977,0x220,15,0;2;12;28;43;52;69;76;78;79;81;84;87;88;91,0x14092A700,0x140E227A0,0x140E24650,0x14094F070,0x1406A5980,0x1406A57D0,0x14094E100,0x140E227E0,0x140E226D0,0x140E22970,.?AVCUnitTaskAutomata_059NEXTGN_001NEXTGE_001_FunnelFly@EXVS2@@|.?AVCUnitTaskAutomataFunnelFlySwordPenetrate@GAM@VDK@@|.?AVCUnitTaskAutomataFunnelFlySword@GAM@VDK@@|.?AVCUnitTaskAutomataFunnelMawarikomi@GAM@VDK@@|.?AVCUnitTaskAutomataFunnelFly@GAM@VDK@@|.?AVCUnitTaskAutomataFunnel@GAM@VDK@@|.?AVCUnitTaskAutomataRadiconParentActor@GAM@VDK@@|.?AVCUnitTaskAutomataRadicon@GAM@VDK@@
059NEXTGN,001NEXTGE,001,FunnelFlySword,EXVS2,FunnelFlySwordPenetrate,0x1414B5328,977,0x220,15,0;2;12;28;43;52;69;76;78;79;81;84;87;88;91,0x14092A700,0x140E23580,0x140E24650,0x14094F070,0x1406A5980,0x1406A57D0,0x14094E100,0x140E246E0,0x140E234D0,0x140E22970,.?AVCUnitTaskAutomata_059NEXTGN_001NEXTGE_001_FunnelFlySword@EXVS2@@|.?AVCUnitTaskAutomataFunnelFlySwordPenetrate@GAM@VDK@@|.?AVCUnitTaskAutomataFunnelFlySword@GAM@VDK@@|.?AVCUnitTaskAutomataFunnelMawarikomi@GAM@VDK@@|.?AVCUnitTaskAutomataFunnelFly@GAM@VDK@@|.?AVCUnitTaskAutomataFunnel@GAM@VDK@@|.?AVCUnitTaskAutomataRadiconParentActor@GAM@VDK@@|.?AVCUnitTaskAutomataRadicon@GAM@VDK@@
059NEXTGN,001NEXTGE,001,HitStickExplosion,EXVS2,Sticker,0x1414B4028,465,0x1C0,7,0;2;78;79;81;84;91,0x14092A700,0x140DDD100,0x1406A5B30,0x1406A5170,0x1406A5980,0x1406A57D0,0x14094E4D0,0x140E23F90,0x140E22F90,0x140F47080,.?AVCUnitTaskAutomata_059NEXTGN_001NEXTGE_001_HitStickExplosion@EXVS2@@|.?AVCUnitTaskAutomataSticker@GAM@VDK@@|.?AVCUnitTaskAutomataRadiconParentActor@GAM@VDK@@|.?AVCUnitTaskAutomataRadicon@GAM@VDK@@|.?AVCUnitTaskAutomataAbstract@GAM@VDK@@|.?AVCUnitTaskActorProjectileAbstract@GAM@VDK@@|.?AVCUnitTaskActorAbstract@GAM@VDK@@|.?AVCUnitTaskBattleAbstract@GAM@VDK@@
059NEXTGN,001NEXTGE,001,LightningBlade,EXVS2,FunnelTukimatoi_ShotOrder,0x1414B3D00,977,0x230,13,0;2;12;21;28;43;69;78;79;81;84;88;89,0x14092A100,0x140E22DF0,0x140E22C30,0x14094F070,0x1406A5980,0x1406A57D0,0x14094E170,0x140E23E40,0x140E22AA0,0x140DDCDC0,.?AVCUnitTaskAutomata_059NEXTGN_001NEXTGE_001_LightningBlade@EXVS2@@|.?AVCUnitTaskAutomataFunnelTukimatoi_ShotOrder@GAM@VDK@@|.?AVCUnitTaskAutomataFunnelMawarikomi_ShotOrder@GAM@VDK@@|.?AVCUnitTaskAutomataFunnelShotImmediate@GAM@VDK@@|.?AVCUnitTaskAutomataFunnelMawarikomi@GAM@VDK@@|.?AVCUnitTaskAutomataFunnelFly@GAM@VDK@@|.?AVCUnitTaskAutomataFunnel@GAM@VDK@@|.?AVCUnitTaskAutomataRadiconParentActor@GAM@VDK@@
059NEXTGN,001NEXTGE,001,LightningBladePorori,EXVS2,FreeFall,0x1414B4CD8,465,0x1C0,10,0;2;22;25;49;78;79;81;84;89,0x14092A3E0,0x140F76310,0x1406A5B30,0x1406A5170,0x1406A5980,0x1406A57D0,0x14094DF60,0x140E23480,0x140E23420,0x140DDC890,.?AVCUnitTaskAutomata_059NEXTGN_001NEXTGE_001_LightningBladePorori@EXVS2@@|.?AVCUnitTaskAutomataFreeFall@GAM@VDK@@|.?AVCUnitTaskAutomataRadiconParentActor@GAM@VDK@@|.?AVCUnitTaskAutomataRadicon@GAM@VDK@@|.?AVCUnitTaskAutomataAbstract@GAM@VDK@@|.?AVCUnitTaskActorProjectileAbstract@GAM@VDK@@|.?AVCUnitTaskActorAbstract@GAM@VDK@@|.?AVCUnitTaskBattleAbstract@GAM@VDK@@
059NEXTGN,001NEXTGE,002,BomberKnuckleDummyBullet,EXVS2,Throw,0x1414B6B90,465,0x1C0,12,0;2;12;22;76;78;79;81;84;87;88;91,0x14092A580,0x140E242F0,0x140E240E0,0x1406A5170,0x1406A5980,0x1406A57D0,0x14094E8C0,0x140E23330,0x140E24090,0x140E244D0,.?AVCUnitTaskAutomata_059NEXTGN_001NEXTGE_002_BomberKnuckleDummyBullet@EXVS2@@|.?AVCUnitTaskAutomataThrow@GAM@VDK@@|.?AVCUnitTaskAutomataRadiconParentActor@GAM@VDK@@|.?AVCUnitTaskAutomataRadicon@GAM@VDK@@|.?AVCUnitTaskAutomataAbstract@GAM@VDK@@|.?AVCUnitTaskActorProjectileAbstract@GAM@VDK@@|.?AVCUnitTaskActorAbstract@GAM@VDK@@|.?AVCUnitTaskBattleAbstract@GAM@VDK@@
059NEXTGN,001NEXTGE,002,BomberKnuckleEntry,EXVS2,SummonRush,0x1414B5888,465,0x2C0,17,0;2;18;21;30;42;46;72;73;78;79;80;81;84;87;88;90,0x14092A700,0x140DE1070,0x1406A5B30,0x1406A5170,0x1406A5980,0x1406A57D0,0x14094E5B0,0x140E22680,0x140E236A0,0x140E28260,.?AVCUnitTaskAutomata_059NEXTGN_001NEXTGE_002_BomberKnuckleEntry@EXVS2@@|.?AVCUnitTaskAutomataSummonRush@GAM@VDK@@|.?AVCUnitTaskAutomataSummon@GAM@VDK@@|.?AVCUnitTaskAutomataRadiconParentActor@GAM@VDK@@|.?AVCUnitTaskAutomataRadicon@GAM@VDK@@|.?AVCUnitTaskAutomataAbstract@GAM@VDK@@|.?AVCUnitTaskActorProjectileAbstract@GAM@VDK@@|.?AVCUnitTaskActorAbstract@GAM@VDK@@
059NEXTGN,001NEXTGE,002,BomberKnuckleFrontExp,EXVS2,RadiconParentActor,0x1414B6868,465,0x1B0,6,0;2;58;79;81;84,0x14092A3E0,0x140F76310,0x1406A5B30,0x1406A5170,0x1406A5980,0x1406A57D0,0x1406A50D0,0x140E23070,0x140E23FC0,0x140E23050,.?AVCUnitTaskAutomata_059NEXTGN_001NEXTGE_002_BomberKnuckleFrontExp@EXVS2@@|.?AVCUnitTaskAutomataRadiconParentActor@GAM@VDK@@|.?AVCUnitTaskAutomataRadicon@GAM@VDK@@|.?AVCUnitTaskAutomataAbstract@GAM@VDK@@|.?AVCUnitTaskActorProjectileAbstract@GAM@VDK@@|.?AVCUnitTaskActorAbstract@GAM@VDK@@|.?AVCUnitTaskBattleAbstract@GAM@VDK@@|.?AVCUnitTaskAbstract@FWK@VDK@@
059NEXTGN,001NEXTGE,002,BomberKnucklePillar,EXVS2,Unknown,0x1414B5650,49,,78,0;2;3;8;9;11;12;15;16;17;18;19;20;21;22;23;24;28;29;31;32;37;39;40;41;42;44;45;47;48;49;50;51;53;54;55;56;58;59;60;61;62;63;64;65;66;67;68;69;70;71;72;73;74;75;76;77;78;79;80;81;82;83;84;86;87;88;89;90;91;92;93;94;95;96;97;98;99,0x14092A5D0,0x140E22610,0x140E22510,0x140BA2F50,0x14066E870,0x14066E860,0x1400394F0,0x14063C250,0x140033290,0x140033290,.?AVCUnitTaskAutomata_059NEXTGN_001NEXTGE_002_BomberKnucklePillar@EXVS2@@|.?AVCUnitTaskActorProjBulletStationaryPillar@GAM@VDK@@|.?AVCUnitTaskActorProjBulletStationaryCapsuleAbstract@GAM@VDK@@|.?AVCUnitTaskActorProjBulletStationaryAbstract@GAM@VDK@@|.?AVCUnitTaskActorProjBulletAbstract@GAM@VDK@@|.?AVCUnitTaskActorProjectileAbstract@GAM@VDK@@|.?AVCUnitTaskActorAbstract@GAM@VDK@@|.?AVCUnitTaskBattleAbstract@GAM@VDK@@
059NEXTGN,001NEXTGE,002,BomberKnucklePillarSE,EXVS2,RadiconParentActor,0x1414B6EB8,465,0x1B0,5,0;2;79;81;84,0x14092A3E0,0x140F76310,0x1406A5B30,0x1406A5170,0x1406A5980,0x1406A57D0,0x1406A50D0,0x140E233F0,0x140E244E0,0x140E233D0,.?AVCUnitTaskAutomata_059NEXTGN_001NEXTGE_002_BomberKnucklePillarSE@EXVS2@@|.?AVCUnitTaskAutomataRadiconParentActor@GAM@VDK@@|.?AVCUnitTaskAutomataRadicon@GAM@VDK@@|.?AVCUnitTaskAutomataAbstract@GAM@VDK@@|.?AVCUnitTaskActorProjectileAbstract@GAM@VDK@@|.?AVCUnitTaskActorAbstract@GAM@VDK@@|.?AVCUnitTaskBattleAbstract@GAM@VDK@@|.?AVCUnitTaskAbstract@FWK@VDK@@
059NEXTGN,001NEXTGE,002,BomberKnuckleStageBreak,EXVS2,Throw,0x1414B7508,465,0x1C0,13,0;2;19;22;76;78;79;81;84;87;88;89;91,0x14092A3E0,0x140F76310,0x1406A5B30,0x1406A5170,0x1406A5980,0x1406A57D0,0x14094E8C0,0x140E234A0,0x140F38FD0,0x140F39070,.?AVCUnitTaskAutomata_059NEXTGN_001NEXTGE_002_BomberKnuckleStageBreak@EXVS2@@|.?AVCUnitTaskAutomata_000COMMON_000COMMON_001_ThrowSaber@EXVS2@@|.?AVCUnitTaskAutomataThrow@GAM@VDK@@|.?AVCUnitTaskAutomataRadiconParentActor@GAM@VDK@@|.?AVCUnitTaskAutomataRadicon@GAM@VDK@@|.?AVCUnitTaskAutomataAbstract@GAM@VDK@@|.?AVCUnitTaskActorProjectileAbstract@GAM@VDK@@|.?AVCUnitTaskActorAbstract@GAM@VDK@@
059NEXTGN,001NEXTGE,002,FunnelDiffusionFly,EXVS2,FunnelFlySwordPenetrate,0x1414B5EE0,977,0x220,15,0;2;12;28;43;52;69;76;78;79;81;84;87;88;91,0x14092A700,0x140E238E0,0x140E24650,0x14094F070,0x1406A5980,0x1406A57D0,0x14094E100,0x140E22A60,0x140E23810,0x140E22970,.?AVCUnitTaskAutomata_059NEXTGN_001NEXTGE_002_FunnelDiffusionFly@EXVS2@@|.?AVCUnitTaskAutomataFunnelFlySwordPenetrate@GAM@VDK@@|.?AVCUnitTaskAutomataFunnelFlySword@GAM@VDK@@|.?AVCUnitTaskAutomataFunnelMawarikomi@GAM@VDK@@|.?AVCUnitTaskAutomataFunnelFly@GAM@VDK@@|.?AVCUnitTaskAutomataFunnel@GAM@VDK@@|.?AVCUnitTaskAutomataRadiconParentActor@GAM@VDK@@|.?AVCUnitTaskAutomataRadicon@GAM@VDK@@
059NEXTGN,001NEXTGE,002,FunnelFly,EXVS2,FunnelFlySwordPenetrate,0x1414B5BB8,977,0x220,15,0;2;12;28;43;52;69;76;78;79;81;84;87;88;91,0x14092A700,0x140E237D0,0x140E24650,0x14094F070,0x1406A5980,0x1406A57D0,0x14094E100,0x140E227E0,0x140E23700,0x140E22970,.?AVCUnitTaskAutomata_059NEXTGN_001NEXTGE_002_FunnelFly@EXVS2@@|.?AVCUnitTaskAutomataFunnelFlySwordPenetrate@GAM@VDK@@|.?AVCUnitTaskAutomataFunnelFlySword@GAM@VDK@@|.?AVCUnitTaskAutomataFunnelMawarikomi@GAM@VDK@@|.?AVCUnitTaskAutomataFunnelFly@GAM@VDK@@|.?AVCUnitTaskAutomataFunnel@GAM@VDK@@|.?AVCUnitTaskAutomataRadiconParentActor@GAM@VDK@@|.?AVCUnitTaskAutomataRadicon@GAM@VDK@@
059NEXTGN,001NEXTGE,002,FunnelFlySword,EXVS2,FunnelFlySwordPenetrate,0x1414B7830,977,0x220,15,0;2;12;28;43;52;69;76;78;79;81;84;87;88;91,0x14092A700,0x140E246A0,0x140E24650,0x14094F070,0x1406A5980,0x1406A57D0,0x14094E100,0x140E246E0,0x140E245A0,0x140E22970,.?AVCUnitTaskAutomata_059NEXTGN_001NEXTGE_002_FunnelFlySword@EXVS2@@|.?AVCUnitTaskAutomataFunnelFlySwordPenetrate@GAM@VDK@@|.?AVCUnitTaskAutomataFunnelFlySword@GAM@VDK@@|.?AVCUnitTaskAutomataFunnelMawarikomi@GAM@VDK@@|.?AVCUnitTaskAutomataFunnelFly@GAM@VDK@@|.?AVCUnitTaskAutomataFunnel@GAM@VDK@@|.?AVCUnitTaskAutomataRadiconParentActor@GAM@VDK@@|.?AVCUnitTaskAutomataRadicon@GAM@VDK@@
059NEXTGN,001NEXTGE,002,HitStickExplosion,EXVS2,Sticker,0x1414B6530,465,0x1C0,7,0;2;78;79;81;84;91,0x14092A700,0x140DDD100,0x1406A5B30,0x1406A5170,0x1406A5980,0x1406A57D0,0x14094E4D0,0x140E23F90,0x140E23F00,0x140F47080,.?AVCUnitTaskAutomata_059NEXTGN_001NEXTGE_002_HitStickExplosion@EXVS2@@|.?AVCUnitTaskAutomataSticker@GAM@VDK@@|.?AVCUnitTaskAutomataRadiconParentActor@GAM@VDK@@|.?AVCUnitTaskAutomataRadicon@GAM@VDK@@|.?AVCUnitTaskAutomataAbstract@GAM@VDK@@|.?AVCUnitTaskActorProjectileAbstract@GAM@VDK@@|.?AVCUnitTaskActorAbstract@GAM@VDK@@|.?AVCUnitTaskBattleAbstract@GAM@VDK@@
059NEXTGN,001NEXTGE,002,LightningBlade,EXVS2,FunnelTukimatoi_ShotOrder,0x1414B6208,977,0x230,13,0;2;12;21;28;43;69;78;79;81;84;88;89,0x14092A100,0x140E22DF0,0x140E23BF0,0x14094F070,0x1406A5980,0x1406A57D0,0x14094E170,0x140E23E40,0x140E23960,0x140DDCDC0,.?AVCUnitTaskAutomata_059NEXTGN_001NEXTGE_002_LightningBlade@EXVS2@@|.?AVCUnitTaskAutomataFunnelTukimatoi_ShotOrder@GAM@VDK@@|.?AVCUnitTaskAutomataFunnelMawarikomi_ShotOrder@GAM@VDK@@|.?AVCUnitTaskAutomataFunnelShotImmediate@GAM@VDK@@|.?AVCUnitTaskAutomataFunnelMawarikomi@GAM@VDK@@|.?AVCUnitTaskAutomataFunnelFly@GAM@VDK@@|.?AVCUnitTaskAutomataFunnel@GAM@VDK@@|.?AVCUnitTaskAutomataRadiconParentActor@GAM@VDK@@
059NEXTGN,001NEXTGE,002,LightningBladePorori,EXVS2,FreeFall,0x1414B71E0,465,0x1C0,10,0;2;22;25;49;78;79;81;84;89,0x14092A3E0,0x140F76310,0x1406A5B30,0x1406A5170,0x1406A5980,0x1406A57D0,0x14094DF60,0x140E23480,0x140E24540,0x140DDC890,.?AVCUnitTaskAutomata_059NEXTGN_001NEXTGE_002_LightningBladePorori@EXVS2@@|.?AVCUnitTaskAutomataFreeFall@GAM@VDK@@|.?AVCUnitTaskAutomataRadiconParentActor@GAM@VDK@@|.?AVCUnitTaskAutomataRadicon@GAM@VDK@@|.?AVCUnitTaskAutomataAbstract@GAM@VDK@@|.?AVCUnitTaskActorProjectileAbstract@GAM@VDK@@|.?AVCUnitTaskActorAbstract@GAM@VDK@@|.?AVCUnitTaskBattleAbstract@GAM@VDK@@
059NEXTGN,002NEXTGX,001,AssistBeamShot,EXVS2,SummonRushShot,0x1414B8830,465,0x2F0,19,0;2;12;18;21;30;42;46;69;72;73;78;79;80;81;84;87;88;90,0x14092A310,0x140E24A50,0x140E25CD0,0x1406A5170,0x1406A5980,0x1406A57D0,0x14094E6F0,0x140E25EC0,0x140E24B60,0x140E0BA00,.?AVCUnitTaskAutomata_059NEXTGN_002NEXTGX_001_AssistBeamShot@EXVS2@@|.?AVCUnitTaskAutomataSummonRushShot@GAM@VDK@@|.?AVCUnitTaskAutomataSummonRush@GAM@VDK@@|.?AVCUnitTaskAutomataSummon@GAM@VDK@@|.?AVCUnitTaskAutomataRadiconParentActor@GAM@VDK@@|.?AVCUnitTaskAutomataRadicon@GAM@VDK@@|.?AVCUnitTaskAutomataAbstract@GAM@VDK@@|.?AVCUnitTaskActorProjectileAbstract@GAM@VDK@@
059NEXTGN,002NEXTGX,001,AssistGatlingMissileShot,EXVS2,SummonRushShot,0x1414B7E90,465,0x2F0,19,0;2;12;18;21;30;42;46;69;72;73;78;79;80;81;84;87;88;90,0x14092A310,0x140E24A50,0x140E25CD0,0x1406A5170,0x1406A5980,0x1406A57D0,0x14094E6F0,0x140E249A0,0x140E24930,0x140DE1820,.?AVCUnitTaskAutomata_059NEXTGN_002NEXTGX_001_AssistGatlingMissileShot@EXVS2@@|.?AVCUnitTaskAutomataSummonRushShot@GAM@VDK@@|.?AVCUnitTaskAutomataSummonRush@GAM@VDK@@|.?AVCUnitTaskAutomataSummon@GAM@VDK@@|.?AVCUnitTaskAutomataRadiconParentActor@GAM@VDK@@|.?AVCUnitTaskAutomataRadicon@GAM@VDK@@|.?AVCUnitTaskAutomataAbstract@GAM@VDK@@|.?AVCUnitTaskActorProjectileAbstract@GAM@VDK@@
059NEXTGN,002NEXTGX,001,AssistGmRushShot,EXVS2,SummonRushShot,0x1414B81C0,465,0x2F0,19,0;2;12;18;21;30;42;46;69;72;73;78;79;80;81;84;87;88;90,0x14092A310,0x140E24A50,0x140E25CD0,0x1406A5170,0x1406A5980,0x1406A57D0,0x14094E6F0,0x140E25D20,0x140E249F0,0x140F4E9D0,.?AVCUnitTaskAutomata_059NEXTGN_002NEXTGX_001_AssistGmRushShot@EXVS2@@|.?AVCUnitTaskAutomataSummonRushShot@GAM@VDK@@|.?AVCUnitTaskAutomataSummonRush@GAM@VDK@@|.?AVCUnitTaskAutomataSummon@GAM@VDK@@|.?AVCUnitTaskAutomataRadiconParentActor@GAM@VDK@@|.?AVCUnitTaskAutomataRadicon@GAM@VDK@@|.?AVCUnitTaskAutomataAbstract@GAM@VDK@@|.?AVCUnitTaskActorProjectileAbstract@GAM@VDK@@
059NEXTGN,002NEXTGX,001,AssistRushGrap,EXVS2,SummonRush,0x1414B9B28,465,0x2C0,19,0;2;12;18;21;30;42;46;72;73;76;78;79;80;81;84;87;88;90,0x14092A100,0x140E24A50,0x140E24650,0x1406A5170,0x1406A5980,0x1406A57D0,0x14094E5B0,0x140E25990,0x140E25920,0x140E267A0,.?AVCUnitTaskAutomata_059NEXTGN_002NEXTGX_001_AssistRushGrap@EXVS2@@|.?AVCUnitTaskAutomataSummonRush@GAM@VDK@@|.?AVCUnitTaskAutomataSummon@GAM@VDK@@|.?AVCUnitTaskAutomataRadiconParentActor@GAM@VDK@@|.?AVCUnitTaskAutomataRadicon@GAM@VDK@@|.?AVCUnitTaskAutomataAbstract@GAM@VDK@@|.?AVCUnitTaskActorProjectileAbstract@GAM@VDK@@|.?AVCUnitTaskActorAbstract@GAM@VDK@@
059NEXTGN,002NEXTGX,001,SlideHomingBeam,EXVS2,Throw,0x1414B8508,465,0x1C0,10,0;22;52;76;78;79;81;84;87;88,0x14092A3E0,0x1406A5BA0,0x1406A5B30,0x1406A5170,0x1406A5980,0x1406A57D0,0x14094E8C0,0x140E25E50,0x140E24B10,0x140DDCAC0,.?AVCUnitTaskAutomata_059NEXTGN_002NEXTGX_001_SlideHomingBeam@EXVS2@@|.?AVCUnitTaskAutomataThrow@GAM@VDK@@|.?AVCUnitTaskAutomataRadiconParentActor@GAM@VDK@@|.?AVCUnitTaskAutomataRadicon@GAM@VDK@@|.?AVCUnitTaskAutomataAbstract@GAM@VDK@@|.?AVCUnitTaskActorProjectileAbstract@GAM@VDK@@|.?AVCUnitTaskActorAbstract@GAM@VDK@@|.?AVCUnitTaskBattleAbstract@GAM@VDK@@
059NEXTGN,002NEXTGX,001,StickEffect,EXVS2,Sticker,0x1414B7B58,465,0x1C0,8,0;2;78;79;81;84;89;91,0x14092A700,0x140DDD100,0x1406A5B30,0x1406A5170,0x1406A5980,0x1406A57D0,0x14094E4D0,0x140E24900,0x140DDCFB0,0x140F47080,.?AVCUnitTaskAutomata_059NEXTGN_002NEXTGX_001_StickEffect@EXVS2@@|.?AVCUnitTaskAutomataSticker@GAM@VDK@@|.?AVCUnitTaskAutomataRadiconParentActor@GAM@VDK@@|.?AVCUnitTaskAutomataRadicon@GAM@VDK@@|.?AVCUnitTaskAutomataAbstract@GAM@VDK@@|.?AVCUnitTaskActorProjectileAbstract@GAM@VDK@@|.?AVCUnitTaskActorAbstract@GAM@VDK@@|.?AVCUnitTaskBattleAbstract@GAM@VDK@@
059NEXTGN,002NEXTGX,001,ThrowRaikiri,EXVS2,Throw,0x1414B91B0,465,0x1C0,11,0;22;76;78;79;81;84;87;88;89;91,0x14092A3E0,0x1406A5BA0,0x1406A5B30,0x1406A5170,0x1406A5980,0x1406A57D0,0x14094E8C0,0x140E25810,0x140E25770,0x140E28D60,.?AVCUnitTaskAutomata_059NEXTGN_002NEXTGX_001_ThrowRaikiri@EXVS2@@|.?AVCUnitTaskAutomata_000COMMON_000COMMON_001_ThrowSaber@EXVS2@@|.?AVCUnitTaskAutomataThrow@GAM@VDK@@|.?AVCUnitTaskAutomataRadiconParentActor@GAM@VDK@@|.?AVCUnitTaskAutomataRadicon@GAM@VDK@@|.?AVCUnitTaskAutomataAbstract@GAM@VDK@@|.?AVCUnitTaskActorProjectileAbstract@GAM@VDK@@|.?AVCUnitTaskActorAbstract@GAM@VDK@@
059NEXTGN,002NEXTGX,001,XBeam,EXVS2,ThrowBlade,0x1414B8E88,465,0x1D0,11,0;2;22;76;78;79;81;84;87;88;89,0x14092A100,0x140DDE490,0x1406A5B30,0x1406A5170,0x1406A5980,0x1406A57D0,0x14094E910,0x140E25520,0x140DDC8E0,0x140F41EF0,.?AVCUnitTaskAutomata_059NEXTGN_002NEXTGX_001_XBeam@EXVS2@@|.?AVCUnitTaskAutomataThrowBlade@GAM@VDK@@|.?AVCUnitTaskAutomataThrow@GAM@VDK@@|.?AVCUnitTaskAutomataRadiconParentActor@GAM@VDK@@|.?AVCUnitTaskAutomataRadicon@GAM@VDK@@|.?AVCUnitTaskAutomataAbstract@GAM@VDK@@|.?AVCUnitTaskActorProjectileAbstract@GAM@VDK@@|.?AVCUnitTaskActorAbstract@GAM@VDK@@
059NEXTGN,002NEXTGX,001,XdollDocking,EXVS2,AttachAbstract,0x1414B8B60,465,0x210,9,0;2;78;79;81;84;88;90;96,0x14092A3E0,0x140DE1E40,0x1406A5B30,0x1406A5170,0x1406A5980,0x1406A57D0,0x14094DD70,0x140E24CC0,0x140E24BC0,0x140DE1E80,.?AVCUnitTaskAutomata_059NEXTGN_002NEXTGX_001_XdollDocking@EXVS2@@|.?AVCUnitTaskAutomataAttachAbstract@GAM@VDK@@|.?AVCUnitTaskAutomataRadiconParentActor@GAM@VDK@@|.?AVCUnitTaskAutomataRadicon@GAM@VDK@@|.?AVCUnitTaskAutomataAbstract@GAM@VDK@@|.?AVCUnitTaskActorProjectileAbstract@GAM@VDK@@|.?AVCUnitTaskActorAbstract@GAM@VDK@@|.?AVCUnitTaskBattleAbstract@GAM@VDK@@
059NEXTGN,002NEXTGX,001,XdollWinlose,EXVS2,PutObj,0x1414B94D8,465,0x1D0,7,0;2;78;79;80;81;84,0x14092A040,0x140E26410,0x1406A5B30,0x1406A5170,0x1406A5980,0x1406A57D0,0x14094E380,0x140E26450,0x140E25830,0x140E28260,.?AVCUnitTaskAutomata_059NEXTGN_002NEXTGX_001_XdollWinlose@EXVS2@@|.?AVCUnitTaskAutomataPutObj@GAM@VDK@@|.?AVCUnitTaskAutomataRadiconParentActor@GAM@VDK@@|.?AVCUnitTaskAutomataRadicon@GAM@VDK@@|.?AVCUnitTaskAutomataAbstract@GAM@VDK@@|.?AVCUnitTaskActorProjectileAbstract@GAM@VDK@@|.?AVCUnitTaskActorAbstract@GAM@VDK@@|.?AVCUnitTaskBattleAbstract@GAM@VDK@@
059NEXTGN,002NEXTGX,001,XdollWinlosePv,EXVS2,PutObj,0x1414B9800,465,0x1D0,7,0;2;78;79;80;81;84,0x14092A040,0x140E264E0,0x1406A5B30,0x1406A5170,0x1406A5980,0x1406A57D0,0x14094E380,0x140E258F0,0x140E25890,0x140E28260,.?AVCUnitTaskAutomata_059NEXTGN_002NEXTGX_001_XdollWinlosePv@EXVS2@@|.?AVCUnitTaskAutomataPutObj@GAM@VDK@@|.?AVCUnitTaskAutomataRadiconParentActor@GAM@VDK@@|.?AVCUnitTaskAutomataRadicon@GAM@VDK@@|.?AVCUnitTaskAutomataAbstract@GAM@VDK@@|.?AVCUnitTaskActorProjectileAbstract@GAM@VDK@@|.?AVCUnitTaskActorAbstract@GAM@VDK@@|.?AVCUnitTaskBattleAbstract@GAM@VDK@@
059NEXTGN,002NEXTGX,002,AssistBeamShot,EXVS2,SummonRushShot,0x1414BAB30,465,0x2F0,19,0;2;12;18;21;30;42;46;69;72;73;78;79;80;81;84;87;88;90,0x14092A310,0x140E24A50,0x140E25CD0,0x1406A5170,0x1406A5980,0x1406A57D0,0x14094E6F0,0x140E25EC0,0x140E25E60,0x140E0BA00,.?AVCUnitTaskAutomata_059NEXTGN_002NEXTGX_002_AssistBeamShot@EXVS2@@|.?AVCUnitTaskAutomataSummonRushShot@GAM@VDK@@|.?AVCUnitTaskAutomataSummonRush@GAM@VDK@@|.?AVCUnitTaskAutomataSummon@GAM@VDK@@|.?AVCUnitTaskAutomataRadiconParentActor@GAM@VDK@@|.?AVCUnitTaskAutomataRadicon@GAM@VDK@@|.?AVCUnitTaskAutomataAbstract@GAM@VDK@@|.?AVCUnitTaskActorProjectileAbstract@GAM@VDK@@
059NEXTGN,002NEXTGX,002,AssistGatlingMissileShot,EXVS2,SummonRushShot,0x1414BA190,465,0x2F0,19,0;2;12;18;21;30;42;46;69;72;73;78;79;80;81;84;87;88;90,0x14092A310,0x140E24A50,0x140E25CD0,0x1406A5170,0x1406A5980,0x1406A57D0,0x14094E6F0,0x140E249A0,0x140E25C10,0x140DE1820,.?AVCUnitTaskAutomata_059NEXTGN_002NEXTGX_002_AssistGatlingMissileShot@EXVS2@@|.?AVCUnitTaskAutomataSummonRushShot@GAM@VDK@@|.?AVCUnitTaskAutomataSummonRush@GAM@VDK@@|.?AVCUnitTaskAutomataSummon@GAM@VDK@@|.?AVCUnitTaskAutomataRadiconParentActor@GAM@VDK@@|.?AVCUnitTaskAutomataRadicon@GAM@VDK@@|.?AVCUnitTaskAutomataAbstract@GAM@VDK@@|.?AVCUnitTaskActorProjectileAbstract@GAM@VDK@@
059NEXTGN,002NEXTGX,002,AssistGmRushShot,EXVS2,SummonRushShot,0x1414BA4C0,465,0x2F0,19,0;2;12;18;21;30;42;46;69;72;73;78;79;80;81;84;87;88;90,0x14092A310,0x140E24A50,0x140E25CD0,0x1406A5170,0x1406A5980,0x1406A57D0,0x14094E6F0,0x140E25D20,0x140E25C70,0x140F4E9D0,.?AVCUnitTaskAutomata_059NEXTGN_002NEXTGX_002_AssistGmRushShot@EXVS2@@|.?AVCUnitTaskAutomataSummonRushShot@GAM@VDK@@|.?AVCUnitTaskAutomataSummonRush@GAM@VDK@@|.?AVCUnitTaskAutomataSummon@GAM@VDK@@|.?AVCUnitTaskAutomataRadiconParentActor@GAM@VDK@@|.?AVCUnitTaskAutomataRadicon@GAM@VDK@@|.?AVCUnitTaskAutomataAbstract@GAM@VDK@@|.?AVCUnitTaskActorProjectileAbstract@GAM@VDK@@
059NEXTGN,002NEXTGX,002,AssistRushGrap,EXVS2,SummonRush,0x1414BBE28,465,0x2C0,19,0;2;12;18;21;30;42;46;72;73;76;78;79;80;81;84;87;88;90,0x14092A100,0x140E24A50,0x140E24650,0x1406A5170,0x1406A5980,0x1406A57D0,0x14094E5B0,0x140E25990,0x140E26530,0x140E267A0,.?AVCUnitTaskAutomata_059NEXTGN_002NEXTGX_002_AssistRushGrap@EXVS2@@|.?AVCUnitTaskAutomataSummonRush@GAM@VDK@@|.?AVCUnitTaskAutomataSummon@GAM@VDK@@|.?AVCUnitTaskAutomataRadiconParentActor@GAM@VDK@@|.?AVCUnitTaskAutomataRadicon@GAM@VDK@@|.?AVCUnitTaskAutomataAbstract@GAM@VDK@@|.?AVCUnitTaskActorProjectileAbstract@GAM@VDK@@|.?AVCUnitTaskActorAbstract@GAM@VDK@@
059NEXTGN,002NEXTGX,002,SlideHomingBeam,EXVS2,Throw,0x1414BA808,465,0x1C0,10,0;22;52;76;78;79;81;84;87;88,0x14092A3E0,0x1406A5BA0,0x1406A5B30,0x1406A5170,0x1406A5980,0x1406A57D0,0x14094E8C0,0x140E25E50,0x140E25E00,0x140DDCAC0,.?AVCUnitTaskAutomata_059NEXTGN_002NEXTGX_002_SlideHomingBeam@EXVS2@@|.?AVCUnitTaskAutomataThrow@GAM@VDK@@|.?AVCUnitTaskAutomataRadiconParentActor@GAM@VDK@@|.?AVCUnitTaskAutomataRadicon@GAM@VDK@@|.?AVCUnitTaskAutomataAbstract@GAM@VDK@@|.?AVCUnitTaskActorProjectileAbstract@GAM@VDK@@|.?AVCUnitTaskActorAbstract@GAM@VDK@@|.?AVCUnitTaskBattleAbstract@GAM@VDK@@
059NEXTGN,002NEXTGX,002,StickEffect,EXVS2,Sticker,0x1414B9E58,465,0x1C0,8,0;2;78;79;81;84;89;91,0x14092A700,0x140DDD100,0x1406A5B30,0x1406A5170,0x1406A5980,0x1406A57D0,0x14094E4D0,0x140E24900,0x140DDCFB0,0x140F47080,.?AVCUnitTaskAutomata_059NEXTGN_002NEXTGX_002_StickEffect@EXVS2@@|.?AVCUnitTaskAutomataSticker@GAM@VDK@@|.?AVCUnitTaskAutomataRadiconParentActor@GAM@VDK@@|.?AVCUnitTaskAutomataRadicon@GAM@VDK@@|.?AVCUnitTaskAutomataAbstract@GAM@VDK@@|.?AVCUnitTaskActorProjectileAbstract@GAM@VDK@@|.?AVCUnitTaskActorAbstract@GAM@VDK@@|.?AVCUnitTaskBattleAbstract@GAM@VDK@@
059NEXTGN,002NEXTGX,002,ThrowRaikiri,EXVS2,Throw,0x1414BB4B0,465,0x1C0,11,0;22;76;78;79;81;84;87;88;89;91,0x14092A3E0,0x1406A5BA0,0x1406A5B30,0x1406A5170,0x1406A5980,0x1406A57D0,0x14094E8C0,0x140E25810,0x140E26350,0x140E28D60,.?AVCUnitTaskAutomata_059NEXTGN_002NEXTGX_002_ThrowRaikiri@EXVS2@@|.?AVCUnitTaskAutomata_000COMMON_000COMMON_001_ThrowSaber@EXVS2@@|.?AVCUnitTaskAutomataThrow@GAM@VDK@@|.?AVCUnitTaskAutomataRadiconParentActor@GAM@VDK@@|.?AVCUnitTaskAutomataRadicon@GAM@VDK@@|.?AVCUnitTaskAutomataAbstract@GAM@VDK@@|.?AVCUnitTaskActorProjectileAbstract@GAM@VDK@@|.?AVCUnitTaskActorAbstract@GAM@VDK@@
059NEXTGN,002NEXTGX,002,XBeam,EXVS2,ThrowBlade,0x1414BB188,465,0x1D0,11,0;2;22;76;78;79;81;84;87;88;89,0x14092A100,0x140DDE490,0x1406A5B30,0x1406A5170,0x1406A5980,0x1406A57D0,0x14094E910,0x140E26120,0x140DDC8E0,0x140F41EF0,.?AVCUnitTaskAutomata_059NEXTGN_002NEXTGX_002_XBeam@EXVS2@@|.?AVCUnitTaskAutomataThrowBlade@GAM@VDK@@|.?AVCUnitTaskAutomataThrow@GAM@VDK@@|.?AVCUnitTaskAutomataRadiconParentActor@GAM@VDK@@|.?AVCUnitTaskAutomataRadicon@GAM@VDK@@|.?AVCUnitTaskAutomataAbstract@GAM@VDK@@|.?AVCUnitTaskActorProjectileAbstract@GAM@VDK@@|.?AVCUnitTaskActorAbstract@GAM@VDK@@
059NEXTGN,002NEXTGX,002,XdollDocking,EXVS2,AttachAbstract,0x1414BAE60,465,0x210,9,0;2;78;79;81;84;88;90;96,0x14092A3E0,0x140DE1E40,0x1406A5B30,0x1406A5170,0x1406A5980,0x1406A57D0,0x14094DD70,0x140E26050,0x140E25F00,0x140DE1E80,.?AVCUnitTaskAutomata_059NEXTGN_002NEXTGX_002_XdollDocking@EXVS2@@|.?AVCUnitTaskAutomataAttachAbstract@GAM@VDK@@|.?AVCUnitTaskAutomataRadiconParentActor@GAM@VDK@@|.?AVCUnitTaskAutomataRadicon@GAM@VDK@@|.?AVCUnitTaskAutomataAbstract@GAM@VDK@@|.?AVCUnitTaskActorProjectileAbstract@GAM@VDK@@|.?AVCUnitTaskActorAbstract@GAM@VDK@@|.?AVCUnitTaskBattleAbstract@GAM@VDK@@
059NEXTGN,002NEXTGX,002,XdollWinlose,EXVS2,PutObj,0x1414BB7D8,465,0x1D0,7,0;2;78;79;80;81;84,0x14092A040,0x140E26410,0x1406A5B30,0x1406A5170,0x1406A5980,0x1406A57D0,0x14094E380,0x140E26450,0x140E263B0,0x140E28260,.?AVCUnitTaskAutomata_059NEXTGN_002NEXTGX_002_XdollWinlose@EXVS2@@|.?AVCUnitTaskAutomataPutObj@GAM@VDK@@|.?AVCUnitTaskAutomataRadiconParentActor@GAM@VDK@@|.?AVCUnitTaskAutomataRadicon@GAM@VDK@@|.?AVCUnitTaskAutomataAbstract@GAM@VDK@@|.?AVCUnitTaskActorProjectileAbstract@GAM@VDK@@|.?AVCUnitTaskActorAbstract@GAM@VDK@@|.?AVCUnitTaskBattleAbstract@GAM@VDK@@
059NEXTGN,002NEXTGX,002,XdollWinlosePv,EXVS2,PutObj,0x1414BBB00,465,0x1D0,7,0;2;78;79;80;81;84,0x14092A040,0x140E264E0,0x1406A5B30,0x1406A5170,0x1406A5980,0x1406A57D0,0x14094E380,0x140E258F0,0x140E26480,0x140E28260,.?AVCUnitTaskAutomata_059NEXTGN_002NEXTGX_002_XdollWinlosePv@EXVS2@@|.?AVCUnitTaskAutomataPutObj@GAM@VDK@@|.?AVCUnitTaskAutomataRadiconParentActor@GAM@VDK@@|.?AVCUnitTaskAutomataRadicon@GAM@VDK@@|.?AVCUnitTaskAutomataAbstract@GAM@VDK@@|.?AVCUnitTaskActorProjectileAbstract@GAM@VDK@@|.?AVCUnitTaskActorAbstract@GAM@VDK@@|.?AVCUnitTaskBattleAbstract@GAM@VDK@@
059NEXTGN,003NEXTGV,001,ShockHalo,EXVS2,ShockHalo,0x1414BC158,465,0x1C0,8,0;2;12;78;79;81;84;88,0x14092A700,0x140F8D340,0x140DDD790,0x1406A5170,0x1406A5980,0x1406A57D0,0x14094EDF0,0x140E26910,0x140DDD530,0x140E28260,.?AVCUnitTaskAutomata_059NEXTGN_003NEXTGV_001_ShockHalo@EXVS2@@|.?AVCUnitTaskAutomataShockHalo@GAM@VDK@@|.?AVCUnitTaskAutomataRadiconParentActor@GAM@VDK@@|.?AVCUnitTaskAutomataRadicon@GAM@VDK@@|.?AVCUnitTaskAutomataAbstract@GAM@VDK@@|.?AVCUnitTaskActorProjectileAbstract@GAM@VDK@@|.?AVCUnitTaskActorAbstract@GAM@VDK@@|.?AVCUnitTaskBattleAbstract@GAM@VDK@@
059NEXTGN,003NEXTGV,001,TailBeam,EXVS2,Throw,0x1414BC480,465,0x1C0,12,0;2;22;76;78;79;81;84;87;88;89;91,0x14092A3E0,0x140F76310,0x1406A5B30,0x1406A5170,0x1406A5980,0x1406A57D0,0x14094E8C0,0x140E26D10,0x140E268C0,0x140DDCAC0,.?AVCUnitTaskAutomata_059NEXTGN_003NEXTGV_001_TailBeam@EXVS2@@|.?AVCUnitTaskAutomataThrow@GAM@VDK@@|.?AVCUnitTaskAutomataRadiconParentActor@GAM@VDK@@|.?AVCUnitTaskAutomataRadicon@GAM@VDK@@|.?AVCUnitTaskAutomataAbstract@GAM@VDK@@|.?AVCUnitTaskActorProjectileAbstract@GAM@VDK@@|.?AVCUnitTaskActorAbstract@GAM@VDK@@|.?AVCUnitTaskBattleAbstract@GAM@VDK@@
059NEXTGN,003NEXTGV,002,ShockHalo,EXVS2,ShockHalo,0x1414BC7A8,465,0x1C0,8,0;2;12;78;79;81;84;88,0x14092A700,0x140F8D340,0x140DDD790,0x1406A5170,0x1406A5980,0x1406A57D0,0x14094EDF0,0x140E26910,0x140DDD530,0x140E28260,.?AVCUnitTaskAutomata_059NEXTGN_003NEXTGV_002_ShockHalo@EXVS2@@|.?AVCUnitTaskAutomataShockHalo@GAM@VDK@@|.?AVCUnitTaskAutomataRadiconParentActor@GAM@VDK@@|.?AVCUnitTaskAutomataRadicon@GAM@VDK@@|.?AVCUnitTaskAutomataAbstract@GAM@VDK@@|.?AVCUnitTaskActorProjectileAbstract@GAM@VDK@@|.?AVCUnitTaskActorAbstract@GAM@VDK@@|.?AVCUnitTaskBattleAbstract@GAM@VDK@@
059NEXTGN,003NEXTGV,002,TailBeam,EXVS2,Throw,0x1414BCAD0,465,0x1C0,12,0;2;22;76;78;79;81;84;87;88;89;91,0x14092A3E0,0x140F76310,0x1406A5B30,0x1406A5170,0x1406A5980,0x1406A57D0,0x14094E8C0,0x140E26D10,0x140E269F0,0x140DDCAC0,.?AVCUnitTaskAutomata_059NEXTGN_003NEXTGV_002_TailBeam@EXVS2@@|.?AVCUnitTaskAutomataThrow@GAM@VDK@@|.?AVCUnitTaskAutomataRadiconParentActor@GAM@VDK@@|.?AVCUnitTaskAutomataRadicon@GAM@VDK@@|.?AVCUnitTaskAutomataAbstract@GAM@VDK@@|.?AVCUnitTaskActorProjectileAbstract@GAM@VDK@@|.?AVCUnitTaskActorAbstract@GAM@VDK@@|.?AVCUnitTaskBattleAbstract@GAM@VDK@@
059NEXTGN,004NEXTGS,001,AssistBunshinRush,EXVS2,SummonRushAttackNormal,0x1414BDDC0,465,0x330,19,0;2;12;18;21;30;42;46;72;73;78;79;80;81;83;84;87;88;90,0x14092A700,0x140E279D0,0x140E27970,0x1406A5170,0x1406A5980,0x1406A57D0,0x14094E5F0,0x140E27A80,0x140E27820,0x140E29300,.?AVCUnitTaskAutomata_059NEXTGN_004NEXTGS_001_AssistBunshinRush@EXVS2@@|.?AVCUnitTaskAutomataSummonRushAttackNormal@GAM@VDK@@|.?AVCUnitTaskAutomataSummonRushAttack@GAM@VDK@@|.?AVCUnitTaskAutomataSummonRush@GAM@VDK@@|.?AVCUnitTaskAutomataSummon@GAM@VDK@@|.?AVCUnitTaskAutomataRadiconParentActor@GAM@VDK@@|.?AVCUnitTaskAutomataRadicon@GAM@VDK@@|.?AVCUnitTaskAutomataAbstract@GAM@VDK@@
059NEXTGN,004NEXTGS,001,AssistBunshinThrowKunai,EXVS2,StickerLaunchBone,0x1414BE0F0,465,0x1C0,11,0;2;12;18;78;79;81;84;88;89;91,0x14092A100,0x140E27E00,0x140E27D80,0x1406A5170,0x1406A5980,0x1406A57D0,0x14094E4D0,0x140E29A50,0x140E27C50,0x140E29790,.?AVCUnitTaskAutomata_059NEXTGN_004NEXTGS_001_AssistBunshinThrowKunai@EXVS2@@|.?AVCUnitTaskAutomataStickerLaunchBone@GAM@VDK@@|.?AVCUnitTaskAutomataSticker@GAM@VDK@@|.?AVCUnitTaskAutomataRadiconParentActor@GAM@VDK@@|.?AVCUnitTaskAutomataRadicon@GAM@VDK@@|.?AVCUnitTaskAutomataAbstract@GAM@VDK@@|.?AVCUnitTaskActorProjectileAbstract@GAM@VDK@@|.?AVCUnitTaskActorAbstract@GAM@VDK@@
059NEXTGN,004NEXTGS,001,BeamCaltrop,EXVS2,Throw,0x1414BD448,465,0x1C0,13,0;2;12;22;72;76;78;79;81;84;87;88;89,0x14092A3E0,0x140E289A0,0x140F89630,0x1406A5170,0x1406A5980,0x1406A57D0,0x14094E8C0,0x140E28C60,0x140E27300,0x140E28AD0,.?AVCUnitTaskAutomata_059NEXTGN_004NEXTGS_001_BeamCaltrop@EXVS2@@|.?AVCUnitTaskAutomataThrow@GAM@VDK@@|.?AVCUnitTaskAutomataRadiconParentActor@GAM@VDK@@|.?AVCUnitTaskAutomataRadicon@GAM@VDK@@|.?AVCUnitTaskAutomataAbstract@GAM@VDK@@|.?AVCUnitTaskActorProjectileAbstract@GAM@VDK@@|.?AVCUnitTaskActorAbstract@GAM@VDK@@|.?AVCUnitTaskBattleAbstract@GAM@VDK@@
059NEXTGN,004NEXTGS,001,BeamKunai,EXVS2,Throw,0x1414BD770,465,0x1C0,12,0;2;22;76;78;79;81;84;87;88;89;91,0x14092A3E0,0x140F76310,0x1406A5B30,0x1406A5170,0x1406A5980,0x1406A57D0,0x14094E8C0,0x140E28DB0,0x140E275D0,0x140E28D60,.?AVCUnitTaskAutomata_059NEXTGN_004NEXTGS_001_BeamKunai@EXVS2@@|.?AVCUnitTaskAutomata_000COMMON_000COMMON_001_ThrowSaber@EXVS2@@|.?AVCUnitTaskAutomataThrow@GAM@VDK@@|.?AVCUnitTaskAutomataRadiconParentActor@GAM@VDK@@|.?AVCUnitTaskAutomataRadicon@GAM@VDK@@|.?AVCUnitTaskAutomataAbstract@GAM@VDK@@|.?AVCUnitTaskActorProjectileAbstract@GAM@VDK@@|.?AVCUnitTaskActorAbstract@GAM@VDK@@
059NEXTGN,004NEXTGS,001,BeamShotelBunriThrow,EXVS2,Throw,0x1414BD120,465,0x1C0,13,0;2;12;22;73;76;78;79;81;87;88;89;91,0x14092A3E0,0x140E26F00,0x140E26E80,0x1406A5170,0x1406A5980,0x1406A57D0,0x14094E8C0,0x140E27250,0x140E27020,0x140E26F80,.?AVCUnitTaskAutomata_059NEXTGN_004NEXTGS_001_BeamShotelBunriThrow@EXVS2@@|.?AVCUnitTaskAutomataThrow@GAM@VDK@@|.?AVCUnitTaskAutomataRadiconParentActor@GAM@VDK@@|.?AVCUnitTaskAutomataRadicon@GAM@VDK@@|.?AVCUnitTaskAutomataAbstract@GAM@VDK@@|.?AVCUnitTaskActorProjectileAbstract@GAM@VDK@@|.?AVCUnitTaskActorAbstract@GAM@VDK@@|.?AVCUnitTaskBattleAbstract@GAM@VDK@@
059NEXTGN,004NEXTGS,001,BeamShotelThrow,EXVS2,Throw,0x1414BCDF8,465,0x1C0,10,0;2;12;22;76;78;79;81;87;88,0x14092A3E0,0x140E26F00,0x140E26E80,0x1406A5170,0x1406A5980,0x1406A57D0,0x14094E8C0,0x140E28550,0x140E26E30,0x140E26F80,.?AVCUnitTaskAutomata_059NEXTGN_004NEXTGS_001_BeamShotelThrow@EXVS2@@|.?AVCUnitTaskAutomataThrow@GAM@VDK@@|.?AVCUnitTaskAutomataRadiconParentActor@GAM@VDK@@|.?AVCUnitTaskAutomataRadicon@GAM@VDK@@|.?AVCUnitTaskAutomataAbstract@GAM@VDK@@|.?AVCUnitTaskActorProjectileAbstract@GAM@VDK@@|.?AVCUnitTaskActorAbstract@GAM@VDK@@|.?AVCUnitTaskBattleAbstract@GAM@VDK@@
059NEXTGN,004NEXTGS,001,FireBall,EXVS2,Throw,0x1414BEDB0,465,0x1C0,11,0;2;22;76;78;79;81;84;87;88;91,0x14092A3E0,0x140F76310,0x1406A5B30,0x1406A5170,0x1406A5980,0x1406A57D0,0x14094E8C0,0x140E29DE0,0x140DDC8E0,0x140E29DB0,.?AVCUnitTaskAutomata_059NEXTGN_004NEXTGS_001_FireBall@EXVS2@@|.?AVCUnitTaskAutomataThrow@GAM@VDK@@|.?AVCUnitTaskAutomataRadiconParentActor@GAM@VDK@@|.?AVCUnitTaskAutomataRadicon@GAM@VDK@@|.?AVCUnitTaskAutomataAbstract@GAM@VDK@@|.?AVCUnitTaskActorProjectileAbstract@GAM@VDK@@|.?AVCUnitTaskActorAbstract@GAM@VDK@@|.?AVCUnitTaskBattleAbstract@GAM@VDK@@
059NEXTGN,004NEXTGS,001,SummonRock,EXVS2,Throw,0x1414BDA98,465,0x1C0,10,0;2;22;76;78;79;81;84;87;88,0x14092A3E0,0x140E276F0,0x1406A5B30,0x1406A5170,0x1406A5980,0x1406A57D0,0x14094E8C0,0x140E29070,0x140E276A0,0x140E29030,.?AVCUnitTaskAutomata_059NEXTGN_004NEXTGS_001_SummonRock@EXVS2@@|.?AVCUnitTaskAutomataThrow@GAM@VDK@@|.?AVCUnitTaskAutomataRadiconParentActor@GAM@VDK@@|.?AVCUnitTaskAutomataRadicon@GAM@VDK@@|.?AVCUnitTaskAutomataAbstract@GAM@VDK@@|.?AVCUnitTaskActorProjectileAbstract@GAM@VDK@@|.?AVCUnitTaskActorAbstract@GAM@VDK@@|.?AVCUnitTaskBattleAbstract@GAM@VDK@@
059NEXTGN,004NEXTGS,001,SummonRockEffect,EXVS2,RadiconParentActor,0x1414BE428,465,0x1C0,8,0;2;12;78;79;81;84;88,0x14092A3E0,0x140F76310,0x140F89630,0x1406A5170,0x1406A5980,0x1406A57D0,0x14094EDF0,0x140E29B70,0x140E28190,0x140E28260,.?AVCUnitTaskAutomata_059NEXTGN_004NEXTGS_001_SummonRockEffect@EXVS2@@|.?AVCUnitTaskAutomataRadiconParentActor@GAM@VDK@@|.?AVCUnitTaskAutomataRadicon@GAM@VDK@@|.?AVCUnitTaskAutomataAbstract@GAM@VDK@@|.?AVCUnitTaskActorProjectileAbstract@GAM@VDK@@|.?AVCUnitTaskActorAbstract@GAM@VDK@@|.?AVCUnitTaskBattleAbstract@GAM@VDK@@|.?AVCUnitTaskAbstract@FWK@VDK@@
059NEXTGN,004NEXTGS,001,SummonRockEntry,EXVS2,SummonRush,0x1414BE750,465,0x2C0,17,0;2;18;21;30;42;46;72;73;78;79;80;81;84;87;88;90,0x14092A700,0x140DE1070,0x1406A5B30,0x1406A5170,0x1406A5980,0x1406A57D0,0x14094E5B0,0x140E29C40,0x140E28280,0x140E28260,.?AVCUnitTaskAutomata_059NEXTGN_004NEXTGS_001_SummonRockEntry@EXVS2@@|.?AVCUnitTaskAutomataSummonRush@GAM@VDK@@|.?AVCUnitTaskAutomataSummon@GAM@VDK@@|.?AVCUnitTaskAutomataRadiconParentActor@GAM@VDK@@|.?AVCUnitTaskAutomataRadicon@GAM@VDK@@|.?AVCUnitTaskAutomataAbstract@GAM@VDK@@|.?AVCUnitTaskActorProjectileAbstract@GAM@VDK@@|.?AVCUnitTaskActorAbstract@GAM@VDK@@
059NEXTGN,004NEXTGS,001,ToumeiKunaiShot,EXVS2,Summon,0x1414BEA80,465,0x290,18,0;2;11;18;21;30;42;46;72;73;78;79;80;81;84;87;88;90,0x14092A700,0x140F76670,0x1406A5B30,0x1406A5170,0x1406A5980,0x1406A57D0,0x14094E520,0x140E29D60,0x140E28350,0x140E283B0,.?AVCUnitTaskAutomata_059NEXTGN_004NEXTGS_001_ToumeiKunaiShot@EXVS2@@|.?AVCUnitTaskAutomataSummon@GAM@VDK@@|.?AVCUnitTaskAutomataRadiconParentActor@GAM@VDK@@|.?AVCUnitTaskAutomataRadicon@GAM@VDK@@|.?AVCUnitTaskAutomataAbstract@GAM@VDK@@|.?AVCUnitTaskActorProjectileAbstract@GAM@VDK@@|.?AVCUnitTaskActorAbstract@GAM@VDK@@|.?AVCUnitTaskBattleAbstract@GAM@VDK@@
059NEXTGN,004NEXTGS,002,AssistBunshinRush,EXVS2,SummonRushAttackNormal,0x1414C00A0,465,0x330,19,0;2;12;18;21;30;42;46;72;73;78;79;80;81;83;84;87;88;90,0x14092A700,0x140E29250,0x140E291F0,0x1406A5170,0x1406A5980,0x1406A57D0,0x14094E5F0,0x140E29310,0x140E290A0,0x140E29300,.?AVCUnitTaskAutomata_059NEXTGN_004NEXTGS_002_AssistBunshinRush@EXVS2@@|.?AVCUnitTaskAutomataSummonRushAttackNormal@GAM@VDK@@|.?AVCUnitTaskAutomataSummonRushAttack@GAM@VDK@@|.?AVCUnitTaskAutomataSummonRush@GAM@VDK@@|.?AVCUnitTaskAutomataSummon@GAM@VDK@@|.?AVCUnitTaskAutomataRadiconParentActor@GAM@VDK@@|.?AVCUnitTaskAutomataRadicon@GAM@VDK@@|.?AVCUnitTaskAutomataAbstract@GAM@VDK@@
059NEXTGN,004NEXTGS,002,AssistBunshinThrowKunai,EXVS2,StickerLaunchBone,0x1414C03D0,465,0x1C0,11,0;2;12;18;78;79;81;84;88;89;91,0x14092A100,0x140E29690,0x140E29610,0x1406A5170,0x1406A5980,0x1406A57D0,0x14094E4D0,0x140E29A50,0x140E294E0,0x140E29790,.?AVCUnitTaskAutomata_059NEXTGN_004NEXTGS_002_AssistBunshinThrowKunai@EXVS2@@|.?AVCUnitTaskAutomataStickerLaunchBone@GAM@VDK@@|.?AVCUnitTaskAutomataSticker@GAM@VDK@@|.?AVCUnitTaskAutomataRadiconParentActor@GAM@VDK@@|.?AVCUnitTaskAutomataRadicon@GAM@VDK@@|.?AVCUnitTaskAutomataAbstract@GAM@VDK@@|.?AVCUnitTaskActorProjectileAbstract@GAM@VDK@@|.?AVCUnitTaskActorAbstract@GAM@VDK@@
059NEXTGN,004NEXTGS,002,BeamCaltrop,EXVS2,Throw,0x1414BF728,465,0x1C0,13,0;2;12;22;72;76;78;79;81;84;87;88;89,0x14092A3E0,0x140E289A0,0x140F89630,0x1406A5170,0x1406A5980,0x1406A57D0,0x14094E8C0,0x140E28C60,0x140E28820,0x140E28AD0,.?AVCUnitTaskAutomata_059NEXTGN_004NEXTGS_002_BeamCaltrop@EXVS2@@|.?AVCUnitTaskAutomataThrow@GAM@VDK@@|.?AVCUnitTaskAutomataRadiconParentActor@GAM@VDK@@|.?AVCUnitTaskAutomataRadicon@GAM@VDK@@|.?AVCUnitTaskAutomataAbstract@GAM@VDK@@|.?AVCUnitTaskActorProjectileAbstract@GAM@VDK@@|.?AVCUnitTaskActorAbstract@GAM@VDK@@|.?AVCUnitTaskBattleAbstract@GAM@VDK@@
059NEXTGN,004NEXTGS,002,BeamKunai,EXVS2,Throw,0x1414BFA50,465,0x1C0,12,0;2;22;76;78;79;81;84;87;88;89;91,0x14092A3E0,0x140F76310,0x1406A5B30,0x1406A5170,0x1406A5980,0x1406A57D0,0x14094E8C0,0x140E28DB0,0x140E28CB0,0x140E28D60,.?AVCUnitTaskAutomata_059NEXTGN_004NEXTGS_002_BeamKunai@EXVS2@@|.?AVCUnitTaskAutomata_000COMMON_000COMMON_001_ThrowSaber@EXVS2@@|.?AVCUnitTaskAutomataThrow@GAM@VDK@@|.?AVCUnitTaskAutomataRadiconParentActor@GAM@VDK@@|.?AVCUnitTaskAutomataRadicon@GAM@VDK@@|.?AVCUnitTaskAutomataAbstract@GAM@VDK@@|.?AVCUnitTaskActorProjectileAbstract@GAM@VDK@@|.?AVCUnitTaskActorAbstract@GAM@VDK@@
059NEXTGN,004NEXTGS,002,BeamShotelBunriThrow,EXVS2,Throw,0x1414BF400,465,0x1C0,13,0;2;12;22;73;76;78;79;81;87;88;89;91,0x14092A3E0,0x140E26F00,0x140E26E80,0x1406A5170,0x1406A5980,0x1406A57D0,0x14094E8C0,0x140E27250,0x140E28600,0x140E26F80,.?AVCUnitTaskAutomata_059NEXTGN_004NEXTGS_002_BeamShotelBunriThrow@EXVS2@@|.?AVCUnitTaskAutomataThrow@GAM@VDK@@|.?AVCUnitTaskAutomataRadiconParentActor@GAM@VDK@@|.?AVCUnitTaskAutomataRadicon@GAM@VDK@@|.?AVCUnitTaskAutomataAbstract@GAM@VDK@@|.?AVCUnitTaskActorProjectileAbstract@GAM@VDK@@|.?AVCUnitTaskActorAbstract@GAM@VDK@@|.?AVCUnitTaskBattleAbstract@GAM@VDK@@
059NEXTGN,004NEXTGS,002,BeamShotelThrow,EXVS2,Throw,0x1414BF0D8,465,0x1C0,10,0;2;12;22;76;78;79;81;87;88,0x14092A3E0,0x140E26F00,0x140E26E80,0x1406A5170,0x1406A5980,0x1406A57D0,0x14094E8C0,0x140E28550,0x140E28490,0x140E26F80,.?AVCUnitTaskAutomata_059NEXTGN_004NEXTGS_002_BeamShotelThrow@EXVS2@@|.?AVCUnitTaskAutomataThrow@GAM@VDK@@|.?AVCUnitTaskAutomataRadiconParentActor@GAM@VDK@@|.?AVCUnitTaskAutomataRadicon@GAM@VDK@@|.?AVCUnitTaskAutomataAbstract@GAM@VDK@@|.?AVCUnitTaskActorProjectileAbstract@GAM@VDK@@|.?AVCUnitTaskActorAbstract@GAM@VDK@@|.?AVCUnitTaskBattleAbstract@GAM@VDK@@
059NEXTGN,004NEXTGS,002,FireBall,EXVS2,Throw,0x1414C1090,465,0x1C0,11,0;2;22;76;78;79;81;84;87;88;91,0x14092A3E0,0x140F76310,0x1406A5B30,0x1406A5170,0x1406A5980,0x1406A57D0,0x14094E8C0,0x140E29DE0,0x140DDC8E0,0x140E29DB0,.?AVCUnitTaskAutomata_059NEXTGN_004NEXTGS_002_FireBall@EXVS2@@|.?AVCUnitTaskAutomataThrow@GAM@VDK@@|.?AVCUnitTaskAutomataRadiconParentActor@GAM@VDK@@|.?AVCUnitTaskAutomataRadicon@GAM@VDK@@|.?AVCUnitTaskAutomataAbstract@GAM@VDK@@|.?AVCUnitTaskActorProjectileAbstract@GAM@VDK@@|.?AVCUnitTaskActorAbstract@GAM@VDK@@|.?AVCUnitTaskBattleAbstract@GAM@VDK@@
059NEXTGN,004NEXTGS,002,SummonRock,EXVS2,Throw,0x1414BFD78,465,0x1C0,10,0;2;22;76;78;79;81;84;87;88,0x14092A3E0,0x140E28F00,0x1406A5B30,0x1406A5170,0x1406A5980,0x1406A57D0,0x14094E8C0,0x140E29070,0x140E28EB0,0x140E29030,.?AVCUnitTaskAutomata_059NEXTGN_004NEXTGS_002_SummonRock@EXVS2@@|.?AVCUnitTaskAutomataThrow@GAM@VDK@@|.?AVCUnitTaskAutomataRadiconParentActor@GAM@VDK@@|.?AVCUnitTaskAutomataRadicon@GAM@VDK@@|.?AVCUnitTaskAutomataAbstract@GAM@VDK@@|.?AVCUnitTaskActorProjectileAbstract@GAM@VDK@@|.?AVCUnitTaskActorAbstract@GAM@VDK@@|.?AVCUnitTaskBattleAbstract@GAM@VDK@@
059NEXTGN,004NEXTGS,002,SummonRockEffect,EXVS2,RadiconParentActor,0x1414C0708,465,0x1C0,8,0;2;12;78;79;81;84;88,0x14092A3E0,0x140F76310,0x140F89630,0x1406A5170,0x1406A5980,0x1406A57D0,0x14094EDF0,0x140E29B70,0x140E29AA0,0x140E28260,.?AVCUnitTaskAutomata_059NEXTGN_004NEXTGS_002_SummonRockEffect@EXVS2@@|.?AVCUnitTaskAutomataRadiconParentActor@GAM@VDK@@|.?AVCUnitTaskAutomataRadicon@GAM@VDK@@|.?AVCUnitTaskAutomataAbstract@GAM@VDK@@|.?AVCUnitTaskActorProjectileAbstract@GAM@VDK@@|.?AVCUnitTaskActorAbstract@GAM@VDK@@|.?AVCUnitTaskBattleAbstract@GAM@VDK@@|.?AVCUnitTaskAbstract@FWK@VDK@@
059NEXTGN,004NEXTGS,002,SummonRockEntry,EXVS2,SummonRush,0x1414C0A30,465,0x2C0,17,0;2;18;21;30;42;46;72;73;78;79;80;81;84;87;88;90,0x14092A700,0x140DE1070,0x1406A5B30,0x1406A5170,0x1406A5980,0x1406A57D0,0x14094E5B0,0x140E29C40,0x140E29BE0,0x140E28260,.?AVCUnitTaskAutomata_059NEXTGN_004NEXTGS_002_SummonRockEntry@EXVS2@@|.?AVCUnitTaskAutomataSummonRush@GAM@VDK@@|.?AVCUnitTaskAutomataSummon@GAM@VDK@@|.?AVCUnitTaskAutomataRadiconParentActor@GAM@VDK@@|.?AVCUnitTaskAutomataRadicon@GAM@VDK@@|.?AVCUnitTaskAutomataAbstract@GAM@VDK@@|.?AVCUnitTaskActorProjectileAbstract@GAM@VDK@@|.?AVCUnitTaskActorAbstract@GAM@VDK@@
059NEXTGN,004NEXTGS,002,ToumeiKunaiShot,EXVS2,Summon,0x1414C0D60,465,0x290,18,0;2;11;18;21;30;42;46;72;73;78;79;80;81;84;87;88;90,0x14092A700,0x140F76670,0x1406A5B30,0x1406A5170,0x1406A5980,0x1406A57D0,0x14094E520,0x140E29D60,0x140E29D10,0x140E283B0,.?AVCUnitTaskAutomata_059NEXTGN_004NEXTGS_002_ToumeiKunaiShot@EXVS2@@|.?AVCUnitTaskAutomataSummon@GAM@VDK@@|.?AVCUnitTaskAutomataRadiconParentActor@GAM@VDK@@|.?AVCUnitTaskAutomataRadicon@GAM@VDK@@|.?AVCUnitTaskAutomataAbstract@GAM@VDK@@|.?AVCUnitTaskActorProjectileAbstract@GAM@VDK@@|.?AVCUnitTaskActorAbstract@GAM@VDK@@|.?AVCUnitTaskBattleAbstract@GAM@VDK@@
062BLDDRR,001EARTHR,001,AssistMarsArmorRush,EXVS2,SummonRush,0x1414C13B8,465,0x2C0,18,0;2;18;21;30;41;42;46;72;73;78;79;80;81;84;87;88;90,0x14092A100,0x140E12E30,0x1406A5B30,0x1406A5170,0x1406A5980,0x1406A57D0,0x14094E5B0,0x140E29E80,0x140E29E10,0x140E2AE90,.?AVCUnitTaskAutomata_062BLDDRR_001EARTHR_001_AssistMarsArmorRush@EXVS2@@|.?AVCUnitTaskAutomataSummonRush@GAM@VDK@@|.?AVCUnitTaskAutomataSummon@GAM@VDK@@|.?AVCUnitTaskAutomataRadiconParentActor@GAM@VDK@@|.?AVCUnitTaskAutomataRadicon@GAM@VDK@@|.?AVCUnitTaskAutomataAbstract@GAM@VDK@@|.?AVCUnitTaskActorProjectileAbstract@GAM@VDK@@|.?AVCUnitTaskActorAbstract@GAM@VDK@@
062BLDDRR,001EARTHR,001,AssistVenusArmorShot,EXVS2,SummonRushShot,0x1414C16E8,465,0x2F0,20,0;2;12;18;21;30;41;42;46;69;72;73;78;79;80;81;84;87;88;90,0x14092A310,0x140DE1070,0x140DE1770,0x1406A5170,0x1406A5980,0x1406A57D0,0x14094E6F0,0x140E2A120,0x140E29EC0,0x140E29FE0,.?AVCUnitTaskAutomata_062BLDDRR_001EARTHR_001_AssistVenusArmorShot@EXVS2@@|.?AVCUnitTaskAutomataSummonRushShot@GAM@VDK@@|.?AVCUnitTaskAutomataSummonRush@GAM@VDK@@|.?AVCUnitTaskAutomataSummon@GAM@VDK@@|.?AVCUnitTaskAutomataRadiconParentActor@GAM@VDK@@|.?AVCUnitTaskAutomataRadicon@GAM@VDK@@|.?AVCUnitTaskAutomataAbstract@GAM@VDK@@|.?AVCUnitTaskActorProjectileAbstract@GAM@VDK@@
062BLDDRR,001EARTHR,001,FreeFallParts,EXVS2,FreeFall,0x1414C3390,465,0x1C0,10,0;2;22;25;49;78;79;81;84;89,0x14092A3E0,0x140F76310,0x1406A5B30,0x1406A5170,0x1406A5980,0x1406A57D0,0x14094DF60,0x140E2B0D0,0x140E2B070,0x140DDC890,.?AVCUnitTaskAutomata_062BLDDRR_001EARTHR_001_FreeFallParts@EXVS2@@|.?AVCUnitTaskAutomataFreeFall@GAM@VDK@@|.?AVCUnitTaskAutomataRadiconParentActor@GAM@VDK@@|.?AVCUnitTaskAutomataRadicon@GAM@VDK@@|.?AVCUnitTaskAutomataAbstract@GAM@VDK@@|.?AVCUnitTaskActorProjectileAbstract@GAM@VDK@@|.?AVCUnitTaskActorAbstract@GAM@VDK@@|.?AVCUnitTaskBattleAbstract@GAM@VDK@@
062BLDDRR,001EARTHR,001,FunnelAdzamLeader,EXVS2,FunnelShotStayShift,0x1414C36B8,977,0x210,11,0;2;28;43;78;79;81;84;87;88;89,0x14092A3E0,0x140F75740,0x1406A5B30,0x14094F070,0x1406A5980,0x1406A57D0,0x14094E2A0,0x140E2B290,0x140E2B0F0,0x140E2B210,.?AVCUnitTaskAutomata_062BLDDRR_001EARTHR_001_FunnelAdzamLeader@EXVS2@@|.?AVCUnitTaskAutomataFunnelShotStayShift@GAM@VDK@@|.?AVCUnitTaskAutomataFunnelShiftPos@GAM@VDK@@|.?AVCUnitTaskAutomataFunnel@GAM@VDK@@|.?AVCUnitTaskAutomataRadiconParentActor@GAM@VDK@@|.?AVCUnitTaskAutomataRadicon@GAM@VDK@@|.?AVCUnitTaskAutomataAbstract@GAM@VDK@@|.?AVCUnitTaskActorProjectileAbstract@GAM@VDK@@
062BLDDRR,001EARTHR,001,JupitiveManiferBitShot,EXVS2,FunnelMawarikomi,0x1414C1D40,977,0x210,10,0;2;28;43;69;78;79;81;84;87,0x14092A700,0x140F75740,0x1406A5B30,0x14094F070,0x1406A5980,0x1406A57D0,0x14094E050,0x140E2A350,0x140E2A2F0,0x140DDCDC0,.?AVCUnitTaskAutomata_062BLDDRR_001EARTHR_001_JupitiveManiferBitShot@EXVS2@@|.?AVCUnitTaskAutomataFunnelMawarikomi@GAM@VDK@@|.?AVCUnitTaskAutomataFunnelFly@GAM@VDK@@|.?AVCUnitTaskAutomataFunnel@GAM@VDK@@|.?AVCUnitTaskAutomataRadiconParentActor@GAM@VDK@@|.?AVCUnitTaskAutomataRadicon@GAM@VDK@@|.?AVCUnitTaskAutomataAbstract@GAM@VDK@@|.?AVCUnitTaskActorProjectileAbstract@GAM@VDK@@
062BLDDRR,001EARTHR,001,JupitiveMultiContainerBitFriend,EXVS2,FunnelDefenceFormation,0x1414C23A0,1489,0x210,11,0;2;28;43;78;79;81;84;88;91;93,0x140929E00,0x140F75740,0x1406A5B30,0x14094F080,0x1406A5980,0x1406A57D0,0x14094E0A0,0x140E2A580,0x140E2A720,0x140E28260,.?AVCUnitTaskAutomata_062BLDDRR_001EARTHR_001_JupitiveMultiContainerBitFriend@EXVS2@@|.?AVCUnitTaskAutomata_062BLDDRR_001EARTHR_001_JupitiveMultiContainerBitCommon@EXVS2@@|.?AVCUnitTaskAutomataFunnelDefenceFormation@GAM@VDK@@|.?AVCUnitTaskAutomataFunnelDefence@GAM@VDK@@|.?AVCUnitTaskAutomataFunnelFlyStick@GAM@VDK@@|.?AVCUnitTaskAutomataFunnelShiftPos@GAM@VDK@@|.?AVCUnitTaskAutomataFunnel@GAM@VDK@@|.?AVCUnitTaskAutomataRadiconParentActor@GAM@VDK@@
062BLDDRR,001EARTHR,001,JupitiveMultiContainerBitSelf,EXVS2,FunnelDefenceFormation,0x1414C2068,1489,0x210,11,0;2;28;43;78;79;81;84;88;91;93,0x140929E00,0x140F75740,0x1406A5B30,0x14094F080,0x1406A5980,0x1406A57D0,0x14094E0A0,0x140E2A580,0x140E2A6A0,0x140E28260,.?AVCUnitTaskAutomata_062BLDDRR_001EARTHR_001_JupitiveMultiContainerBitSelf@EXVS2@@|.?AVCUnitTaskAutomata_062BLDDRR_001EARTHR_001_JupitiveMultiContainerBitCommon@EXVS2@@|.?AVCUnitTaskAutomataFunnelDefenceFormation@GAM@VDK@@|.?AVCUnitTaskAutomataFunnelDefence@GAM@VDK@@|.?AVCUnitTaskAutomataFunnelFlyStick@GAM@VDK@@|.?AVCUnitTaskAutomataFunnelShiftPos@GAM@VDK@@|.?AVCUnitTaskAutomataFunnel@GAM@VDK@@|.?AVCUnitTaskAutomataRadiconParentActor@GAM@VDK@@
062BLDDRR,001EARTHR,001,MarsfourVSlashEffectStick,EXVS2,Sticker,0x1414C26D8,465,0x1C0,7,0;2;78;79;81;84;91,0x14092A700,0x140F76B40,0x1406A5B30,0x1406A5170,0x1406A5980,0x1406A57D0,0x14094E4D0,0x140E2A860,0x140E2A7A0,0x140E2A810,.?AVCUnitTaskAutomata_062BLDDRR_001EARTHR_001_MarsfourVSlashEffectStick@EXVS2@@|.?AVCUnitTaskAutomataSticker@GAM@VDK@@|.?AVCUnitTaskAutomataRadiconParentActor@GAM@VDK@@|.?AVCUnitTaskAutomataRadicon@GAM@VDK@@|.?AVCUnitTaskAutomataAbstract@GAM@VDK@@|.?AVCUnitTaskActorProjectileAbstract@GAM@VDK@@|.?AVCUnitTaskActorAbstract@GAM@VDK@@|.?AVCUnitTaskBattleAbstract@GAM@VDK@@
062BLDDRR,001EARTHR,001,SpAssistVenusArmorRush,EXVS2,SummonRush,0x1414C3060,465,0x2C0,18,0;2;18;21;30;41;42;46;72;73;78;79;80;81;84;87;88;90,0x14092A700,0x140E12E30,0x1406A5B30,0x1406A5170,0x1406A5980,0x1406A57D0,0x14094E5B0,0x140E2AFD0,0x140E2AD90,0x140E2AE90,.?AVCUnitTaskAutomata_062BLDDRR_001EARTHR_001_SpAssistVenusArmorRush@EXVS2@@|.?AVCUnitTaskAutomataSummonRush@GAM@VDK@@|.?AVCUnitTaskAutomataSummon@GAM@VDK@@|.?AVCUnitTaskAutomataRadiconParentActor@GAM@VDK@@|.?AVCUnitTaskAutomataRadicon@GAM@VDK@@|.?AVCUnitTaskAutomataAbstract@GAM@VDK@@|.?AVCUnitTaskActorProjectileAbstract@GAM@VDK@@|.?AVCUnitTaskActorAbstract@GAM@VDK@@
062BLDDRR,001EARTHR,001,SpEarthreePartsShot,EXVS2,FunnelShotStayShift,0x1414C2A10,977,0x210,10,0;2;28;43;78;79;81;84;87;88,0x14092A3E0,0x140F75740,0x1406A5B30,0x14094F070,0x1406A5980,0x1406A57D0,0x14094E2A0,0x140E2AA50,0x140E2A890,0x140E2BFD0,.?AVCUnitTaskAutomata_062BLDDRR_001EARTHR_001_SpEarthreePartsShot@EXVS2@@|.?AVCUnitTaskAutomataFunnelShotStayShift@GAM@VDK@@|.?AVCUnitTaskAutomataFunnelShiftPos@GAM@VDK@@|.?AVCUnitTaskAutomataFunnel@GAM@VDK@@|.?AVCUnitTaskAutomataRadiconParentActor@GAM@VDK@@|.?AVCUnitTaskAutomataRadicon@GAM@VDK@@|.?AVCUnitTaskAutomataAbstract@GAM@VDK@@|.?AVCUnitTaskActorProjectileAbstract@GAM@VDK@@
062BLDDRR,001EARTHR,001,SpPartsMissile,EXVS2,Throw,0x1414C4358,465,0x1C0,10,0;22;76;78;79;81;84;87;88;89,0x14092A3E0,0x1406A5BA0,0x1406A5B30,0x1406A5170,0x1406A5980,0x1406A57D0,0x14094E8C0,0x140E2C2F0,0x140E2C2A0,0x140F3A140,.?AVCUnitTaskAutomata_062BLDDRR_001EARTHR_001_SpPartsMissile@EXVS2@@|.?AVCUnitTaskAutomata_000COMMON_000COMMON_001_ThrowMissile@EXVS2@@|.?AVCUnitTaskAutomataThrow@GAM@VDK@@|.?AVCUnitTaskAutomataRadiconParentActor@GAM@VDK@@|.?AVCUnitTaskAutomataRadicon@GAM@VDK@@|.?AVCUnitTaskAutomataAbstract@GAM@VDK@@|.?AVCUnitTaskActorProjectileAbstract@GAM@VDK@@|.?AVCUnitTaskActorAbstract@GAM@VDK@@
062BLDDRR,001EARTHR,001,SpShieldMissile,EXVS2,Throw,0x1414C4030,465,0x1C0,10,0;22;76;78;79;81;84;87;88;89,0x14092A3E0,0x1406A5BA0,0x1406A5B30,0x1406A5170,0x1406A5980,0x1406A57D0,0x14094E8C0,0x140E2C1C0,0x140E2C130,0x140F3A140,.?AVCUnitTaskAutomata_062BLDDRR_001EARTHR_001_SpShieldMissile@EXVS2@@|.?AVCUnitTaskAutomata_000COMMON_000COMMON_001_ThrowMissile@EXVS2@@|.?AVCUnitTaskAutomataThrow@GAM@VDK@@|.?AVCUnitTaskAutomataRadiconParentActor@GAM@VDK@@|.?AVCUnitTaskAutomataRadicon@GAM@VDK@@|.?AVCUnitTaskAutomataAbstract@GAM@VDK@@|.?AVCUnitTaskActorProjectileAbstract@GAM@VDK@@|.?AVCUnitTaskActorAbstract@GAM@VDK@@
062BLDDRR,001EARTHR,001,SpShieldShot,EXVS2,FunnelShotStayShift,0x1414C3D08,977,0x210,10,0;2;28;43;78;79;81;84;87;88,0x14092A3E0,0x140F75740,0x1406A5B30,0x14094F070,0x1406A5980,0x1406A57D0,0x14094E2A0,0x140E2C000,0x140E2BE00,0x140E2BFD0,.?AVCUnitTaskAutomata_062BLDDRR_001EARTHR_001_SpShieldShot@EXVS2@@|.?AVCUnitTaskAutomataFunnelShotStayShift@GAM@VDK@@|.?AVCUnitTaskAutomataFunnelShiftPos@GAM@VDK@@|.?AVCUnitTaskAutomataFunnel@GAM@VDK@@|.?AVCUnitTaskAutomataRadiconParentActor@GAM@VDK@@|.?AVCUnitTaskAutomataRadicon@GAM@VDK@@|.?AVCUnitTaskAutomataAbstract@GAM@VDK@@|.?AVCUnitTaskActorProjectileAbstract@GAM@VDK@@
062BLDDRR,001EARTHR,001,SpVeetwoBackpackShot,EXVS2,FunnelShotStayShift,0x1414C2D38,977,0x210,10,0;2;28;43;78;79;81;84;87;88,0x14092A3E0,0x140F75740,0x1406A5B30,0x14094F070,0x1406A5980,0x1406A57D0,0x14094E2A0,0x140E2ACE0,0x140E2AB20,0x140E2BFD0,.?AVCUnitTaskAutomata_062BLDDRR_001EARTHR_001_SpVeetwoBackpackShot@EXVS2@@|.?AVCUnitTaskAutomataFunnelShotStayShift@GAM@VDK@@|.?AVCUnitTaskAutomataFunnelShiftPos@GAM@VDK@@|.?AVCUnitTaskAutomataFunnel@GAM@VDK@@|.?AVCUnitTaskAutomataRadiconParentActor@GAM@VDK@@|.?AVCUnitTaskAutomataRadicon@GAM@VDK@@|.?AVCUnitTaskAutomataAbstract@GAM@VDK@@|.?AVCUnitTaskActorProjectileAbstract@GAM@VDK@@
062BLDDRR,001EARTHR,001,ThrowAdzamLeader,EXVS2,Throw,0x1414C1A18,465,0x1C0,10,0;22;76;78;79;81;84;87;88;91,0x14092A3E0,0x1406A5BA0,0x1406A5B30,0x1406A5170,0x1406A5980,0x1406A57D0,0x14094E8C0,0x140E2A2A0,0x140E2A1E0,0x140F920A0,.?AVCUnitTaskAutomata_062BLDDRR_001EARTHR_001_ThrowAdzamLeader@EXVS2@@|.?AVCUnitTaskAutomataThrow@GAM@VDK@@|.?AVCUnitTaskAutomataRadiconParentActor@GAM@VDK@@|.?AVCUnitTaskAutomataRadicon@GAM@VDK@@|.?AVCUnitTaskAutomataAbstract@GAM@VDK@@|.?AVCUnitTaskActorProjectileAbstract@GAM@VDK@@|.?AVCUnitTaskActorAbstract@GAM@VDK@@|.?AVCUnitTaskBattleAbstract@GAM@VDK@@
062BLDDRR,001EARTHR,001,ThrowDoubleBeam,EXVS2,Throw,0x1414C39E0,465,0x1C0,9,0;22;76;78;79;81;84;87;88,0x14092A3E0,0x1406A5BA0,0x1406A5B30,0x1406A5170,0x1406A5980,0x1406A57D0,0x14094E8C0,0x140E2B760,0x140E2B330,0x140E2B740,.?AVCUnitTaskAutomata_062BLDDRR_001EARTHR_001_ThrowDoubleBeam@EXVS2@@|.?AVCUnitTaskAutomataThrow@GAM@VDK@@|.?AVCUnitTaskAutomataRadiconParentActor@GAM@VDK@@|.?AVCUnitTaskAutomataRadicon@GAM@VDK@@|.?AVCUnitTaskAutomataAbstract@GAM@VDK@@|.?AVCUnitTaskActorProjectileAbstract@GAM@VDK@@|.?AVCUnitTaskActorAbstract@GAM@VDK@@|.?AVCUnitTaskBattleAbstract@GAM@VDK@@
066SUISEI,001AERIAL,001,GunBitAttachRifle,EXVS2,AttachReturn,0x1414C5008,465,0x240,8,0;2;78;79;81;84;88;91,0x14092A3E0,0x140E2CE10,0x1406A5B30,0x1406A5170,0x1406A5980,0x1406A57D0,0x14094DDB0,0x140E2CF10,0x140E2CDB0,0x140DE1E80,.?AVCUnitTaskAutomata_066SUISEI_001AERIAL_001_GunBitAttachRifle@EXVS2@@|.?AVCUnitTaskAutomataAttachReturn@GAM@VDK@@|.?AVCUnitTaskAutomataAttach@GAM@VDK@@|.?AVCUnitTaskAutomataAttachAbstract@GAM@VDK@@|.?AVCUnitTaskAutomataRadiconParentActor@GAM@VDK@@|.?AVCUnitTaskAutomataRadicon@GAM@VDK@@|.?AVCUnitTaskAutomataAbstract@GAM@VDK@@|.?AVCUnitTaskActorProjectileAbstract@GAM@VDK@@
066SUISEI,001AERIAL,001,GunBitFlyShot,EXVS2,FunnelSwarm,0x1414C4680,977,0x230,12,0;2;28;43;69;78;79;81;84;87;88;96,0x14092A620,0x140E2C4C0,0x1406A5B30,0x14094F070,0x1406A5980,0x1406A57D0,0x14094E2F0,0x140E2C610,0x140E2C380,0x140DDCDC0,.?AVCUnitTaskAutomata_066SUISEI_001AERIAL_001_GunBitFlyShot@EXVS2@@|.?AVCUnitTaskAutomataFunnelSwarm@GAM@VDK@@|.?AVCUnitTaskAutomataFunnelMawarikomi@GAM@VDK@@|.?AVCUnitTaskAutomataFunnelFly@GAM@VDK@@|.?AVCUnitTaskAutomataFunnel@GAM@VDK@@|.?AVCUnitTaskAutomataRadiconParentActor@GAM@VDK@@|.?AVCUnitTaskAutomataRadicon@GAM@VDK@@|.?AVCUnitTaskAutomataAbstract@GAM@VDK@@
066SUISEI,001AERIAL,001,GunBitGuard,EXVS2,FunnelDefenceFormation,0x1414C4CD0,1489,0x210,13,0;2;21;28;43;78;79;81;84;88;91;93;96,0x14092A6B0,0x140E06020,0x1406A5B30,0x14094F080,0x1406A5980,0x1406A57D0,0x14094E0A0,0x140E2CC60,0x140E2CB90,0x140E28260,.?AVCUnitTaskAutomata_066SUISEI_001AERIAL_001_GunBitGuard@EXVS2@@|.?AVCUnitTaskAutomataFunnelDefenceFormation@GAM@VDK@@|.?AVCUnitTaskAutomataFunnelDefence@GAM@VDK@@|.?AVCUnitTaskAutomataFunnelFlyStick@GAM@VDK@@|.?AVCUnitTaskAutomataFunnelShiftPos@GAM@VDK@@|.?AVCUnitTaskAutomataFunnel@GAM@VDK@@|.?AVCUnitTaskAutomataRadiconParentActor@GAM@VDK@@|.?AVCUnitTaskAutomataRadicon@GAM@VDK@@
066SUISEI,001AERIAL,001,GunBitReturn,EXVS2,AttachAbstract,0x1414C5CA8,465,0x210,10,0;2;78;79;81;84;88;96;97;98,0x14092A700,0x140F832A0,0x1406A5B30,0x1406A5170,0x1406A5980,0x1406A57D0,0x14094DD70,0x140E2DC20,0x140E2DAF0,0x140DE1E80,.?AVCUnitTaskAutomata_066SUISEI_001AERIAL_001_GunBitReturn@EXVS2@@|.?AVCUnitTaskAutomataAttachAbstract@GAM@VDK@@|.?AVCUnitTaskAutomataRadiconParentActor@GAM@VDK@@|.?AVCUnitTaskAutomataRadicon@GAM@VDK@@|.?AVCUnitTaskAutomataAbstract@GAM@VDK@@|.?AVCUnitTaskActorProjectileAbstract@GAM@VDK@@|.?AVCUnitTaskActorAbstract@GAM@VDK@@|.?AVCUnitTaskBattleAbstract@GAM@VDK@@
066SUISEI,001AERIAL,001,GunBitSpFlyShot,EXVS2,FunnelMawarikomi,0x1414C49A8,977,0x210,12,0;2;28;43;69;78;79;81;84;87;88;96,0x14092A100,0x140E2C960,0x1406A5B30,0x14094F070,0x1406A5980,0x1406A57D0,0x14094E050,0x140E2CA30,0x140E2C820,0x140DDCDC0,.?AVCUnitTaskAutomata_066SUISEI_001AERIAL_001_GunBitSpFlyShot@EXVS2@@|.?AVCUnitTaskAutomataFunnelMawarikomi@GAM@VDK@@|.?AVCUnitTaskAutomataFunnelFly@GAM@VDK@@|.?AVCUnitTaskAutomataFunnel@GAM@VDK@@|.?AVCUnitTaskAutomataRadiconParentActor@GAM@VDK@@|.?AVCUnitTaskAutomataRadicon@GAM@VDK@@|.?AVCUnitTaskAutomataAbstract@GAM@VDK@@|.?AVCUnitTaskActorProjectileAbstract@GAM@VDK@@
066SUISEI,001AERIAL,001,GunBitStayShot,EXVS2,FunnelShotStayShift,0x1414C5330,977,0x210,11,0;2;28;43;78;79;81;84;87;88;96,0x14092A700,0x140E2D160,0x1406A5B30,0x14094F070,0x1406A5980,0x1406A57D0,0x14094E2A0,0x140E2D2B0,0x140E2D010,0x140E31B20,.?AVCUnitTaskAutomata_066SUISEI_001AERIAL_001_GunBitStayShot@EXVS2@@|.?AVCUnitTaskAutomataFunnelShotStayShift@GAM@VDK@@|.?AVCUnitTaskAutomataFunnelShiftPos@GAM@VDK@@|.?AVCUnitTaskAutomataFunnel@GAM@VDK@@|.?AVCUnitTaskAutomataRadiconParentActor@GAM@VDK@@|.?AVCUnitTaskAutomataRadicon@GAM@VDK@@|.?AVCUnitTaskAutomataAbstract@GAM@VDK@@|.?AVCUnitTaskActorProjectileAbstract@GAM@VDK@@
066SUISEI,001AERIAL,001,GunBitSwarm,EXVS2,FunnelSwarm,0x1414C5980,977,0x230,12,0;2;28;43;69;78;79;81;84;87;88;96,0x14092A620,0x140E2D820,0x1406A5B30,0x14094F070,0x1406A5980,0x1406A57D0,0x14094E2F0,0x140E2D900,0x140E2D6D0,0x140DDCDC0,.?AVCUnitTaskAutomata_066SUISEI_001AERIAL_001_GunBitSwarm@EXVS2@@|.?AVCUnitTaskAutomataFunnelSwarm@GAM@VDK@@|.?AVCUnitTaskAutomataFunnelMawarikomi@GAM@VDK@@|.?AVCUnitTaskAutomataFunnelFly@GAM@VDK@@|.?AVCUnitTaskAutomataFunnel@GAM@VDK@@|.?AVCUnitTaskAutomataRadiconParentActor@GAM@VDK@@|.?AVCUnitTaskAutomataRadicon@GAM@VDK@@|.?AVCUnitTaskAutomataAbstract@GAM@VDK@@
066SUISEI,001AERIAL,001,GunBitTukimatoi,EXVS2,FunnelTukimatoi_ShotOrder,0x1414C5658,977,0x230,10,0;2;28;43;69;78;79;81;84;88,0x14092A700,0x140E2F470,0x1406A5B30,0x14094F070,0x1406A5980,0x1406A57D0,0x14094E170,0x140E2D570,0x140E2D460,0x140DDCDC0,.?AVCUnitTaskAutomata_066SUISEI_001AERIAL_001_GunBitTukimatoi@EXVS2@@|.?AVCUnitTaskAutomataFunnelTukimatoi_ShotOrder@GAM@VDK@@|.?AVCUnitTaskAutomataFunnelMawarikomi_ShotOrder@GAM@VDK@@|.?AVCUnitTaskAutomataFunnelShotImmediate@GAM@VDK@@|.?AVCUnitTaskAutomataFunnelMawarikomi@GAM@VDK@@|.?AVCUnitTaskAutomataFunnelFly@GAM@VDK@@|.?AVCUnitTaskAutomataFunnel@GAM@VDK@@|.?AVCUnitTaskAutomataRadiconParentActor@GAM@VDK@@
066SUISEI,002PHARCT,001,BeamSaberThrow,EXVS2,Throw,0x1414C6FA8,465,0x1C0,12,0;22;74;76;78;79;81;84;87;88;89;91,0x14092A3E0,0x1406A5BA0,0x1406A5B30,0x1406A5170,0x1406A5980,0x1406A57D0,0x14094E8C0,0x140F5C530,0x140E2EC70,0x140DDCAC0,.?AVCUnitTaskAutomata_066SUISEI_002PHARCT_001_BeamSaberThrow@EXVS2@@|.?AVCUnitTaskAutomataThrow@GAM@VDK@@|.?AVCUnitTaskAutomataRadiconParentActor@GAM@VDK@@|.?AVCUnitTaskAutomataRadicon@GAM@VDK@@|.?AVCUnitTaskAutomataAbstract@GAM@VDK@@|.?AVCUnitTaskActorProjectileAbstract@GAM@VDK@@|.?AVCUnitTaskActorAbstract@GAM@VDK@@|.?AVCUnitTaskBattleAbstract@GAM@VDK@@
066SUISEI,002PHARCT,001,GunBitAttachRollingRush,EXVS2,AttachToRadiconReturn,0x1414C6C80,465,0x1F0,9,0;12;59;78;79;81;84;88;89,0x14092A3E0,0x1406A5BA0,0x140E2E5C0,0x1406A5170,0x1406A5980,0x1406A57D0,0x14094DED0,0x140E2EA60,0x140E2E4D0,0x140E2E880,.?AVCUnitTaskAutomata_066SUISEI_002PHARCT_001_GunBitAttachRollingRush@EXVS2@@|.?AVCUnitTaskAutomataAttachToRadiconReturn@GAM@VDK@@|.?AVCUnitTaskAutomataAttachToRadicon@GAM@VDK@@|.?AVCUnitTaskAutomataRadiconParentActor@GAM@VDK@@|.?AVCUnitTaskAutomataRadicon@GAM@VDK@@|.?AVCUnitTaskAutomataAbstract@GAM@VDK@@|.?AVCUnitTaskActorProjectileAbstract@GAM@VDK@@|.?AVCUnitTaskActorAbstract@GAM@VDK@@
066SUISEI,002PHARCT,001,GunBitBeamJammer,EXVS2,FunnelMawarikomiMultipleShot,0x1414C5FD0,977,0x220,11,0;2;28;43;69;78;79;81;84;87;88,0x14092A100,0x140E2F0C0,0x1406A5B30,0x14094F070,0x1406A5980,0x1406A57D0,0x14094E9E0,0x140E2DDD0,0x140E2DCE0,0x140DDCDC0,.?AVCUnitTaskAutomata_066SUISEI_002PHARCT_001_GunBitBeamJammer@EXVS2@@|.?AVCUnitTaskAutomataFunnelMawarikomiMultipleShot@GAM@VDK@@|.?AVCUnitTaskAutomataFunnelMawarikomi@GAM@VDK@@|.?AVCUnitTaskAutomataFunnelFly@GAM@VDK@@|.?AVCUnitTaskAutomataFunnel@GAM@VDK@@|.?AVCUnitTaskAutomataRadiconParentActor@GAM@VDK@@|.?AVCUnitTaskAutomataRadicon@GAM@VDK@@|.?AVCUnitTaskAutomataAbstract@GAM@VDK@@
066SUISEI,002PHARCT,001,GunBitBeamJammerAiming,EXVS2,FunnelMawarikomiMultipleShot,0x1414C62F8,977,0x220,11,0;2;28;43;69;78;79;81;84;87;88,0x14092A100,0x140E2F0C0,0x1406A5B30,0x14094F070,0x1406A5980,0x1406A57D0,0x14094E9E0,0x140E2E160,0x140E2E070,0x140DDCDC0,.?AVCUnitTaskAutomata_066SUISEI_002PHARCT_001_GunBitBeamJammerAiming@EXVS2@@|.?AVCUnitTaskAutomataFunnelMawarikomiMultipleShot@GAM@VDK@@|.?AVCUnitTaskAutomataFunnelMawarikomi@GAM@VDK@@|.?AVCUnitTaskAutomataFunnelFly@GAM@VDK@@|.?AVCUnitTaskAutomataFunnel@GAM@VDK@@|.?AVCUnitTaskAutomataRadiconParentActor@GAM@VDK@@|.?AVCUnitTaskAutomataRadicon@GAM@VDK@@|.?AVCUnitTaskAutomataAbstract@GAM@VDK@@
066SUISEI,002PHARCT,001,GunBitRollingRush,EXVS2,Boomerang,0x1414C6620,465,0x1C0,11,0;2;12;73;78;79;81;84;87;88;91,0x14092A700,0x140F76310,0x140DDD470,0x1406A5170,0x1406A5980,0x1406A57D0,0x14094DF10,0x140E2E440,0x140E2E270,0x140E2E3A0,.?AVCUnitTaskAutomata_066SUISEI_002PHARCT_001_GunBitRollingRush@EXVS2@@|.?AVCUnitTaskAutomataBoomerang@GAM@VDK@@|.?AVCUnitTaskAutomataRadiconParentActor@GAM@VDK@@|.?AVCUnitTaskAutomataRadicon@GAM@VDK@@|.?AVCUnitTaskAutomataAbstract@GAM@VDK@@|.?AVCUnitTaskActorProjectileAbstract@GAM@VDK@@|.?AVCUnitTaskActorAbstract@GAM@VDK@@|.?AVCUnitTaskBattleAbstract@GAM@VDK@@
066SUISEI,002PHARCT,001,GunBitRollingRushStick,EXVS2,Sticker,0x1414C6948,465,0x1C0,7,0;2;78;79;81;84;91,0x14092A700,0x140DDD100,0x1406A5B30,0x1406A5170,0x1406A5980,0x1406A57D0,0x14094E4D0,0x140E2E4A0,0x140DDCFB0,0x140F47080,.?AVCUnitTaskAutomata_066SUISEI_002PHARCT_001_GunBitRollingRushStick@EXVS2@@|.?AVCUnitTaskAutomataSticker@GAM@VDK@@|.?AVCUnitTaskAutomataRadiconParentActor@GAM@VDK@@|.?AVCUnitTaskAutomataRadicon@GAM@VDK@@|.?AVCUnitTaskAutomataAbstract@GAM@VDK@@|.?AVCUnitTaskActorProjectileAbstract@GAM@VDK@@|.?AVCUnitTaskActorAbstract@GAM@VDK@@|.?AVCUnitTaskBattleAbstract@GAM@VDK@@
066SUISEI,002PHARCT,001,GunBitSpFlyShot,EXVS2,FunnelTukimatoi_ShotOrder,0x1414C72D0,977,0x230,10,0;2;28;43;69;78;79;81;84;88,0x14092A100,0x140E2F0C0,0x1406A5B30,0x14094F070,0x1406A5980,0x1406A57D0,0x14094E170,0x140E2F120,0x140E2EFC0,0x140DDCDC0,.?AVCUnitTaskAutomata_066SUISEI_002PHARCT_001_GunBitSpFlyShot@EXVS2@@|.?AVCUnitTaskAutomataFunnelTukimatoi_ShotOrder@GAM@VDK@@|.?AVCUnitTaskAutomataFunnelMawarikomi_ShotOrder@GAM@VDK@@|.?AVCUnitTaskAutomataFunnelShotImmediate@GAM@VDK@@|.?AVCUnitTaskAutomataFunnelMawarikomi@GAM@VDK@@|.?AVCUnitTaskAutomataFunnelFly@GAM@VDK@@|.?AVCUnitTaskAutomataFunnel@GAM@VDK@@|.?AVCUnitTaskAutomataRadiconParentActor@GAM@VDK@@
066SUISEI,003DABALD,001,FunnelFlyRush,EXVS2,FunnelFlySwordPenetrate,0x1414C7C48,977,0x220,14,0;2;28;43;52;69;76;78;79;81;84;87;89;91,0x14092A700,0x140E2FBB0,0x1406A5B30,0x14094F070,0x1406A5980,0x1406A57D0,0x14094E100,0x140E2F700,0x140E2F630,0x140E2F690,.?AVCUnitTaskAutomata_066SUISEI_003DABALD_001_FunnelFlyRush@EXVS2@@|.?AVCUnitTaskAutomataFunnelFlySwordPenetrate@GAM@VDK@@|.?AVCUnitTaskAutomataFunnelFlySword@GAM@VDK@@|.?AVCUnitTaskAutomataFunnelMawarikomi@GAM@VDK@@|.?AVCUnitTaskAutomataFunnelFly@GAM@VDK@@|.?AVCUnitTaskAutomataFunnel@GAM@VDK@@|.?AVCUnitTaskAutomataRadiconParentActor@GAM@VDK@@|.?AVCUnitTaskAutomataRadicon@GAM@VDK@@
066SUISEI,003DABALD,001,FunnelRush,EXVS2,FunnelFlySwordPenetrate,0x1414C7F70,977,0x220,14,0;2;28;43;52;69;76;78;79;81;84;87;89;91,0x14092A700,0x140E2FBB0,0x1406A5B30,0x14094F070,0x1406A5980,0x1406A57D0,0x14094E100,0x140E2FA00,0x140E2F790,0x140E2F810,.?AVCUnitTaskAutomata_066SUISEI_003DABALD_001_FunnelRush@EXVS2@@|.?AVCUnitTaskAutomataFunnelFlySwordPenetrate@GAM@VDK@@|.?AVCUnitTaskAutomataFunnelFlySword@GAM@VDK@@|.?AVCUnitTaskAutomataFunnelMawarikomi@GAM@VDK@@|.?AVCUnitTaskAutomataFunnelFly@GAM@VDK@@|.?AVCUnitTaskAutomataFunnel@GAM@VDK@@|.?AVCUnitTaskAutomataRadiconParentActor@GAM@VDK@@|.?AVCUnitTaskAutomataRadicon@GAM@VDK@@
066SUISEI,003DABALD,001,FunnelShield,EXVS2,FunnelDefenceFormation,0x1414C8C10,1489,0x210,14,0;2;12;21;28;43;78;79;81;84;89;91;92;93,0x14092A660,0x140E06020,0x140F89630,0x14094F080,0x1406A5980,0x1406A57D0,0x14094E0A0,0x140E30530,0x140E30160,0x140E28260,.?AVCUnitTaskAutomata_066SUISEI_003DABALD_001_FunnelShield@EXVS2@@|.?AVCUnitTaskAutomataFunnelDefenceFormation@GAM@VDK@@|.?AVCUnitTaskAutomataFunnelDefence@GAM@VDK@@|.?AVCUnitTaskAutomataFunnelFlyStick@GAM@VDK@@|.?AVCUnitTaskAutomataFunnelShiftPos@GAM@VDK@@|.?AVCUnitTaskAutomataFunnel@GAM@VDK@@|.?AVCUnitTaskAutomataRadiconParentActor@GAM@VDK@@|.?AVCUnitTaskAutomataRadicon@GAM@VDK@@
066SUISEI,003DABALD,001,FunnelStay,EXVS2,FunnelMawarikomi_ShotOrder,0x1414C7920,977,0x230,10,0;2;28;43;69;78;79;81;84;89,0x14092A700,0x140E2F470,0x1406A5B30,0x14094F070,0x1406A5980,0x1406A57D0,0x14094E170,0x140E2F590,0x140E2F3D0,0x140E116D0,.?AVCUnitTaskAutomata_066SUISEI_003DABALD_001_FunnelStay@EXVS2@@|.?AVCUnitTaskAutomataFunnelMawarikomi_ShotOrder@GAM@VDK@@|.?AVCUnitTaskAutomataFunnelShotImmediate@GAM@VDK@@|.?AVCUnitTaskAutomataFunnelMawarikomi@GAM@VDK@@|.?AVCUnitTaskAutomataFunnelFly@GAM@VDK@@|.?AVCUnitTaskAutomataFunnel@GAM@VDK@@|.?AVCUnitTaskAutomataRadiconParentActor@GAM@VDK@@|.?AVCUnitTaskAutomataRadicon@GAM@VDK@@
066SUISEI,003DABALD,001,SpFunnelRush,EXVS2,FunnelFlySwordPenetrate,0x1414C85C0,977,0x220,16,0;2;12;28;43;52;69;72;76;78;79;81;84;87;89;91,0x14092A100,0x140E2FBB0,0x140E2FB70,0x14094F070,0x1406A5980,0x1406A57D0,0x14094E100,0x140E2FFA0,0x140E2FAF0,0x140E2FCA0,.?AVCUnitTaskAutomata_066SUISEI_003DABALD_001_SpFunnelRush@EXVS2@@|.?AVCUnitTaskAutomataFunnelFlySwordPenetrate@GAM@VDK@@|.?AVCUnitTaskAutomataFunnelFlySword@GAM@VDK@@|.?AVCUnitTaskAutomataFunnelMawarikomi@GAM@VDK@@|.?AVCUnitTaskAutomataFunnelFly@GAM@VDK@@|.?AVCUnitTaskAutomataFunnel@GAM@VDK@@|.?AVCUnitTaskAutomataRadiconParentActor@GAM@VDK@@|.?AVCUnitTaskAutomataRadicon@GAM@VDK@@
066SUISEI,003DABALD,001,SpFunnelRushAttack,EXVS2,FunnelFlySwordPenetrate,0x1414C88E8,977,0x220,16,0;2;12;28;43;52;69;72;76;78;79;81;84;87;89;91,0x14092A100,0x140E2FBB0,0x140E30120,0x14094F070,0x1406A5980,0x1406A57D0,0x14094E100,0x140E2FFA0,0x140E300D0,0x140E2FCA0,.?AVCUnitTaskAutomata_066SUISEI_003DABALD_001_SpFunnelRushAttack@EXVS2@@|.?AVCUnitTaskAutomata_066SUISEI_003DABALD_001_SpFunnelRush@EXVS2@@|.?AVCUnitTaskAutomataFunnelFlySwordPenetrate@GAM@VDK@@|.?AVCUnitTaskAutomataFunnelFlySword@GAM@VDK@@|.?AVCUnitTaskAutomataFunnelMawarikomi@GAM@VDK@@|.?AVCUnitTaskAutomataFunnelFly@GAM@VDK@@|.?AVCUnitTaskAutomataFunnel@GAM@VDK@@|.?AVCUnitTaskAutomataRadiconParentActor@GAM@VDK@@
066SUISEI,003DABALD,001,SpFunnelStay,EXVS2,FunnelMawarikomi_ShotOrder,0x1414C8298,977,0x230,10,0;2;28;43;69;78;79;81;84;89,0x14092A700,0x140E2F470,0x1406A5B30,0x14094F070,0x1406A5980,0x1406A57D0,0x14094E170,0x140E2F590,0x140E2FA80,0x140E116D0,.?AVCUnitTaskAutomata_066SUISEI_003DABALD_001_SpFunnelStay@EXVS2@@|.?AVCUnitTaskAutomataFunnelMawarikomi_ShotOrder@GAM@VDK@@|.?AVCUnitTaskAutomataFunnelShotImmediate@GAM@VDK@@|.?AVCUnitTaskAutomataFunnelMawarikomi@GAM@VDK@@|.?AVCUnitTaskAutomataFunnelFly@GAM@VDK@@|.?AVCUnitTaskAutomataFunnel@GAM@VDK@@|.?AVCUnitTaskAutomataRadiconParentActor@GAM@VDK@@|.?AVCUnitTaskAutomataRadicon@GAM@VDK@@
066SUISEI,003DABALD,001,ThrowPelletMine,EXVS2,Throw,0x1414C75F8,465,0x1C0,9,0;22;76;78;79;81;84;87;88,0x14092A3E0,0x1406A5BA0,0x1406A5B30,0x1406A5170,0x1406A5980,0x1406A57D0,0x14094E8C0,0x140E0D390,0x140E2F380,0x140DDCAC0,.?AVCUnitTaskAutomata_066SUISEI_003DABALD_001_ThrowPelletMine@EXVS2@@|.?AVCUnitTaskAutomataThrow@GAM@VDK@@|.?AVCUnitTaskAutomataRadiconParentActor@GAM@VDK@@|.?AVCUnitTaskAutomataRadicon@GAM@VDK@@|.?AVCUnitTaskAutomataAbstract@GAM@VDK@@|.?AVCUnitTaskActorProjectileAbstract@GAM@VDK@@|.?AVCUnitTaskActorAbstract@GAM@VDK@@|.?AVCUnitTaskBattleAbstract@GAM@VDK@@
066SUISEI,004AERREB,001,GunBitFlyShot,EXVS2,FunnelSwarm,0x1414C8F48,977,0x230,12,0;2;28;43;69;78;79;81;84;87;88;96,0x14092A620,0x140E30910,0x1406A5B30,0x14094F070,0x1406A5980,0x1406A57D0,0x14094E2F0,0x140E30A60,0x140E307D0,0x140DDCDC0,.?AVCUnitTaskAutomata_066SUISEI_004AERREB_001_GunBitFlyShot@EXVS2@@|.?AVCUnitTaskAutomataFunnelSwarm@GAM@VDK@@|.?AVCUnitTaskAutomataFunnelMawarikomi@GAM@VDK@@|.?AVCUnitTaskAutomataFunnelFly@GAM@VDK@@|.?AVCUnitTaskAutomataFunnel@GAM@VDK@@|.?AVCUnitTaskAutomataRadiconParentActor@GAM@VDK@@|.?AVCUnitTaskAutomataRadicon@GAM@VDK@@|.?AVCUnitTaskAutomataAbstract@GAM@VDK@@
066SUISEI,004AERREB,001,GunBitGuard,EXVS2,FunnelDefenceFormation,0x1414C9598,1489,0x210,13,0;2;21;28;43;78;79;81;84;88;91;93;96,0x14092A6B0,0x140E31190,0x1406A5B30,0x14094F080,0x1406A5980,0x1406A57D0,0x14094E0A0,0x140E31200,0x140E30F80,0x140E28260,.?AVCUnitTaskAutomata_066SUISEI_004AERREB_001_GunBitGuard@EXVS2@@|.?AVCUnitTaskAutomataFunnelDefenceFormation@GAM@VDK@@|.?AVCUnitTaskAutomataFunnelDefence@GAM@VDK@@|.?AVCUnitTaskAutomataFunnelFlyStick@GAM@VDK@@|.?AVCUnitTaskAutomataFunnelShiftPos@GAM@VDK@@|.?AVCUnitTaskAutomataFunnel@GAM@VDK@@|.?AVCUnitTaskAutomataRadiconParentActor@GAM@VDK@@|.?AVCUnitTaskAutomataRadicon@GAM@VDK@@
066SUISEI,004AERREB,001,GunBitReturn,EXVS2,AttachAbstract,0x1414CA248,465,0x210,10,0;2;78;79;81;84;88;96;97;98,0x14092A700,0x140F832A0,0x1406A5B30,0x1406A5170,0x1406A5980,0x1406A57D0,0x14094DD70,0x140E32440,0x140E322D0,0x140DE1E80,.?AVCUnitTaskAutomata_066SUISEI_004AERREB_001_GunBitReturn@EXVS2@@|.?AVCUnitTaskAutomataAttachAbstract@GAM@VDK@@|.?AVCUnitTaskAutomataRadiconParentActor@GAM@VDK@@|.?AVCUnitTaskAutomataRadicon@GAM@VDK@@|.?AVCUnitTaskAutomataAbstract@GAM@VDK@@|.?AVCUnitTaskActorProjectileAbstract@GAM@VDK@@|.?AVCUnitTaskActorAbstract@GAM@VDK@@|.?AVCUnitTaskBattleAbstract@GAM@VDK@@
066SUISEI,004AERREB,001,GunBitSpFlyShot,EXVS2,FunnelMawarikomi,0x1414C9270,977,0x210,12,0;2;28;43;69;78;79;81;84;87;88;96,0x14092A100,0x140E30D90,0x1406A5B30,0x14094F070,0x1406A5980,0x1406A57D0,0x14094E050,0x140E30E60,0x140E30C60,0x140DDCDC0,.?AVCUnitTaskAutomata_066SUISEI_004AERREB_001_GunBitSpFlyShot@EXVS2@@|.?AVCUnitTaskAutomataFunnelMawarikomi@GAM@VDK@@|.?AVCUnitTaskAutomataFunnelFly@GAM@VDK@@|.?AVCUnitTaskAutomataFunnel@GAM@VDK@@|.?AVCUnitTaskAutomataRadiconParentActor@GAM@VDK@@|.?AVCUnitTaskAutomataRadicon@GAM@VDK@@|.?AVCUnitTaskAutomataAbstract@GAM@VDK@@|.?AVCUnitTaskActorProjectileAbstract@GAM@VDK@@
066SUISEI,004AERREB,001,GunBitStayShot,EXVS2,FunnelShotStayShift,0x1414C98D0,977,0x210,11,0;2;28;43;78;79;81;84;87;88;96,0x14092A700,0x140E319D0,0x1406A5B30,0x14094F070,0x1406A5980,0x1406A57D0,0x14094E2A0,0x140E31B40,0x140E31870,0x140E31B20,.?AVCUnitTaskAutomata_066SUISEI_004AERREB_001_GunBitStayShot@EXVS2@@|.?AVCUnitTaskAutomataFunnelShotStayShift@GAM@VDK@@|.?AVCUnitTaskAutomataFunnelShiftPos@GAM@VDK@@|.?AVCUnitTaskAutomataFunnel@GAM@VDK@@|.?AVCUnitTaskAutomataRadiconParentActor@GAM@VDK@@|.?AVCUnitTaskAutomataRadicon@GAM@VDK@@|.?AVCUnitTaskAutomataAbstract@GAM@VDK@@|.?AVCUnitTaskActorProjectileAbstract@GAM@VDK@@
066SUISEI,004AERREB,001,GunBitSwarm,EXVS2,FunnelSwarm,0x1414C9F20,977,0x230,12,0;2;28;43;69;78;79;81;84;87;88;96,0x14092A620,0x140E32020,0x1406A5B30,0x14094F070,0x1406A5980,0x1406A57D0,0x14094E2F0,0x140E32100,0x140E31EE0,0x140DDCDC0,.?AVCUnitTaskAutomata_066SUISEI_004AERREB_001_GunBitSwarm@EXVS2@@|.?AVCUnitTaskAutomataFunnelSwarm@GAM@VDK@@|.?AVCUnitTaskAutomataFunnelMawarikomi@GAM@VDK@@|.?AVCUnitTaskAutomataFunnelFly@GAM@VDK@@|.?AVCUnitTaskAutomataFunnel@GAM@VDK@@|.?AVCUnitTaskAutomataRadiconParentActor@GAM@VDK@@|.?AVCUnitTaskAutomataRadicon@GAM@VDK@@|.?AVCUnitTaskAutomataAbstract@GAM@VDK@@
066SUISEI,004AERREB,001,GunBitTukimatoi,EXVS2,FunnelTukimatoi_ShotOrder,0x1414C9BF8,977,0x230,10,0;2;28;43;69;78;79;81;84;88,0x14092A700,0x140E2F470,0x1406A5B30,0x14094F070,0x1406A5980,0x1406A57D0,0x14094E170,0x140E31DC0,0x140E31CB0,0x140DDCDC0,.?AVCUnitTaskAutomata_066SUISEI_004AERREB_001_GunBitTukimatoi@EXVS2@@|.?AVCUnitTaskAutomataFunnelTukimatoi_ShotOrder@GAM@VDK@@|.?AVCUnitTaskAutomataFunnelMawarikomi_ShotOrder@GAM@VDK@@|.?AVCUnitTaskAutomataFunnelShotImmediate@GAM@VDK@@|.?AVCUnitTaskAutomataFunnelMawarikomi@GAM@VDK@@|.?AVCUnitTaskAutomataFunnelFly@GAM@VDK@@|.?AVCUnitTaskAutomataFunnel@GAM@VDK@@|.?AVCUnitTaskAutomataRadiconParentActor@GAM@VDK@@
066SUISEI,005AERERY,001,AssistGundNodeGrap,EXVS2,SummonGrap,0x1414CC528,465,0x290,19,0;2;18;21;30;42;46;59;72;73;78;79;80;81;84;87;88;89;90,0x14092A700,0x140DE1070,0x1406A5B30,0x1406A5170,0x1406A5980,0x1406A57D0,0x14094E560,0x140E34270,0x140E34210,0x140F64B30,.?AVCUnitTaskAutomata_066SUISEI_005AERERY_001_AssistGundNodeGrap@EXVS2@@|.?AVCUnitTaskAutomataSummonGrap@GAM@VDK@@|.?AVCUnitTaskAutomataSummon@GAM@VDK@@|.?AVCUnitTaskAutomataRadiconParentActor@GAM@VDK@@|.?AVCUnitTaskAutomataRadicon@GAM@VDK@@|.?AVCUnitTaskAutomataAbstract@GAM@VDK@@|.?AVCUnitTaskActorProjectileAbstract@GAM@VDK@@|.?AVCUnitTaskActorAbstract@GAM@VDK@@
066SUISEI,005AERERY,001,AssistGundNodeGuard,EXVS2,Summon,0x1414CC860,465,0x290,20,0;2;11;18;21;30;42;46;72;73;78;79;80;81;84;86;87;88;89;90,0x14092A700,0x140E345B0,0x1406A5B30,0x1406A5170,0x1406A5980,0x1406A57D0,0x14094E520,0x140E34640,0x140E344C0,0x140DE1820,.?AVCUnitTaskAutomata_066SUISEI_005AERERY_001_AssistGundNodeGuard@EXVS2@@|.?AVCUnitTaskAutomataSummon@GAM@VDK@@|.?AVCUnitTaskAutomataRadiconParentActor@GAM@VDK@@|.?AVCUnitTaskAutomataRadicon@GAM@VDK@@|.?AVCUnitTaskAutomataAbstract@GAM@VDK@@|.?AVCUnitTaskActorProjectileAbstract@GAM@VDK@@|.?AVCUnitTaskActorAbstract@GAM@VDK@@|.?AVCUnitTaskBattleAbstract@GAM@VDK@@
066SUISEI,005AERERY,001,AssistGundNodeLaserGuard,EXVS2,Summon,0x1414CBEC8,465,0x290,21,0;2;11;18;21;30;42;46;72;73;74;78;79;80;81;84;86;87;88;89;90,0x14092A700,0x140E33BC0,0x1406A5B30,0x1406A5170,0x1406A5980,0x1406A57D0,0x14094E520,0x140E33D60,0x140E33AB0,0x140DE1820,.?AVCUnitTaskAutomata_066SUISEI_005AERERY_001_AssistGundNodeLaserGuard@EXVS2@@|.?AVCUnitTaskAutomataSummon@GAM@VDK@@|.?AVCUnitTaskAutomataRadiconParentActor@GAM@VDK@@|.?AVCUnitTaskAutomataRadicon@GAM@VDK@@|.?AVCUnitTaskAutomataAbstract@GAM@VDK@@|.?AVCUnitTaskActorProjectileAbstract@GAM@VDK@@|.?AVCUnitTaskActorAbstract@GAM@VDK@@|.?AVCUnitTaskBattleAbstract@GAM@VDK@@
066SUISEI,005AERERY,001,AssistGundNodeSaberRush,EXVS2,SummonRushAttackNormal,0x1414CC1F8,465,0x330,19,0;2;18;21;30;42;46;59;72;73;78;79;80;81;84;87;88;89;90,0x14092A700,0x140DE1070,0x1406A5B30,0x1406A5170,0x1406A5980,0x1406A57D0,0x14094E5F0,0x140E33F20,0x140E33DB0,0x140DE1960,.?AVCUnitTaskAutomata_066SUISEI_005AERERY_001_AssistGundNodeSaberRush@EXVS2@@|.?AVCUnitTaskAutomataSummonRushAttackNormal@GAM@VDK@@|.?AVCUnitTaskAutomataSummonRushAttack@GAM@VDK@@|.?AVCUnitTaskAutomataSummonRush@GAM@VDK@@|.?AVCUnitTaskAutomataSummon@GAM@VDK@@|.?AVCUnitTaskAutomataRadiconParentActor@GAM@VDK@@|.?AVCUnitTaskAutomataRadicon@GAM@VDK@@|.?AVCUnitTaskAutomataAbstract@GAM@VDK@@
066SUISEI,005AERERY,001,DataStorm,EXVS2,Sticker,0x1414CB860,465,0x1C0,7,0;2;78;79;81;84;91,0x14092A700,0x140DDD100,0x1406A5B30,0x1406A5170,0x1406A5980,0x1406A57D0,0x14094E4D0,0x140E33960,0x140E33900,0x140E28260,.?AVCUnitTaskAutomata_066SUISEI_005AERERY_001_DataStorm@EXVS2@@|.?AVCUnitTaskAutomataSticker@GAM@VDK@@|.?AVCUnitTaskAutomataRadiconParentActor@GAM@VDK@@|.?AVCUnitTaskAutomataRadicon@GAM@VDK@@|.?AVCUnitTaskAutomataAbstract@GAM@VDK@@|.?AVCUnitTaskActorProjectileAbstract@GAM@VDK@@|.?AVCUnitTaskActorAbstract@GAM@VDK@@|.?AVCUnitTaskBattleAbstract@GAM@VDK@@
066SUISEI,005AERERY,001,DataStormEntry,EXVS2,RadiconParentActor,0x1414CB538,465,0x1B0,7,0;2;12;79;81;84;89,0x14092A700,0x140E33110,0x140E330F0,0x1406A5170,0x1406A5980,0x1406A57D0,0x1406A50D0,0x140E33410,0x140E33090,0x140E23050,.?AVCUnitTaskAutomata_066SUISEI_005AERERY_001_DataStormEntry@EXVS2@@|.?AVCUnitTaskAutomataRadiconParentActor@GAM@VDK@@|.?AVCUnitTaskAutomataRadicon@GAM@VDK@@|.?AVCUnitTaskAutomataAbstract@GAM@VDK@@|.?AVCUnitTaskActorProjectileAbstract@GAM@VDK@@|.?AVCUnitTaskActorAbstract@GAM@VDK@@|.?AVCUnitTaskBattleAbstract@GAM@VDK@@|.?AVCUnitTaskAbstract@FWK@VDK@@
066SUISEI,005AERERY,001,GunBitFlyShot,EXVS2,FunnelSwarm,0x1414CABC0,977,0x230,10,0;2;28;43;69;78;79;81;84;87,0x140929E00,0x140E06020,0x1406A5B30,0x14094F070,0x1406A5980,0x1406A57D0,0x14094E2F0,0x140E32E10,0x140E32D80,0x140E32DF0,.?AVCUnitTaskAutomata_066SUISEI_005AERERY_001_GunBitFlyShot@EXVS2@@|.?AVCUnitTaskAutomataFunnelSwarm@GAM@VDK@@|.?AVCUnitTaskAutomataFunnelMawarikomi@GAM@VDK@@|.?AVCUnitTaskAutomataFunnelFly@GAM@VDK@@|.?AVCUnitTaskAutomataFunnel@GAM@VDK@@|.?AVCUnitTaskAutomataRadiconParentActor@GAM@VDK@@|.?AVCUnitTaskAutomataRadicon@GAM@VDK@@|.?AVCUnitTaskAutomataAbstract@GAM@VDK@@
066SUISEI,005AERERY,001,GunBitGuard,EXVS2,RadiconParentActor,0x1414CAEE8,465,0x1B0,5,0;2;79;81;84,0x14092A3E0,0x140F76310,0x1406A5B30,0x1406A5170,0x1406A5980,0x1406A57D0,0x1406A50D0,0x140E32EF0,0x140E32E70,0x140E32ED0,.?AVCUnitTaskAutomata_066SUISEI_005AERERY_001_GunBitGuard@EXVS2@@|.?AVCUnitTaskAutomataRadiconParentActor@GAM@VDK@@|.?AVCUnitTaskAutomataRadicon@GAM@VDK@@|.?AVCUnitTaskAutomataAbstract@GAM@VDK@@|.?AVCUnitTaskActorProjectileAbstract@GAM@VDK@@|.?AVCUnitTaskActorAbstract@GAM@VDK@@|.?AVCUnitTaskBattleAbstract@GAM@VDK@@|.?AVCUnitTaskAbstract@FWK@VDK@@
066SUISEI,005AERERY,001,GunBitMainShot,EXVS2,FunnelTukimatoi_ShotOrder,0x1414CA898,977,0x230,9,0;2;28;43;69;78;79;81;84,0x14092A100,0x140E06020,0x1406A5B30,0x14094F070,0x1406A5980,0x1406A57D0,0x14094E170,0x140E32CF0,0x140E32B50,0x140E32DF0,.?AVCUnitTaskAutomata_066SUISEI_005AERERY_001_GunBitMainShot@EXVS2@@|.?AVCUnitTaskAutomataFunnelTukimatoi_ShotOrder@GAM@VDK@@|.?AVCUnitTaskAutomataFunnelMawarikomi_ShotOrder@GAM@VDK@@|.?AVCUnitTaskAutomataFunnelShotImmediate@GAM@VDK@@|.?AVCUnitTaskAutomataFunnelMawarikomi@GAM@VDK@@|.?AVCUnitTaskAutomataFunnelFly@GAM@VDK@@|.?AVCUnitTaskAutomataFunnel@GAM@VDK@@|.?AVCUnitTaskAutomataRadiconParentActor@GAM@VDK@@
066SUISEI,005AERERY,001,GunBitStayShot,EXVS2,FunnelShotStayShift,0x1414CB210,977,0x210,9,0;2;28;43;78;79;81;84;87,0x14092A3E0,0x140E06020,0x1406A5B30,0x14094F070,0x1406A5980,0x1406A57D0,0x14094E2A0,0x140E32FE0,0x140E32F30,0x140E32DF0,.?AVCUnitTaskAutomata_066SUISEI_005AERERY_001_GunBitStayShot@EXVS2@@|.?AVCUnitTaskAutomataFunnelShotStayShift@GAM@VDK@@|.?AVCUnitTaskAutomataFunnelShiftPos@GAM@VDK@@|.?AVCUnitTaskAutomataFunnel@GAM@VDK@@|.?AVCUnitTaskAutomataRadiconParentActor@GAM@VDK@@|.?AVCUnitTaskAutomataRadicon@GAM@VDK@@|.?AVCUnitTaskAutomataAbstract@GAM@VDK@@|.?AVCUnitTaskActorProjectileAbstract@GAM@VDK@@
066SUISEI,005AERERY,001,GunBitWinLose,EXVS2,FunnelTukimatoi_ShotOrder,0x1414CCEB8,977,0x230,11,0;2;28;43;69;78;79;81;84;88;89,0x14092A700,0x140E37A90,0x1406A5B30,0x14094F070,0x1406A5980,0x1406A57D0,0x14094E170,0x140E34D00,0x140E34A90,0x140E28260,.?AVCUnitTaskAutomata_066SUISEI_005AERERY_001_GunBitWinLose@EXVS2@@|.?AVCUnitTaskAutomataFunnelTukimatoi_ShotOrder@GAM@VDK@@|.?AVCUnitTaskAutomataFunnelMawarikomi_ShotOrder@GAM@VDK@@|.?AVCUnitTaskAutomataFunnelShotImmediate@GAM@VDK@@|.?AVCUnitTaskAutomataFunnelMawarikomi@GAM@VDK@@|.?AVCUnitTaskAutomataFunnelFly@GAM@VDK@@|.?AVCUnitTaskAutomataFunnel@GAM@VDK@@|.?AVCUnitTaskAutomataRadiconParentActor@GAM@VDK@@
066SUISEI,005AERERY,001,InterPlanetaryLaser,EXVS2,SummonRushShot,0x1414CBB98,465,0x2F0,19,0;2;12;18;21;30;42;46;69;72;73;78;79;80;81;84;87;88;90,0x14092A310,0x140F4D3E0,0x140F3CE50,0x1406A5170,0x1406A5980,0x1406A57D0,0x14094E6F0,0x140E339E0,0x140E339A0,0x140F41EF0,.?AVCUnitTaskAutomata_066SUISEI_005AERERY_001_InterPlanetaryLaser@EXVS2@@|.?AVCUnitTaskAutomataSummonRushShot@GAM@VDK@@|.?AVCUnitTaskAutomataSummonRush@GAM@VDK@@|.?AVCUnitTaskAutomataSummon@GAM@VDK@@|.?AVCUnitTaskAutomataRadiconParentActor@GAM@VDK@@|.?AVCUnitTaskAutomataRadicon@GAM@VDK@@|.?AVCUnitTaskAutomataAbstract@GAM@VDK@@|.?AVCUnitTaskActorProjectileAbstract@GAM@VDK@@
066SUISEI,005AERERY,001,LaserGuardSelf,EXVS2,RadiconParentActor,0x1414CCB90,465,0x1B0,7,0;2;75;79;81;84;86,0x14092A700,0x140E34740,0x1406A5B30,0x1406A5170,0x1406A5980,0x1406A57D0,0x1406A50D0,0x140E34A60,0x140E346E0,0x140E34A40,.?AVCUnitTaskAutomata_066SUISEI_005AERERY_001_LaserGuardSelf@EXVS2@@|.?AVCUnitTaskAutomataRadiconParentActor@GAM@VDK@@|.?AVCUnitTaskAutomataRadicon@GAM@VDK@@|.?AVCUnitTaskAutomataAbstract@GAM@VDK@@|.?AVCUnitTaskActorProjectileAbstract@GAM@VDK@@|.?AVCUnitTaskActorAbstract@GAM@VDK@@|.?AVCUnitTaskBattleAbstract@GAM@VDK@@|.?AVCUnitTaskAbstract@FWK@VDK@@
066SUISEI,005AERERY,001,ResidingObjectGunBit,EXVS2,Resident,0x1414CA570,465,0x1C0,7,0;2;78;79;81;84;88,0x14092A700,0x140E32A20,0x1406A5B30,0x1406A5170,0x1406A5980,0x1406A57D0,0x14094EEB0,0x140E32B10,0x140E325C0,0x140E28260,.?AVCUnitTaskAutomata_066SUISEI_005AERERY_001_ResidingObjectGunBit@EXVS2@@|.?AVCUnitTaskAutomataResident@GAM@VDK@@|.?AVCUnitTaskAutomataRadiconParentActor@GAM@VDK@@|.?AVCUnitTaskAutomataRadicon@GAM@VDK@@|.?AVCUnitTaskAutomataAbstract@GAM@VDK@@|.?AVCUnitTaskActorProjectileAbstract@GAM@VDK@@|.?AVCUnitTaskActorAbstract@GAM@VDK@@|.?AVCUnitTaskBattleAbstract@GAM@VDK@@
068FREEDM,001RISFRE,001,AssistHissatsuJustic,EXVS2,StickerLaunchBone,0x1414CD508,465,0x1C0,10,0;2;12;18;78;79;81;84;88;91,0x14092A700,0x140F52FA0,0x140F52F60,0x1406A5170,0x1406A5980,0x1406A57D0,0x14094E4D0,0x140E353A0,0x140E35120,0x140E29790,.?AVCUnitTaskAutomata_068FREEDM_001RISFRE_001_AssistHissatsuJustic@EXVS2@@|.?AVCUnitTaskAutomataStickerLaunchBone@GAM@VDK@@|.?AVCUnitTaskAutomataSticker@GAM@VDK@@|.?AVCUnitTaskAutomataRadiconParentActor@GAM@VDK@@|.?AVCUnitTaskAutomataRadicon@GAM@VDK@@|.?AVCUnitTaskAutomataAbstract@GAM@VDK@@|.?AVCUnitTaskActorProjectileAbstract@GAM@VDK@@|.?AVCUnitTaskActorAbstract@GAM@VDK@@
068FREEDM,001RISFRE,001,SPShieldThrow,EXVS2,Throw,0x1414CD840,465,0x1C0,13,0;2;22;72;76;78;79;81;84;87;88;89;91,0x14092A3E0,0x140F76310,0x1406A5B30,0x1406A5170,0x1406A5980,0x1406A57D0,0x14094E8C0,0x140E357A0,0x140DDC8E0,0x140E29DB0,.?AVCUnitTaskAutomata_068FREEDM_001RISFRE_001_SPShieldThrow@EXVS2@@|.?AVCUnitTaskAutomataThrow@GAM@VDK@@|.?AVCUnitTaskAutomataRadiconParentActor@GAM@VDK@@|.?AVCUnitTaskAutomataRadicon@GAM@VDK@@|.?AVCUnitTaskAutomataAbstract@GAM@VDK@@|.?AVCUnitTaskActorProjectileAbstract@GAM@VDK@@|.?AVCUnitTaskActorAbstract@GAM@VDK@@|.?AVCUnitTaskBattleAbstract@GAM@VDK@@
068FREEDM,001RISFRE,001,ShieldBoomerang,EXVS2,BoomerangSpline,0x1414CD1E0,465,0x1C0,13,0;2;12;72;73;78;79;81;84;87;88;89;91,0x14092A100,0x140F75740,0x140DDD470,0x1406A5170,0x1406A5980,0x1406A57D0,0x14094DF10,0x140E350D0,0x140E34E00,0x140E2BFD0,.?AVCUnitTaskAutomata_068FREEDM_001RISFRE_001_ShieldBoomerang@EXVS2@@|.?AVCUnitTaskAutomataBoomerangSpline@GAM@VDK@@|.?AVCUnitTaskAutomataBoomerang@GAM@VDK@@|.?AVCUnitTaskAutomataRadiconParentActor@GAM@VDK@@|.?AVCUnitTaskAutomataRadicon@GAM@VDK@@|.?AVCUnitTaskAutomataAbstract@GAM@VDK@@|.?AVCUnitTaskActorProjectileAbstract@GAM@VDK@@|.?AVCUnitTaskActorAbstract@GAM@VDK@@
068FREEDM,001RISFRE,001,ShieldBoomerangHasei,EXVS2,BoomerangSpline,0x1414CDB68,465,0x1C0,13,0;2;12;72;73;78;79;81;84;87;88;89;91,0x14092A100,0x140E35910,0x140DDD470,0x1406A5170,0x1406A5980,0x1406A57D0,0x14094DF10,0x140E350D0,0x140E357E0,0x140E2BFD0,.?AVCUnitTaskAutomata_068FREEDM_001RISFRE_001_ShieldBoomerangHasei@EXVS2@@|.?AVCUnitTaskAutomata_068FREEDM_001RISFRE_001_ShieldBoomerang@EXVS2@@|.?AVCUnitTaskAutomataBoomerangSpline@GAM@VDK@@|.?AVCUnitTaskAutomataBoomerang@GAM@VDK@@|.?AVCUnitTaskAutomataRadiconParentActor@GAM@VDK@@|.?AVCUnitTaskAutomataRadicon@GAM@VDK@@|.?AVCUnitTaskAutomataAbstract@GAM@VDK@@|.?AVCUnitTaskActorProjectileAbstract@GAM@VDK@@
068FREEDM,001RISFRE,001,SpBeamBoomerang,EXVS2,ThrowStopRotateOnStick,0x1414CDE90,465,0x1E0,12,0;22;59;76;78;79;81;84;87;88;89;91,0x14092A3E0,0x1406A5BA0,0x1406A5B30,0x1406A5170,0x1406A5980,0x1406A57D0,0x14094E970,0x140E35AA0,0x140E35A40,0x140DDCAC0,.?AVCUnitTaskAutomata_068FREEDM_001RISFRE_001_SpBeamBoomerang@EXVS2@@|.?AVCUnitTaskAutomata_000COMMON_000COMMON_001_ThrowSaberRolling@EXVS2@@|.?AVCUnitTaskAutomataThrowStopRotateOnStick@GAM@VDK@@|.?AVCUnitTaskAutomataThrow@GAM@VDK@@|.?AVCUnitTaskAutomataRadiconParentActor@GAM@VDK@@|.?AVCUnitTaskAutomataRadicon@GAM@VDK@@|.?AVCUnitTaskAutomataAbstract@GAM@VDK@@|.?AVCUnitTaskActorProjectileAbstract@GAM@VDK@@
068FREEDM,002INJ2ND,001,AttachChangeLifter,EXVS2,Attach,0x1414CF180,465,0x220,9,0;2;78;79;81;84;88;90;91,0x14092A3E0,0x140F88D10,0x1406A5B30,0x1406A5170,0x1406A5980,0x1406A57D0,0x14094DD20,0x140E36D50,0x140E36C30,0x140DE1E80,.?AVCUnitTaskAutomata_068FREEDM_002INJ2ND_001_AttachChangeLifter@EXVS2@@|.?AVCUnitTaskAutomataAttach@GAM@VDK@@|.?AVCUnitTaskAutomataAttachAbstract@GAM@VDK@@|.?AVCUnitTaskAutomataRadiconParentActor@GAM@VDK@@|.?AVCUnitTaskAutomataRadicon@GAM@VDK@@|.?AVCUnitTaskAutomataAbstract@GAM@VDK@@|.?AVCUnitTaskActorProjectileAbstract@GAM@VDK@@|.?AVCUnitTaskActorAbstract@GAM@VDK@@
068FREEDM,002INJ2ND,001,AttachLifterToJustic,EXVS2,Attach,0x1414CF4A8,465,0x220,9,0;2;78;79;81;84;88;90;91,0x14092A3E0,0x140F88D10,0x1406A5B30,0x1406A5170,0x1406A5980,0x1406A57D0,0x14094DD20,0x140E36D50,0x140E36C90,0x140DE1E80,.?AVCUnitTaskAutomata_068FREEDM_002INJ2ND_001_AttachLifterToJustic@EXVS2@@|.?AVCUnitTaskAutomata_068FREEDM_002INJ2ND_001_AttachChangeLifter@EXVS2@@|.?AVCUnitTaskAutomataAttach@GAM@VDK@@|.?AVCUnitTaskAutomataAttachAbstract@GAM@VDK@@|.?AVCUnitTaskAutomataRadiconParentActor@GAM@VDK@@|.?AVCUnitTaskAutomataRadicon@GAM@VDK@@|.?AVCUnitTaskAutomataAbstract@GAM@VDK@@|.?AVCUnitTaskActorProjectileAbstract@GAM@VDK@@
068FREEDM,002INJ2ND,001,CabarierRushShot,EXVS2,Funnel,0x1414CE1B8,977,0x200,10,0;2;28;43;78;79;81;84;87;88,0x14092A3E0,0x140F75740,0x1406A5B30,0x14094F070,0x1406A5980,0x1406A57D0,0x14094E010,0x140E35D10,0x140E35AD0,0x140E35CF0,.?AVCUnitTaskAutomata_068FREEDM_002INJ2ND_001_CabarierRushShot@EXVS2@@|.?AVCUnitTaskAutomataFunnel@GAM@VDK@@|.?AVCUnitTaskAutomataRadiconParentActor@GAM@VDK@@|.?AVCUnitTaskAutomataRadicon@GAM@VDK@@|.?AVCUnitTaskAutomataAbstract@GAM@VDK@@|.?AVCUnitTaskActorProjectileAbstract@GAM@VDK@@|.?AVCUnitTaskActorAbstract@GAM@VDK@@|.?AVCUnitTaskBattleAbstract@GAM@VDK@@
068FREEDM,002INJ2ND,001,GrappleStinger,EXVS2,AnchorReturn,0x1414CE4E0,465,0x1F0,13,0;2;11;12;18;23;73;76;78;79;81;84;88,0x14092A700,0x140E35F30,0x140E35E20,0x1406A5170,0x1406A5980,0x1406A57D0,0x14094DCE0,0x140E36020,0x140E35D50,0x140F40ED0,.?AVCUnitTaskAutomata_068FREEDM_002INJ2ND_001_GrappleStinger@EXVS2@@|.?AVCUnitTaskAutomataAnchorReturn@GAM@VDK@@|.?AVCUnitTaskAutomataAnchor@GAM@VDK@@|.?AVCUnitTaskAutomataRadiconParentActor@GAM@VDK@@|.?AVCUnitTaskAutomataRadicon@GAM@VDK@@|.?AVCUnitTaskAutomataAbstract@GAM@VDK@@|.?AVCUnitTaskActorProjectileAbstract@GAM@VDK@@|.?AVCUnitTaskActorAbstract@GAM@VDK@@
068FREEDM,002INJ2ND,001,Lifter,EXVS2,RadiconParentActor,0x1414CE808,465,0x1B0,12,0;2;12;72;73;76;79;81;84;87;89;90,0x14092A3E0,0x140F75740,0x140E36180,0x1406A5170,0x1406A5980,0x1406A57D0,0x1406A50D0,0x140E365A0,0x140E360F0,0x140E3ACC0,.?AVCUnitTaskAutomata_068FREEDM_002INJ2ND_001_Lifter@EXVS2@@|.?AVCUnitTaskAutomata_068FREEDM_002INJ2ND_001_AirplaneAbstract@EXVS2@@|.?AVCUnitTaskAutomataRadiconParentActor@GAM@VDK@@|.?AVCUnitTaskAutomataRadicon@GAM@VDK@@|.?AVCUnitTaskAutomataAbstract@GAM@VDK@@|.?AVCUnitTaskActorProjectileAbstract@GAM@VDK@@|.?AVCUnitTaskActorAbstract@GAM@VDK@@|.?AVCUnitTaskBattleAbstract@GAM@VDK@@
068FREEDM,002INJ2ND,001,ReleaseCabarier,EXVS2,Throw,0x1414CEE58,465,0x1C0,11,0;2;22;76;78;79;81;84;87;88;90,0x14092A3E0,0x140E21770,0x1406A5B30,0x1406A5170,0x1406A5980,0x1406A57D0,0x14094E8C0,0x140E36BD0,0x140E36B20,0x140E36BA0,.?AVCUnitTaskAutomata_068FREEDM_002INJ2ND_001_ReleaseCabarier@EXVS2@@|.?AVCUnitTaskAutomataThrow@GAM@VDK@@|.?AVCUnitTaskAutomataRadiconParentActor@GAM@VDK@@|.?AVCUnitTaskAutomataRadicon@GAM@VDK@@|.?AVCUnitTaskAutomataAbstract@GAM@VDK@@|.?AVCUnitTaskActorProjectileAbstract@GAM@VDK@@|.?AVCUnitTaskActorAbstract@GAM@VDK@@|.?AVCUnitTaskBattleAbstract@GAM@VDK@@
068FREEDM,002INJ2ND,001,ShiningEdge,EXVS2,Boomerang,0x1414CEB30,465,0x1C0,12,0;2;12;73;78;79;81;84;87;88;89;91,0x14092A700,0x140E369C0,0x140E368D0,0x1406A5170,0x1406A5980,0x1406A57D0,0x14094DF10,0x140F75330,0x140E366A0,0x140DDCAC0,.?AVCUnitTaskAutomata_068FREEDM_002INJ2ND_001_ShiningEdge@EXVS2@@|.?AVCUnitTaskAutomataBoomerang@GAM@VDK@@|.?AVCUnitTaskAutomataRadiconParentActor@GAM@VDK@@|.?AVCUnitTaskAutomataRadicon@GAM@VDK@@|.?AVCUnitTaskAutomataAbstract@GAM@VDK@@|.?AVCUnitTaskActorProjectileAbstract@GAM@VDK@@|.?AVCUnitTaskActorAbstract@GAM@VDK@@|.?AVCUnitTaskBattleAbstract@GAM@VDK@@
501GUNDAM,004ZEONG0,001,HandFly,EXVS2,FunnelFlySword,0x1414CF7D0,977,0x220,16,0;2;21;28;43;52;69;73;76;78;79;81;84;87;88;91,0x14092A100,0x140F75740,0x1406A5B30,0x14094F070,0x1406A5980,0x1406A57D0,0x14094E100,0x140F8DA00,0x140F8D920,0x140F3DAE0,.?AVCUnitTaskAutomata_501GUNDAM_004ZEONG0_001_HandFly@EXVS2@@|.?AVCUnitTaskAutomata_001GUNDAM_004ZEONG0_001_HandFly@EXVS2@@|.?AVCUnitTaskAutomataFunnelFlySword@GAM@VDK@@|.?AVCUnitTaskAutomataFunnelMawarikomi@GAM@VDK@@|.?AVCUnitTaskAutomataFunnelFly@GAM@VDK@@|.?AVCUnitTaskAutomataFunnel@GAM@VDK@@|.?AVCUnitTaskAutomataRadiconParentActor@GAM@VDK@@|.?AVCUnitTaskAutomataRadicon@GAM@VDK@@
502ZGUNDM,001ZGUNDM,001,ThrowRifleSaber,EXVS2,Throw,0x1414CFAF8,465,0x1C0,12,0;22;76;78;79;81;83;84;87;88;89;91,0x14092A3E0,0x1406A5BA0,0x1406A5B30,0x1406A5170,0x1406A5980,0x1406A57D0,0x14094E8C0,0x140F391A0,0x140F38FD0,0x140F39070,.?AVCUnitTaskAutomata_502ZGUNDM_001ZGUNDM_001_ThrowRifleSaber@EXVS2@@|.?AVCUnitTaskAutomata_000COMMON_000COMMON_001_ThrowSaber@EXVS2@@|.?AVCUnitTaskAutomataThrow@GAM@VDK@@|.?AVCUnitTaskAutomataRadiconParentActor@GAM@VDK@@|.?AVCUnitTaskAutomataRadicon@GAM@VDK@@|.?AVCUnitTaskAutomataAbstract@GAM@VDK@@|.?AVCUnitTaskActorProjectileAbstract@GAM@VDK@@|.?AVCUnitTaskActorAbstract@GAM@VDK@@
502ZGUNDM,015HIZACK,001,AssistSp,EXVS2,SummonTukimatoi,0x1414CFE20,465,0x2A0,18,0;2;18;21;30;42;46;72;73;78;79;80;81;83;84;87;88;90,0x14092A700,0x140DE1070,0x1406A5B30,0x1406A5170,0x1406A5980,0x1406A57D0,0x14094E7B0,0x140F8DD80,0x140F8DC60,0x140DE1820,.?AVCUnitTaskAutomata_502ZGUNDM_015HIZACK_001_AssistSp@EXVS2@@|.?AVCUnitTaskAutomataSummonTukimatoi@GAM@VDK@@|.?AVCUnitTaskAutomataSummon@GAM@VDK@@|.?AVCUnitTaskAutomataRadiconParentActor@GAM@VDK@@|.?AVCUnitTaskAutomataRadicon@GAM@VDK@@|.?AVCUnitTaskAutomataAbstract@GAM@VDK@@|.?AVCUnitTaskActorProjectileAbstract@GAM@VDK@@|.?AVCUnitTaskActorAbstract@GAM@VDK@@
503ZZGNDM,002QUBMK2,001,FunnelYokoretsuDynamic,EXVS2,FunnelShotStayShift,0x1414D0150,977,0x210,10,0;2;28;43;78;79;81;84;87;88,0x14092A3E0,0x140F75740,0x1406A5B30,0x14094F070,0x1406A5980,0x1406A57D0,0x14094E2A0,0x140F8DED0,0x140F8DE40,0x140F43380,.?AVCUnitTaskAutomata_503ZZGNDM_002QUBMK2_001_FunnelYokoretsuDynamic@EXVS2@@|.?AVCUnitTaskAutomata_003ZZGNDM_002QUBMK2_001_FunnelYokoretsuDynamic@EXVS2@@|.?AVCUnitTaskAutomataFunnelShotStayShift@GAM@VDK@@|.?AVCUnitTaskAutomataFunnelShiftPos@GAM@VDK@@|.?AVCUnitTaskAutomataFunnel@GAM@VDK@@|.?AVCUnitTaskAutomataRadiconParentActor@GAM@VDK@@|.?AVCUnitTaskAutomataRadicon@GAM@VDK@@|.?AVCUnitTaskAutomataAbstract@GAM@VDK@@
503ZZGNDM,003QUBELY,001,FunnelPodlaunch,EXVS2,FunnelMawarikomi,0x1414D0478,977,0x210,10,0;2;28;43;69;78;79;81;84;87,0x14092A700,0x140E06020,0x1406A5B30,0x14094F070,0x1406A5980,0x1406A57D0,0x14094E050,0x140F8DFA0,0x140F8DEE0,0x140DDCDC0,.?AVCUnitTaskAutomata_503ZZGNDM_003QUBELY_001_FunnelPodlaunch@EXVS2@@|.?AVCUnitTaskAutomata_003ZZGNDM_003QUBELY_001_FunnelPodlaunch@EXVS2@@|.?AVCUnitTaskAutomataFunnelMawarikomi@GAM@VDK@@|.?AVCUnitTaskAutomataFunnelFly@GAM@VDK@@|.?AVCUnitTaskAutomataFunnel@GAM@VDK@@|.?AVCUnitTaskAutomataRadiconParentActor@GAM@VDK@@|.?AVCUnitTaskAutomataRadicon@GAM@VDK@@|.?AVCUnitTaskAutomataAbstract@GAM@VDK@@
505VGUNDM,712CONTIO,001,ShotclawFlysword,EXVS2,FunnelFlySword,0x1414D07A0,977,0x220,14,0;2;28;43;52;69;76;78;79;81;84;87;88;91,0x14092A100,0x140F75740,0x1406A5B30,0x14094F070,0x1406A5980,0x1406A57D0,0x14094E100,0x140F8E3C0,0x140F8DFD0,0x140F8E250,.?AVCUnitTaskAutomata_505VGUNDM_712CONTIO_001_ShotclawFlysword@EXVS2@@|.?AVCUnitTaskAutomataFunnelFlySword@GAM@VDK@@|.?AVCUnitTaskAutomataFunnelMawarikomi@GAM@VDK@@|.?AVCUnitTaskAutomataFunnelFly@GAM@VDK@@|.?AVCUnitTaskAutomataFunnel@GAM@VDK@@|.?AVCUnitTaskAutomataRadiconParentActor@GAM@VDK@@|.?AVCUnitTaskAutomataRadicon@GAM@VDK@@|.?AVCUnitTaskAutomataAbstract@GAM@VDK@@
510TURNAG,705ASTGAM,001,SqueezeWeaponWire,EXVS2,ThrowReturn,0x1414D0AC8,465,0x1C0,12,0;22;52;76;78;79;81;84;87;88;89;91,0x14092A3E0,0x1406A5BA0,0x1406A5B30,0x1406A5170,0x1406A5980,0x1406A57D0,0x14094E8C0,0x140F8E5B0,0x140F8E4F0,0x140DDCAC0,.?AVCUnitTaskAutomata_510TURNAG_705ASTGAM_001_SqueezeWeaponWire@EXVS2@@|.?AVCUnitTaskAutomataThrowReturn@GAM@VDK@@|.?AVCUnitTaskAutomataThrow@GAM@VDK@@|.?AVCUnitTaskAutomataRadiconParentActor@GAM@VDK@@|.?AVCUnitTaskAutomataRadicon@GAM@VDK@@|.?AVCUnitTaskAutomataAbstract@GAM@VDK@@|.?AVCUnitTaskActorProjectileAbstract@GAM@VDK@@|.?AVCUnitTaskActorAbstract@GAM@VDK@@
512POCKET,004KAMPFR,001,PororiChainmine,EXVS2,FreeFall,0x1414D0DF0,465,0x1C0,12,0;2;22;25;49;78;79;81;84;88;89;90,0x14092A3E0,0x140F543E0,0x1406A5B30,0x1406A5170,0x1406A5980,0x1406A57D0,0x14094DF60,0x140E09870,0x140DDC810,0x140DDC890,.?AVCUnitTaskAutomata_512POCKET_004KAMPFR_001_PororiChainmine@EXVS2@@|.?AVCUnitTaskAutomata_012POCKET_004KAMPFR_001_PororiChainmine@EXVS2@@|.?AVCUnitTaskAutomataFreeFall@GAM@VDK@@|.?AVCUnitTaskAutomataRadiconParentActor@GAM@VDK@@|.?AVCUnitTaskAutomataRadicon@GAM@VDK@@|.?AVCUnitTaskAutomataAbstract@GAM@VDK@@|.?AVCUnitTaskActorProjectileAbstract@GAM@VDK@@|.?AVCUnitTaskActorAbstract@GAM@VDK@@
514GNDM00,004CHERDM,001,FunnelFly,EXVS2,FunnelMawarikomi,0x1414D1118,977,0x210,11,0;2;12;28;43;69;78;79;81;84;87,0x14092A700,0x140F75740,0x140F56C00,0x14094F070,0x1406A5980,0x1406A57D0,0x14094E050,0x140F8E790,0x140F565D0,0x140DDCDC0,.?AVCUnitTaskAutomata_514GNDM00_004CHERDM_001_FunnelFly@EXVS2@@|.?AVCUnitTaskAutomata_014GNDM00_004CHERDM_001_FunnelFly@EXVS2@@|.?AVCUnitTaskAutomataFunnelMawarikomi@GAM@VDK@@|.?AVCUnitTaskAutomataFunnelFly@GAM@VDK@@|.?AVCUnitTaskAutomataFunnel@GAM@VDK@@|.?AVCUnitTaskAutomataRadiconParentActor@GAM@VDK@@|.?AVCUnitTaskAutomataRadicon@GAM@VDK@@|.?AVCUnitTaskAutomataAbstract@GAM@VDK@@
514GNDM00,007REBONS,001,FinFang_Large,EXVS2,FunnelMawarikomi,0x1414D1440,977,0x210,14,0;2;12;28;43;69;78;79;81;84;87;96;97;98,0x14092A100,0x140F847D0,0x140F6CAA0,0x14094F070,0x1406A5980,0x1406A57D0,0x14094E050,0x140F8E8A0,0x140F8E7B0,0x140DDCDC0,.?AVCUnitTaskAutomata_514GNDM00_007REBONS_001_FinFang_Large@EXVS2@@|.?AVCUnitTaskAutomataFunnelMawarikomi@GAM@VDK@@|.?AVCUnitTaskAutomataFunnelFly@GAM@VDK@@|.?AVCUnitTaskAutomataFunnel@GAM@VDK@@|.?AVCUnitTaskAutomataRadiconParentActor@GAM@VDK@@|.?AVCUnitTaskAutomataRadicon@GAM@VDK@@|.?AVCUnitTaskAutomataAbstract@GAM@VDK@@|.?AVCUnitTaskActorProjectileAbstract@GAM@VDK@@
514GNDM00,008THDREI,001,NotifyStealth,EXVS2,Sticker,0x1414D1768,465,0x1C0,9,0;2;78;79;81;82;84;89;91,0x14092A700,0x140F8EC50,0x1406A5B30,0x1406A5170,0x1406A5980,0x1406A57D0,0x14094E4D0,0x140F8ED90,0x140F8E960,0x140E28260,.?AVCUnitTaskAutomata_514GNDM00_008THDREI_001_NotifyStealth@EXVS2@@|.?AVCUnitTaskAutomataSticker@GAM@VDK@@|.?AVCUnitTaskAutomataRadiconParentActor@GAM@VDK@@|.?AVCUnitTaskAutomataRadicon@GAM@VDK@@|.?AVCUnitTaskAutomataAbstract@GAM@VDK@@|.?AVCUnitTaskActorProjectileAbstract@GAM@VDK@@|.?AVCUnitTaskActorAbstract@GAM@VDK@@|.?AVCUnitTaskBattleAbstract@GAM@VDK@@
515GNDMUC,002KSHATR,001,FunnelFlyNormal,EXVS2,FunnelFlyScatter,0x1414D1AA0,977,0x210,10,0;2;28;43;69;78;79;81;84;87,0x14092A700,0x140F75740,0x1406A5B30,0x14094F070,0x1406A5980,0x1406A57D0,0x14094E050,0x140F61280,0x140F8EDE0,0x140DDCDC0,.?AVCUnitTaskAutomata_515GNDMUC_002KSHATR_001_FunnelFlyNormal@EXVS2@@|.?AVCUnitTaskAutomata_015GNDMUC_002KSHATR_001_FunnelFlyNormal@EXVS2@@|.?AVCUnitTaskAutomata_015GNDMUC_002KSHATR_001_FunnelFlyBase@EXVS2@@|.?AVCUnitTaskAutomataFunnelFlyScatter@GAM@VDK@@|.?AVCUnitTaskAutomataFunnelMawarikomi@GAM@VDK@@|.?AVCUnitTaskAutomataFunnelFly@GAM@VDK@@|.?AVCUnitTaskAutomataFunnel@GAM@VDK@@|.?AVCUnitTaskAutomataRadiconParentActor@GAM@VDK@@
515GNDMUC,006ROZENZ,001,PsycoJammer,EXVS2,FunnelMawarikomi,0x1414D1DC8,977,0x210,10,0;2;28;43;69;78;79;81;84;87,0x14092A700,0x140E06020,0x1406A5B30,0x14094F070,0x1406A5980,0x1406A57D0,0x14094E050,0x140F8EEA0,0x140F8EE40,0x140F95870,.?AVCUnitTaskAutomata_515GNDMUC_006ROZENZ_001_PsycoJammer@EXVS2@@|.?AVCUnitTaskAutomataFunnelMawarikomi@GAM@VDK@@|.?AVCUnitTaskAutomataFunnelFly@GAM@VDK@@|.?AVCUnitTaskAutomataFunnel@GAM@VDK@@|.?AVCUnitTaskAutomataRadiconParentActor@GAM@VDK@@|.?AVCUnitTaskAutomataRadicon@GAM@VDK@@|.?AVCUnitTaskAutomataAbstract@GAM@VDK@@|.?AVCUnitTaskActorProjectileAbstract@GAM@VDK@@
515GNDMUC,006ROZENZ,001,PsycoJammerCore,EXVS2,FunnelMawarikomi,0x1414D20F0,977,0x210,10,0;2;28;43;69;78;79;81;84;87,0x140929D70,0x140E06020,0x1406A5B30,0x14094F070,0x1406A5980,0x1406A57D0,0x14094E050,0x140F8F090,0x140F8EEC0,0x140F8F080,.?AVCUnitTaskAutomata_515GNDMUC_006ROZENZ_001_PsycoJammerCore@EXVS2@@|.?AVCUnitTaskAutomataFunnelMawarikomi@GAM@VDK@@|.?AVCUnitTaskAutomataFunnelFly@GAM@VDK@@|.?AVCUnitTaskAutomataFunnel@GAM@VDK@@|.?AVCUnitTaskAutomataRadiconParentActor@GAM@VDK@@|.?AVCUnitTaskAutomataRadicon@GAM@VDK@@|.?AVCUnitTaskAutomataAbstract@GAM@VDK@@|.?AVCUnitTaskActorProjectileAbstract@GAM@VDK@@
517GYAKCH,001NEWGUN,001,Funnel,EXVS2,FunnelMawarikomi,0x1414D2418,977,0x210,11,0;2;28;43;69;78;79;81;84;87;88,0x14092A100,0x140F65370,0x1406A5B30,0x14094F070,0x1406A5980,0x1406A57D0,0x14094E050,0x140F8F540,0x140F8F4E0,0x140DDCDC0,.?AVCUnitTaskAutomata_517GYAKCH_001NEWGUN_001_Funnel@EXVS2@@|.?AVCUnitTaskAutomata_017GYAKCH_001NEWGUN_001_Funnel@EXVS2@@|.?AVCUnitTaskAutomataFunnelMawarikomi@GAM@VDK@@|.?AVCUnitTaskAutomataFunnelFly@GAM@VDK@@|.?AVCUnitTaskAutomataFunnel@GAM@VDK@@|.?AVCUnitTaskAutomataRadiconParentActor@GAM@VDK@@|.?AVCUnitTaskAutomataRadicon@GAM@VDK@@|.?AVCUnitTaskAutomataAbstract@GAM@VDK@@
517GYAKCH,002SAZABI,001,FunnelFly,EXVS2,FunnelMawarikomi,0x1414D2740,977,0x210,11,0;2;28;43;69;78;79;81;84;87;88,0x14092A700,0x140F75740,0x1406A5B30,0x14094F070,0x1406A5980,0x1406A57D0,0x14094E050,0x140F8F5C0,0x140F8F560,0x140DDCDC0,.?AVCUnitTaskAutomata_517GYAKCH_002SAZABI_001_FunnelFly@EXVS2@@|.?AVCUnitTaskAutomata_017GYAKCH_002SAZABI_001_FunnelFly@EXVS2@@|.?AVCUnitTaskAutomataFunnelMawarikomi@GAM@VDK@@|.?AVCUnitTaskAutomataFunnelFly@GAM@VDK@@|.?AVCUnitTaskAutomataFunnel@GAM@VDK@@|.?AVCUnitTaskAutomataRadiconParentActor@GAM@VDK@@|.?AVCUnitTaskAutomataRadicon@GAM@VDK@@|.?AVCUnitTaskAutomataAbstract@GAM@VDK@@
517GYAKCH,701JEGAN0,001,ThrowGrenade,EXVS2,ThrowMortar,0x1414D2A68,465,0x1C0,11,0;22;52;76;78;79;81;82;84;87;88,0x14092A3E0,0x1406A5BA0,0x1406A5B30,0x1406A5170,0x1406A5980,0x1406A57D0,0x14094E8C0,0x140F8F7A0,0x140DDFF20,0x140DDCAC0,.?AVCUnitTaskAutomata_517GYAKCH_701JEGAN0_001_ThrowGrenade@EXVS2@@|.?AVCUnitTaskAutomata_000COMMON_000COMMON_001_TransparentMortarExplosion@EXVS2@@|.?AVCUnitTaskAutomataThrowMortar@GAM@VDK@@|.?AVCUnitTaskAutomataThrow@GAM@VDK@@|.?AVCUnitTaskAutomataRadiconParentActor@GAM@VDK@@|.?AVCUnitTaskAutomataRadicon@GAM@VDK@@|.?AVCUnitTaskAutomataAbstract@GAM@VDK@@|.?AVCUnitTaskActorProjectileAbstract@GAM@VDK@@
520GNSEED,003PRVDNC,001,FunnelSmallFly,EXVS2,FunnelMawarikomi,0x1414D2D90,977,0x210,13,0;2;28;43;62;63;64;69;78;79;81;84;87,0x14092A700,0x140F75740,0x1406A5B30,0x14094F070,0x1406A5980,0x1406A57D0,0x14094E050,0x140F8F8D0,0x140F8F7B0,0x140DDCDC0,.?AVCUnitTaskAutomata_520GNSEED_003PRVDNC_001_FunnelSmallFly@EXVS2@@|.?AVCUnitTaskAutomata_020GNSEED_003PRVDNC_001_FunnelSmallFly@EXVS2@@|.?AVCUnitTaskAutomataFunnelMawarikomi@GAM@VDK@@|.?AVCUnitTaskAutomataFunnelFly@GAM@VDK@@|.?AVCUnitTaskAutomataFunnel@GAM@VDK@@|.?AVCUnitTaskAutomataRadiconParentActor@GAM@VDK@@|.?AVCUnitTaskAutomataRadicon@GAM@VDK@@|.?AVCUnitTaskAutomataAbstract@GAM@VDK@@
521DESTNY,005IMPULS,001,ShieldReflect,EXVS2,Throw,0x1414D30B8,465,0x1C0,14,0;2;22;75;76;78;79;81;84;86;87;88;89;91,0x14092A700,0x140F760D0,0x1406A5B30,0x1406A5170,0x1406A5980,0x1406A57D0,0x14094E8C0,0x140F8FC90,0x140F8FB00,0x140F76220,.?AVCUnitTaskAutomata_521DESTNY_005IMPULS_001_ShieldReflect@EXVS2@@|.?AVCUnitTaskAutomataThrow@GAM@VDK@@|.?AVCUnitTaskAutomataRadiconParentActor@GAM@VDK@@|.?AVCUnitTaskAutomataRadicon@GAM@VDK@@|.?AVCUnitTaskAutomataAbstract@GAM@VDK@@|.?AVCUnitTaskActorProjectileAbstract@GAM@VDK@@|.?AVCUnitTaskActorAbstract@GAM@VDK@@|.?AVCUnitTaskBattleAbstract@GAM@VDK@@
521DESTNY,007LEGEND,001,FunnelTukimatoi,EXVS2,FunnelTukimatoi_ShotOrder,0x1414D33E0,977,0x230,12,0;2;28;43;69;78;79;81;84;96;97;98,0x14092A700,0x140F75740,0x1406A5B30,0x14094F070,0x1406A5980,0x1406A57D0,0x14094E170,0x140F8FDC0,0x140F8FCD0,0x140DDCDC0,.?AVCUnitTaskAutomata_521DESTNY_007LEGEND_001_FunnelTukimatoi@EXVS2@@|.?AVCUnitTaskAutomataFunnelTukimatoi_ShotOrder@GAM@VDK@@|.?AVCUnitTaskAutomataFunnelMawarikomi_ShotOrder@GAM@VDK@@|.?AVCUnitTaskAutomataFunnelShotImmediate@GAM@VDK@@|.?AVCUnitTaskAutomataFunnelMawarikomi@GAM@VDK@@|.?AVCUnitTaskAutomataFunnelFly@GAM@VDK@@|.?AVCUnitTaskAutomataFunnel@GAM@VDK@@|.?AVCUnitTaskAutomataRadiconParentActor@GAM@VDK@@
521DESTNY,702CHAOGN,001,FunnelFly,EXVS2,FunnelMawarikomi,0x1414D3A38,977,0x210,10,0;2;28;43;69;78;79;81;84;87,0x14092A100,0x140E06020,0x1406A5B30,0x14094F070,0x1406A5980,0x1406A57D0,0x14094E050,0x140F90030,0x140F8FFD0,0x140DDCDC0,.?AVCUnitTaskAutomata_521DESTNY_702CHAOGN_001_FunnelFly@EXVS2@@|.?AVCUnitTaskAutomata_721DESTNY_002CHAOGN_001_FunnelFly@EXVS2@@|.?AVCUnitTaskAutomataFunnelMawarikomi@GAM@VDK@@|.?AVCUnitTaskAutomataFunnelFly@GAM@VDK@@|.?AVCUnitTaskAutomataFunnel@GAM@VDK@@|.?AVCUnitTaskAutomataRadiconParentActor@GAM@VDK@@|.?AVCUnitTaskAutomataRadicon@GAM@VDK@@|.?AVCUnitTaskAutomataAbstract@GAM@VDK@@
521DESTNY,708STRKFR,001,FunnelShot,EXVS2,FunnelMawarikomi_ShotOrder,0x1414D3D68,977,0x230,10,0;2;12;28;43;69;78;79;81;84,0x14092A100,0x140F75740,0x140F900F0,0x14094F070,0x1406A5980,0x1406A57D0,0x14094E170,0x140F75040,0x140F900A0,0x140DDCDC0,.?AVCUnitTaskAutomata_521DESTNY_708STRKFR_001_FunnelShot@EXVS2@@|.?AVCUnitTaskAutomataFunnelMawarikomi_ShotOrder@GAM@VDK@@|.?AVCUnitTaskAutomataFunnelShotImmediate@GAM@VDK@@|.?AVCUnitTaskAutomataFunnelMawarikomi@GAM@VDK@@|.?AVCUnitTaskAutomataFunnelFly@GAM@VDK@@|.?AVCUnitTaskAutomataFunnel@GAM@VDK@@|.?AVCUnitTaskAutomataRadiconParentActor@GAM@VDK@@|.?AVCUnitTaskAutomataRadicon@GAM@VDK@@
526GNBELT,001HINGND,001,FinFunnelFly,EXVS2,FunnelMawarikomi,0x1414D4090,977,0x210,11,0;2;28;43;69;78;79;81;84;87;88,0x14092A700,0x140F75740,0x1406A5B30,0x14094F070,0x1406A5980,0x1406A57D0,0x14094E050,0x140F90210,0x140F901B0,0x140DDCDC0,.?AVCUnitTaskAutomata_526GNBELT_001HINGND_001_FinFunnelFly@EXVS2@@|.?AVCUnitTaskAutomata_026GNBELT_001HINGND_001_FinFunnelFly@EXVS2@@|.?AVCUnitTaskAutomataFunnelMawarikomi@GAM@VDK@@|.?AVCUnitTaskAutomataFunnelFly@GAM@VDK@@|.?AVCUnitTaskAutomataFunnel@GAM@VDK@@|.?AVCUnitTaskAutomataRadiconParentActor@GAM@VDK@@|.?AVCUnitTaskAutomataRadicon@GAM@VDK@@|.?AVCUnitTaskAutomataAbstract@GAM@VDK@@
526GNBELT,002NITNGL,001,FunnelShot,EXVS2,FunnelShotStayShift,0x1414D43B8,977,0x210,9,0;2;28;43;78;79;81;84;87,0x14092A3E0,0x140F75740,0x1406A5B30,0x14094F070,0x1406A5980,0x1406A57D0,0x14094E2A0,0x140F902A0,0x140F90230,0x140DDCDC0,.?AVCUnitTaskAutomata_526GNBELT_002NITNGL_001_FunnelShot@EXVS2@@|.?AVCUnitTaskAutomataFunnelShotStayShift@GAM@VDK@@|.?AVCUnitTaskAutomataFunnelShiftPos@GAM@VDK@@|.?AVCUnitTaskAutomataFunnel@GAM@VDK@@|.?AVCUnitTaskAutomataRadiconParentActor@GAM@VDK@@|.?AVCUnitTaskAutomataRadicon@GAM@VDK@@|.?AVCUnitTaskAutomataAbstract@GAM@VDK@@|.?AVCUnitTaskActorProjectileAbstract@GAM@VDK@@
533GNDAGE,004GAGEFX,001,FunnelAttachChangeWeaponDefenseformGurd,EXVS2,AttachReturn,0x1414D46E0,465,0x240,9,0;2;78;79;81;84;88;91;96,0x14092A3E0,0x140E00E60,0x1406A5B30,0x1406A5170,0x1406A5980,0x1406A57D0,0x14094DDB0,0x140E00EB0,0x140DE3690,0x140DE1E80,.?AVCUnitTaskAutomata_533GNDAGE_004GAGEFX_001_FunnelAttachChangeWeaponDefenseformGurd@EXVS2@@|.?AVCUnitTaskAutomata_033GNDAGE_004GAGEFX_001_FunnelAttachChangeWeaponAbstract@EXVS2@@|.?AVCUnitTaskAutomataAttachReturn@GAM@VDK@@|.?AVCUnitTaskAutomataAttach@GAM@VDK@@|.?AVCUnitTaskAutomataAttachAbstract@GAM@VDK@@|.?AVCUnitTaskAutomataRadiconParentActor@GAM@VDK@@|.?AVCUnitTaskAutomataRadicon@GAM@VDK@@|.?AVCUnitTaskAutomataAbstract@GAM@VDK@@
533GNDAGE,006FARSIA,001,FunnelFly,EXVS2,FunnelMawarikomi,0x1414D4A10,977,0x210,10,0;2;28;43;69;78;79;81;84;87,0x14092A700,0x140F75740,0x1406A5B30,0x14094F070,0x1406A5980,0x1406A57D0,0x14094E050,0x140F90A00,0x140E02470,0x140DDCDC0,.?AVCUnitTaskAutomata_533GNDAGE_006FARSIA_001_FunnelFly@EXVS2@@|.?AVCUnitTaskAutomata_033GNDAGE_006FARSIA_001_FunnelFly@EXVS2@@|.?AVCUnitTaskAutomataFunnelMawarikomi@GAM@VDK@@|.?AVCUnitTaskAutomataFunnelFly@GAM@VDK@@|.?AVCUnitTaskAutomataFunnel@GAM@VDK@@|.?AVCUnitTaskAutomataRadiconParentActor@GAM@VDK@@|.?AVCUnitTaskAutomataRadicon@GAM@VDK@@|.?AVCUnitTaskAutomataAbstract@GAM@VDK@@
533GNDAGE,007LEGILS,001,FunnelFly,EXVS2,FunnelMawarikomi,0x1414D4D38,977,0x210,10,0;2;28;43;69;78;79;81;84;87,0x14092A700,0x140F75740,0x1406A5B30,0x14094F070,0x1406A5980,0x1406A57D0,0x14094E050,0x140F90A20,0x140E03270,0x140DDCDC0,.?AVCUnitTaskAutomata_533GNDAGE_007LEGILS_001_FunnelFly@EXVS2@@|.?AVCUnitTaskAutomata_033GNDAGE_007LEGILS_001_FunnelFly@EXVS2@@|.?AVCUnitTaskAutomata_033GNDAGE_007LEGILS_001_FunnelFlyAbstract@EXVS2@@|.?AVCUnitTaskAutomataFunnelMawarikomi@GAM@VDK@@|.?AVCUnitTaskAutomataFunnelFly@GAM@VDK@@|.?AVCUnitTaskAutomataFunnel@GAM@VDK@@|.?AVCUnitTaskAutomataRadiconParentActor@GAM@VDK@@|.?AVCUnitTaskAutomataRadicon@GAM@VDK@@
545MISING,702ZK2PSY,001,HandFly,EXVS2,FunnelFlySword,0x1414D56B0,977,0x220,15,0;2;21;28;43;52;69;73;76;78;79;81;84;87;91,0x14092A100,0x140F75740,0x1406A5B30,0x14094F070,0x1406A5980,0x1406A57D0,0x14094E100,0x140F91050,0x140F90FF0,0x140F96C20,.?AVCUnitTaskAutomata_545MISING_702ZK2PSY_001_HandFly@EXVS2@@|.?AVCUnitTaskAutomataFunnelFlySword@GAM@VDK@@|.?AVCUnitTaskAutomataFunnelMawarikomi@GAM@VDK@@|.?AVCUnitTaskAutomataFunnelFly@GAM@VDK@@|.?AVCUnitTaskAutomataFunnel@GAM@VDK@@|.?AVCUnitTaskAutomataRadiconParentActor@GAM@VDK@@|.?AVCUnitTaskAutomataRadicon@GAM@VDK@@|.?AVCUnitTaskAutomataAbstract@GAM@VDK@@
545MISING,702ZK2PSY,001,HandPunch,EXVS2,AnchorThrow,0x1414D5388,465,0x1F0,13,0;2;11;12;18;23;73;76;78;79;81;84;87,0x14092A700,0x140DE0460,0x140DE0B10,0x1406A5170,0x1406A5980,0x1406A57D0,0x14094DCE0,0x140F90DA0,0x140F90D20,0x140F40ED0,.?AVCUnitTaskAutomata_545MISING_702ZK2PSY_001_HandPunch@EXVS2@@|.?AVCUnitTaskAutomata_745MISING_002ZK2PSY_001_HandPunch@EXVS2@@|.?AVCUnitTaskAutomataAnchorThrow@GAM@VDK@@|.?AVCUnitTaskAutomataAnchorReturn@GAM@VDK@@|.?AVCUnitTaskAutomataAnchor@GAM@VDK@@|.?AVCUnitTaskAutomataRadiconParentActor@GAM@VDK@@|.?AVCUnitTaskAutomataRadicon@GAM@VDK@@|.?AVCUnitTaskAutomataAbstract@GAM@VDK@@
545MISING,705GRDVIN,001,FreeFallSturmFaust,EXVS2,FreeFall,0x1414D59D8,465,0x1C0,11,0;2;22;25;49;78;79;81;84;88;89,0x14092A3E0,0x140F76310,0x1406A5B30,0x1406A5170,0x1406A5980,0x1406A57D0,0x14094DF60,0x140DDC8C0,0x140DDC810,0x140DDC890,.?AVCUnitTaskAutomata_545MISING_705GRDVIN_001_FreeFallSturmFaust@EXVS2@@|.?AVCUnitTaskAutomataFreeFall@GAM@VDK@@|.?AVCUnitTaskAutomataRadiconParentActor@GAM@VDK@@|.?AVCUnitTaskAutomataRadicon@GAM@VDK@@|.?AVCUnitTaskAutomataAbstract@GAM@VDK@@|.?AVCUnitTaskActorProjectileAbstract@GAM@VDK@@|.?AVCUnitTaskActorAbstract@GAM@VDK@@|.?AVCUnitTaskBattleAbstract@GAM@VDK@@
553GBFTRY,701THEEND,001,FangRush,EXVS2,Throw,0x1414D5D00,465,0x1C0,11,0;22;76;78;79;81;84;87;88;89;91,0x14092A3E0,0x1406A5BA0,0x1406A5B30,0x1406A5170,0x1406A5980,0x1406A57D0,0x14094E8C0,0x140F91710,0x140F91330,0x140F3A140,.?AVCUnitTaskAutomata_553GBFTRY_701THEEND_001_FangRush@EXVS2@@|.?AVCUnitTaskAutomata_000COMMON_000COMMON_001_ThrowMissile@EXVS2@@|.?AVCUnitTaskAutomataThrow@GAM@VDK@@|.?AVCUnitTaskAutomataRadiconParentActor@GAM@VDK@@|.?AVCUnitTaskAutomataRadicon@GAM@VDK@@|.?AVCUnitTaskAutomataAbstract@GAM@VDK@@|.?AVCUnitTaskActorProjectileAbstract@GAM@VDK@@|.?AVCUnitTaskActorAbstract@GAM@VDK@@
566SUISEI,703GUNDND,001,ReleaseMA,EXVS2,Throw,0x1414D6028,465,0x1C0,12,0;2;22;76;78;79;81;84;87;88;89;90,0x14092A3E0,0x140F918D0,0x1406A5B30,0x1406A5170,0x1406A5980,0x1406A57D0,0x14094E8C0,0x140E36BD0,0x140F917F0,0x140F91900,.?AVCUnitTaskAutomata_566SUISEI_703GUNDND_001_ReleaseMA@EXVS2@@|.?AVCUnitTaskAutomataThrow@GAM@VDK@@|.?AVCUnitTaskAutomataRadiconParentActor@GAM@VDK@@|.?AVCUnitTaskAutomataRadicon@GAM@VDK@@|.?AVCUnitTaskAutomataAbstract@GAM@VDK@@|.?AVCUnitTaskActorProjectileAbstract@GAM@VDK@@|.?AVCUnitTaskActorAbstract@GAM@VDK@@|.?AVCUnitTaskBattleAbstract@GAM@VDK@@
568FREEDM,701IMOJUS,001,BeamBoomerang,EXVS2,Boomerang,0x1414D6350,465,0x1C0,11,0;12;73;78;79;81;84;87;88;89;91,0x14092A700,0x1406A5BA0,0x140DDD470,0x1406A5170,0x1406A5980,0x1406A57D0,0x14094DF10,0x140F91CB0,0x140F91A00,0x140DDCAC0,.?AVCUnitTaskAutomata_568FREEDM_701IMOJUS_001_BeamBoomerang@EXVS2@@|.?AVCUnitTaskAutomataBoomerang@GAM@VDK@@|.?AVCUnitTaskAutomataRadiconParentActor@GAM@VDK@@|.?AVCUnitTaskAutomataRadicon@GAM@VDK@@|.?AVCUnitTaskAutomataAbstract@GAM@VDK@@|.?AVCUnitTaskActorProjectileAbstract@GAM@VDK@@|.?AVCUnitTaskActorAbstract@GAM@VDK@@|.?AVCUnitTaskBattleAbstract@GAM@VDK@@
601GUNDAM,002BYGZAM,001,FootClaw,EXVS2,Throw,0x1414D6678,465,0x1C0,10,0;22;76;78;79;81;84;87;88;91,0x14092A3E0,0x1406A5BA0,0x1406A5B30,0x1406A5170,0x1406A5980,0x1406A57D0,0x14094E8C0,0x140F91E60,0x140F91D90,0x140DDCAC0,.?AVCUnitTaskAutomata_601GUNDAM_002BYGZAM_001_FootClaw@EXVS2@@|.?AVCUnitTaskAutomataThrow@GAM@VDK@@|.?AVCUnitTaskAutomataRadiconParentActor@GAM@VDK@@|.?AVCUnitTaskAutomataRadicon@GAM@VDK@@|.?AVCUnitTaskAutomataAbstract@GAM@VDK@@|.?AVCUnitTaskActorProjectileAbstract@GAM@VDK@@|.?AVCUnitTaskActorAbstract@GAM@VDK@@|.?AVCUnitTaskBattleAbstract@GAM@VDK@@
601GUNDAM,002BYGZAM,001,StickerLaser,EXVS2,Sticker,0x1414D69A0,465,0x1C0,7,0;2;78;79;81;84;91,0x14092A700,0x140DDD100,0x1406A5B30,0x1406A5170,0x1406A5980,0x1406A57D0,0x14094E4D0,0x140F91E90,0x140F91EB0,0x140E28260,.?AVCUnitTaskAutomata_601GUNDAM_002BYGZAM_001_StickerLaser@EXVS2@@|.?AVCUnitTaskAutomata_601GUNDAM_002BYGZAM_001_StickerLaserAbstract@EXVS2@@|.?AVCUnitTaskAutomataSticker@GAM@VDK@@|.?AVCUnitTaskAutomataRadiconParentActor@GAM@VDK@@|.?AVCUnitTaskAutomataRadicon@GAM@VDK@@|.?AVCUnitTaskAutomataAbstract@GAM@VDK@@|.?AVCUnitTaskActorProjectileAbstract@GAM@VDK@@|.?AVCUnitTaskActorAbstract@GAM@VDK@@
601GUNDAM,002BYGZAM,001,StickerLaserSwing,EXVS2,Sticker,0x1414D6CD8,465,0x1C0,7,0;2;78;79;81;84;91,0x14092A700,0x140DDD100,0x1406A5B30,0x1406A5170,0x1406A5980,0x1406A57D0,0x14094E4D0,0x140F91E90,0x140F91F10,0x140E28260,.?AVCUnitTaskAutomata_601GUNDAM_002BYGZAM_001_StickerLaserSwing@EXVS2@@|.?AVCUnitTaskAutomata_601GUNDAM_002BYGZAM_001_StickerLaserAbstract@EXVS2@@|.?AVCUnitTaskAutomataSticker@GAM@VDK@@|.?AVCUnitTaskAutomataRadiconParentActor@GAM@VDK@@|.?AVCUnitTaskAutomataRadicon@GAM@VDK@@|.?AVCUnitTaskAutomataAbstract@GAM@VDK@@|.?AVCUnitTaskActorProjectileAbstract@GAM@VDK@@|.?AVCUnitTaskActorAbstract@GAM@VDK@@
601GUNDAM,003ADZAM0,001,ThrowLeader,EXVS2,Throw,0x1414D7010,465,0x1C0,10,0;22;76;78;79;81;84;87;88;91,0x14092A3E0,0x1406A5BA0,0x1406A5B30,0x1406A5170,0x1406A5980,0x1406A57D0,0x14094E8C0,0x140F920F0,0x140F91FE0,0x140F920A0,.?AVCUnitTaskAutomata_601GUNDAM_003ADZAM0_001_ThrowLeader@EXVS2@@|.?AVCUnitTaskAutomataThrow@GAM@VDK@@|.?AVCUnitTaskAutomataRadiconParentActor@GAM@VDK@@|.?AVCUnitTaskAutomataRadicon@GAM@VDK@@|.?AVCUnitTaskAutomataAbstract@GAM@VDK@@|.?AVCUnitTaskActorProjectileAbstract@GAM@VDK@@|.?AVCUnitTaskActorAbstract@GAM@VDK@@|.?AVCUnitTaskBattleAbstract@GAM@VDK@@
601GUNDAM,005ELMETH,001,BitMawarikomi,EXVS2,FunnelMawarikomi,0x141665680,977,0x210,10,0;2;28;43;69;78;79;81;84;87,0x140F92170,0x140F75740,0x1406A5B30,0x14094F070,0x1406A5980,0x1406A57D0,0x14094E050,0x140F92210,0x140F921B0,0x140DDCDC0,.?AVCUnitTaskAutomata_601GUNDAM_005ELMETH_001_BitMawarikomi@EXVS2@@|.?AVCUnitTaskAutomataFunnelMawarikomi@GAM@VDK@@|.?AVCUnitTaskAutomataFunnelFly@GAM@VDK@@|.?AVCUnitTaskAutomataFunnel@GAM@VDK@@|.?AVCUnitTaskAutomataRadiconParentActor@GAM@VDK@@|.?AVCUnitTaskAutomataRadicon@GAM@VDK@@|.?AVCUnitTaskAutomataAbstract@GAM@VDK@@|.?AVCUnitTaskActorProjectileAbstract@GAM@VDK@@
601GUNDAM,005ELMETH,001,BitStayShift,EXVS2,FunnelShotStayShift,0x141665AF0,977,0x210,9,0;2;28;43;78;79;81;84;87,0x140F92280,0x140F75740,0x1406A5B30,0x14094F070,0x1406A5980,0x1406A57D0,0x14094E2A0,0x140F92330,0x140F922C0,0x140DDCDC0,.?AVCUnitTaskAutomata_601GUNDAM_005ELMETH_001_BitStayShift@EXVS2@@|.?AVCUnitTaskAutomataFunnelShotStayShift@GAM@VDK@@|.?AVCUnitTaskAutomataFunnelShiftPos@GAM@VDK@@|.?AVCUnitTaskAutomataFunnel@GAM@VDK@@|.?AVCUnitTaskAutomataRadiconParentActor@GAM@VDK@@|.?AVCUnitTaskAutomataRadicon@GAM@VDK@@|.?AVCUnitTaskAutomataAbstract@GAM@VDK@@|.?AVCUnitTaskActorProjectileAbstract@GAM@VDK@@
601GUNDAM,007PZEONG,001,HandFly,EXVS2,FunnelMawarikomi,0x1414D7660,977,0x210,12,0;2;28;43;69;78;79;81;84;87;88;91,0x14092A700,0x140F75740,0x1406A5B30,0x14094F070,0x1406A5980,0x1406A57D0,0x14094E050,0x140F928A0,0x140F927C0,0x140F92B20,.?AVCUnitTaskAutomata_601GUNDAM_007PZEONG_001_HandFly@EXVS2@@|.?AVCUnitTaskAutomataFunnelMawarikomi@GAM@VDK@@|.?AVCUnitTaskAutomataFunnelFly@GAM@VDK@@|.?AVCUnitTaskAutomataFunnel@GAM@VDK@@|.?AVCUnitTaskAutomataRadiconParentActor@GAM@VDK@@|.?AVCUnitTaskAutomataRadicon@GAM@VDK@@|.?AVCUnitTaskAutomataAbstract@GAM@VDK@@|.?AVCUnitTaskActorProjectileAbstract@GAM@VDK@@
601GUNDAM,007PZEONG,001,HandPunch,EXVS2,AnchorThrow,0x1414D7338,465,0x1F0,15,0;2;11;12;18;23;73;76;78;79;81;84;87;88;89,0x14092A700,0x140DE0460,0x140DE0B10,0x1406A5170,0x1406A5980,0x1406A57D0,0x14094DCE0,0x140F92570,0x140F923D0,0x140F40ED0,.?AVCUnitTaskAutomata_601GUNDAM_007PZEONG_001_HandPunch@EXVS2@@|.?AVCUnitTaskAutomataAnchorThrow@GAM@VDK@@|.?AVCUnitTaskAutomataAnchorReturn@GAM@VDK@@|.?AVCUnitTaskAutomataAnchor@GAM@VDK@@|.?AVCUnitTaskAutomataRadiconParentActor@GAM@VDK@@|.?AVCUnitTaskAutomataRadicon@GAM@VDK@@|.?AVCUnitTaskAutomataAbstract@GAM@VDK@@|.?AVCUnitTaskActorProjectileAbstract@GAM@VDK@@
603ZZGNDM,001PSYGN2,001,HandFly,EXVS2,FunnelMawarikomi,0x1414D7988,977,0x210,10,0;2;28;43;69;78;79;81;84;87,0x14092A700,0x140F75740,0x1406A5B30,0x14094F070,0x1406A5980,0x1406A57D0,0x14094E050,0x140F92B60,0x140F92AC0,0x140F92B20,.?AVCUnitTaskAutomata_603ZZGNDM_001PSYGN2_001_HandFly@EXVS2@@|.?AVCUnitTaskAutomataFunnelMawarikomi@GAM@VDK@@|.?AVCUnitTaskAutomataFunnelFly@GAM@VDK@@|.?AVCUnitTaskAutomataFunnel@GAM@VDK@@|.?AVCUnitTaskAutomataRadiconParentActor@GAM@VDK@@|.?AVCUnitTaskAutomataRadicon@GAM@VDK@@|.?AVCUnitTaskAutomataAbstract@GAM@VDK@@|.?AVCUnitTaskActorProjectileAbstract@GAM@VDK@@
603ZZGNDM,001PSYGN2,001,ReflectorBit,EXVS2,FunnelShotStayShift,0x1414D7CB0,977,0x210,10,0;2;28;43;69;78;79;81;84;87,0x14092A700,0x140F75740,0x1406A5B30,0x14094F070,0x1406A5980,0x1406A57D0,0x14094E2A0,0x140F92DF0,0x140F92D80,0x140DDCDC0,.?AVCUnitTaskAutomata_603ZZGNDM_001PSYGN2_001_ReflectorBit@EXVS2@@|.?AVCUnitTaskAutomataFunnelShotStayShift@GAM@VDK@@|.?AVCUnitTaskAutomataFunnelShiftPos@GAM@VDK@@|.?AVCUnitTaskAutomataFunnel@GAM@VDK@@|.?AVCUnitTaskAutomataRadiconParentActor@GAM@VDK@@|.?AVCUnitTaskAutomataRadicon@GAM@VDK@@|.?AVCUnitTaskAutomataAbstract@GAM@VDK@@|.?AVCUnitTaskActorProjectileAbstract@GAM@VDK@@
603ZZGNDM,001PSYGN2,001,StickerConnectLaser,EXVS2,StickerConnectLazer,0x1414D7FD8,465,0x1C0,12,0;2;12;18;29;59;68;78;79;81;84;91,0x140929F80,0x140DE2C70,0x140DE2C30,0x1406A5170,0x1406A5980,0x1406A57D0,0x14094E4D0,0x140F937B0,0x140DE28C0,0x140E28260,.?AVCUnitTaskAutomata_603ZZGNDM_001PSYGN2_001_StickerConnectLaser@EXVS2@@|.?AVCUnitTaskAutomataStickerConnectLazer@GAM@VDK@@|.?AVCUnitTaskAutomataSticker@GAM@VDK@@|.?AVCUnitTaskAutomataRadiconParentActor@GAM@VDK@@|.?AVCUnitTaskAutomataRadicon@GAM@VDK@@|.?AVCUnitTaskAutomataAbstract@GAM@VDK@@|.?AVCUnitTaskActorProjectileAbstract@GAM@VDK@@|.?AVCUnitTaskActorAbstract@GAM@VDK@@
603ZZGNDM,002QUINMN,001,FunnelFly1,EXVS2,FunnelFlyScatter,0x1414D8318,977,0x210,10,0;2;28;43;69;78;79;81;84;87,0x14092A700,0x140F75740,0x1406A5B30,0x14094F070,0x1406A5980,0x1406A57D0,0x14094E050,0x140F93250,0x140F92E40,0x140DDCDC0,.?AVCUnitTaskAutomata_603ZZGNDM_002QUINMN_001_FunnelFly1@EXVS2@@|.?AVCUnitTaskAutomataFunnelFlyScatter@GAM@VDK@@|.?AVCUnitTaskAutomataFunnelMawarikomi@GAM@VDK@@|.?AVCUnitTaskAutomataFunnelFly@GAM@VDK@@|.?AVCUnitTaskAutomataFunnel@GAM@VDK@@|.?AVCUnitTaskAutomataRadiconParentActor@GAM@VDK@@|.?AVCUnitTaskAutomataRadicon@GAM@VDK@@|.?AVCUnitTaskAutomataAbstract@GAM@VDK@@
603ZZGNDM,002QUINMN,001,FunnelFly2,EXVS2,FunnelMawarikomi,0x1414D8640,977,0x210,10,0;2;28;43;69;78;79;81;84;87,0x14092A700,0x140F75740,0x1406A5B30,0x14094F070,0x1406A5980,0x1406A57D0,0x14094E050,0x140F92F00,0x140F92EA0,0x140DDCDC0,.?AVCUnitTaskAutomata_603ZZGNDM_002QUINMN_001_FunnelFly2@EXVS2@@|.?AVCUnitTaskAutomataFunnelMawarikomi@GAM@VDK@@|.?AVCUnitTaskAutomataFunnelFly@GAM@VDK@@|.?AVCUnitTaskAutomataFunnel@GAM@VDK@@|.?AVCUnitTaskAutomataRadiconParentActor@GAM@VDK@@|.?AVCUnitTaskAutomataRadicon@GAM@VDK@@|.?AVCUnitTaskAutomataAbstract@GAM@VDK@@|.?AVCUnitTaskActorProjectileAbstract@GAM@VDK@@
603ZZGNDM,002QUINMN,001,FunnelFront,EXVS2,FunnelShotStayShift,0x1414D8C90,977,0x210,10,0;2;28;43;69;78;79;81;84;87,0x14092A700,0x140F75740,0x1406A5B30,0x14094F070,0x1406A5980,0x1406A57D0,0x14094E2A0,0x140F931C0,0x140F93150,0x140DDCDC0,.?AVCUnitTaskAutomata_603ZZGNDM_002QUINMN_001_FunnelFront@EXVS2@@|.?AVCUnitTaskAutomataFunnelShotStayShift@GAM@VDK@@|.?AVCUnitTaskAutomataFunnelShiftPos@GAM@VDK@@|.?AVCUnitTaskAutomataFunnel@GAM@VDK@@|.?AVCUnitTaskAutomataRadiconParentActor@GAM@VDK@@|.?AVCUnitTaskAutomataRadicon@GAM@VDK@@|.?AVCUnitTaskAutomataAbstract@GAM@VDK@@|.?AVCUnitTaskActorProjectileAbstract@GAM@VDK@@
603ZZGNDM,002QUINMN,001,FunnelNet,EXVS2,FunnelShotStayShift,0x1414D8968,977,0x210,10,0;2;28;43;69;78;79;81;84;87,0x14092A700,0x140E37A90,0x1406A5B30,0x14094F070,0x1406A5980,0x1406A57D0,0x14094E2A0,0x140F93130,0x140F930B0,0x140DDCDC0,.?AVCUnitTaskAutomata_603ZZGNDM_002QUINMN_001_FunnelNet@EXVS2@@|.?AVCUnitTaskAutomataFunnelShotStayShift@GAM@VDK@@|.?AVCUnitTaskAutomataFunnelShiftPos@GAM@VDK@@|.?AVCUnitTaskAutomataFunnel@GAM@VDK@@|.?AVCUnitTaskAutomataRadiconParentActor@GAM@VDK@@|.?AVCUnitTaskAutomataRadicon@GAM@VDK@@|.?AVCUnitTaskAutomataAbstract@GAM@VDK@@|.?AVCUnitTaskActorProjectileAbstract@GAM@VDK@@
603ZZGNDM,002QUINMN,001,FunnelRensha,EXVS2,FunnelMawarikomiMultipleShot,0x1414D8FB8,977,0x220,10,0;2;28;43;69;78;79;81;84;87,0x14092A100,0x140F75740,0x1406A5B30,0x14094F070,0x1406A5980,0x1406A57D0,0x14094E9E0,0x140F93250,0x140F931F0,0x140DDCDC0,.?AVCUnitTaskAutomata_603ZZGNDM_002QUINMN_001_FunnelRensha@EXVS2@@|.?AVCUnitTaskAutomataFunnelMawarikomiMultipleShot@GAM@VDK@@|.?AVCUnitTaskAutomataFunnelMawarikomi@GAM@VDK@@|.?AVCUnitTaskAutomataFunnelFly@GAM@VDK@@|.?AVCUnitTaskAutomataFunnel@GAM@VDK@@|.?AVCUnitTaskAutomataRadiconParentActor@GAM@VDK@@|.?AVCUnitTaskAutomataRadicon@GAM@VDK@@|.?AVCUnitTaskAutomataAbstract@GAM@VDK@@
603ZZGNDM,002QUINMN,001,FunnelTukimatoi,EXVS2,FunnelTukimatoi,0x1414D92E0,977,0x220,9,0;2;28;43;69;78;79;81;84,0x14092A100,0x140E37A90,0x1406A5B30,0x14094F070,0x1406A5980,0x1406A57D0,0x14094E1E0,0x140F932F0,0x140F93280,0x140DDCDC0,.?AVCUnitTaskAutomata_603ZZGNDM_002QUINMN_001_FunnelTukimatoi@EXVS2@@|.?AVCUnitTaskAutomataFunnelTukimatoi@GAM@VDK@@|.?AVCUnitTaskAutomataFunnelShotImmediate@GAM@VDK@@|.?AVCUnitTaskAutomataFunnelMawarikomi@GAM@VDK@@|.?AVCUnitTaskAutomataFunnelFly@GAM@VDK@@|.?AVCUnitTaskAutomataFunnel@GAM@VDK@@|.?AVCUnitTaskAutomataRadiconParentActor@GAM@VDK@@|.?AVCUnitTaskAutomataRadicon@GAM@VDK@@
613GNDMSM,001DENDRO,001,ThrowMicroSet,EXVS2,Throw,0x1414D9C58,465,0x1C0,12,0;2;22;52;76;78;79;81;84;87;88;89,0x14092A3E0,0x140F75740,0x1406A5B30,0x1406A5170,0x1406A5980,0x1406A57D0,0x14094E8C0,0x140F557C0,0x140F93470,0x140F44FB0,.?AVCUnitTaskAutomata_613GNDMSM_001DENDRO_001_ThrowMicroSet@EXVS2@@|.?AVCUnitTaskAutomata_013GNDMSM_004GNGP03_001_ThrowMicroSet@EXVS2@@|.?AVCUnitTaskAutomataThrow@GAM@VDK@@|.?AVCUnitTaskAutomataRadiconParentActor@GAM@VDK@@|.?AVCUnitTaskAutomataRadicon@GAM@VDK@@|.?AVCUnitTaskAutomataAbstract@GAM@VDK@@|.?AVCUnitTaskActorProjectileAbstract@GAM@VDK@@|.?AVCUnitTaskActorAbstract@GAM@VDK@@
614GNDM00,002ALVTRE,001,FangLaser,EXVS2,FunnelMawarikomi,0x1414D9930,977,0x210,10,0;2;28;43;69;78;79;81;84;87,0x14092A700,0x140F75740,0x1406A5B30,0x14094F070,0x1406A5980,0x1406A57D0,0x14094E050,0x140F93430,0x140F933D0,0x140DDCDC0,.?AVCUnitTaskAutomata_614GNDM00_002ALVTRE_001_FangLaser@EXVS2@@|.?AVCUnitTaskAutomataFunnelMawarikomi@GAM@VDK@@|.?AVCUnitTaskAutomataFunnelFly@GAM@VDK@@|.?AVCUnitTaskAutomataFunnel@GAM@VDK@@|.?AVCUnitTaskAutomataRadiconParentActor@GAM@VDK@@|.?AVCUnitTaskAutomataRadicon@GAM@VDK@@|.?AVCUnitTaskAutomataAbstract@GAM@VDK@@|.?AVCUnitTaskActorProjectileAbstract@GAM@VDK@@
614GNDM00,002ALVTRE,001,FangShot,EXVS2,FunnelMawarikomiMultipleShot,0x1414D9608,977,0x220,10,0;2;28;43;69;78;79;81;84;87,0x14092A100,0x140F75740,0x1406A5B30,0x14094F070,0x1406A5980,0x1406A57D0,0x14094E9E0,0x140F93390,0x140F93330,0x140DDCDC0,.?AVCUnitTaskAutomata_614GNDM00_002ALVTRE_001_FangShot@EXVS2@@|.?AVCUnitTaskAutomataFunnelMawarikomiMultipleShot@GAM@VDK@@|.?AVCUnitTaskAutomataFunnelMawarikomi@GAM@VDK@@|.?AVCUnitTaskAutomataFunnelFly@GAM@VDK@@|.?AVCUnitTaskAutomataFunnel@GAM@VDK@@|.?AVCUnitTaskAutomataRadiconParentActor@GAM@VDK@@|.?AVCUnitTaskAutomataRadicon@GAM@VDK@@|.?AVCUnitTaskAutomataAbstract@GAM@VDK@@
615GNDMUC,001SHMBLO,001,FunnelMovePoint,EXVS2,RadiconParentActor,0x1414D9F90,465,0x1B0,4,0;79;81;84,0x14092A3E0,0x1406A5BA0,0x1406A5B30,0x1406A5170,0x1406A5980,0x1406A57D0,0x1406A50D0,0x140F93550,0x140F934F0,0x140DDCDC0,.?AVCUnitTaskAutomata_615GNDMUC_001SHMBLO_001_FunnelMovePoint@EXVS2@@|.?AVCUnitTaskAutomataRadiconParentActor@GAM@VDK@@|.?AVCUnitTaskAutomataRadicon@GAM@VDK@@|.?AVCUnitTaskAutomataAbstract@GAM@VDK@@|.?AVCUnitTaskActorProjectileAbstract@GAM@VDK@@|.?AVCUnitTaskActorAbstract@GAM@VDK@@|.?AVCUnitTaskBattleAbstract@GAM@VDK@@|.?AVCUnitTaskAbstract@FWK@VDK@@
615GNDMUC,001SHMBLO,001,FunnelReflect,EXVS2,RadiconParentActor,0x1414DA920,465,0x1B0,9,0;2;12;54;75;79;81;84;86,0x14092A700,0x140F938C0,0x140F93860,0x1406A5170,0x140F93840,0x1406A57D0,0x1406A50D0,0x140F93AE0,0x140F937E0,0x140DDCDC0,.?AVCUnitTaskAutomata_615GNDMUC_001SHMBLO_001_FunnelReflect@EXVS2@@|.?AVCUnitTaskAutomata_615GNDMUC_001SHMBLO_001_FunnelMovePoint@EXVS2@@|.?AVCUnitTaskAutomataRadiconParentActor@GAM@VDK@@|.?AVCUnitTaskAutomataRadicon@GAM@VDK@@|.?AVCUnitTaskAutomataAbstract@GAM@VDK@@|.?AVCUnitTaskActorProjectileAbstract@GAM@VDK@@|.?AVCUnitTaskActorAbstract@GAM@VDK@@|.?AVCUnitTaskBattleAbstract@GAM@VDK@@
615GNDMUC,001SHMBLO,001,FunnelResident,EXVS2,ResidentUnizon,0x1414DAC48,465,0x1C0,7,0;2;78;79;81;84;86,0x14092A700,0x140DE3600,0x1406A5B30,0x1406A5170,0x1406A5980,0x1406A57D0,0x14094E400,0x140F93C00,0x140F93B20,0x140DDCDC0,.?AVCUnitTaskAutomata_615GNDMUC_001SHMBLO_001_FunnelResident@EXVS2@@|.?AVCUnitTaskAutomataResidentUnizon@GAM@VDK@@|.?AVCUnitTaskAutomataResident@GAM@VDK@@|.?AVCUnitTaskAutomataRadiconParentActor@GAM@VDK@@|.?AVCUnitTaskAutomataRadicon@GAM@VDK@@|.?AVCUnitTaskAutomataAbstract@GAM@VDK@@|.?AVCUnitTaskActorProjectileAbstract@GAM@VDK@@|.?AVCUnitTaskActorAbstract@GAM@VDK@@
615GNDMUC,001SHMBLO,001,FunnelTransparentLaser,EXVS2,FunnelShotImmediateShift,0x1414DA2B8,977,0x210,8,0;2;28;43;78;79;81;84,0x14092A3E0,0x140E37A90,0x1406A5B30,0x14094F070,0x1406A5980,0x1406A57D0,0x14094E240,0x140F935E0,0x140F93570,0x140DDCDC0,.?AVCUnitTaskAutomata_615GNDMUC_001SHMBLO_001_FunnelTransparentLaser@EXVS2@@|.?AVCUnitTaskAutomataFunnelShotImmediateShift@GAM@VDK@@|.?AVCUnitTaskAutomataFunnelShiftPos@GAM@VDK@@|.?AVCUnitTaskAutomataFunnel@GAM@VDK@@|.?AVCUnitTaskAutomataRadiconParentActor@GAM@VDK@@|.?AVCUnitTaskAutomataRadicon@GAM@VDK@@|.?AVCUnitTaskAutomataAbstract@GAM@VDK@@|.?AVCUnitTaskActorProjectileAbstract@GAM@VDK@@
615GNDMUC,001SHMBLO,001,StickerConnectLaser,EXVS2,StickerConnectLazer,0x1414DA5E0,465,0x1C0,12,0;2;12;18;29;59;68;78;79;81;84;91,0x14092A2D0,0x140DE2C70,0x140DE2C30,0x1406A5170,0x1406A5980,0x1406A57D0,0x14094E4D0,0x140F937B0,0x140DE28C0,0x140E28260,.?AVCUnitTaskAutomata_615GNDMUC_001SHMBLO_001_StickerConnectLaser@EXVS2@@|.?AVCUnitTaskAutomataStickerConnectLazer@GAM@VDK@@|.?AVCUnitTaskAutomataSticker@GAM@VDK@@|.?AVCUnitTaskAutomataRadiconParentActor@GAM@VDK@@|.?AVCUnitTaskAutomataRadicon@GAM@VDK@@|.?AVCUnitTaskAutomataAbstract@GAM@VDK@@|.?AVCUnitTaskActorProjectileAbstract@GAM@VDK@@|.?AVCUnitTaskActorAbstract@GAM@VDK@@
623CROSGN,001DIVINI,001,TransparentStickerAttack,EXVS2,Sticker,0x1414DAF70,465,0x1C0,7,0;2;78;79;81;84;91,0x14092A700,0x140DDD100,0x1406A5B30,0x1406A5170,0x1406A5980,0x1406A57D0,0x14094E4D0,0x140F93E10,0x140F93C60,0x140E23050,.?AVCUnitTaskAutomata_623CROSGN_001DIVINI_001_TransparentStickerAttack@EXVS2@@|.?AVCUnitTaskAutomataSticker@GAM@VDK@@|.?AVCUnitTaskAutomataRadiconParentActor@GAM@VDK@@|.?AVCUnitTaskAutomataRadicon@GAM@VDK@@|.?AVCUnitTaskAutomataAbstract@GAM@VDK@@|.?AVCUnitTaskActorProjectileAbstract@GAM@VDK@@|.?AVCUnitTaskActorAbstract@GAM@VDK@@|.?AVCUnitTaskBattleAbstract@GAM@VDK@@
642GRECON,001GRACH0,001,BifrestBit,EXVS2,FunnelMawarikomiMultipleShot,0x1414DB2A8,977,0x220,10,0;2;28;43;69;78;79;81;84;87,0x14092A100,0x140F75740,0x1406A5B30,0x14094F070,0x1406A5980,0x1406A57D0,0x14094E9E0,0x140F94070,0x140F93E40,0x140DDCDC0,.?AVCUnitTaskAutomata_642GRECON_001GRACH0_001_BifrestBit@EXVS2@@|.?AVCUnitTaskAutomataFunnelMawarikomiMultipleShot@GAM@VDK@@|.?AVCUnitTaskAutomataFunnelMawarikomi@GAM@VDK@@|.?AVCUnitTaskAutomataFunnelFly@GAM@VDK@@|.?AVCUnitTaskAutomataFunnel@GAM@VDK@@|.?AVCUnitTaskAutomataRadiconParentActor@GAM@VDK@@|.?AVCUnitTaskAutomataRadicon@GAM@VDK@@|.?AVCUnitTaskAutomataAbstract@GAM@VDK@@
642GRECON,001GRACH0,001,BifrestBitLaser,EXVS2,FunnelMawarikomi,0x1414DB5D0,977,0x210,10,0;2;28;43;69;78;79;81;84;87,0x14092A700,0x140F75740,0x1406A5B30,0x14094F070,0x1406A5980,0x1406A57D0,0x14094E050,0x140F94250,0x140F941F0,0x140DDCDC0,.?AVCUnitTaskAutomata_642GRECON_001GRACH0_001_BifrestBitLaser@EXVS2@@|.?AVCUnitTaskAutomataFunnelMawarikomi@GAM@VDK@@|.?AVCUnitTaskAutomataFunnelFly@GAM@VDK@@|.?AVCUnitTaskAutomataFunnel@GAM@VDK@@|.?AVCUnitTaskAutomataRadiconParentActor@GAM@VDK@@|.?AVCUnitTaskAutomataRadicon@GAM@VDK@@|.?AVCUnitTaskAutomataAbstract@GAM@VDK@@|.?AVCUnitTaskActorProjectileAbstract@GAM@VDK@@
651BUILDF,001PSYCGM,001,ReflectorBit,EXVS2,FunnelMawarikomi,0x1414DB8F8,977,0x210,10,0;2;28;43;69;78;79;81;84;88,0x14092A700,0x140F75740,0x1406A5B30,0x14094F070,0x1406A5980,0x1406A57D0,0x14094E050,0x140F94590,0x140F943D0,0x140DDCDC0,.?AVCUnitTaskAutomata_651BUILDF_001PSYCGM_001_ReflectorBit@EXVS2@@|.?AVCUnitTaskAutomataFunnelMawarikomi@GAM@VDK@@|.?AVCUnitTaskAutomataFunnelFly@GAM@VDK@@|.?AVCUnitTaskAutomataFunnel@GAM@VDK@@|.?AVCUnitTaskAutomataRadiconParentActor@GAM@VDK@@|.?AVCUnitTaskAutomataRadicon@GAM@VDK@@|.?AVCUnitTaskAutomataAbstract@GAM@VDK@@|.?AVCUnitTaskActorProjectileAbstract@GAM@VDK@@
651BUILDF,001PSYCGM,001,ReflectorBitRensha,EXVS2,FunnelMawarikomi,0x1414DBC20,977,0x210,10,0;2;28;43;69;78;79;81;84;88,0x14092A700,0x140F75740,0x1406A5B30,0x14094F070,0x1406A5980,0x1406A57D0,0x14094E050,0x140F94590,0x140F94530,0x140DDCDC0,.?AVCUnitTaskAutomata_651BUILDF_001PSYCGM_001_ReflectorBitRensha@EXVS2@@|.?AVCUnitTaskAutomataFunnelMawarikomi@GAM@VDK@@|.?AVCUnitTaskAutomataFunnelFly@GAM@VDK@@|.?AVCUnitTaskAutomataFunnel@GAM@VDK@@|.?AVCUnitTaskAutomataRadiconParentActor@GAM@VDK@@|.?AVCUnitTaskAutomataRadicon@GAM@VDK@@|.?AVCUnitTaskAutomataAbstract@GAM@VDK@@|.?AVCUnitTaskActorProjectileAbstract@GAM@VDK@@
654GEXVS2,001GLSHOT,001,ClawHobaku,EXVS2,ThrowReturn,0x1414DC270,465,0x1C0,13,0;12;22;72;73;76;78;79;81;84;87;88;91,0x14092A3E0,0x1406A5BA0,0x140F77BD0,0x1406A5170,0x1406A5980,0x1406A57D0,0x14094E8C0,0x140F94AF0,0x140F946B0,0x140F94A70,.?AVCUnitTaskAutomata_654GEXVS2_001GLSHOT_001_ClawHobaku@EXVS2@@|.?AVCUnitTaskAutomataThrowReturn@GAM@VDK@@|.?AVCUnitTaskAutomataThrow@GAM@VDK@@|.?AVCUnitTaskAutomataRadiconParentActor@GAM@VDK@@|.?AVCUnitTaskAutomataRadicon@GAM@VDK@@|.?AVCUnitTaskAutomataAbstract@GAM@VDK@@|.?AVCUnitTaskActorProjectileAbstract@GAM@VDK@@|.?AVCUnitTaskActorAbstract@GAM@VDK@@
654GEXVS2,001GLSHOT,001,DoubleCannon,EXVS2,ThrowMortar,0x1414DC598,465,0x1C0,10,0;22;76;78;79;81;82;84;87;88,0x14092A3E0,0x1406A5BA0,0x1406A5B30,0x1406A5170,0x1406A5980,0x1406A57D0,0x14094E8C0,0x140F94BE0,0x140DDFF20,0x140F94BC0,.?AVCUnitTaskAutomata_654GEXVS2_001GLSHOT_001_DoubleCannon@EXVS2@@|.?AVCUnitTaskAutomataThrowMortar@GAM@VDK@@|.?AVCUnitTaskAutomataThrow@GAM@VDK@@|.?AVCUnitTaskAutomataRadiconParentActor@GAM@VDK@@|.?AVCUnitTaskAutomataRadicon@GAM@VDK@@|.?AVCUnitTaskAutomataAbstract@GAM@VDK@@|.?AVCUnitTaskActorProjectileAbstract@GAM@VDK@@|.?AVCUnitTaskActorAbstract@GAM@VDK@@
654GEXVS2,001GLSHOT,001,ThrowMissilePod,EXVS2,Throw,0x1414DBF48,465,0x1C0,9,0;22;76;78;79;81;84;87;88,0x14092A3E0,0x1406A5BA0,0x1406A5B30,0x1406A5170,0x1406A5980,0x1406A57D0,0x14094E8C0,0x140F94680,0x140F94630,0x140F3FF80,.?AVCUnitTaskAutomata_654GEXVS2_001GLSHOT_001_ThrowMissilePod@EXVS2@@|.?AVCUnitTaskAutomataThrow@GAM@VDK@@|.?AVCUnitTaskAutomataRadiconParentActor@GAM@VDK@@|.?AVCUnitTaskAutomataRadicon@GAM@VDK@@|.?AVCUnitTaskAutomataAbstract@GAM@VDK@@|.?AVCUnitTaskActorProjectileAbstract@GAM@VDK@@|.?AVCUnitTaskActorAbstract@GAM@VDK@@|.?AVCUnitTaskBattleAbstract@GAM@VDK@@
654GEXVS2,002GLFIGH,001,Wirenet,EXVS2,Throw,0x1414DC8C0,465,0x1C0,10,0;22;76;78;79;81;84;87;88;91,0x14092A3E0,0x1406A5BA0,0x1406A5B30,0x1406A5170,0x1406A5980,0x1406A57D0,0x14094E8C0,0x140F94DD0,0x140F94C70,0x140F6CE10,.?AVCUnitTaskAutomata_654GEXVS2_002GLFIGH_001_Wirenet@EXVS2@@|.?AVCUnitTaskAutomataThrow@GAM@VDK@@|.?AVCUnitTaskAutomataRadiconParentActor@GAM@VDK@@|.?AVCUnitTaskAutomataRadicon@GAM@VDK@@|.?AVCUnitTaskAutomataAbstract@GAM@VDK@@|.?AVCUnitTaskActorProjectileAbstract@GAM@VDK@@|.?AVCUnitTaskActorAbstract@GAM@VDK@@|.?AVCUnitTaskBattleAbstract@GAM@VDK@@
654GEXVS2,003GLFUNL,001,FunnelAttachChange,EXVS2,AttachToRadicon,0x1414DDED8,465,0x1D0,7,0;2;12;78;79;81;84,0x14092A3E0,0x140F95360,0x140F95130,0x1406A5170,0x1406A5980,0x1406A57D0,0x14094DE40,0x140F953B0,0x140F95300,0x140E28260,.?AVCUnitTaskAutomata_654GEXVS2_003GLFUNL_001_FunnelAttachChange@EXVS2@@|.?AVCUnitTaskAutomataAttachToRadicon@GAM@VDK@@|.?AVCUnitTaskAutomataRadiconParentActor@GAM@VDK@@|.?AVCUnitTaskAutomataRadicon@GAM@VDK@@|.?AVCUnitTaskAutomataAbstract@GAM@VDK@@|.?AVCUnitTaskActorProjectileAbstract@GAM@VDK@@|.?AVCUnitTaskActorAbstract@GAM@VDK@@|.?AVCUnitTaskBattleAbstract@GAM@VDK@@
654GEXVS2,003GLFUNL,001,FunnelFly,EXVS2,FunnelFlyScatter,0x1414DCBE8,977,0x210,11,0;2;12;28;43;69;78;79;81;84;87,0x14092A700,0x140F95040,0x140F95130,0x14094F070,0x1406A5980,0x1406A57D0,0x14094E050,0x140F95090,0x140F94E10,0x140DDCDC0,.?AVCUnitTaskAutomata_654GEXVS2_003GLFUNL_001_FunnelFly@EXVS2@@|.?AVCUnitTaskAutomataFunnelFlyScatter@GAM@VDK@@|.?AVCUnitTaskAutomataFunnelMawarikomi@GAM@VDK@@|.?AVCUnitTaskAutomataFunnelFly@GAM@VDK@@|.?AVCUnitTaskAutomataFunnel@GAM@VDK@@|.?AVCUnitTaskAutomataRadiconParentActor@GAM@VDK@@|.?AVCUnitTaskAutomataRadicon@GAM@VDK@@|.?AVCUnitTaskAutomataAbstract@GAM@VDK@@
654GEXVS2,003GLFUNL,001,FunnelFlyMachineGun,EXVS2,FunnelFlyScatter,0x1414DE530,977,0x210,11,0;2;12;28;43;69;78;79;81;84;87,0x14092A700,0x140F95040,0x140F95130,0x14094F070,0x1406A5980,0x1406A57D0,0x14094E050,0x140F95090,0x140F955A0,0x140DDCDC0,.?AVCUnitTaskAutomata_654GEXVS2_003GLFUNL_001_FunnelFlyMachineGun@EXVS2@@|.?AVCUnitTaskAutomata_654GEXVS2_003GLFUNL_001_FunnelFly@EXVS2@@|.?AVCUnitTaskAutomataFunnelFlyScatter@GAM@VDK@@|.?AVCUnitTaskAutomataFunnelMawarikomi@GAM@VDK@@|.?AVCUnitTaskAutomataFunnelFly@GAM@VDK@@|.?AVCUnitTaskAutomataFunnel@GAM@VDK@@|.?AVCUnitTaskAutomataRadiconParentActor@GAM@VDK@@|.?AVCUnitTaskAutomataRadicon@GAM@VDK@@
654GEXVS2,003GLFUNL,001,FunnelFlyMachineGunRensha,EXVS2,FunnelMawarikomiMultipleShot,0x1414DE858,977,0x220,11,0;2;12;28;43;69;78;79;81;84;87,0x14092A100,0x140F95040,0x140F95130,0x14094F070,0x1406A5980,0x1406A57D0,0x14094E9E0,0x140F95660,0x140F95600,0x140DDCDC0,.?AVCUnitTaskAutomata_654GEXVS2_003GLFUNL_001_FunnelFlyMachineGunRensha@EXVS2@@|.?AVCUnitTaskAutomataFunnelMawarikomiMultipleShot@GAM@VDK@@|.?AVCUnitTaskAutomataFunnelMawarikomi@GAM@VDK@@|.?AVCUnitTaskAutomataFunnelFly@GAM@VDK@@|.?AVCUnitTaskAutomataFunnel@GAM@VDK@@|.?AVCUnitTaskAutomataRadiconParentActor@GAM@VDK@@|.?AVCUnitTaskAutomataRadicon@GAM@VDK@@|.?AVCUnitTaskAutomataAbstract@GAM@VDK@@
654GEXVS2,003GLFUNL,001,FunnelFlyRensha,EXVS2,FunnelMawarikomiMultipleShot,0x1414DD560,977,0x220,11,0;2;12;28;43;69;78;79;81;84;87,0x14092A100,0x140F95040,0x140F95130,0x14094F070,0x1406A5980,0x1406A57D0,0x14094E9E0,0x140F95090,0x140F94FE0,0x140DDCDC0,.?AVCUnitTaskAutomata_654GEXVS2_003GLFUNL_001_FunnelFlyRensha@EXVS2@@|.?AVCUnitTaskAutomataFunnelMawarikomiMultipleShot@GAM@VDK@@|.?AVCUnitTaskAutomataFunnelMawarikomi@GAM@VDK@@|.?AVCUnitTaskAutomataFunnelFly@GAM@VDK@@|.?AVCUnitTaskAutomataFunnel@GAM@VDK@@|.?AVCUnitTaskAutomataRadiconParentActor@GAM@VDK@@|.?AVCUnitTaskAutomataRadicon@GAM@VDK@@|.?AVCUnitTaskAutomataAbstract@GAM@VDK@@
654GEXVS2,003GLFUNL,001,FunnelFlySword,EXVS2,FunnelFlySword,0x1414DD888,977,0x220,15,0;2;12;28;43;52;69;76;78;79;81;84;87;89;91,0x14092A700,0x140F95180,0x140F95130,0x14094F070,0x1406A5980,0x1406A57D0,0x14094E100,0x140F95230,0x140F950D0,0x140E2BFD0,.?AVCUnitTaskAutomata_654GEXVS2_003GLFUNL_001_FunnelFlySword@EXVS2@@|.?AVCUnitTaskAutomataFunnelFlySword@GAM@VDK@@|.?AVCUnitTaskAutomataFunnelMawarikomi@GAM@VDK@@|.?AVCUnitTaskAutomataFunnelFly@GAM@VDK@@|.?AVCUnitTaskAutomataFunnel@GAM@VDK@@|.?AVCUnitTaskAutomataRadiconParentActor@GAM@VDK@@|.?AVCUnitTaskAutomataRadicon@GAM@VDK@@|.?AVCUnitTaskAutomataAbstract@GAM@VDK@@
654GEXVS2,003GLFUNL,001,FunnelFlySwordExp,EXVS2,FunnelFlySword,0x1414DDBB0,977,0x220,15,0;2;12;28;43;52;69;76;78;79;81;84;87;89;91,0x14092A700,0x140F95180,0x140F95130,0x14094F070,0x1406A5980,0x1406A57D0,0x14094E100,0x140F952C0,0x140F95260,0x140E2BFD0,.?AVCUnitTaskAutomata_654GEXVS2_003GLFUNL_001_FunnelFlySwordExp@EXVS2@@|.?AVCUnitTaskAutomata_654GEXVS2_003GLFUNL_001_FunnelFlySword@EXVS2@@|.?AVCUnitTaskAutomataFunnelFlySword@GAM@VDK@@|.?AVCUnitTaskAutomataFunnelMawarikomi@GAM@VDK@@|.?AVCUnitTaskAutomataFunnelFly@GAM@VDK@@|.?AVCUnitTaskAutomataFunnel@GAM@VDK@@|.?AVCUnitTaskAutomataRadiconParentActor@GAM@VDK@@|.?AVCUnitTaskAutomataRadicon@GAM@VDK@@
654GEXVS2,003GLFUNL,001,FunnelResident,EXVS2,ResidentUnizon,0x1414DEB80,465,0x1C0,7,0;2;12;78;79;81;84,0x14092A700,0x140F95770,0x140F95700,0x1406A5170,0x1406A5980,0x1406A57D0,0x14094E400,0x140F958A0,0x140F956A0,0x140F95870,.?AVCUnitTaskAutomata_654GEXVS2_003GLFUNL_001_FunnelResident@EXVS2@@|.?AVCUnitTaskAutomataResidentUnizon@GAM@VDK@@|.?AVCUnitTaskAutomataResident@GAM@VDK@@|.?AVCUnitTaskAutomataRadiconParentActor@GAM@VDK@@|.?AVCUnitTaskAutomataRadicon@GAM@VDK@@|.?AVCUnitTaskAutomataAbstract@GAM@VDK@@|.?AVCUnitTaskActorProjectileAbstract@GAM@VDK@@|.?AVCUnitTaskActorAbstract@GAM@VDK@@
654GEXVS2,003GLFUNL,001,FunnelShotCircle,EXVS2,FunnelShotStayShift,0x1414DCF10,977,0x210,10,0;2;12;28;43;78;79;81;84;87,0x14092A3E0,0x140F94E70,0x140F95130,0x14094F070,0x1406A5980,0x1406A57D0,0x14094E2A0,0x140F94ED0,0x140F94F00,0x140DDCDC0,.?AVCUnitTaskAutomata_654GEXVS2_003GLFUNL_001_FunnelShotCircle@EXVS2@@|.?AVCUnitTaskAutomata_654GEXVS2_003GLFUNL_001_FunnelShotAbstract@EXVS2@@|.?AVCUnitTaskAutomataFunnelShotStayShift@GAM@VDK@@|.?AVCUnitTaskAutomataFunnelShiftPos@GAM@VDK@@|.?AVCUnitTaskAutomataFunnel@GAM@VDK@@|.?AVCUnitTaskAutomataRadiconParentActor@GAM@VDK@@|.?AVCUnitTaskAutomataRadicon@GAM@VDK@@|.?AVCUnitTaskAutomataAbstract@GAM@VDK@@
654GEXVS2,003GLFUNL,001,FunnelShotLine,EXVS2,FunnelShotStayShift,0x1414DD238,977,0x210,10,0;2;12;28;43;78;79;81;84;87,0x14092A3E0,0x140F94E70,0x140F95130,0x14094F070,0x1406A5980,0x1406A57D0,0x14094E2A0,0x140F94ED0,0x140F94F70,0x140DDCDC0,.?AVCUnitTaskAutomata_654GEXVS2_003GLFUNL_001_FunnelShotLine@EXVS2@@|.?AVCUnitTaskAutomata_654GEXVS2_003GLFUNL_001_FunnelShotAbstract@EXVS2@@|.?AVCUnitTaskAutomataFunnelShotStayShift@GAM@VDK@@|.?AVCUnitTaskAutomataFunnelShiftPos@GAM@VDK@@|.?AVCUnitTaskAutomataFunnel@GAM@VDK@@|.?AVCUnitTaskAutomataRadiconParentActor@GAM@VDK@@|.?AVCUnitTaskAutomataRadicon@GAM@VDK@@|.?AVCUnitTaskAutomataAbstract@GAM@VDK@@
654GEXVS2,003GLFUNL,001,FunnelTransparentLaser,EXVS2,FunnelTukimatoi,0x1414DF1D0,977,0x220,9,0;2;28;43;69;78;79;81;84,0x14092A700,0x140E37A90,0x1406A5B30,0x14094F070,0x1406A5980,0x1406A57D0,0x14094E1E0,0x140F95A10,0x140F959A0,0x140DDCDC0,.?AVCUnitTaskAutomata_654GEXVS2_003GLFUNL_001_FunnelTransparentLaser@EXVS2@@|.?AVCUnitTaskAutomataFunnelTukimatoi@GAM@VDK@@|.?AVCUnitTaskAutomataFunnelShotImmediate@GAM@VDK@@|.?AVCUnitTaskAutomataFunnelMawarikomi@GAM@VDK@@|.?AVCUnitTaskAutomataFunnelFly@GAM@VDK@@|.?AVCUnitTaskAutomataFunnel@GAM@VDK@@|.?AVCUnitTaskAutomataRadiconParentActor@GAM@VDK@@|.?AVCUnitTaskAutomataRadicon@GAM@VDK@@
654GEXVS2,003GLFUNL,001,FunnelTransparentShot,EXVS2,FunnelShotStayShift,0x1414DEEA8,977,0x210,9,0;2;28;43;78;79;81;84;87,0x14092A3E0,0x140F75740,0x1406A5B30,0x14094F070,0x1406A5980,0x1406A57D0,0x14094E2A0,0x140F95950,0x140F958E0,0x140DDCDC0,.?AVCUnitTaskAutomata_654GEXVS2_003GLFUNL_001_FunnelTransparentShot@EXVS2@@|.?AVCUnitTaskAutomataFunnelShotStayShift@GAM@VDK@@|.?AVCUnitTaskAutomataFunnelShiftPos@GAM@VDK@@|.?AVCUnitTaskAutomataFunnel@GAM@VDK@@|.?AVCUnitTaskAutomataRadiconParentActor@GAM@VDK@@|.?AVCUnitTaskAutomataRadicon@GAM@VDK@@|.?AVCUnitTaskAutomataAbstract@GAM@VDK@@|.?AVCUnitTaskActorProjectileAbstract@GAM@VDK@@
654GEXVS2,003GLFUNL,001,TransparentShooter,EXVS2,SummonRushShot,0x1414DE200,465,0x2F0,19,0;2;12;18;21;30;42;46;69;72;73;78;79;80;81;84;87;88;90,0x14092A310,0x140E12E30,0x140DE1770,0x1406A5170,0x1406A5980,0x1406A57D0,0x14094E6F0,0x140F95570,0x140F95480,0x140F95540,.?AVCUnitTaskAutomata_654GEXVS2_003GLFUNL_001_TransparentShooter@EXVS2@@|.?AVCUnitTaskAutomataSummonRushShot@GAM@VDK@@|.?AVCUnitTaskAutomataSummonRush@GAM@VDK@@|.?AVCUnitTaskAutomataSummon@GAM@VDK@@|.?AVCUnitTaskAutomataRadiconParentActor@GAM@VDK@@|.?AVCUnitTaskAutomataRadicon@GAM@VDK@@|.?AVCUnitTaskAutomataAbstract@GAM@VDK@@|.?AVCUnitTaskActorProjectileAbstract@GAM@VDK@@
703ZZGNDM,001MPQUBE,001,FunnelShot,EXVS2,FunnelFlyScatter,0x1414DF4F8,977,0x210,10,0;2;28;43;69;78;79;81;84;87,0x14092A700,0x140F75740,0x1406A5B30,0x14094F070,0x1406A5980,0x1406A57D0,0x14094E050,0x140F95AC0,0x140F95A60,0x140DDCDC0,.?AVCUnitTaskAutomata_703ZZGNDM_001MPQUBE_001_FunnelShot@EXVS2@@|.?AVCUnitTaskAutomataFunnelFlyScatter@GAM@VDK@@|.?AVCUnitTaskAutomataFunnelMawarikomi@GAM@VDK@@|.?AVCUnitTaskAutomataFunnelFly@GAM@VDK@@|.?AVCUnitTaskAutomataFunnel@GAM@VDK@@|.?AVCUnitTaskAutomataRadiconParentActor@GAM@VDK@@|.?AVCUnitTaskAutomataRadicon@GAM@VDK@@|.?AVCUnitTaskAutomataAbstract@GAM@VDK@@
703ZZGNDM,001MPQUBE,001,FunnelYokoretsu,EXVS2,FunnelShiftPos,0x1414DF820,977,0x200,9,0;2;28;43;78;79;81;84;87,0x14092A3E0,0x140F75740,0x1406A5B30,0x14094F070,0x1406A5980,0x1406A57D0,0x14094E010,0x140F95B60,0x140F95AF0,0x140DDCDC0,.?AVCUnitTaskAutomata_703ZZGNDM_001MPQUBE_001_FunnelYokoretsu@EXVS2@@|.?AVCUnitTaskAutomataFunnelShiftPos@GAM@VDK@@|.?AVCUnitTaskAutomataFunnel@GAM@VDK@@|.?AVCUnitTaskAutomataRadiconParentActor@GAM@VDK@@|.?AVCUnitTaskAutomataRadicon@GAM@VDK@@|.?AVCUnitTaskAutomataAbstract@GAM@VDK@@|.?AVCUnitTaskActorProjectileAbstract@GAM@VDK@@|.?AVCUnitTaskActorAbstract@GAM@VDK@@
705VGUNDM,003RIGCNT,001,ShotClaw,EXVS2,FunnelMawarikomi,0x1414DFE70,977,0x210,10,0;2;28;43;69;78;79;81;84;87,0x14092A700,0x140F75740,0x1406A5B30,0x14094F070,0x1406A5980,0x1406A57D0,0x14094E050,0x140F95FE0,0x140F95F80,0x140DDCDC0,.?AVCUnitTaskAutomata_705VGUNDM_003RIGCNT_001_ShotClaw@EXVS2@@|.?AVCUnitTaskAutomataFunnelMawarikomi@GAM@VDK@@|.?AVCUnitTaskAutomataFunnelFly@GAM@VDK@@|.?AVCUnitTaskAutomataFunnel@GAM@VDK@@|.?AVCUnitTaskAutomataRadiconParentActor@GAM@VDK@@|.?AVCUnitTaskAutomataRadicon@GAM@VDK@@|.?AVCUnitTaskAutomataAbstract@GAM@VDK@@|.?AVCUnitTaskActorProjectileAbstract@GAM@VDK@@
717GYAKCH,002JGDGQS,001,FunnelFly,EXVS2,FunnelMawarikomi,0x1414DFB48,977,0x210,11,0;2;28;43;69;78;79;81;84;87;88,0x14092A700,0x140F75740,0x1406A5B30,0x14094F070,0x1406A5980,0x1406A57D0,0x14094E050,0x140F95E10,0x140F95B90,0x140DDCDC0,.?AVCUnitTaskAutomata_717GYAKCH_002JGDGQS_001_FunnelFly@EXVS2@@|.?AVCUnitTaskAutomataFunnelMawarikomi@GAM@VDK@@|.?AVCUnitTaskAutomataFunnelFly@GAM@VDK@@|.?AVCUnitTaskAutomataFunnel@GAM@VDK@@|.?AVCUnitTaskAutomataRadiconParentActor@GAM@VDK@@|.?AVCUnitTaskAutomataRadicon@GAM@VDK@@|.?AVCUnitTaskAutomataAbstract@GAM@VDK@@|.?AVCUnitTaskActorProjectileAbstract@GAM@VDK@@
720GNSEED,010MBUSZR,001,GunBarrel,EXVS2,FunnelMawarikomi,0x1414E0198,977,0x210,10,0;2;28;43;69;78;79;81;84;87,0x14092A700,0x140F75740,0x1406A5B30,0x14094F070,0x1406A5980,0x1406A57D0,0x14094E050,0x140F96080,0x140F96020,0x140DDCDC0,.?AVCUnitTaskAutomata_720GNSEED_010MBUSZR_001_GunBarrel@EXVS2@@|.?AVCUnitTaskAutomataFunnelMawarikomi@GAM@VDK@@|.?AVCUnitTaskAutomataFunnelFly@GAM@VDK@@|.?AVCUnitTaskAutomataFunnel@GAM@VDK@@|.?AVCUnitTaskAutomataRadiconParentActor@GAM@VDK@@|.?AVCUnitTaskAutomataRadicon@GAM@VDK@@|.?AVCUnitTaskAutomataAbstract@GAM@VDK@@|.?AVCUnitTaskActorProjectileAbstract@GAM@VDK@@
721DESTNY,002CHAOGN,001,FunnelFly,EXVS2,FunnelMawarikomi,0x1414D3708,977,0x210,10,0;2;28;43;69;78;79;81;84;87,0x14092A100,0x140E06020,0x1406A5B30,0x14094F070,0x1406A5980,0x1406A57D0,0x14094E050,0x140F8FE70,0x140F8FE10,0x140DDCDC0,.?AVCUnitTaskAutomata_721DESTNY_002CHAOGN_001_FunnelFly@EXVS2@@|.?AVCUnitTaskAutomataFunnelMawarikomi@GAM@VDK@@|.?AVCUnitTaskAutomataFunnelFly@GAM@VDK@@|.?AVCUnitTaskAutomataFunnel@GAM@VDK@@|.?AVCUnitTaskAutomataRadiconParentActor@GAM@VDK@@|.?AVCUnitTaskAutomataRadicon@GAM@VDK@@|.?AVCUnitTaskAutomataAbstract@GAM@VDK@@|.?AVCUnitTaskActorProjectileAbstract@GAM@VDK@@
721DESTNY,007WNDMNM,001,NuclearMissile,EXVS2,Throw,0x1414E04C0,465,0x1C0,10,0;22;76;78;79;81;84;87;88;89,0x14092A3E0,0x1406A5BA0,0x1406A5B30,0x1406A5170,0x1406A5980,0x1406A57D0,0x14094E8C0,0x140F963B0,0x140DDC8E0,0x140F96310,.?AVCUnitTaskAutomata_721DESTNY_007WNDMNM_001_NuclearMissile@EXVS2@@|.?AVCUnitTaskAutomataThrow@GAM@VDK@@|.?AVCUnitTaskAutomataRadiconParentActor@GAM@VDK@@|.?AVCUnitTaskAutomataRadicon@GAM@VDK@@|.?AVCUnitTaskAutomataAbstract@GAM@VDK@@|.?AVCUnitTaskActorProjectileAbstract@GAM@VDK@@|.?AVCUnitTaskActorAbstract@GAM@VDK@@|.?AVCUnitTaskBattleAbstract@GAM@VDK@@
726GNBELT,001PSDOGA,001,FunnelFly,EXVS2,FunnelMawarikomi,0x1414E07E8,977,0x210,11,0;2;28;43;69;78;79;81;84;87;88,0x14092A700,0x140F75740,0x1406A5B30,0x14094F070,0x1406A5980,0x1406A57D0,0x14094E050,0x140F96660,0x140F963E0,0x140DDCDC0,.?AVCUnitTaskAutomata_726GNBELT_001PSDOGA_001_FunnelFly@EXVS2@@|.?AVCUnitTaskAutomataFunnelMawarikomi@GAM@VDK@@|.?AVCUnitTaskAutomataFunnelFly@GAM@VDK@@|.?AVCUnitTaskAutomataFunnel@GAM@VDK@@|.?AVCUnitTaskAutomataRadiconParentActor@GAM@VDK@@|.?AVCUnitTaskAutomataRadicon@GAM@VDK@@|.?AVCUnitTaskAutomataAbstract@GAM@VDK@@|.?AVCUnitTaskActorProjectileAbstract@GAM@VDK@@
742GRECON,005GRIMOR,001,WireHook,EXVS2,Throw,0x1414E0B10,465,0x1C0,10,0;22;76;78;79;81;84;87;88;89,0x14092A3E0,0x1406A5BA0,0x1406A5B30,0x1406A5170,0x1406A5980,0x1406A57D0,0x14094E8C0,0x140E3A030,0x140F96840,0x140DDCAC0,.?AVCUnitTaskAutomata_742GRECON_005GRIMOR_001_WireHook@EXVS2@@|.?AVCUnitTaskAutomataThrow@GAM@VDK@@|.?AVCUnitTaskAutomataRadiconParentActor@GAM@VDK@@|.?AVCUnitTaskAutomataRadicon@GAM@VDK@@|.?AVCUnitTaskAutomataAbstract@GAM@VDK@@|.?AVCUnitTaskActorProjectileAbstract@GAM@VDK@@|.?AVCUnitTaskActorAbstract@GAM@VDK@@|.?AVCUnitTaskBattleAbstract@GAM@VDK@@
743ORPHAN,008SCGZGE,001,Anchor,EXVS2,AnchorReturn,0x1414E0E38,465,0x1F0,13,0;2;11;12;18;23;73;76;78;79;81;84;89,0x14092A700,0x140DE0460,0x140DE01B0,0x1406A5170,0x1406A5980,0x1406A57D0,0x14094DCE0,0x140F96A10,0x140F96930,0x140F40ED0,.?AVCUnitTaskAutomata_743ORPHAN_008SCGZGE_001_Anchor@EXVS2@@|.?AVCUnitTaskAutomataAnchorReturn@GAM@VDK@@|.?AVCUnitTaskAutomataAnchor@GAM@VDK@@|.?AVCUnitTaskAutomataRadiconParentActor@GAM@VDK@@|.?AVCUnitTaskAutomataRadicon@GAM@VDK@@|.?AVCUnitTaskAutomataAbstract@GAM@VDK@@|.?AVCUnitTaskActorProjectileAbstract@GAM@VDK@@|.?AVCUnitTaskActorAbstract@GAM@VDK@@
743ORPHAN,009SCGZMC,001,Anchor,EXVS2,AnchorReturn,0x1414E1160,465,0x1F0,13,0;2;11;12;18;23;73;76;78;79;81;84;89,0x14092A700,0x140DE0460,0x140DE01B0,0x1406A5170,0x1406A5980,0x1406A57D0,0x14094DCE0,0x140F96B40,0x140F96A60,0x140F40ED0,.?AVCUnitTaskAutomata_743ORPHAN_009SCGZMC_001_Anchor@EXVS2@@|.?AVCUnitTaskAutomataAnchorReturn@GAM@VDK@@|.?AVCUnitTaskAutomataAnchor@GAM@VDK@@|.?AVCUnitTaskAutomataRadiconParentActor@GAM@VDK@@|.?AVCUnitTaskAutomataRadicon@GAM@VDK@@|.?AVCUnitTaskAutomataAbstract@GAM@VDK@@|.?AVCUnitTaskActorProjectileAbstract@GAM@VDK@@|.?AVCUnitTaskActorAbstract@GAM@VDK@@
745MISING,002ZK2PSY,001,HandFly,EXVS2,FunnelFlySword,0x1414E1488,977,0x220,15,0;2;21;28;43;52;69;73;76;78;79;81;84;87;91,0x14092A100,0x140F75740,0x1406A5B30,0x14094F070,0x1406A5980,0x1406A57D0,0x14094E100,0x140F96C40,0x140F96B90,0x140F96C20,.?AVCUnitTaskAutomata_745MISING_002ZK2PSY_001_HandFly@EXVS2@@|.?AVCUnitTaskAutomataFunnelFlySword@GAM@VDK@@|.?AVCUnitTaskAutomataFunnelMawarikomi@GAM@VDK@@|.?AVCUnitTaskAutomataFunnelFly@GAM@VDK@@|.?AVCUnitTaskAutomataFunnel@GAM@VDK@@|.?AVCUnitTaskAutomataRadiconParentActor@GAM@VDK@@|.?AVCUnitTaskAutomataRadicon@GAM@VDK@@|.?AVCUnitTaskAutomataAbstract@GAM@VDK@@
745MISING,002ZK2PSY,001,HandPunch,EXVS2,AnchorThrow,0x1414D5060,465,0x1F0,13,0;2;11;12;18;23;73;76;78;79;81;84;87,0x14092A700,0x140DE0460,0x140DE0B10,0x1406A5170,0x1406A5980,0x1406A57D0,0x14094DCE0,0x140F90AC0,0x140F90A40,0x140F40ED0,.?AVCUnitTaskAutomata_745MISING_002ZK2PSY_001_HandPunch@EXVS2@@|.?AVCUnitTaskAutomataAnchorThrow@GAM@VDK@@|.?AVCUnitTaskAutomataAnchorReturn@GAM@VDK@@|.?AVCUnitTaskAutomataAnchor@GAM@VDK@@|.?AVCUnitTaskAutomataRadiconParentActor@GAM@VDK@@|.?AVCUnitTaskAutomataRadicon@GAM@VDK@@|.?AVCUnitTaskAutomataAbstract@GAM@VDK@@|.?AVCUnitTaskActorProjectileAbstract@GAM@VDK@@
749ORPHN2,003LNDMNR,001,ThrowHummerRolling,EXVS2,ThrowStopRotateOnStick,0x1414E17B0,465,0x1E0,12,0;22;59;76;78;79;81;84;87;88;89;91,0x14092A3E0,0x1406A5BA0,0x1406A5B30,0x1406A5170,0x1406A5980,0x1406A57D0,0x14094E970,0x140F3AAE0,0x140F96E60,0x140DDCAC0,.?AVCUnitTaskAutomata_749ORPHN2_003LNDMNR_001_ThrowHummerRolling@EXVS2@@|.?AVCUnitTaskAutomata_000COMMON_000COMMON_001_ThrowSaberRolling@EXVS2@@|.?AVCUnitTaskAutomataThrowStopRotateOnStick@GAM@VDK@@|.?AVCUnitTaskAutomataThrow@GAM@VDK@@|.?AVCUnitTaskAutomataRadiconParentActor@GAM@VDK@@|.?AVCUnitTaskAutomataRadicon@GAM@VDK@@|.?AVCUnitTaskAutomataAbstract@GAM@VDK@@|.?AVCUnitTaskActorProjectileAbstract@GAM@VDK@@
756GNDMNT,003JSTSTC,001,Net,EXVS2,Throw,0x1414E1AD8,465,0x1C0,10,0;22;76;78;79;81;84;87;88;91,0x14092A3E0,0x1406A5BA0,0x1406A5B30,0x1406A5170,0x1406A5980,0x1406A57D0,0x14094E8C0,0x140F96FF0,0x140F96F60,0x140DDCAC0,.?AVCUnitTaskAutomata_756GNDMNT_003JSTSTC_001_Net@EXVS2@@|.?AVCUnitTaskAutomataThrow@GAM@VDK@@|.?AVCUnitTaskAutomataRadiconParentActor@GAM@VDK@@|.?AVCUnitTaskAutomataRadicon@GAM@VDK@@|.?AVCUnitTaskAutomataAbstract@GAM@VDK@@|.?AVCUnitTaskActorProjectileAbstract@GAM@VDK@@|.?AVCUnitTaskActorAbstract@GAM@VDK@@|.?AVCUnitTaskBattleAbstract@GAM@VDK@@
999TESTXX,004SINANJ,001,FunnelFly,EXVS2,FunnelMawarikomi,0x1414E2128,977,0x210,11,0;2;28;43;69;78;79;81;84;87;88,0x14092A700,0x140F75740,0x1406A5B30,0x14094F070,0x1406A5980,0x1406A57D0,0x14094E050,0x140E375A0,0x140E37400,0x140DDCDC0,.?AVCUnitTaskAutomata_999TESTXX_004SINANJ_001_FunnelFly@EXVS2@@|.?AVCUnitTaskAutomataFunnelMawarikomi@GAM@VDK@@|.?AVCUnitTaskAutomataFunnelFly@GAM@VDK@@|.?AVCUnitTaskAutomataFunnel@GAM@VDK@@|.?AVCUnitTaskAutomataRadiconParentActor@GAM@VDK@@|.?AVCUnitTaskAutomataRadicon@GAM@VDK@@|.?AVCUnitTaskAutomataAbstract@GAM@VDK@@|.?AVCUnitTaskActorProjectileAbstract@GAM@VDK@@
999TESTXX,004SINANJ,001,Throw_Saber,EXVS2,Throw,0x1414E1E00,465,0x1C0,11,0;22;76;78;79;81;84;87;88;89;91,0x14092A3E0,0x1406A5BA0,0x1406A5B30,0x1406A5170,0x1406A5980,0x1406A57D0,0x14094E8C0,0x140E373C0,0x140E36EF0,0x140F3A140,.?AVCUnitTaskAutomata_999TESTXX_004SINANJ_001_Throw_Saber@EXVS2@@|.?AVCUnitTaskAutomataThrow@GAM@VDK@@|.?AVCUnitTaskAutomataRadiconParentActor@GAM@VDK@@|.?AVCUnitTaskAutomataRadicon@GAM@VDK@@|.?AVCUnitTaskAutomataAbstract@GAM@VDK@@|.?AVCUnitTaskActorProjectileAbstract@GAM@VDK@@|.?AVCUnitTaskActorAbstract@GAM@VDK@@|.?AVCUnitTaskBattleAbstract@GAM@VDK@@
999TESTXX,006COST01,001,FunnelFly,EXVS2,FunnelMawarikomi,0x1414E2778,977,0x210,10,0;2;28;43;69;78;79;81;84;87,0x14092A700,0x140F75740,0x1406A5B30,0x14094F070,0x1406A5980,0x1406A57D0,0x14094E050,0x140E37720,0x140E376C0,0x140DDCDC0,.?AVCUnitTaskAutomata_999TESTXX_006COST01_001_FunnelFly@EXVS2@@|.?AVCUnitTaskAutomataFunnelMawarikomi@GAM@VDK@@|.?AVCUnitTaskAutomataFunnelFly@GAM@VDK@@|.?AVCUnitTaskAutomataFunnel@GAM@VDK@@|.?AVCUnitTaskAutomataRadiconParentActor@GAM@VDK@@|.?AVCUnitTaskAutomataRadicon@GAM@VDK@@|.?AVCUnitTaskAutomataAbstract@GAM@VDK@@|.?AVCUnitTaskActorProjectileAbstract@GAM@VDK@@
999TESTXX,006COST01,001,FunnelMissile,EXVS2,FunnelFlySword,0x1414E2450,977,0x220,13,0;2;28;43;52;69;76;78;79;81;84;87;91,0x14092A700,0x140E37660,0x1406A5B30,0x14094F070,0x1406A5980,0x1406A57D0,0x14094E100,0x140E37680,0x140E37600,0x140E2BFD0,.?AVCUnitTaskAutomata_999TESTXX_006COST01_001_FunnelMissile@EXVS2@@|.?AVCUnitTaskAutomataFunnelFlySword@GAM@VDK@@|.?AVCUnitTaskAutomataFunnelMawarikomi@GAM@VDK@@|.?AVCUnitTaskAutomataFunnelFly@GAM@VDK@@|.?AVCUnitTaskAutomataFunnel@GAM@VDK@@|.?AVCUnitTaskAutomataRadiconParentActor@GAM@VDK@@|.?AVCUnitTaskAutomataRadicon@GAM@VDK@@|.?AVCUnitTaskAutomataAbstract@GAM@VDK@@
999TESTXX,007COST02,001,FunnelFlyNormal,EXVS2,FunnelFlyScatter,0x1414E2AA0,977,0x210,10,0;2;28;43;69;78;79;81;84;87,0x14092A700,0x140F75740,0x1406A5B30,0x14094F070,0x1406A5980,0x1406A57D0,0x14094E050,0x140E37770,0x140E377A0,0x140DDCDC0,.?AVCUnitTaskAutomata_999TESTXX_007COST02_001_FunnelFlyNormal@EXVS2@@|.?AVCUnitTaskAutomata_999TESTXX_007COST02_001_FunnelFlyBase@EXVS2@@|.?AVCUnitTaskAutomataFunnelFlyScatter@GAM@VDK@@|.?AVCUnitTaskAutomataFunnelMawarikomi@GAM@VDK@@|.?AVCUnitTaskAutomataFunnelFly@GAM@VDK@@|.?AVCUnitTaskAutomataFunnel@GAM@VDK@@|.?AVCUnitTaskAutomataRadiconParentActor@GAM@VDK@@|.?AVCUnitTaskAutomataRadicon@GAM@VDK@@
999TESTXX,008COST03,001,ShotClawFlyRush,EXVS2,FunnelFlySword,0x1414E3748,977,0x230,13,0;2;28;43;52;69;76;78;79;81;84;87;91,0x14092A100,0x140E06020,0x1406A5B30,0x14094F070,0x1406A5980,0x1406A57D0,0x14094EE40,0x140E37DD0,0x140E37D30,0x140E37D90,.?AVCUnitTaskAutomata_999TESTXX_008COST03_001_ShotClawFlyRush@EXVS2@@|.?AVCUnitTaskAutomataFunnelFlySword@GAM@VDK@@|.?AVCUnitTaskAutomataFunnelMawarikomi@GAM@VDK@@|.?AVCUnitTaskAutomataFunnelFly@GAM@VDK@@|.?AVCUnitTaskAutomataFunnel@GAM@VDK@@|.?AVCUnitTaskAutomataRadiconParentActor@GAM@VDK@@|.?AVCUnitTaskAutomataRadicon@GAM@VDK@@|.?AVCUnitTaskAutomataAbstract@GAM@VDK@@
999TESTXX,008COST03,001,ShotClawRush,EXVS2,FunnelFlySwordPenetrate,0x1414E3420,977,0x220,16,0;2;28;43;52;69;71;72;76;78;79;81;84;87;91;96,0x14092A700,0x140E37A90,0x1406A5B30,0x14094F070,0x1406A5980,0x1406A57D0,0x14094E100,0x140E37BD0,0x140E37A10,0x140E37B00,.?AVCUnitTaskAutomata_999TESTXX_008COST03_001_ShotClawRush@EXVS2@@|.?AVCUnitTaskAutomataFunnelFlySwordPenetrate@GAM@VDK@@|.?AVCUnitTaskAutomataFunnelFlySword@GAM@VDK@@|.?AVCUnitTaskAutomataFunnelMawarikomi@GAM@VDK@@|.?AVCUnitTaskAutomataFunnelFly@GAM@VDK@@|.?AVCUnitTaskAutomataFunnel@GAM@VDK@@|.?AVCUnitTaskAutomataRadiconParentActor@GAM@VDK@@|.?AVCUnitTaskAutomataRadicon@GAM@VDK@@
999TESTXX,008COST03,001,ShotClawShot,EXVS2,FunnelMawarikomi,0x1414E30F0,977,0x210,10,0;2;28;43;69;78;79;81;84;87,0x14092A700,0x140F49520,0x1406A5B30,0x14094F070,0x1406A5980,0x1406A57D0,0x14094E050,0x140E378F0,0x140E37890,0x140DDCDC0,.?AVCUnitTaskAutomata_999TESTXX_008COST03_001_ShotClawShot@EXVS2@@|.?AVCUnitTaskAutomataFunnelMawarikomi@GAM@VDK@@|.?AVCUnitTaskAutomataFunnelFly@GAM@VDK@@|.?AVCUnitTaskAutomataFunnel@GAM@VDK@@|.?AVCUnitTaskAutomataRadiconParentActor@GAM@VDK@@|.?AVCUnitTaskAutomataRadicon@GAM@VDK@@|.?AVCUnitTaskAutomataAbstract@GAM@VDK@@|.?AVCUnitTaskActorProjectileAbstract@GAM@VDK@@
999TESTXX,009COST04,001,FunnelFly,EXVS2,FunnelMawarikomi,0x1414E3A78,977,0x210,10,0;2;28;43;69;78;79;81;84;87,0x14092A700,0x140F75740,0x1406A5B30,0x14094F070,0x1406A5980,0x1406A57D0,0x14094E050,0x140E37F70,0x140E37F10,0x140DDCDC0,.?AVCUnitTaskAutomata_999TESTXX_009COST04_001_FunnelFly@EXVS2@@|.?AVCUnitTaskAutomataFunnelMawarikomi@GAM@VDK@@|.?AVCUnitTaskAutomataFunnelFly@GAM@VDK@@|.?AVCUnitTaskAutomataFunnel@GAM@VDK@@|.?AVCUnitTaskAutomataRadiconParentActor@GAM@VDK@@|.?AVCUnitTaskAutomataRadicon@GAM@VDK@@|.?AVCUnitTaskAutomataAbstract@GAM@VDK@@|.?AVCUnitTaskActorProjectileAbstract@GAM@VDK@@
999TESTXX,010COST05,001,FangEnemy,EXVS2,FunnelMawarikomi,0x1414E3DA0,977,0x210,10,0;2;28;43;69;78;79;81;84;87,0x14092A700,0x140E06020,0x1406A5B30,0x14094F070,0x1406A5980,0x1406A57D0,0x14094E050,0x140E38020,0x140E37FC0,0x140F95870,.?AVCUnitTaskAutomata_999TESTXX_010COST05_001_FangEnemy@EXVS2@@|.?AVCUnitTaskAutomataFunnelMawarikomi@GAM@VDK@@|.?AVCUnitTaskAutomataFunnelFly@GAM@VDK@@|.?AVCUnitTaskAutomataFunnel@GAM@VDK@@|.?AVCUnitTaskAutomataRadiconParentActor@GAM@VDK@@|.?AVCUnitTaskAutomataRadicon@GAM@VDK@@|.?AVCUnitTaskAutomataAbstract@GAM@VDK@@|.?AVCUnitTaskActorProjectileAbstract@GAM@VDK@@
999TESTXX,025PLAN04,001,ThrowShield,EXVS2,Throw,0x1414E40C8,465,0x1C0,11,0;22;76;78;79;81;84;86;87;88;91,0x14092A3E0,0x1406A5BA0,0x1406A5B30,0x1406A5170,0x1406A5980,0x1406A57D0,0x14094E8C0,0x140E382A0,0x140E38250,0x140DDCAC0,.?AVCUnitTaskAutomata_999TESTXX_025PLAN04_001_ThrowShield@EXVS2@@|.?AVCUnitTaskAutomataThrow@GAM@VDK@@|.?AVCUnitTaskAutomataRadiconParentActor@GAM@VDK@@|.?AVCUnitTaskAutomataRadicon@GAM@VDK@@|.?AVCUnitTaskAutomataAbstract@GAM@VDK@@|.?AVCUnitTaskActorProjectileAbstract@GAM@VDK@@|.?AVCUnitTaskActorAbstract@GAM@VDK@@|.?AVCUnitTaskBattleAbstract@GAM@VDK@@
999TESTXX,026PROG02,001,AssistWingGundamBird,EXVS2,SummonRushShot,0x1414E4718,465,0x2F0,20,0;2;12;18;21;30;42;46;69;72;73;78;79;80;81;84;87;88;89;90,0x14092A310,0x140F76670,0x140DE1770,0x1406A5170,0x1406A5980,0x1406A57D0,0x14094E6F0,0x140E383F0,0x140E38330,0x140F4E9D0,.?AVCUnitTaskAutomata_999TESTXX_026PROG02_001_AssistWingGundamBird@EXVS2@@|.?AVCUnitTaskAutomataSummonRushShot@GAM@VDK@@|.?AVCUnitTaskAutomataSummonRush@GAM@VDK@@|.?AVCUnitTaskAutomataSummon@GAM@VDK@@|.?AVCUnitTaskAutomataRadiconParentActor@GAM@VDK@@|.?AVCUnitTaskAutomataRadicon@GAM@VDK@@|.?AVCUnitTaskAutomataAbstract@GAM@VDK@@|.?AVCUnitTaskActorProjectileAbstract@GAM@VDK@@
999TESTXX,026PROG02,001,AssistWingGundamMS,EXVS2,SummonRushAttackNormal,0x1415FBA78,465,0x330,18,0;2;18;21;30;42;46;72;73;78;79;80;81;84;87;88;89;90,0x140E38460,0x140F76670,0x1406A5B30,0x1406A5170,0x1406A5980,0x1406A57D0,0x14094E5F0,0x140E385E0,0x140DE1B80,0x140DE1960,.?AVCUnitTaskAutomata_999TESTXX_026PROG02_001_AssistWingGundamMS@EXVS2@@|.?AVCUnitTaskAutomataSummonRushAttackNormal@GAM@VDK@@|.?AVCUnitTaskAutomataSummonRushAttack@GAM@VDK@@|.?AVCUnitTaskAutomataSummonRush@GAM@VDK@@|.?AVCUnitTaskAutomataSummon@GAM@VDK@@|.?AVCUnitTaskAutomataRadiconParentActor@GAM@VDK@@|.?AVCUnitTaskAutomataRadicon@GAM@VDK@@|.?AVCUnitTaskAutomataAbstract@GAM@VDK@@
999TESTXX,026PROG02,001,FunnelFlyNormal,EXVS2,FunnelFlyScatter,0x1414E43F0,977,0x210,10,0;2;28;43;69;78;79;81;84;87,0x14092A700,0x140F75740,0x1406A5B30,0x14094F070,0x1406A5980,0x1406A57D0,0x14094E050,0x140E37770,0x140E382D0,0x140DDCDC0,.?AVCUnitTaskAutomata_999TESTXX_026PROG02_001_FunnelFlyNormal@EXVS2@@|.?AVCUnitTaskAutomata_999TESTXX_026PROG02_001_FunnelFlyBase@EXVS2@@|.?AVCUnitTaskAutomataFunnelFlyScatter@GAM@VDK@@|.?AVCUnitTaskAutomataFunnelMawarikomi@GAM@VDK@@|.?AVCUnitTaskAutomataFunnelFly@GAM@VDK@@|.?AVCUnitTaskAutomataFunnel@GAM@VDK@@|.?AVCUnitTaskAutomataRadiconParentActor@GAM@VDK@@|.?AVCUnitTaskAutomataRadicon@GAM@VDK@@
999TESTXX,029PLAN07,001,AssistCalamity,EXVS2,SummonRushShot,0x1414E4A48,465,0x2F0,19,0;2;12;18;21;30;42;46;69;72;73;78;79;80;81;84;87;88;90,0x14092A310,0x140DE1070,0x140F700F0,0x1406A5170,0x1406A5980,0x1406A57D0,0x14094E6F0,0x140E386F0,0x140E38690,0x140DE1820,.?AVCUnitTaskAutomata_999TESTXX_029PLAN07_001_AssistCalamity@EXVS2@@|.?AVCUnitTaskAutomataSummonRushShot@GAM@VDK@@|.?AVCUnitTaskAutomataSummonRush@GAM@VDK@@|.?AVCUnitTaskAutomataSummon@GAM@VDK@@|.?AVCUnitTaskAutomataRadiconParentActor@GAM@VDK@@|.?AVCUnitTaskAutomataRadicon@GAM@VDK@@|.?AVCUnitTaskAutomataAbstract@GAM@VDK@@|.?AVCUnitTaskActorProjectileAbstract@GAM@VDK@@
999TESTXX,029PLAN07,001,AssistCalamityLaser,EXVS2,SummonRushShot,0x1414E4D78,465,0x2F0,19,0;2;12;18;21;30;42;46;69;72;73;78;79;80;81;84;87;88;90,0x14092A310,0x140DE1070,0x140DE1770,0x1406A5170,0x1406A5980,0x1406A57D0,0x14094E6F0,0x140E38800,0x140E38730,0x140DE1820,.?AVCUnitTaskAutomata_999TESTXX_029PLAN07_001_AssistCalamityLaser@EXVS2@@|.?AVCUnitTaskAutomataSummonRushShot@GAM@VDK@@|.?AVCUnitTaskAutomataSummonRush@GAM@VDK@@|.?AVCUnitTaskAutomataSummon@GAM@VDK@@|.?AVCUnitTaskAutomataRadiconParentActor@GAM@VDK@@|.?AVCUnitTaskAutomataRadicon@GAM@VDK@@|.?AVCUnitTaskAutomataAbstract@GAM@VDK@@|.?AVCUnitTaskActorProjectileAbstract@GAM@VDK@@
999TESTXX,029PLAN07,001,AssistRaider,EXVS2,Summon,0x1414E50A8,465,0x290,19,0;2;18;21;30;42;46;72;73;78;79;80;81;84;86;87;88;89;90,0x14092A700,0x140DE1070,0x1406A5B30,0x1406A5170,0x1406A5980,0x1406A57D0,0x14094E520,0x140E38CA0,0x140E388A0,0x140E38A60,.?AVCUnitTaskAutomata_999TESTXX_029PLAN07_001_AssistRaider@EXVS2@@|.?AVCUnitTaskAutomataSummon@GAM@VDK@@|.?AVCUnitTaskAutomataRadiconParentActor@GAM@VDK@@|.?AVCUnitTaskAutomataRadicon@GAM@VDK@@|.?AVCUnitTaskAutomataAbstract@GAM@VDK@@|.?AVCUnitTaskActorProjectileAbstract@GAM@VDK@@|.?AVCUnitTaskActorAbstract@GAM@VDK@@|.?AVCUnitTaskBattleAbstract@GAM@VDK@@
999TESTXX,029PLAN07,001,AssistRaiderCalamity,EXVS2,SummonRush,0x1414E53D8,465,0x2C0,18,0;2;18;21;30;42;46;72;73;74;78;79;80;81;84;87;88;90,0x14092A700,0x140DE1070,0x1406A5B30,0x1406A5170,0x1406A5980,0x1406A57D0,0x14094E5B0,0x140E38D30,0x140E38CD0,0x140F70820,.?AVCUnitTaskAutomata_999TESTXX_029PLAN07_001_AssistRaiderCalamity@EXVS2@@|.?AVCUnitTaskAutomataSummonRush@GAM@VDK@@|.?AVCUnitTaskAutomataSummon@GAM@VDK@@|.?AVCUnitTaskAutomataRadiconParentActor@GAM@VDK@@|.?AVCUnitTaskAutomataRadicon@GAM@VDK@@|.?AVCUnitTaskAutomataAbstract@GAM@VDK@@|.?AVCUnitTaskActorProjectileAbstract@GAM@VDK@@|.?AVCUnitTaskActorAbstract@GAM@VDK@@
999TESTXX,029PLAN07,001,AssistRaiderMA,EXVS2,SummonRushShotMachinegun,0x1414E5708,465,0x300,19,0;2;12;18;21;30;42;46;69;72;73;78;79;80;81;84;87;88;90,0x14092A310,0x140DE1070,0x140F3CE50,0x1406A5170,0x1406A5980,0x1406A57D0,0x14094E730,0x140E38F30,0x140E38DE0,0x140E0BA00,.?AVCUnitTaskAutomata_999TESTXX_029PLAN07_001_AssistRaiderMA@EXVS2@@|.?AVCUnitTaskAutomataSummonRushShotMachinegun@GAM@VDK@@|.?AVCUnitTaskAutomataSummonRushShot@GAM@VDK@@|.?AVCUnitTaskAutomataSummonRush@GAM@VDK@@|.?AVCUnitTaskAutomataSummon@GAM@VDK@@|.?AVCUnitTaskAutomataRadiconParentActor@GAM@VDK@@|.?AVCUnitTaskAutomataRadicon@GAM@VDK@@|.?AVCUnitTaskAutomataAbstract@GAM@VDK@@
999TESTXX,029PLAN07,001,ReflectBeam,EXVS2,Throw,0x1414E5D60,465,0x1C0,10,0;22;52;76;78;79;81;84;87;88,0x14092A3E0,0x1406A5BA0,0x1406A5B30,0x1406A5170,0x1406A5980,0x1406A57D0,0x14094E8C0,0x140E390F0,0x140E390A0,0x140DDCAC0,.?AVCUnitTaskAutomata_999TESTXX_029PLAN07_001_ReflectBeam@EXVS2@@|.?AVCUnitTaskAutomataThrow@GAM@VDK@@|.?AVCUnitTaskAutomataRadiconParentActor@GAM@VDK@@|.?AVCUnitTaskAutomataRadicon@GAM@VDK@@|.?AVCUnitTaskAutomataAbstract@GAM@VDK@@|.?AVCUnitTaskActorProjectileAbstract@GAM@VDK@@|.?AVCUnitTaskActorAbstract@GAM@VDK@@|.?AVCUnitTaskBattleAbstract@GAM@VDK@@
999TESTXX,029PLAN07,001,Winlose,EXVS2,PutObj,0x1414E5A38,465,0x1D0,8,0;2;78;79;80;81;84;88,0x14092A040,0x140F76310,0x1406A5B30,0x1406A5170,0x1406A5980,0x1406A57D0,0x14094E380,0x140E39000,0x140E38F60,0x140E28260,.?AVCUnitTaskAutomata_999TESTXX_029PLAN07_001_Winlose@EXVS2@@|.?AVCUnitTaskAutomataPutObj@GAM@VDK@@|.?AVCUnitTaskAutomataRadiconParentActor@GAM@VDK@@|.?AVCUnitTaskAutomataRadicon@GAM@VDK@@|.?AVCUnitTaskAutomataAbstract@GAM@VDK@@|.?AVCUnitTaskActorProjectileAbstract@GAM@VDK@@|.?AVCUnitTaskActorAbstract@GAM@VDK@@|.?AVCUnitTaskBattleAbstract@GAM@VDK@@
999TESTXX,030PLAN08,001,FunnelBeamCurtain,EXVS2,FunnelMawarikomi,0x1414E6088,977,0x210,10,0;2;28;43;69;78;79;81;84;87,0x14092A700,0x140F75740,0x1406A5B30,0x14094F070,0x1406A5980,0x1406A57D0,0x14094E050,0x140E39180,0x140E39120,0x140DDCDC0,.?AVCUnitTaskAutomata_999TESTXX_030PLAN08_001_FunnelBeamCurtain@EXVS2@@|.?AVCUnitTaskAutomataFunnelMawarikomi@GAM@VDK@@|.?AVCUnitTaskAutomataFunnelFly@GAM@VDK@@|.?AVCUnitTaskAutomataFunnel@GAM@VDK@@|.?AVCUnitTaskAutomataRadiconParentActor@GAM@VDK@@|.?AVCUnitTaskAutomataRadicon@GAM@VDK@@|.?AVCUnitTaskAutomataAbstract@GAM@VDK@@|.?AVCUnitTaskActorProjectileAbstract@GAM@VDK@@
999TESTXX,030PLAN08,001,FunnelBeamCurtainRensha,EXVS2,FunnelMawarikomiMultipleShot,0x1414E63B0,977,0x220,10,0;2;28;43;69;78;79;81;84;87,0x14092A100,0x140F75740,0x1406A5B30,0x14094F070,0x1406A5980,0x1406A57D0,0x14094E9E0,0x140E392C0,0x140E39260,0x140DDCDC0,.?AVCUnitTaskAutomata_999TESTXX_030PLAN08_001_FunnelBeamCurtainRensha@EXVS2@@|.?AVCUnitTaskAutomataFunnelMawarikomiMultipleShot@GAM@VDK@@|.?AVCUnitTaskAutomataFunnelMawarikomi@GAM@VDK@@|.?AVCUnitTaskAutomataFunnelFly@GAM@VDK@@|.?AVCUnitTaskAutomataFunnel@GAM@VDK@@|.?AVCUnitTaskAutomataRadiconParentActor@GAM@VDK@@|.?AVCUnitTaskAutomataRadicon@GAM@VDK@@|.?AVCUnitTaskAutomataAbstract@GAM@VDK@@
999TESTXX,030PLAN08,001,FunnelLargeStay,EXVS2,FunnelTukimatoi_ShotOrder,0x1414E66D8,977,0x230,9,0;2;28;43;69;78;79;81;84,0x14092A700,0x140F75740,0x1406A5B30,0x14094F070,0x1406A5980,0x1406A57D0,0x14094E170,0x140E39420,0x140E393B0,0x140DDCDC0,.?AVCUnitTaskAutomata_999TESTXX_030PLAN08_001_FunnelLargeStay@EXVS2@@|.?AVCUnitTaskAutomataFunnelTukimatoi_ShotOrder@GAM@VDK@@|.?AVCUnitTaskAutomataFunnelMawarikomi_ShotOrder@GAM@VDK@@|.?AVCUnitTaskAutomataFunnelShotImmediate@GAM@VDK@@|.?AVCUnitTaskAutomataFunnelMawarikomi@GAM@VDK@@|.?AVCUnitTaskAutomataFunnelFly@GAM@VDK@@|.?AVCUnitTaskAutomataFunnel@GAM@VDK@@|.?AVCUnitTaskAutomataRadiconParentActor@GAM@VDK@@
999TESTXX,030PLAN08,001,FunnelSmallFly,EXVS2,FunnelMawarikomi,0x1414E6A00,977,0x210,13,0;2;28;43;62;63;64;69;78;79;81;84;87,0x14092A700,0x140F75740,0x1406A5B30,0x14094F070,0x1406A5980,0x1406A57D0,0x14094E050,0x140E39620,0x140E39510,0x140DDCDC0,.?AVCUnitTaskAutomata_999TESTXX_030PLAN08_001_FunnelSmallFly@EXVS2@@|.?AVCUnitTaskAutomataFunnelMawarikomi@GAM@VDK@@|.?AVCUnitTaskAutomataFunnelFly@GAM@VDK@@|.?AVCUnitTaskAutomataFunnel@GAM@VDK@@|.?AVCUnitTaskAutomataRadiconParentActor@GAM@VDK@@|.?AVCUnitTaskAutomataRadicon@GAM@VDK@@|.?AVCUnitTaskAutomataAbstract@GAM@VDK@@|.?AVCUnitTaskActorProjectileAbstract@GAM@VDK@@
999TESTXX,030PLAN08,001,FunnelSmallStay,EXVS2,FunnelShotStayShift,0x1414E6D28,977,0x210,12,0;2;28;43;62;63;64;78;79;81;84;87,0x14092A3E0,0x140F75740,0x1406A5B30,0x14094F070,0x1406A5980,0x1406A57D0,0x14094E2A0,0x140E398C0,0x140E397E0,0x140F95870,.?AVCUnitTaskAutomata_999TESTXX_030PLAN08_001_FunnelSmallStay@EXVS2@@|.?AVCUnitTaskAutomataFunnelShotStayShift@GAM@VDK@@|.?AVCUnitTaskAutomataFunnelShiftPos@GAM@VDK@@|.?AVCUnitTaskAutomataFunnel@GAM@VDK@@|.?AVCUnitTaskAutomataRadiconParentActor@GAM@VDK@@|.?AVCUnitTaskAutomataRadicon@GAM@VDK@@|.?AVCUnitTaskAutomataAbstract@GAM@VDK@@|.?AVCUnitTaskActorProjectileAbstract@GAM@VDK@@
999TESTXX,030PLAN08,001,FunnelSmallStayShot,EXVS2,FunnelMawarikomi_ShotOrder,0x1414E7050,977,0x230,13,0;2;28;43;62;63;64;69;78;79;81;84;87,0x14092A700,0x140F75740,0x1406A5B30,0x14094F070,0x1406A5980,0x1406A57D0,0x14094E170,0x140E39A20,0x140E399B0,0x140DDCDC0,.?AVCUnitTaskAutomata_999TESTXX_030PLAN08_001_FunnelSmallStayShot@EXVS2@@|.?AVCUnitTaskAutomataFunnelMawarikomi_ShotOrder@GAM@VDK@@|.?AVCUnitTaskAutomataFunnelShotImmediate@GAM@VDK@@|.?AVCUnitTaskAutomataFunnelMawarikomi@GAM@VDK@@|.?AVCUnitTaskAutomataFunnelFly@GAM@VDK@@|.?AVCUnitTaskAutomataFunnel@GAM@VDK@@|.?AVCUnitTaskAutomataRadiconParentActor@GAM@VDK@@|.?AVCUnitTaskAutomataRadicon@GAM@VDK@@
999TESTXX,030PLAN08,001,HissatsuFunnelSpear,EXVS2,FunnelMawarikomi,0x1414E7378,977,0x210,10,0;2;28;43;69;78;79;81;84;87,0x14092A700,0x140F75740,0x1406A5B30,0x14094F070,0x1406A5980,0x1406A57D0,0x14094E050,0x140E39BE0,0x140E39B80,0x140DDCDC0,.?AVCUnitTaskAutomata_999TESTXX_030PLAN08_001_HissatsuFunnelSpear@EXVS2@@|.?AVCUnitTaskAutomataFunnelMawarikomi@GAM@VDK@@|.?AVCUnitTaskAutomataFunnelFly@GAM@VDK@@|.?AVCUnitTaskAutomataFunnel@GAM@VDK@@|.?AVCUnitTaskAutomataRadiconParentActor@GAM@VDK@@|.?AVCUnitTaskAutomataRadicon@GAM@VDK@@|.?AVCUnitTaskAutomataAbstract@GAM@VDK@@|.?AVCUnitTaskActorProjectileAbstract@GAM@VDK@@
999TESTXX,030PLAN08,001,HissatsuFunnelSwarm,EXVS2,FunnelSwarm,0x1414E76A0,977,0x230,12,0;2;28;43;63;64;69;78;79;81;84;87,0x140929E00,0x140F75740,0x1406A5B30,0x14094F070,0x1406A5980,0x1406A57D0,0x14094E2F0,0x140E39D70,0x140E39CB0,0x140DDCDC0,.?AVCUnitTaskAutomata_999TESTXX_030PLAN08_001_HissatsuFunnelSwarm@EXVS2@@|.?AVCUnitTaskAutomataFunnelSwarm@GAM@VDK@@|.?AVCUnitTaskAutomataFunnelMawarikomi@GAM@VDK@@|.?AVCUnitTaskAutomataFunnelFly@GAM@VDK@@|.?AVCUnitTaskAutomataFunnel@GAM@VDK@@|.?AVCUnitTaskAutomataRadiconParentActor@GAM@VDK@@|.?AVCUnitTaskAutomataRadicon@GAM@VDK@@|.?AVCUnitTaskAutomataAbstract@GAM@VDK@@
999TESTXX,032PLAN10,001,HammerShot,EXVS2,Throw,0x1414E79C8,465,0x1C0,11,0;22;72;76;78;79;81;84;87;88;89,0x14092A3E0,0x1406A5BA0,0x1406A5B30,0x1406A5170,0x1406A5980,0x1406A57D0,0x14094E8C0,0x140E3A030,0x140E39EE0,0x140DDCAC0,.?AVCUnitTaskAutomata_999TESTXX_032PLAN10_001_HammerShot@EXVS2@@|.?AVCUnitTaskAutomataThrow@GAM@VDK@@|.?AVCUnitTaskAutomataRadiconParentActor@GAM@VDK@@|.?AVCUnitTaskAutomataRadicon@GAM@VDK@@|.?AVCUnitTaskAutomataAbstract@GAM@VDK@@|.?AVCUnitTaskActorProjectileAbstract@GAM@VDK@@|.?AVCUnitTaskActorAbstract@GAM@VDK@@|.?AVCUnitTaskBattleAbstract@GAM@VDK@@
999TESTXX,032PLAN10,001,NuclearMissile,EXVS2,Throw,0x1414E7CF0,465,0x1C0,9,0;22;76;78;79;81;84;87;88,0x14092A3E0,0x1406A5BA0,0x1406A5B30,0x1406A5170,0x1406A5980,0x1406A57D0,0x14094E8C0,0x140E3A120,0x140E3A0D0,0x140DDCAC0,.?AVCUnitTaskAutomata_999TESTXX_032PLAN10_001_NuclearMissile@EXVS2@@|.?AVCUnitTaskAutomataThrow@GAM@VDK@@|.?AVCUnitTaskAutomataRadiconParentActor@GAM@VDK@@|.?AVCUnitTaskAutomataRadicon@GAM@VDK@@|.?AVCUnitTaskAutomataAbstract@GAM@VDK@@|.?AVCUnitTaskActorProjectileAbstract@GAM@VDK@@|.?AVCUnitTaskActorAbstract@GAM@VDK@@|.?AVCUnitTaskBattleAbstract@GAM@VDK@@
999TESTXX,033PLAN11,001,FunnelFly,EXVS2,FunnelMawarikomi,0x1414E8018,977,0x210,11,0;2;12;28;43;69;78;79;81;84;87,0x14092A700,0x140F75740,0x140F74FF0,0x14094F070,0x1406A5980,0x1406A57D0,0x14094E050,0x140E3A1C0,0x140E3A160,0x140DDCDC0,.?AVCUnitTaskAutomata_999TESTXX_033PLAN11_001_FunnelFly@EXVS2@@|.?AVCUnitTaskAutomataFunnelMawarikomi@GAM@VDK@@|.?AVCUnitTaskAutomataFunnelFly@GAM@VDK@@|.?AVCUnitTaskAutomataFunnel@GAM@VDK@@|.?AVCUnitTaskAutomataRadiconParentActor@GAM@VDK@@|.?AVCUnitTaskAutomataRadicon@GAM@VDK@@|.?AVCUnitTaskAutomataAbstract@GAM@VDK@@|.?AVCUnitTaskActorProjectileAbstract@GAM@VDK@@
999TESTXX,033PLAN11,001,FunnelShot,EXVS2,FunnelMawarikomi_ShotOrder,0x1414E8340,977,0x230,10,0;2;12;28;43;69;78;79;81;84,0x14092A100,0x140F75740,0x140F74FF0,0x14094F070,0x1406A5980,0x1406A57D0,0x14094E170,0x140E3A2E0,0x140E3A290,0x140DDCDC0,.?AVCUnitTaskAutomata_999TESTXX_033PLAN11_001_FunnelShot@EXVS2@@|.?AVCUnitTaskAutomataFunnelMawarikomi_ShotOrder@GAM@VDK@@|.?AVCUnitTaskAutomataFunnelShotImmediate@GAM@VDK@@|.?AVCUnitTaskAutomataFunnelMawarikomi@GAM@VDK@@|.?AVCUnitTaskAutomataFunnelFly@GAM@VDK@@|.?AVCUnitTaskAutomataFunnel@GAM@VDK@@|.?AVCUnitTaskAutomataRadiconParentActor@GAM@VDK@@|.?AVCUnitTaskAutomataRadicon@GAM@VDK@@
999TESTXX,034PLAN12,001,GrappleStinger,EXVS2,AnchorReturn,0x1414E8990,465,0x1F0,13,0;2;11;12;18;23;73;76;78;79;81;84;88,0x14092A700,0x140DE0460,0x140F80F50,0x1406A5170,0x1406A5980,0x1406A57D0,0x14094DCE0,0x140E36020,0x140E3A9C0,0x140F40ED0,.?AVCUnitTaskAutomata_999TESTXX_034PLAN12_001_GrappleStinger@EXVS2@@|.?AVCUnitTaskAutomataAnchorReturn@GAM@VDK@@|.?AVCUnitTaskAutomataAnchor@GAM@VDK@@|.?AVCUnitTaskAutomataRadiconParentActor@GAM@VDK@@|.?AVCUnitTaskAutomataRadicon@GAM@VDK@@|.?AVCUnitTaskAutomataAbstract@GAM@VDK@@|.?AVCUnitTaskActorProjectileAbstract@GAM@VDK@@|.?AVCUnitTaskActorAbstract@GAM@VDK@@
999TESTXX,034PLAN12,001,Lifter,EXVS2,RadiconParentActor,0x1414E8CB8,465,0x1B0,11,0;2;12;72;73;76;79;81;84;87;88,0x14092A3E0,0x140F75740,0x140F77BD0,0x1406A5170,0x1406A5980,0x1406A57D0,0x1406A50D0,0x140E3AD00,0x140E3AAB0,0x140E3ACC0,.?AVCUnitTaskAutomata_999TESTXX_034PLAN12_001_Lifter@EXVS2@@|.?AVCUnitTaskAutomata_999TESTXX_034PLAN12_001_AirplaneAbstract@EXVS2@@|.?AVCUnitTaskAutomataRadiconParentActor@GAM@VDK@@|.?AVCUnitTaskAutomataRadicon@GAM@VDK@@|.?AVCUnitTaskAutomataAbstract@GAM@VDK@@|.?AVCUnitTaskActorProjectileAbstract@GAM@VDK@@|.?AVCUnitTaskActorAbstract@GAM@VDK@@|.?AVCUnitTaskBattleAbstract@GAM@VDK@@
999TESTXX,034PLAN12,001,ShiningEdge,EXVS2,Boomerang,0x1414E8668,465,0x1C0,11,0;12;73;78;79;81;84;87;88;89;91,0x14092A700,0x1406A5BA0,0x140DDD470,0x1406A5170,0x1406A5980,0x1406A57D0,0x14094DF10,0x140F75330,0x140E3A3E0,0x140DDCAC0,.?AVCUnitTaskAutomata_999TESTXX_034PLAN12_001_ShiningEdge@EXVS2@@|.?AVCUnitTaskAutomataBoomerang@GAM@VDK@@|.?AVCUnitTaskAutomataRadiconParentActor@GAM@VDK@@|.?AVCUnitTaskAutomataRadicon@GAM@VDK@@|.?AVCUnitTaskAutomataAbstract@GAM@VDK@@|.?AVCUnitTaskActorProjectileAbstract@GAM@VDK@@|.?AVCUnitTaskActorAbstract@GAM@VDK@@|.?AVCUnitTaskBattleAbstract@GAM@VDK@@
999TESTXX,035PLAN13,001,BeamBoomerang,EXVS2,Boomerang,0x1414E8FE0,465,0x1C0,11,0;12;73;78;79;81;84;87;88;89;91,0x14092A700,0x1406A5BA0,0x140DDD470,0x1406A5170,0x1406A5980,0x1406A57D0,0x14094DF10,0x140E3AE90,0x140E3ADA0,0x140DDCAC0,.?AVCUnitTaskAutomata_999TESTXX_035PLAN13_001_BeamBoomerang@EXVS2@@|.?AVCUnitTaskAutomataBoomerang@GAM@VDK@@|.?AVCUnitTaskAutomataRadiconParentActor@GAM@VDK@@|.?AVCUnitTaskAutomataRadicon@GAM@VDK@@|.?AVCUnitTaskAutomataAbstract@GAM@VDK@@|.?AVCUnitTaskActorProjectileAbstract@GAM@VDK@@|.?AVCUnitTaskActorAbstract@GAM@VDK@@|.?AVCUnitTaskBattleAbstract@GAM@VDK@@
999TESTXX,036PLAN14,001,AssistForceImpulse,EXVS2,SummonRush,0x1414E9308,465,0x2C0,19,0;2;18;21;30;42;46;71;72;73;78;79;80;81;84;87;88;89;90,0x14092A700,0x140DE1070,0x1406A5B30,0x1406A5170,0x1406A5980,0x1406A57D0,0x14094E5B0,0x140E3B470,0x140E3B080,0x140E3B3A0,.?AVCUnitTaskAutomata_999TESTXX_036PLAN14_001_AssistForceImpulse@EXVS2@@|.?AVCUnitTaskAutomataSummonRush@GAM@VDK@@|.?AVCUnitTaskAutomataSummon@GAM@VDK@@|.?AVCUnitTaskAutomataRadiconParentActor@GAM@VDK@@|.?AVCUnitTaskAutomataRadicon@GAM@VDK@@|.?AVCUnitTaskAutomataAbstract@GAM@VDK@@|.?AVCUnitTaskActorProjectileAbstract@GAM@VDK@@|.?AVCUnitTaskActorAbstract@GAM@VDK@@
999TESTXX,036PLAN14,001,ThrowGrenade,EXVS2,ThrowMortar,0x1414E9638,465,0x1C0,10,0;22;76;78;79;81;82;84;87;88,0x14092A3E0,0x1406A5BA0,0x1406A5B30,0x1406A5170,0x1406A5980,0x1406A57D0,0x14094E8C0,0x140F75DB0,0x140E3B680,0x140DDCAC0,.?AVCUnitTaskAutomata_999TESTXX_036PLAN14_001_ThrowGrenade@EXVS2@@|.?AVCUnitTaskAutomataThrowMortar@GAM@VDK@@|.?AVCUnitTaskAutomataThrow@GAM@VDK@@|.?AVCUnitTaskAutomataRadiconParentActor@GAM@VDK@@|.?AVCUnitTaskAutomataRadicon@GAM@VDK@@|.?AVCUnitTaskAutomataAbstract@GAM@VDK@@|.?AVCUnitTaskActorProjectileAbstract@GAM@VDK@@|.?AVCUnitTaskActorAbstract@GAM@VDK@@
999TESTXX,036PLAN14,001,ThrowTomahawk,EXVS2,ThrowStopRotateOnStick,0x1414E9960,465,0x1E0,11,0;22;76;78;79;81;84;87;88;89;91,0x14092A3E0,0x1406A5BA0,0x1406A5B30,0x1406A5170,0x1406A5980,0x1406A57D0,0x14094E970,0x140F75E60,0x140DDCCF0,0x140DDCAC0,.?AVCUnitTaskAutomata_999TESTXX_036PLAN14_001_ThrowTomahawk@EXVS2@@|.?AVCUnitTaskAutomataThrowStopRotateOnStick@GAM@VDK@@|.?AVCUnitTaskAutomataThrow@GAM@VDK@@|.?AVCUnitTaskAutomataRadiconParentActor@GAM@VDK@@|.?AVCUnitTaskAutomataRadicon@GAM@VDK@@|.?AVCUnitTaskAutomataAbstract@GAM@VDK@@|.?AVCUnitTaskActorProjectileAbstract@GAM@VDK@@|.?AVCUnitTaskActorAbstract@GAM@VDK@@
999TESTXX,040PLAN17,001,AssistHuunsaikiKijouRush,EXVS2,SummonRush,0x1414EA608,465,0x2C0,18,0;2;18;21;30;42;46;72;73;78;79;80;81;84;87;88;89;90,0x14092A700,0x140E12E30,0x1406A5B30,0x1406A5170,0x1406A5980,0x1406A57D0,0x14094E5B0,0x140E3C6A0,0x140E3C4F0,0x140F6AA40,.?AVCUnitTaskAutomata_999TESTXX_040PLAN17_001_AssistHuunsaikiKijouRush@EXVS2@@|.?AVCUnitTaskAutomata_AssistHuunsaikiAbstract@EXVS2@@|.?AVCUnitTaskAutomataSummonRush@GAM@VDK@@|.?AVCUnitTaskAutomataSummon@GAM@VDK@@|.?AVCUnitTaskAutomataRadiconParentActor@GAM@VDK@@|.?AVCUnitTaskAutomataRadicon@GAM@VDK@@|.?AVCUnitTaskAutomataAbstract@GAM@VDK@@|.?AVCUnitTaskActorProjectileAbstract@GAM@VDK@@
999TESTXX,040PLAN17,001,AssistHuunsaikiRush,EXVS2,SummonRush,0x1414EA2D8,465,0x2C0,18,0;2;18;21;30;42;46;72;73;78;79;80;81;84;87;88;89;90,0x14092A700,0x140E12E30,0x1406A5B30,0x1406A5170,0x1406A5980,0x1406A57D0,0x14094E5B0,0x140F6AC10,0x140F6A650,0x140F6AA40,.?AVCUnitTaskAutomata_999TESTXX_040PLAN17_001_AssistHuunsaikiRush@EXVS2@@|.?AVCUnitTaskAutomata_AssistHuunsaikiAbstract@EXVS2@@|.?AVCUnitTaskAutomataSummonRush@GAM@VDK@@|.?AVCUnitTaskAutomataSummon@GAM@VDK@@|.?AVCUnitTaskAutomataRadiconParentActor@GAM@VDK@@|.?AVCUnitTaskAutomataRadicon@GAM@VDK@@|.?AVCUnitTaskAutomataAbstract@GAM@VDK@@|.?AVCUnitTaskActorProjectileAbstract@GAM@VDK@@
999TESTXX,040PLAN17,001,GodShadow,EXVS2,RadiconParentActor,0x1414E9C88,465,0x1B0,7,0;2;12;81;84;86;89,0x14092A3E0,0x140E26F00,0x140F69C90,0x1406A5170,0x1406A5980,0x1406A57D0,0x1406A50D0,0x140033290,0x140E3B7D0,0x140E3B830,.?AVCUnitTaskAutomata_999TESTXX_040PLAN17_001_GodShadow@EXVS2@@|.?AVCUnitTaskAutomataRadiconParentActor@GAM@VDK@@|.?AVCUnitTaskAutomataRadicon@GAM@VDK@@|.?AVCUnitTaskAutomataAbstract@GAM@VDK@@|.?AVCUnitTaskActorProjectileAbstract@GAM@VDK@@|.?AVCUnitTaskActorAbstract@GAM@VDK@@|.?AVCUnitTaskBattleAbstract@GAM@VDK@@|.?AVCUnitTaskAbstract@FWK@VDK@@
999TESTXX,040PLAN17,001,GodSlash,EXVS2,ThrowBlade,0x1414E9FB0,465,0x1D0,11,0;2;22;76;78;79;81;84;87;88;89,0x140929E00,0x140F69F80,0x1406A5B30,0x1406A5170,0x1406A5980,0x1406A57D0,0x14094E910,0x140E3BC50,0x140E3BA00,0x140E28260,.?AVCUnitTaskAutomata_999TESTXX_040PLAN17_001_GodSlash@EXVS2@@|.?AVCUnitTaskAutomataThrowBlade@GAM@VDK@@|.?AVCUnitTaskAutomataThrow@GAM@VDK@@|.?AVCUnitTaskAutomataRadiconParentActor@GAM@VDK@@|.?AVCUnitTaskAutomataRadicon@GAM@VDK@@|.?AVCUnitTaskAutomataAbstract@GAM@VDK@@|.?AVCUnitTaskActorProjectileAbstract@GAM@VDK@@|.?AVCUnitTaskActorAbstract@GAM@VDK@@
999TESTXX,040PLAN17,001,KingOfHeart,EXVS2,Throw,0x1414EA938,465,0x1C0,10,0;2;22;76;78;79;81;84;87;88,0x14092A3E0,0x140F6A3F0,0x1406A5B30,0x1406A5170,0x1406A5980,0x1406A57D0,0x14094E8C0,0x140F6A4D0,0x140E3C760,0x140F6A4A0,.?AVCUnitTaskAutomata_999TESTXX_040PLAN17_001_KingOfHeart@EXVS2@@|.?AVCUnitTaskAutomataThrow@GAM@VDK@@|.?AVCUnitTaskAutomataRadiconParentActor@GAM@VDK@@|.?AVCUnitTaskAutomataRadicon@GAM@VDK@@|.?AVCUnitTaskAutomataAbstract@GAM@VDK@@|.?AVCUnitTaskActorProjectileAbstract@GAM@VDK@@|.?AVCUnitTaskActorAbstract@GAM@VDK@@|.?AVCUnitTaskBattleAbstract@GAM@VDK@@
999TESTXX,040PLAN17,001,Tenkyouken,EXVS2,Throw,0x1414EAC60,465,0x1C0,10,0;2;22;76;78;79;81;84;87;88,0x14092A3E0,0x140F6A5D0,0x1406A5B30,0x1406A5170,0x1406A5980,0x1406A57D0,0x14094E8C0,0x140F6A610,0x140E3C820,0x140F6A4A0,.?AVCUnitTaskAutomata_999TESTXX_040PLAN17_001_Tenkyouken@EXVS2@@|.?AVCUnitTaskAutomataThrow@GAM@VDK@@|.?AVCUnitTaskAutomataRadiconParentActor@GAM@VDK@@|.?AVCUnitTaskAutomataRadicon@GAM@VDK@@|.?AVCUnitTaskAutomataAbstract@GAM@VDK@@|.?AVCUnitTaskActorProjectileAbstract@GAM@VDK@@|.?AVCUnitTaskActorAbstract@GAM@VDK@@|.?AVCUnitTaskBattleAbstract@GAM@VDK@@
999TESTXX,040PLAN17,001,XShockWave,EXVS2,ThrowBlade,0x1414EAF88,465,0x1D0,12,0;2;22;73;76;78;79;81;84;87;88;89,0x14092A100,0x140DDE490,0x1406A5B30,0x1406A5170,0x1406A5980,0x1406A57D0,0x14094E910,0x140E3C930,0x140E3C8E0,0x140F41EF0,.?AVCUnitTaskAutomata_999TESTXX_040PLAN17_001_XShockWave@EXVS2@@|.?AVCUnitTaskAutomataThrowBlade@GAM@VDK@@|.?AVCUnitTaskAutomataThrow@GAM@VDK@@|.?AVCUnitTaskAutomataRadiconParentActor@GAM@VDK@@|.?AVCUnitTaskAutomataRadicon@GAM@VDK@@|.?AVCUnitTaskAutomataAbstract@GAM@VDK@@|.?AVCUnitTaskActorProjectileAbstract@GAM@VDK@@|.?AVCUnitTaskActorAbstract@GAM@VDK@@
999TESTXX,042PLAN19,001,PsychoFieldEffect,EXVS2,RadiconParentActor,0x1414EBF50,465,0x1B0,6,0;2;12;79;81;84,0x14092A700,0x140E3DB30,0x140E3DAE0,0x1406A5170,0x1406A5980,0x1406A57D0,0x1406A50D0,0x140E14B30,0x140E3DA80,0x140F648E0,.?AVCUnitTaskAutomata_999TESTXX_042PLAN19_001_PsychoFieldEffect@EXVS2@@|.?AVCUnitTaskAutomataRadiconParentActor@GAM@VDK@@|.?AVCUnitTaskAutomataRadicon@GAM@VDK@@|.?AVCUnitTaskAutomataAbstract@GAM@VDK@@|.?AVCUnitTaskActorProjectileAbstract@GAM@VDK@@|.?AVCUnitTaskActorAbstract@GAM@VDK@@|.?AVCUnitTaskBattleAbstract@GAM@VDK@@|.?AVCUnitTaskAbstract@FWK@VDK@@
999TESTXX,042PLAN19,001,RblDivContainer,EXVS2,Throw,0x1414EBC28,465,0x1C0,9,0;22;76;78;79;81;84;87;88,0x14092A3E0,0x1406A5BA0,0x1406A5B30,0x1406A5170,0x1406A5980,0x1406A57D0,0x14094E8C0,0x140E3DA50,0x140E3DA00,0x140DDCAC0,.?AVCUnitTaskAutomata_999TESTXX_042PLAN19_001_RblDivContainer@EXVS2@@|.?AVCUnitTaskAutomataThrow@GAM@VDK@@|.?AVCUnitTaskAutomataRadiconParentActor@GAM@VDK@@|.?AVCUnitTaskAutomataRadicon@GAM@VDK@@|.?AVCUnitTaskAutomataAbstract@GAM@VDK@@|.?AVCUnitTaskActorProjectileAbstract@GAM@VDK@@|.?AVCUnitTaskActorAbstract@GAM@VDK@@|.?AVCUnitTaskBattleAbstract@GAM@VDK@@
999TESTXX,042PLAN19,001,RblHydeContainer,EXVS2,Throw,0x1414EB900,465,0x1C0,9,0;22;76;78;79;81;84;87;88,0x14092A3E0,0x1406A5BA0,0x1406A5B30,0x1406A5170,0x1406A5980,0x1406A57D0,0x14094E8C0,0x140E3D960,0x140E3D910,0x140DDCAC0,.?AVCUnitTaskAutomata_999TESTXX_042PLAN19_001_RblHydeContainer@EXVS2@@|.?AVCUnitTaskAutomataThrow@GAM@VDK@@|.?AVCUnitTaskAutomataRadiconParentActor@GAM@VDK@@|.?AVCUnitTaskAutomataRadicon@GAM@VDK@@|.?AVCUnitTaskAutomataAbstract@GAM@VDK@@|.?AVCUnitTaskActorProjectileAbstract@GAM@VDK@@|.?AVCUnitTaskActorAbstract@GAM@VDK@@|.?AVCUnitTaskBattleAbstract@GAM@VDK@@
999TESTXX,042PLAN19,001,RblHydepump,EXVS2,Throw,0x1414EB5D8,465,0x1D0,10,0;2;22;76;78;79;81;84;87;88,0x14092A3E0,0x140F76310,0x1406A5B30,0x1406A5170,0x1406A5980,0x1406A57D0,0x14094EC20,0x140F72FA0,0x140E3D7F0,0x140E3D870,.?AVCUnitTaskAutomata_999TESTXX_042PLAN19_001_RblHydepump@EXVS2@@|.?AVCUnitTaskAutomataThrow@GAM@VDK@@|.?AVCUnitTaskAutomataRadiconParentActor@GAM@VDK@@|.?AVCUnitTaskAutomataRadicon@GAM@VDK@@|.?AVCUnitTaskAutomataAbstract@GAM@VDK@@|.?AVCUnitTaskActorProjectileAbstract@GAM@VDK@@|.?AVCUnitTaskActorAbstract@GAM@VDK@@|.?AVCUnitTaskBattleAbstract@GAM@VDK@@
999TESTXX,042PLAN19,001,RblMissile,EXVS2,Throw,0x1414EB2B0,465,0x1C0,10,0;22;76;78;79;81;84;87;88;91,0x14092A3E0,0x1406A5BA0,0x1406A5B30,0x1406A5170,0x1406A5980,0x1406A57D0,0x14094E8C0,0x140F64600,0x140E3D730,0x140DDCAC0,.?AVCUnitTaskAutomata_999TESTXX_042PLAN19_001_RblMissile@EXVS2@@|.?AVCUnitTaskAutomataThrow@GAM@VDK@@|.?AVCUnitTaskAutomataRadiconParentActor@GAM@VDK@@|.?AVCUnitTaskAutomataRadicon@GAM@VDK@@|.?AVCUnitTaskAutomataAbstract@GAM@VDK@@|.?AVCUnitTaskActorProjectileAbstract@GAM@VDK@@|.?AVCUnitTaskActorAbstract@GAM@VDK@@|.?AVCUnitTaskBattleAbstract@GAM@VDK@@
999TESTXX,045PLAN22,001,AssistMesserGrap,EXVS2,SummonGrap,0x1414EC5A8,465,0x290,18,0;2;18;21;30;42;46;72;73;78;79;80;81;84;87;88;89;90,0x14092A700,0x140DE1070,0x1406A5B30,0x1406A5170,0x1406A5980,0x1406A57D0,0x14094E560,0x140E3DCE0,0x140E3DC20,0x140F64B30,.?AVCUnitTaskAutomata_999TESTXX_045PLAN22_001_AssistMesserGrap@EXVS2@@|.?AVCUnitTaskAutomataSummonGrap@GAM@VDK@@|.?AVCUnitTaskAutomataSummon@GAM@VDK@@|.?AVCUnitTaskAutomataRadiconParentActor@GAM@VDK@@|.?AVCUnitTaskAutomataRadicon@GAM@VDK@@|.?AVCUnitTaskAutomataAbstract@GAM@VDK@@|.?AVCUnitTaskActorProjectileAbstract@GAM@VDK@@|.?AVCUnitTaskActorAbstract@GAM@VDK@@
999TESTXX,045PLAN22,001,AssistMesserSaberRush,EXVS2,SummonRushAttackNormal,0x1414EC8E0,465,0x330,18,0;2;18;21;30;42;46;72;73;78;79;80;81;84;87;88;89;90,0x14092A700,0x140DE1070,0x1406A5B30,0x1406A5170,0x1406A5980,0x1406A57D0,0x14094E5F0,0x140E3DE00,0x140E3DD50,0x140DE1960,.?AVCUnitTaskAutomata_999TESTXX_045PLAN22_001_AssistMesserSaberRush@EXVS2@@|.?AVCUnitTaskAutomataSummonRushAttackNormal@GAM@VDK@@|.?AVCUnitTaskAutomataSummonRushAttack@GAM@VDK@@|.?AVCUnitTaskAutomataSummonRush@GAM@VDK@@|.?AVCUnitTaskAutomataSummon@GAM@VDK@@|.?AVCUnitTaskAutomataRadiconParentActor@GAM@VDK@@|.?AVCUnitTaskAutomataRadicon@GAM@VDK@@|.?AVCUnitTaskAutomataAbstract@GAM@VDK@@
999TESTXX,045PLAN22,001,ThrowBeamRifle,EXVS2,Detonator,0x1414EC280,465,0x1C0,10,0;22;74;76;78;79;81;84;87;88,0x14092A3E0,0x1406A5BA0,0x1406A5B30,0x1406A5170,0x1406A5980,0x1406A57D0,0x14094E8C0,0x140E3DBF0,0x140E3DB90,0x140DDCAC0,.?AVCUnitTaskAutomata_999TESTXX_045PLAN22_001_ThrowBeamRifle@EXVS2@@|.?AVCUnitTaskAutomataDetonator@GAM@VDK@@|.?AVCUnitTaskAutomataThrow@GAM@VDK@@|.?AVCUnitTaskAutomataRadiconParentActor@GAM@VDK@@|.?AVCUnitTaskAutomataRadicon@GAM@VDK@@|.?AVCUnitTaskAutomataAbstract@GAM@VDK@@|.?AVCUnitTaskActorProjectileAbstract@GAM@VDK@@|.?AVCUnitTaskActorAbstract@GAM@VDK@@
999TESTXX,049PLAN26,001,FunnelLargeStay,EXVS2,FunnelTukimatoi_ShotOrder,0x1414EDF00,977,0x230,9,0;2;28;43;69;78;79;81;84,0x14092A100,0x140F75740,0x1406A5B30,0x14094F070,0x1406A5980,0x1406A57D0,0x14094E170,0x140F70C30,0x140E3E8B0,0x140DDCDC0,.?AVCUnitTaskAutomata_999TESTXX_049PLAN26_001_FunnelLargeStay@EXVS2@@|.?AVCUnitTaskAutomataFunnelTukimatoi_ShotOrder@GAM@VDK@@|.?AVCUnitTaskAutomataFunnelMawarikomi_ShotOrder@GAM@VDK@@|.?AVCUnitTaskAutomataFunnelShotImmediate@GAM@VDK@@|.?AVCUnitTaskAutomataFunnelMawarikomi@GAM@VDK@@|.?AVCUnitTaskAutomataFunnelFly@GAM@VDK@@|.?AVCUnitTaskAutomataFunnel@GAM@VDK@@|.?AVCUnitTaskAutomataRadiconParentActor@GAM@VDK@@
999TESTXX,049PLAN26,001,FunnelSmallFly,EXVS2,FunnelMawarikomi,0x1414ECC10,977,0x210,13,0;2;28;43;62;63;64;69;78;79;81;84;87,0x14092A700,0x140F75740,0x1406A5B30,0x14094F070,0x1406A5980,0x1406A57D0,0x14094E050,0x140E39620,0x140E3DF80,0x140DDCDC0,.?AVCUnitTaskAutomata_999TESTXX_049PLAN26_001_FunnelSmallFly@EXVS2@@|.?AVCUnitTaskAutomataFunnelMawarikomi@GAM@VDK@@|.?AVCUnitTaskAutomataFunnelFly@GAM@VDK@@|.?AVCUnitTaskAutomataFunnel@GAM@VDK@@|.?AVCUnitTaskAutomataRadiconParentActor@GAM@VDK@@|.?AVCUnitTaskAutomataRadicon@GAM@VDK@@|.?AVCUnitTaskAutomataAbstract@GAM@VDK@@|.?AVCUnitTaskActorProjectileAbstract@GAM@VDK@@
999TESTXX,049PLAN26,001,FunnelSmallFlyShot,EXVS2,FunnelMawarikomi,0x1414ECF38,977,0x210,13,0;2;28;43;62;63;64;69;78;79;81;84;87,0x14092A700,0x140F75740,0x1406A5B30,0x14094F070,0x1406A5980,0x1406A57D0,0x14094E050,0x140E3E0A0,0x140E3DF80,0x140DDCDC0,.?AVCUnitTaskAutomata_999TESTXX_049PLAN26_001_FunnelSmallFlyShot@EXVS2@@|.?AVCUnitTaskAutomata_999TESTXX_049PLAN26_001_FunnelSmallFly@EXVS2@@|.?AVCUnitTaskAutomataFunnelMawarikomi@GAM@VDK@@|.?AVCUnitTaskAutomataFunnelFly@GAM@VDK@@|.?AVCUnitTaskAutomataFunnel@GAM@VDK@@|.?AVCUnitTaskAutomataRadiconParentActor@GAM@VDK@@|.?AVCUnitTaskAutomataRadicon@GAM@VDK@@|.?AVCUnitTaskAutomataAbstract@GAM@VDK@@
999TESTXX,049PLAN26,001,FunnelSmallStay,EXVS2,FunnelShotStayShift,0x1414ED260,977,0x210,12,0;2;28;43;62;63;64;78;79;81;84;87,0x14092A3E0,0x140F75740,0x1406A5B30,0x14094F070,0x1406A5980,0x1406A57D0,0x14094E2A0,0x140E3E130,0x140E3E0C0,0x140F95870,.?AVCUnitTaskAutomata_999TESTXX_049PLAN26_001_FunnelSmallStay@EXVS2@@|.?AVCUnitTaskAutomataFunnelShotStayShift@GAM@VDK@@|.?AVCUnitTaskAutomataFunnelShiftPos@GAM@VDK@@|.?AVCUnitTaskAutomataFunnel@GAM@VDK@@|.?AVCUnitTaskAutomataRadiconParentActor@GAM@VDK@@|.?AVCUnitTaskAutomataRadicon@GAM@VDK@@|.?AVCUnitTaskAutomataAbstract@GAM@VDK@@|.?AVCUnitTaskActorProjectileAbstract@GAM@VDK@@
999TESTXX,049PLAN26,001,FunnelSmallStayShot,EXVS2,FunnelMawarikomi_ShotOrder,0x1414ED588,977,0x230,13,0;2;28;43;62;63;64;69;78;79;81;84;87,0x14092A100,0x140F75740,0x1406A5B30,0x14094F070,0x1406A5980,0x1406A57D0,0x14094E170,0x140E3E2F0,0x140E3E220,0x140DDCDC0,.?AVCUnitTaskAutomata_999TESTXX_049PLAN26_001_FunnelSmallStayShot@EXVS2@@|.?AVCUnitTaskAutomataFunnelMawarikomi_ShotOrder@GAM@VDK@@|.?AVCUnitTaskAutomataFunnelShotImmediate@GAM@VDK@@|.?AVCUnitTaskAutomataFunnelMawarikomi@GAM@VDK@@|.?AVCUnitTaskAutomataFunnelFly@GAM@VDK@@|.?AVCUnitTaskAutomataFunnel@GAM@VDK@@|.?AVCUnitTaskAutomataRadiconParentActor@GAM@VDK@@|.?AVCUnitTaskAutomataRadicon@GAM@VDK@@
999TESTXX,049PLAN26,001,GenesisLaser,EXVS2,SummonRushShot,0x1414EE228,465,0x2F0,19,0;2;12;18;21;30;42;46;69;72;73;78;79;80;81;84;87;88;90,0x14092A310,0x140E3E980,0x140DE1770,0x1406A5170,0x1406A5980,0x1406A57D0,0x14094E6F0,0x140E3EA80,0x140E3E920,0x140F41EF0,.?AVCUnitTaskAutomata_999TESTXX_049PLAN26_001_GenesisLaser@EXVS2@@|.?AVCUnitTaskAutomataSummonRushShot@GAM@VDK@@|.?AVCUnitTaskAutomataSummonRush@GAM@VDK@@|.?AVCUnitTaskAutomataSummon@GAM@VDK@@|.?AVCUnitTaskAutomataRadiconParentActor@GAM@VDK@@|.?AVCUnitTaskAutomataRadicon@GAM@VDK@@|.?AVCUnitTaskAutomataAbstract@GAM@VDK@@|.?AVCUnitTaskActorProjectileAbstract@GAM@VDK@@
999TESTXX,049PLAN26,001,HissatsuFunnelLargeSpear,EXVS2,FunnelMawarikomi,0x1414EE558,977,0x210,10,0;2;28;43;69;78;79;81;84;87,0x14092A700,0x140F75740,0x1406A5B30,0x14094F070,0x1406A5980,0x1406A57D0,0x14094E050,0x140F71420,0x140E3EAD0,0x140DDCDC0,.?AVCUnitTaskAutomata_999TESTXX_049PLAN26_001_HissatsuFunnelLargeSpear@EXVS2@@|.?AVCUnitTaskAutomataFunnelMawarikomi@GAM@VDK@@|.?AVCUnitTaskAutomataFunnelFly@GAM@VDK@@|.?AVCUnitTaskAutomataFunnel@GAM@VDK@@|.?AVCUnitTaskAutomataRadiconParentActor@GAM@VDK@@|.?AVCUnitTaskAutomataRadicon@GAM@VDK@@|.?AVCUnitTaskAutomataAbstract@GAM@VDK@@|.?AVCUnitTaskActorProjectileAbstract@GAM@VDK@@
999TESTXX,049PLAN26,001,HissatsuFunnelSpear,EXVS2,FunnelMawarikomi,0x1414ED8B0,977,0x210,13,0;2;28;43;62;63;64;69;78;79;81;84;87,0x14092A700,0x140F75740,0x1406A5B30,0x14094F070,0x1406A5980,0x1406A57D0,0x14094E050,0x140E3E570,0x140E3E460,0x140DDCDC0,.?AVCUnitTaskAutomata_999TESTXX_049PLAN26_001_HissatsuFunnelSpear@EXVS2@@|.?AVCUnitTaskAutomataFunnelMawarikomi@GAM@VDK@@|.?AVCUnitTaskAutomataFunnelFly@GAM@VDK@@|.?AVCUnitTaskAutomataFunnel@GAM@VDK@@|.?AVCUnitTaskAutomataRadiconParentActor@GAM@VDK@@|.?AVCUnitTaskAutomataRadicon@GAM@VDK@@|.?AVCUnitTaskAutomataAbstract@GAM@VDK@@|.?AVCUnitTaskActorProjectileAbstract@GAM@VDK@@
999TESTXX,049PLAN26,001,HissatsuFunnelSwarm,EXVS2,FunnelSwarm,0x1414EDBD8,977,0x230,12,0;2;28;43;63;64;69;78;79;81;84;87,0x140929E00,0x140F75740,0x1406A5B30,0x14094F070,0x1406A5980,0x1406A57D0,0x14094E2F0,0x140E39D70,0x140E3E7F0,0x140DDCDC0,.?AVCUnitTaskAutomata_999TESTXX_049PLAN26_001_HissatsuFunnelSwarm@EXVS2@@|.?AVCUnitTaskAutomataFunnelSwarm@GAM@VDK@@|.?AVCUnitTaskAutomataFunnelMawarikomi@GAM@VDK@@|.?AVCUnitTaskAutomataFunnelFly@GAM@VDK@@|.?AVCUnitTaskAutomataFunnel@GAM@VDK@@|.?AVCUnitTaskAutomataRadiconParentActor@GAM@VDK@@|.?AVCUnitTaskAutomataRadicon@GAM@VDK@@|.?AVCUnitTaskAutomataAbstract@GAM@VDK@@
999TESTXX,050PLAN27,001,FunnelControl,EXVS2,FunnelMawarikomi,0x1414EE880,977,0x210,10,0;2;28;43;69;78;79;81;84;87,0x140929E00,0x140F75740,0x1406A5B30,0x14094F070,0x1406A5980,0x1406A57D0,0x14094E050,0x140E3EBE0,0x140E3EB30,0x140DDCDC0,.?AVCUnitTaskAutomata_999TESTXX_050PLAN27_001_FunnelControl@EXVS2@@|.?AVCUnitTaskAutomataFunnelMawarikomi@GAM@VDK@@|.?AVCUnitTaskAutomataFunnelFly@GAM@VDK@@|.?AVCUnitTaskAutomataFunnel@GAM@VDK@@|.?AVCUnitTaskAutomataRadiconParentActor@GAM@VDK@@|.?AVCUnitTaskAutomataRadicon@GAM@VDK@@|.?AVCUnitTaskAutomataAbstract@GAM@VDK@@|.?AVCUnitTaskActorProjectileAbstract@GAM@VDK@@
999TESTXX,050PLAN27,001,FunnelFly,EXVS2,FunnelMawarikomi,0x1414EEBA8,977,0x210,10,0;2;28;43;69;78;79;81;84;87,0x14092A700,0x140F75740,0x1406A5B30,0x14094F070,0x1406A5980,0x1406A57D0,0x14094E050,0x140E3ECE0,0x140E3EC30,0x140DDCDC0,.?AVCUnitTaskAutomata_999TESTXX_050PLAN27_001_FunnelFly@EXVS2@@|.?AVCUnitTaskAutomata_999TESTXX_050PLAN27_001_FunnelPutAbstract@EXVS2@@|.?AVCUnitTaskAutomataFunnelMawarikomi@GAM@VDK@@|.?AVCUnitTaskAutomataFunnelFly@GAM@VDK@@|.?AVCUnitTaskAutomataFunnel@GAM@VDK@@|.?AVCUnitTaskAutomataRadiconParentActor@GAM@VDK@@|.?AVCUnitTaskAutomataRadicon@GAM@VDK@@|.?AVCUnitTaskAutomataAbstract@GAM@VDK@@
999TESTXX,050PLAN27,001,FunnelFlyShot,EXVS2,FunnelFlyScatter,0x1414EFE98,977,0x210,10,0;2;28;43;69;78;79;81;84;87,0x14092A700,0x140F75740,0x1406A5B30,0x14094F070,0x1406A5980,0x1406A57D0,0x14094E050,0x140E3F190,0x140E3F130,0x140DDCDC0,.?AVCUnitTaskAutomata_999TESTXX_050PLAN27_001_FunnelFlyShot@EXVS2@@|.?AVCUnitTaskAutomataFunnelFlyScatter@GAM@VDK@@|.?AVCUnitTaskAutomataFunnelMawarikomi@GAM@VDK@@|.?AVCUnitTaskAutomataFunnelFly@GAM@VDK@@|.?AVCUnitTaskAutomataFunnel@GAM@VDK@@|.?AVCUnitTaskAutomataRadiconParentActor@GAM@VDK@@|.?AVCUnitTaskAutomataRadicon@GAM@VDK@@|.?AVCUnitTaskAutomataAbstract@GAM@VDK@@
999TESTXX,050PLAN27,001,FunnelShot,EXVS2,FunnelMawarikomi,0x1414EF520,977,0x210,10,0;2;28;43;69;78;79;81;84;87,0x14092A700,0x140F75740,0x1406A5B30,0x14094F070,0x1406A5980,0x1406A57D0,0x14094E050,0x140E3EF80,0x140E3EED0,0x140DDCDC0,.?AVCUnitTaskAutomata_999TESTXX_050PLAN27_001_FunnelShot@EXVS2@@|.?AVCUnitTaskAutomata_999TESTXX_050PLAN27_001_FunnelPutAbstract@EXVS2@@|.?AVCUnitTaskAutomataFunnelMawarikomi@GAM@VDK@@|.?AVCUnitTaskAutomataFunnelFly@GAM@VDK@@|.?AVCUnitTaskAutomataFunnel@GAM@VDK@@|.?AVCUnitTaskAutomataRadiconParentActor@GAM@VDK@@|.?AVCUnitTaskAutomataRadicon@GAM@VDK@@|.?AVCUnitTaskAutomataAbstract@GAM@VDK@@
999TESTXX,050PLAN27,001,FunnelYokoretsuDynamic,EXVS2,FunnelShotStayShift,0x1414EF1F8,977,0x210,10,0;2;28;43;78;79;81;84;87;88,0x14092A3E0,0x140F75740,0x1406A5B30,0x14094F070,0x1406A5980,0x1406A57D0,0x14094E2A0,0x140F433A0,0x140E3EE00,0x140F43380,.?AVCUnitTaskAutomata_999TESTXX_050PLAN27_001_FunnelYokoretsuDynamic@EXVS2@@|.?AVCUnitTaskAutomataFunnelShotStayShift@GAM@VDK@@|.?AVCUnitTaskAutomataFunnelShiftPos@GAM@VDK@@|.?AVCUnitTaskAutomataFunnel@GAM@VDK@@|.?AVCUnitTaskAutomataRadiconParentActor@GAM@VDK@@|.?AVCUnitTaskAutomataRadicon@GAM@VDK@@|.?AVCUnitTaskAutomataAbstract@GAM@VDK@@|.?AVCUnitTaskActorProjectileAbstract@GAM@VDK@@
999TESTXX,050PLAN27,001,HissatsuAutoFunnel,EXVS2,FunnelSwarm,0x1414EEED0,977,0x230,11,0;2;28;43;69;78;79;81;84;87;88,0x140929E00,0x140F75740,0x1406A5B30,0x14094F070,0x1406A5980,0x1406A57D0,0x14094E2F0,0x140F434F0,0x140E3ED00,0x140DDCDC0,.?AVCUnitTaskAutomata_999TESTXX_050PLAN27_001_HissatsuAutoFunnel@EXVS2@@|.?AVCUnitTaskAutomataFunnelSwarm@GAM@VDK@@|.?AVCUnitTaskAutomataFunnelMawarikomi@GAM@VDK@@|.?AVCUnitTaskAutomataFunnelFly@GAM@VDK@@|.?AVCUnitTaskAutomataFunnel@GAM@VDK@@|.?AVCUnitTaskAutomataRadiconParentActor@GAM@VDK@@|.?AVCUnitTaskAutomataRadicon@GAM@VDK@@|.?AVCUnitTaskAutomataAbstract@GAM@VDK@@
999TESTXX,050PLAN27,001,HissatsuFunnel,EXVS2,FunnelSwarm,0x1414EF848,977,0x230,11,0;2;28;43;69;78;79;81;84;87;88,0x140929E00,0x140F75740,0x1406A5B30,0x14094F070,0x1406A5980,0x1406A57D0,0x14094E2F0,0x140F434F0,0x140E3EFA0,0x140DDCDC0,.?AVCUnitTaskAutomata_999TESTXX_050PLAN27_001_HissatsuFunnel@EXVS2@@|.?AVCUnitTaskAutomataFunnelSwarm@GAM@VDK@@|.?AVCUnitTaskAutomataFunnelMawarikomi@GAM@VDK@@|.?AVCUnitTaskAutomataFunnelFly@GAM@VDK@@|.?AVCUnitTaskAutomataFunnel@GAM@VDK@@|.?AVCUnitTaskAutomataRadiconParentActor@GAM@VDK@@|.?AVCUnitTaskAutomataRadicon@GAM@VDK@@|.?AVCUnitTaskAutomataAbstract@GAM@VDK@@
999TESTXX,050PLAN27,001,ResidingObjectQubeleyFunnel,EXVS2,Resident,0x1414EFB70,465,0x1C0,6,0;2;78;79;81;84,0x14092A700,0x140F43CF0,0x1406A5B30,0x1406A5170,0x1406A5980,0x1406A57D0,0x14094EEB0,0x140E3F100,0x140E3F0A0,0x140E28260,.?AVCUnitTaskAutomata_999TESTXX_050PLAN27_001_ResidingObjectQubeleyFunnel@EXVS2@@|.?AVCUnitTaskAutomataResident@GAM@VDK@@|.?AVCUnitTaskAutomataRadiconParentActor@GAM@VDK@@|.?AVCUnitTaskAutomataRadicon@GAM@VDK@@|.?AVCUnitTaskAutomataAbstract@GAM@VDK@@|.?AVCUnitTaskActorProjectileAbstract@GAM@VDK@@|.?AVCUnitTaskActorAbstract@GAM@VDK@@|.?AVCUnitTaskBattleAbstract@GAM@VDK@@
